Name,Question,Answer,Image
Trausti Thor Johannsson,What suggestions do you have for a straight guy wanting to find a girl?,"If you are the 3rd wheel or 5th wheel. Ask your friends girlfriends to set you up. Open a dating profile even and give them the password. Let them talk to the girls, let them do the work of ironing out the psychos and unqualified. They know you. They will ask you and talk to you. That might work. But basically. Don’t treat women as targets, something you want to get laid with. Just treat them like friends. Talk to them about anything you would talk to friends about. Show interest in them. Be funny. Girls are not princesses. They are just humans. They want to have fun. Don’t be a dick. Be yourself.",
Trausti Thor Johannsson,Can fasting or not eating food for 16 hours per day improve your health?,It can. It can also cause eating disorders. Just know what you are doing. Measure. Ask professionals,
Trausti Thor Johannsson,"How do I reduce the amount of program code in a program, programming for a programmer so that the program works much faster?","This question is obviously written by someone who has no idea about programming. More code does not make slower programs. Not as a rule. As a programmer I have witnessed a lot of superstitions regarding programming. One programming manager demanded that all loops be backwards because at one time 30 years before it was actually faster. Today, not faster. I read a story about a programmer who created his own type of arrays in C# or C++. Why? Because the array type had so many functions and could do so much that it was super slow, it had to be. But his implementation was super sluggy and slow. Why? They had a meeting internally about why his code was so slow. He explained because array type was so huge. I doubt he worked there for long. His ideas in regards to coding were simply so far removed from reality. So. Write good code. Write the code needed. Do tests and measure. More code does not mean it is slower. That is simply super ignorant view point.",
Trausti Thor Johannsson,Whatever happened to the former actress Linda Fiorentino?,"It seems she refused to let Harvey Weinstein rape her. After this she was deemed difficult to work with. After MIB she had the world in her hands. She was charming and played extremely well against Will Smith. Will even came out and said he loved working with her. She played in Dogma, produced by Harvey. The film was a success. She played her part awesome. Afterwards she was “difficult” and was basically black listed. She hasn’t been vocal about it but she was a great actress and no one questions that. Then she was difficult. Being difficult is synonymous with she did not sleep with someone disgusting.",
Trausti Thor Johannsson,"Why can't Scala have low-level features like pointers/references, etc.?","Pretty bad question, awful even. Because it wasn’t designed to be. Scala runs on top of Java Virtual Machine. You can’t get low level.",
Trausti Thor Johannsson,Does Linux use less CPU than Windows?,"Complicated question really. You can configure Linux and use a window manager based in CDE which requires extremely limited computer to run. You can also install no window manager at all and call it a day. Windows generally runs well and uses very little system resources. But out of the box it runs a lot more services than a basic Linux setup. But if it uses less or more. Not really. I would say on basic setup with basic tools, it is pretty equal.",
Trausti Thor Johannsson,Why is adding Rust language support to the Linux kernel controversial?,"It complicates the Kernel by a lot. The support, and more tools needed to build the kernel. People depend on the kernel being simple to build",
Trausti Thor Johannsson,"Former Arnold Schwarzenegger claims he is 6'2"" tall. Is this true?","I think when Arnold was in his Conan the Barbarian prime, he was around 6.2”. But he isn’t that tall today. Wilt Chamberlain and Andre the Giant were over 7” tall. He looks puny next to them. But there is nothing to suggest he wasn’t around 6.2” in his prime. I am just 174 cm tall, 5.9” or so. I would love to be in this photo just for good measure. The statue is of the largest man ever. The statue is exactly to his size, 8.11 feet or 272 cm, just shy of a whole meter taller than I am.",https://qph.cf2.quoracdn.net/main-qimg-0455bc4e80053fe49da7bed37a8f0b2a
Trausti Thor Johannsson,Do you soak wood chips for an electric smoker?,"It depends on the smoker and which types of chips it is. Like small pellets, you do nothing. If this is just wood cuttings or chips from a whiskey barrel for example. You should normally soak them. If you don’t then the basically catch fire and just turn to ash before it does anything beneficial to the food",
Trausti Thor Johannsson,Can you eat smoked trout fillet found in a package stored cold in a supermarket without cooking it?,"Yes. By smoking the fish, curing it in salt and so forth makes it possible to eat it raw, even years later, given good storage. This is how people preserved food before refrigeration. But you basically don’t eat it by chewing into it. It is more cut into small pieces or slices and eaten along with bread or sauces.",
Trausti Thor Johannsson,"How do programmers memorize and learn commands, numbers, figures, scientific terms, and English words in programming?","It basically comes with practice and from books and tutorials. Basically, you learn your first language. Then when you learn another one you learn how to print to screen, how lists work, how to go through the list and such. The rest of the commands come quite easily. This is nothing like a test where you learn polymorphism and other long scary words meaning simple things by heart. You learn them at first, but you really learn them when you start to talk to co-workers about an operation or some problem you are in. One might say, it is the command pattern and even though you had forgotten it, you are reminded that could very well be the right one, you brush up on it perhaps and quickly see that it was the right one. I had serious trouble learning the word “ternary operation”. I also struggled with delegates and it took me just stupid long time to figure out that delegates, protocols and data sources were Interfaces. I used them but my brain simply did not connect the dots until one day I was forced to write my own delegates, protocols and datasources which I banged my head on a table just hard enough for it to hurt a little but not sustain any damage or hurt through out the day, just a few minutes. It helps to use those words and model view controller, server client, polymorphism, inheritance and use the right terms because it puts people on the same page. If you try to describe some of them, you know, that thing which something …. It could mean just about anything. But basically, one day you don’t know most of the words but you pick them up little by little in talks, tutorials and books. I can’t understate this, but it does matter to speak the right words.",
Trausti Thor Johannsson,"In the world of science, would Stephen Hawking be considered the logical successor to Einstein?","Religious people have a hard time with not have a single ruler. Science doesn’t have kings and queens. There is no ruler. Einstein was a physicist, not geologist or immunologist. So was Stephen Hawking. While Einstein studied speed of light and relativity, Hawking is most known for his study of black holes. Yea, both physics but quite different. Einstein bullied and shamed the Catholic priest Georges Lemaitre who had just shown and discovered big bang. Einstein completely destroyed Georges only much later did he ask his forgiveness when it was shown without a doubt that Georges was absolutely correct. Einsteins last decade or later part of his life, he was basically shunned by the science community because of ideas he had. There are no kings or people in higher regard than others. There are a few characters like Einstein and Hawking that are well known by the public. I am absolutely sure that if Hawking had been a healthy person he would not be in movies and shows. There are countless physicists who do immense work today who you will never hear the names of unless you are in physics. We don’t have a committee who decides what is true or false. When a physicist publishes something, quite a lot of people go out of their way to disprove them. That is much more how science works. Also. People do change their minds and opinions if there are proofs and more data available. It is normal. When a science experiment fails, they don’t cover it up. They don’t shun the people behind it or brand them as failures unless they did poor work. A failed experiment is almost or even as good results as an experiment that worked. Knowing what doesn’t work is extremely helpful.",
Trausti Thor Johannsson,Why do Neil DeGrasse Tyson and Bill Nye get so defensive when asked about flat Earth? Isn't it part of the scientific method to always question everything? They should welcome such questions.,"The short answer is simply, because it is ridiculous. Flat earth can’t work. Just a few things, winds would simply blow off earth. Gravity. There is a reason why the moon has 1/6th gravity of earth, because it is much smaller. If something like Jupiter was a solid planet, you would easily weight something like 100 times more, or something big. This is why you need a lot of fuel tanks on a space shuttle to leave earth, but you basically need a fire cracker to go from the moon. Yes, I am exaggerating, but not as much as you would think. Like, this is happening right now outside my kitchen window Nope, not a forest fire, this is volcano that is spewing lava hundreds of meters into the air in a 7 km crack. See the mountains over there, they happened in much earlier volcano, like a few thousand years ago. This is the 9th volcano in like 4–5 years there. Whole town has been evacuated. Where does this come from? Then there is the fact, something every 9th grader could calculate. Shadows. In two towns, put down one pole in each town. Measure the shadows at the same time, easy when you have a phone. Now you can calculate the circumference of the earth. When ships sail to the horizon, the disappear bottom up, you see the top of the ship after the bottom has gone. When you take a rock, say 1 kg rock, at sea level, you drop it from some height, you will measure the time. You can easily calculate that it moves about 9.8 meters every second, steady. You can go to a top of a very tall building or a mountain, throw off a small hammer and a big heavy car at the same time. They will fall towards earth at the same speed exactly. Now, if you go to the top of mount Everest, or even just 6km height. When you drop your rock from a height you can measure, it will be slower than 9.8 meters, I could calculate this for you but I am lazy. Similar thing, water boils at 100 C degrees at sea level. Go just 200 meters up, and it will boil at something like 99.6 C degrees. Go to mount everest and when the water boils, it is just at 70 C degrees. No, it isn’t because it is cold. You can do this same test on any glacier. During the summer, the nothern nations of the world, Greenland, Alaska, Iceland, Norway, have 24 hour sunlight, at the same time, in Antarctica, they have 24 hour darkness. In the winter time, it is the opposite. How do you think a compass works? How do you think people were able to sail to small islands in the old days? This is like preschool stuff. The earth is a globe. Besides, we have pictures of it. Why do people get tired of talking to flat earthers? Because they don’t listen and just scream wake up sheeple. While they don’t even agree among themselves if there is a glass dome, a curve or anything. They can’t explain a single thing about how physics work. Why planes can fly. Nothing. And most of them actually are big losers in life who live in their mothers basement. Their arguments are dumb, don’t make sense. Among their arguments is that a girl named Particia is a CIA spy because PatriCIA. They are simply ridiculous.",https://qph.cf2.quoracdn.net/main-qimg-1815dc5cb17ec7b4ec475ed2f1b7d29b
Trausti Thor Johannsson,"In the very long run, is FreeBSD more sustainable than Linux given that Linus Torvalds would have to retire one day? What is Linus Torvalds' succession plan?",Linux doesn’t rely in Linus Torvalds. He can walk away at anytime. He could even be fired. FreeBSD is a nice alternative to Linux but it isn’t any more sustainable than anything else. That is quite ridiculous notion,
Trausti Thor Johannsson,Why do we ask questions if God has all the answers?,You do realise that saying god did it just means you don’t know,
Trausti Thor Johannsson,How can I quickly learn the basics of coding and start building my own apps within six months?,"Do stuff. How do you learn carpentry? Swimming? You do stuff. 6 months or 18. Who cares. Buy books and watch tutorials. Remember to type in all code, don’t copy paste. You don’t learn anything that way",
Trausti Thor Johannsson,Global warming is 100% a hoax by the government. I know this because I worked at NOAA for 40+ years. What do you make of this information? They'll be after me for blowing the whistle.,"Your profile stinks if high heavens of poo. You are lying. Troll warning. You are such a small little man, pretend keyboard warrior",
Trausti Thor Johannsson,"Should I stay in software development? I've been at the same company for over 7.5 years, I haven't improved much as a developer, and I am simply burned out. It hurts to admit it and I have no one to help me understand why I keep failing at this.","I would recommend perhaps look for another job. I am pretty young for someone with 30 years experience. But I have felt more than a few times that it is good now and just go and bake pizza, perhaps learn to be a baker. But I have always kept track of what is new in the programming field, I think this is why I am still here. I find some new tech that keeps me interested, do some private nonsense like Small great games for fun. Just for the fun of it. I also maintain a few servers, kubernetes cluster at home made from 3 Mac Mini with Intel CPU, soon to be 4. Not that it does anything of any value, far from it. It is so useless that if the power went off, it could take me weeks to notice. But this keeps me interested and makes me interesting person. I can usually chime in on tech talk, I can give guidance and I can take over failing projects and finish them. I am very good at starting new projects and laying the ground work for it so more people can join in more easily, with good guidance on how to do things. The only way to do this is to do some nonsense at home. I know, family, food, cleaning, watching TV all needs to be done. But there are also weekends where not much is happening, you can get 16–20 hours from a weekend to watch and follow tutorials. My nose has also been quite good at finding out what tech stuff sticks around, so I don’t have much time spent on projects no one uses. It isn’t magical. Basically when you hear about something new, if there are not tons of youtube videos about it, manning or pact pub books already out or in the works, forget it. Quite frequently it just so happens that I learn something new and a new project pops up that is calling for using what I just learnt. Write tests. This is something I learnt way late. But when you have a writers block, your brain is preventing you from reaching your overambitious goals so nothing gets done, you are tired, feel week, feel like an imposter, poser, nobody or fear for getting fired. Just stop what you are doing, add some tests. Even if this is just something you delete afterwards. Just getting a red light of failure, fixing it and getting the green light. This does wonders, even if you are just messing about with boolean logic. Take some ugly function that takes 2 screens and split it up. Write tests. Refactor some code. Is there a // TODO : This needs fixing Well, see if you can make it better. For me at least, getting a win, anyway I get it makes my brain light up like a christmas tree, even though I am almost unable to accept a compliment from others (ADHD and stuff), getting a green light, making something better, take something useless and make it useful. That kicks me in high gear. Make a build server, even if it is on your computer. Setup Jenkins. Get the app/project you are working on building and if you have tests, run them first. Even run end to end tests, setup fake/mock databases and go wild, even if you do that on your own time. Find something you like. For some people, doing the same things over and over again, or similar, I think lawyers, accountants, even bakers. They thrive for it. I don’t. I need to split my brain. I have to have a few projects running. Sometimes you just have to say, I need some time for myself to do tech crappy stuff. Depending on your budget. Buy a Raspberry PI, case, sd cards, cables and all, get it running. Assemble your own game machine, buy parts, they can be cheap as you like or expensive. Put it together with straps, rubber bands and everything you can think of. Make it look pristine, perfect. Watch videos on this. Make your desktop gaming machine like it was headed for a show. But some RGB fans and leds into the box, have one side or more be clear. In short. Do something creative. OR Train yourself for a marathon, put a guide, in 2 years you will run a marathon, or at least 42 km. Train yourself in disc golf, even if you suck at it, it is fun, full of physics, movements, hip rotation and the feeling of pulling an arm off. Like someone said. If you think your job is completely useless, remember that there are people who put turn signals on BMW cars. Have fun. Decorate your home office. Put LED backlights on book shelves. Change the light knobs in your house to ones you can use your phone to direct. Philips hue is quite expensive but there are plenty of other options. Find joy in tech, even if it is outside of work. Final note. Shortly afterwards I had learnt to do tests. I showed it to co-workers who did not like it, too much code to write, you write everything twice and blah blah blah. I got them to try a few tests, and they bit it even harder than I did. We managed to solve quite a few long standing once in million years bugs because of this.",
Trausti Thor Johannsson,Do you salt both sides of a steak?,"Of course you do. You also season it a lot, more than you think you need. I recommend coarse salt flakes as you can cover the steak and see what you have done, without over seasoning which is easy to do with fine salt. This image shows much more pepper than I put and less salt than I put, but it is a guidance. When it was finished. The marks, that’s flavor. My recommendation is to start a bit early. Very lightly coat it with olive oil or some fat with neutral taste. Cover it with coarse pepper. Like 30–60 minutes lates, after turning it a few times, salt it and wait perhaps 5–10 minutes until you see a little moisture on the salt. Then it is ready for cooking. Using garlic powder is highly recommended. If you have good lamb meat, add some oregano and parsley perhaps.",https://qph.cf2.quoracdn.net/main-qimg-6fefaec704b3c4e7a0745fb7959ad715
Trausti Thor Johannsson,I've an idea to design all my programs to work within 4GB of RAM and 1GHz x86-64 processors. Is C good enough for most of the program with Assembly language for the most critical tasks?,"Not sure how to tell you this. But even a python program serving hundreds of thousands of users wil work just fine given these circumstances. Just remember that only 20 years ago, most computers had megabytes of memory and had a single core running at just few megahertz. A server that cost easily north of $100,000 had 4 CPUs and 4 GB memory and ran finance software for fortune 500 companies. All the applications you have on your computer work on a single CPU core running at 1 GHz with 4 GB memory, given that you work with data that is under 4 GB. There is absolutely nothing staggering about your idea. If you use C, plain C. You can make pretty powerful Windows applications that run on a few megabytes and take like 300 KB in size. check out Handmade Hero It is a complete game engine, written from scratch and he shows you every single line he programs. This runs on the smallest Raspberry PI and has quite a room left. You can use Java and just about whatever you feel like. I have made huge apps on iPhones back when it was new, used less than 1 MB or something like that.",
Trausti Thor Johannsson,What’s the best way to ensure you’re getting enough vitamins if you’re constantly on the go?,"The chances that you are low on vitamin are quite low. People tend to overestimate the need for vitamins. The only way to check is to take a blood test. Many pharmacies and drop in doctors offices do this quite cheap. You see, taking too much vitamins is bad for you and taxes your kidneys and liver for no other need than to make dark pee. Just eat normal food, stay off deep fried ones and you are pretty much good.",
Trausti Thor Johannsson,What are the benefits and risks of using melatonin supplements for sleep?,Benefits are that you can regulate your sleep. Go to sleep at the same time and wake up at the same time. The downsides are of course you relying on them over a long time. That doesn’t help anyone. You need to find out what works for you. What your caffeine intake is.,
Trausti Thor Johannsson,How was your experience learning JavaScript and what encouraged you to learn it?,"Well, it basically started when Javascript was introduced. I kind of did not like it, besides that Microsoft had VBScript and Javascript wasn’t really compatible between browsers and back then there were a lot of browsers, seriously. When jQuery came, it became fun to program in it, the browser wars had kind of settled but there were some issues and jQuery gave you AJAX, which we call REST calls today. Amazing stuff. But I did not take it all that seriously until HTML5 was introduced. That changed everything. Now, you really could write applications, what we call today as single page applications without a lot of work. With it came all sorts of templating languages, which were available but I did not think were fun to use. What encouraged me? Salary. My job. But the static web pages and sending tons of parameters in the url like index?name=”trausti”&…. was tedious at best. It made web development fun and possible really. How I learnt it? All web pages have “Show source”. You can look at the code. So I found someone selling houses which would flip pictures when you pressed arrow buttons without loading the whole page again. I copied the code, did not work, I made it work. It wasn’t unlike how I learnt to program, trial and error, get the damn code working. Back then, there really wasn’t much available of anything. This is how you learnt to do stuff. Shortly afterwards, you got tons of books and I did buy tons of books.",
Trausti Thor Johannsson,Can anyone help me with a Python programming free book for beginners? I want to start programming but I have no experience.,"Ok, you don’t need a book. But there are plenty of free ones available. Check out the python home page ( Welcome to Python.org ) There are plenty of videos on youtube, plenty of how to guides online. Free Python books - pythonbooks.org But if you insist.",
Trausti Thor Johannsson,What are the pros and cons of learning Haskell as a first programming language?,"Now, take this with a bit of salt. I have never found any use of Haskell anywhere. As with anything, that is my experience, you might have a different experience. I think that if your first ever introduction to programming is Haskell, is that most, probably 90% will quit. Plain and simple and never ever look back. Haskell is fine and all that, it is in my opinion mind you, not god almighty saying this, is that it is excellent university language. It has a lot of words, lots of do this and not that, mostly do this. Everything in it has some scientific background. Strict rules and such. I don’t think it is a good first language. But when you are familiar with other languages, getting a brief introduction to Haskell might improve your coding skills greatly. The worst that happens is that you will stop complaining about other languages and cherish them more. I write this with a bit tongue in cheek. But I honestly have never met anyone who uses it as a primary language outside of being a teacher of it. That doesn’t mean much, different environments and all that. If you read about it, think it is interesting, by all means try it out, chug through the chapters and projects. Just know that there are other languages in case you don’t like it.",
Trausti Thor Johannsson,Why do Italians eat pasta every day?,They don’t. Pasta doesn’t even make up large percentage of their food intake in most areas. Pasta is great tasting food when dine right and Italians have it nailed down.,
Trausti Thor Johannsson,What programming language did you learn that ended up being a complete waste of time?,"Teaching myself Apple Basic seems like a huge waste if time as it was only available on Apple II computers. But without it, I would not have been a programmer and technical engineer for over 30 years. Even learning dbase and such, not wasted at all. Knowledge is never a waste if time",
Trausti Thor Johannsson,Aren't they being too rough for Walt Disney Company because of Disney movies failures? They don't deserve to be a failure. It just needs redemption.,"Disney has been making bad movies lately. Even Pixar movies that were no good. Unimaginable just a few years ago. Disney needs to get rid of a few people, Kathlyn Kennedy for one, Paul Feige perhaps but he does have some redeeming qualities (Deadpool). By all accounts Kathlyn was nobody at Lucasfilm, Georges assistant, fetching coffee and stuff. Somehow she planned things very well and got her name in places. Zero success and mountains of money just gone. By all accounts the new Snowhite will be a disaster. It doesn’t have a single redeeming quality but Gil Gadot will hopefully walk away unharmed. Just what were they thinking? No. People vote with their wallets and Disney is burning money like a steamship heading as fast as they can right into an iceberg.",
Trausti Thor Johannsson,"According to the Bible, the earth is only 6000 years old. How does it explain the 4.49-billion-year gap between that and the actual age of the earth?","The bible does no such thing. Of all the fairytales and nonsense the book claims, it never ever tries to say anything about the age of earth. Perhaps it is suggested that earth has always been around since god made it. Some bishop or monk in Ireland decided to take the begat people and added together and claimed it was created about 6000 years ago. It is just absolute utter nonsense as we have civilizations that existed long before 6000. We have absolute proofs of this, that means beyond any argument. So, read the bible and become an atheist.",
Trausti Thor Johannsson,What is the first thing you do after learning coding and programming languages?,"The first thing to do after learning to code is to run a marathon. But seriously if you did that, great for you. It is usually to make something. Why did you learn to code? What drove you? What got you into this? make stuff.",
Trausti Thor Johannsson,Why do most men not like shopping with women?,"When I need something, anything, I go into the shop, find what I need and walk out after paying. Usually no more than 5–10 minutes. Need a suit? Dressman, measure my neck, done. Need socks, shorts, shirts, 5 minutes max. I go to the store to pick up groceries. It is a military precision work. I go in, find bread, milk, cheeses and whatever else, I am out in 5 minutes. I think most men are like that. Shopping with my wife can mean going to 3–4 stores, not at the same place, sometimes not in the same town. It can mean going back to stores you already left. Women will check materials, prices, compare with prices months ago. This takes hours and feels like days. Plus, there are no “mens room” in any shop, no seats anywhere, you have to stand, you have to watch her try the clothes, fake interest (if it isn’t bad bad). You need to carry everything. One can only take so much.",
Trausti Thor Johannsson,Could RFK Jr's defection to the GOP backfire and cost Trump the Irish vote?,"Pretty much no one was going to vote for RFK jr. No one cares one bit about him leaving or staying. The guy has worm in his brain eating away, literally, it did happen. He hasn’t found a conspiracy nut case he did not love. No one cares one bit.",
Trausti Thor Johannsson,My boss admitted to monitoring my movements on my computer on my network without letting me know for months. I did not get informed in advance and am concerned as I have personal information on my computer. Would it be wise to sue?,"I don’t think you have a leg to stand on legally. The company had deeper pockets than you do. I have a solution at the bottom of the answer but read the whole thing. Consider leaving perhaps? If you used the work computer to make stuff for someone else, THEY can sue you, seriously. When I first got a laptop from an employer, I used it as my own laptop that I just happened to use at work. But when I left, I had to return it, with all my games and crap, of course I formatted the hard disk but still, I had no computer. After that, I make a clear separation between my work and private. Nothing personal is used on work computers outside of lastpass. Nothing. If I have to check my private email, I use a web browser to do that. He can’t monitor secure communications, like Slack f.ex. The only way your employer can monitor it, is to have a man in the middle, where he swaps your certificates for his own, then basically everything you do is just clear text for him. But a private VPN, that works. Make sure everything you do goes through the VPN. This of course makes it impossible to access shared resources, printers, source control and other things. Just keep your private crap off the work computer. Slack, Facebook, Messenger, whatsapp, slack, Instagram, Tick Tock and everything else, you use on your phone, which does NOT use the company WIFI. One thing that is better with having your own gear for your own stuff, it is magnitudes better than most companies would let you have.",
Trausti Thor Johannsson,Lets say Apple kills all the Macs. How hard would it be for them to make Xcode compatible with Windows?,They could if they wanted to. Pretty easily actually. But would someone pay $5000 for Xcode on Windows? Hell no.,https://qph.cf2.quoracdn.net/main-qimg-a53d175bd7e9f27a92944855d7e8554d
Trausti Thor Johannsson,Why doesn't Apple make Xcode for Windows?,"Well, they did actually do this. Not Apple, but NeXT. Apple still does this, just have a look at iTunes for Windows, and why it looks out of place. Look at the the DLL files there, CoreData and other known libraries. It is just not a market for it, they sold almost no copies of this for Windows. They had versions running on Solaris and HP/UX computers. Now take this with a grain of salt as details are quite murky. But NeXT/Mac software is really more like PDF than basic pixel drawing people think GUI is. So what the NeXT developer tools did on Windows was just get Windows to make a Window and inside that window they made Display Postscript run in the window. With the limited GPU performance on most Windows computers back then, it caused their apps to flicker and have artifacts if you dragged the window quickly. Their developer tools on Windows were eventually just there to make WebObjects development happen. But Apple has this system still in place to make iTunes and some Apple utilities for Windows. They just don’t make it public. Basically no one is asking for them and it isn’t in their best interest to make them available. Also, it is extremely hard to get a tool like this working on different operating systems, especially as the maker of that operating system is quite hostile and makes sure it will never work well.",https://qph.cf2.quoracdn.net/main-qimg-a53d175bd7e9f27a92944855d7e8554d
Trausti Thor Johannsson,"Why doesn't Apple make Xcode intuitive, like using drag and drop, text boxes, and visual editing?","You have not really tried xcode have you? If you make a NIB file instead of Swift UI, you get drag and drop UI. Drag text fields, labels, grids, UIViews/NSViews and everything. You drag a line to your source code to bind values to code. It is really amazing, and the best part, the developer tools were made before 1990, Xcode is simply a new version of those tools that NeXT built. NIB stands for NeXT Interface Builder. But to make user interface that scales on every platform correctly, it is extremely hard to do it with drag and drop, almost impossible really. This is why Apple made Swift UI which is quite similar to HTML (simplifying dramatically). It makes user interface scale much better when f.ex. you are in an iPad and rotate the device, phone and rotate. Computer when you leave a 13″ display and drag the image to 6K display. This isn’t that much different from what Microsoft has been re-inventing every 5 years it seems with their XML designers that keep getting new names. But in reality, with all these devices, different scalings, different zoom levels, different font sizes on every single device, inverted colors for color blind people. There are million variations easily. It is easier to do this in code, as much as I dislike that way of programming, I am of the old school Delphi, old NeXT machines and such. I really liked the drag drop stuff but iPads especially are really infuriating to get everything working and not having one button extend the whole display :) Apple does do this. But you still need to know what you are doing.",
Trausti Thor Johannsson,"If Disney tells you to fix Star Wars, how do you get the fans back?","It isn’t actually that hard. No one can say they are not spending enough money. But you can easily make an Italian Western, redemption story, a manhunter (alien hunter) that is hunting someone really evil and show a little just how evil they really are. You can even add a little redemption story about how the locals are responsible for their family being killed but still that doesn’t excuse the evil doings. It is a western that happens in outer space. Don’t have some magical solutions like where a Jedi can move spaceships but can’t demolish a building stuff. If someone is gay, female, male, something, don’t make it their character, they simply enter a room with someone they have feelings for, no questions asked. Don’t make it their everything, it is just something you realize when it happens but they are themselves. Don’t make any fuzz about a guy kissing another man or a girl kissing a girl, just make it happen. Make it seem like no one cares or notices. Now, here is the easiest part. Don’t make them grumpy. Don’t make them annoying, allow a smile once in a while either just before they do something evil/good or afterwards. Don’t have them be like a moody teenager, being 30 something and moody like captain marvel is simply annoying. Make people realize that you are dealing with real beings. Make them care about characters, not just the ones who die. The ones who die, don’t have them show a picture of their newborn child or say they are getting married next week, tired old cliche. Just keep them normal, introduce them as havi Simplify the stories, make good sidekicks, you need some stoner type. No one is perfect. Keep fights realistic, no one person fights off 10 people, I doubt a normal grown up could fight 10 kids who are 12 years old. Just keep it simpler. Make the investigator/hunter work for his info. Either go through a lot of interviews, tortures, and old fashion espionage. Have some shootouts. You have a lot of stuff you can put into this. Here is one idea that works, a bit exaggerated but kind of does what I mean. You can make good TV series which just happen to happen on a far away planet in a galaxy far far away (all galaxies are far far away). Even though the series are dealing with a mass murderer who thinks they are paying back and a manhunter that no better person than the one they are following, you need to keep it a bit funny. Make chases, but don’t make them CGI endless Hanna Barbera style like in most recent movies. They don’t have to take 15 minutes, 5 minutes? Knights of Cydonia. Perfect template. In short. Don’t overcomplicate shit. Don’t make people moody bitches (that goes for males as well). Yes, I do realize I am suggesting this be more like Guardians of the Galaxy, they do things absolutely spot on. Sure there are these saved at the last moment while freezing to death in space, but it is normally done while a character is growing, like Adam saving Star Lord which is completely against his own best interest but he does this because he has something good inside him. Keep things interesting. I can’t remember last time when I pulled my feet into the sofa in excitement, perhaps the chase scene in Harry Potter, like 8 years ago, heck, don’t tell me it is more, let’s just say 8 and I feel better. Make the actors number 1, 2, 3. Not tech CGI crap. Get the actors shining. The Boys do this spectacularly. Completely character related. Homelander doesn’t murder people because he is a supe, he murders people because he is crazy. It is the easiest thing ever to fix Starwars. Bury the Jedi crap a little, use in emergencies only. Make characters that are interesting. You don’t have to have backstory for everyone, sometimes you have to realize that half your audience is above average IQ, they figure shit out. Make a normal story that happens in space where physics can be a little different.",
Trausti Thor Johannsson,I have an old Macbook Pro (Late 2011). The fan gets very noisy while running Zoom. Should I enable or disable hardware acceleration in Zoom to reduce heat?,You are still running a 13 year old laptop. Impressive. Turn off blurring and perhaps turn off video all together. I just think it is time to get a new computer,
Trausti Thor Johannsson,How come Lazarus - Free Pascal is almost never mentioned in 'programming' topics?,"It is hard to talk about Lazarus without people feeling that I am pissing all over it, I am not. I really truly admire the people behind it. They are absolutely amazing programmers. It just isn’t ready, it isn’t working well enough. Probably doesn’t need all that much. But what has happened is that Pascal has fallen out of favor, like completely off the radar. I don’t really know why but my feeling is just how badly Borland/Inprise did things. Back in around 1995, and remember this is just my feeling, other countries had different experience perhaps. This was well before C#. Java had basically failed at GUI App development but not for lack of trying. They really did try to fix things but they just made more and more technologies to do this and nothing got done and people did not know what to pick. This was basically open season and anything could become the next great thing. We had Visual C++ and Delphi competing. Universities I knew taught Pascal for the early computer science classes and C++ for later projects, more science-y. But Pascal was really popular and Visual C++ wasn’t really the “Visual” that people expected like Visual Basic, far far from it and it took a lot of work to get a GUI going. When you started a fresh clean empty Delphi project, you had a GUI window ready with About box and all. Just add some fields, buttons and you can program. Unlike Visual Basic, you had the complete source code visible and you could do anything you wanted, easily. The price was even amazing, just $99 for a smaller version, it was the same Delphi as the much more expensive one Delphi Pro was, you just did not get all the tools to work with databases and you did not get a source control, small stuff. It was quickly gaining ground and could become the biggest thing ever. I was a harden Delphi developer. Nothing else mattered as far as I was concerned. I just got the small version, that came with a lot of books and tutorials, you name it. I found some MySQL components and I was off and running, though I mostly used a database called Paradox. But some “money” people bought Borland, and it went down like Titanic and Pascal kind of vanished. Now now, Delphi still exists but it hasn’t really changed much except the price is ridiculously high. I just think that since the main developer behind Delphi and Turbo Pascal before that, Anders Hejlsberg, went to Microsoft and created C# and a little later he made Typescript among others. Without someone pushing Pascal as an alternative, it simply became a small player in the world. This also makes interest in FreePascal quite minimal, which in turn reduces interest that might be there for FreePascal. Even someone who was likely to tattoo themselves with Pascal simply gave up and I moved along. Last time I touched Delphi was in 2000, most people who use Delphi today are most often someone who had apps before 2000 and continues to use Delphi. I can’t comment on the status of Delphi, it might very well have improved greatly but it simply isn’t on my radar. Which is a shame. It really was much better than anything else available at that time.",
Trausti Thor Johannsson,Do you think Ford’s $1.9 billion shift in EV strategy is the right choice for the company?,"It is the only thing they can do. Sale of new fuel cars being banned is on the horizon and it takes time to make and design completely new cars and everything that goes into it. Not an easy thing. If anything, I think they are not spending enough",
Trausti Thor Johannsson,Why should you choose a professional WordPress developer for your website design and redesign?,Is this a trick question? I would not use Wordpress for anything serious.,
Trausti Thor Johannsson,Why didn't Microsoft sue Unix/Linux after determining that both Unix and Linux violate over 240 patents owned by Microsoft?,"Linux does not do that. The patents were invalidated. Microsoft on the other hand paid SCO millions of dollars to sue Linux companies and users. Some estimates even suggest the total sum being close to or over $100 million. Lot of customers actually paid, because this was nothing but a shake down. But their mistake was suing New Egg. New Egg simply took them to court and cleaned them out, invalidated patents and more. SCO never had a chance and was simply a tool for Microsoft. Which was a shame. Software patents should not be allowed",
Trausti Thor Johannsson,"If you could have any job for a year, what would it be?",The bank manager at the Federal Bank of Iceland. That would be a good thing.,
Trausti Thor Johannsson,"Which performs better for Adobe software, a MacBook or a Windows laptop with the same specifications? If there is a difference, how much faster is one than the other?","You can spend more money for more performance. I would say the Mac overall does better job, you can work on a laptop for a full work day without even wondering why it isn’t plugged in, all PC laptops (non ARM) suck when they are not connected to a power source. Through benchmarks, you can find faster PC machines, for more money. But seriously, how many times is your computer working at 100% load and not waiting for you? Benchmarks have nothing to do with reality, they are just suggestions. But as always, the computer you are familiar with is always the best one.",
Trausti Thor Johannsson,What is the best laptop CPU?,"Apple M CPU line, or system on a chip (SoC). Apple completely over designed the M1 Pro for example. It is so good there is no reason really to get an M2 and unless you work almost exclusively in Videos, The M3 is questionable at best. Running any load of work on this machine and it still runs cool, no excessive fans. The GPU is very good as well, Apple really did their homework here. By far, this and other Apple M chips are by far the best you can get in a laptop.",https://qph.cf2.quoracdn.net/main-qimg-7bc3b55a938f145ff13e0e395aadf263
Trausti Thor Johannsson,Why do modern men hate feminism?,"It is not modern men that do. It is whiny little incel small minded men that hate the idea of not being allowed to treat women badly, don’t like not having someone to take their anger out on. Those twerps hate feminists. Now, I am not saying there are no annoying people who are under the umbrella of a feminist, there are. But over all, modern men don’t have issues with feminists.",
Trausti Thor Johannsson,What's the best computer/laptop to buy for programming and coding?,"If the operating system does not matter, nothing beats a Macbook. Be it Air, Air 15 or any of the Pro machines. Nothing comes close. Sure you can calculate trillion Fibonacci values more in a few milli seconds on other computers but it is the full package that matters. Nothing comes close. But if it does, and you prefer Intel/AMD machines. Thinkpads are always nice. Not the Thinkpads with a name attached to them like Yoga, the ones with 1 letter, numbers and optional letter, like P15v, W something. Those are amazing. Dell XPS works great as well. If you want to be different, Acer makes a kickass machines called Predator. They don’t have much battery life to speak of, but they sure pack a lot of things in them and they tolerate to be dropped and kicked, or as Norwegians would say, a little “juling”. There are also new computers with the Intel Ultra chip. They are not exactly powerhouses but they are above good, great battery life and are generally quite nice.",
Trausti Thor Johannsson,"Is it true that web developers, especially graphics artists hate AI?",No. That is not true. Some people dislike that huge companies have stolen their work to train the AI models on and they were never asked or compensated. That kind of sucks.,
Trausti Thor Johannsson,Do I still need coding or don't I need them anymore due to AI? I am interested still.,"Don’t worry about it. Ai will not replace programmers but companies might need fewer programmers, but that gives other companies opportunities to hire the rest. If I was working in finance industry, I would be terrified. Accounting, stock brokers, insurance, investment, hedge funds just to name a few positions are easily replaced by a good programmer and well trained AI. Absolutely everything stock brokers, investment bankers and finance people do is extremely derivative, just rinse and repeat. This is much better handled by computers. This is already happening. Most of the stock market trades and investments are done by computers running software written by programmers and now with help from AI models, the finance people are screwed. This guy is toast, or at best does not need people working for him, just one or two programmers and Bobs your uncle. I think the finance people are financing their own downfall.",https://qph.cf2.quoracdn.net/main-qimg-ffbc3312d90d3be3da6036a98b4fef3f
Trausti Thor Johannsson,"As a tech lead, how would you deal with a situation if a software engineer in your team doesn’t agree to your review comment, and doesn't have a valid explanation for not addressing your comment?","You are the tech lead, it is your call. It depends on situation. Like is this just something that a Swedish middle manager would throw a hissy fit over, makes no difference and is not really outside the rules. No one cares type of thing, perhaps let it go. But if this is something that a tech lead does have issues over, then the tech lead makes the call and the developer, or some other developer fixes the situation and makes the code comply with their wishes. But as a tech lead, it is good to ask another senior developer about the case. To close this off, it kind of feels like the developer simply doesn’t want to fix this case, can’t be bothered. That isn’t a good situation to be in. But have him fix this none the less.",
Trausti Thor Johannsson,Is core i5 1335U weak for web developer because U series is the weakest?,"Machines with the U are usually meant for Powerpoint slides and some email work while keeping a decent battery life on a very thin machine. But this CPU is a Ultra CPU, not the normal i5 U models. It is a completely new design made by Intel to fight ARM CPUs. While it is one of the weaker machines, the i3 1315U is much weaker. This computer will work just fine with most web development tasks, keep in mind that it is probably faster than most computers just 7–10 years ago and there really have been nothing seriously new that is taxing computers all that much in Web Development. If you are considering such a machine on a light budget, I say go for it. It is most likely quite a decent machine with above average (for a PC) battery life.",
Trausti Thor Johannsson,Have you ever been given morphine at a hospital or as a prescription and how would you describe in detail what it was like?,I got morphine after I donated a kidney. Can’t say I felt something but it did remove my immense pain completely. After a few days I let out if the hospital and I got tramadol or something like that. It did remove most of the pain. I did not get high or anything. Just removed my oain and allowed me to sleep.,
Trausti Thor Johannsson,What skills does a software coder need to keep his job with AI taking over?,"Is AI taking over? Where? Nowhere. AI will perhaps reduce the need for hiring a lot of programmers, but this also gives more companies opportunities to hire also. There will be more work in the future. It won’t be programmers that will go first. Finance analysts, brokers, stock brokers, insurance sales people and hedge fund people will absolutely be in jeopardy. All of these work can be done with a clever programmer and the use of AI.",
Trausti Thor Johannsson,What are the best effective ways to improve sleep quality naturally?,"Walk, walk like a mile or two. Go to sleep before 11 in the afternoon. Wake up at the same time, every day. Don’t drink energy drinks, limit coffee/tea with caffeine to like 1–2 cups a day. Best to be consumed before lunch. Don’t drink coffee after lunch. Yes, I have heard it 1000 times, you are immune to coffee, you can drink coffee minutes before you go to sleep. But your sleep is rubbish. You wake up and don’t get deep sleep. Buy a sport watch that can monitor your sleep. You will see it right there, in colors. It is also helpful to not eat after 7 in the evening, it helps your sleep not to be digesting a heavy meal. Eat light. Don’t smoke. Don’t use nicotine products. I am not telling you anything you don’t already know. Everyone knows this. This is what you tell your kids. This is what your parents told you. I would suggest, to start with, consult a doctor. My doctor helped me get my sleep in order, I had no idea just how messed up it was. For 3–4 days I took some melatonin to help me get to sleep at the same time. It did the trick. As for the coffee. I just happened to not drink any coffee for a month. Just did not feel like, was traveling quite a lot. Drank some coke and such. No energy drinks. Just happened, no plan. When I stopped traveling I started to drink coffee again and boy did I notice. My sleep went to shit again. I found out that if I stop drinking coffee after 2 in the evening, I am good but I simply just drink a cup or two before lunch, never after lunch. My sleep is really good. No, you are not immune to caffeine. You are simply exhausted when you finally get to sleep, this is why you can go to sleep. You are partly exhausted because you don’t get good sleep.",
Trausti Thor Johannsson,Why are so many people on the political left so angry all the time?,"This is a common problem. People don’t know the right from left. Here are some right people With terrorist flag among other hateful stuff. Just some happy boy scouts? Right? I completely see your confusion. To better understand what is left and what is right, the sieg heil salute is done with your right hand",https://qph.cf2.quoracdn.net/main-qimg-51d2ec34fa00fbca4e367d08b7329448
Trausti Thor Johannsson,"As a software engineer, what new technologies should I learn?","As a developer, learn design. Not just computer concepts. Learn design. As all apps are moving online, being the one with fresh ideas and knowing design will make you very valuable. I only know some tricks of the trade after years in the field. My designs were most creative in MS-DOS. I would create wonderful designs and user interfaces. Creativity was big. Windows came and took over, design did not matter at all, you were pretty much forced to make your apps grey and white. If you had a line here or there, was design. Now, given, there is bad design out there. If there is a will, you can make seriously ugly apps and this one is in a league of its own. Most people don’t make this ugly apps. But now, with the Web, we still use a lot of tables, grids and stuff like we did in GUI design. But things like fonts, sizes, weights, heights. This stuff matters so much you would not believe it. Learn design on top of actually implementing it. I know some stuff, but the why this works and that does not, interests me and is a thing I will be looking a lot more into. Discovering how short animations matter so much and how to implement them in an easy manner.",https://qph.cf2.quoracdn.net/main-qimg-da70311c45c253e02f32b68542c864f8
Trausti Thor Johannsson,"If you could instantly master any skill, which would it be and how would you use it?",Become an electrician. Seriously. I am so tired of dealing with these people.,
Trausti Thor Johannsson,Have you ever walked out of an interview?,"In my mind I did. I applied for a web developer job and the company looked good, small, I totally clicked with the interview person who would have been my co-worker. He told me they would send me a project I would need to do but it would be a simple one. I get the project and it is a complete bullsh*t project, nothing at all to do with web development. It is actually quite hard and no way anyone finished this one in 2 hours, unless they did this project recently. But I wanted to prove to myself that I could actually finish it. So I did. I then emailed them the code. A month passes and they contact me again, offering me the job. I just said no. No way I would take that job. Not only had they been pressing me on the project, giving me very little time to finish, but the project was a complete bullsh*t project, totally unrelated to anything they were doing. Then they have me waiting a full month. Nope. Never heard back from them",
Trausti Thor Johannsson,What is a list of operating systems (OS) in use?,"What is a list of operating systems (OS) in use? Well, a list is generally made of words, separated by a new line, like Wash room clean garage Change tires Sometimes a list can have an index There are many other variations of a list, but the general accepted one is the one above. So, given this information, a list of operating systems in use would be just like the list above of operating systems that are currently in use today. One would need to do some research on this of course, gather information and ask people and especially government agencies like heat and water, power, finance and such about which operating systems they are using. Then there is a question how detailed this list is, take Solaris for example. Is it enough to say Solaris or do you do Solaris 7, Solaris 8, Solaris 9, Solaris 10, Solaris 11, Solaris 12. Yes, a list can also be separated with a comma. You can even get much more detailed and find exact versions and patch levels. You will find odd balls like Sun OS with varying degree of numbers behind the name, then there is a question of just how useful it is that people are using 20–30 year old computers. Justin this picture, there could be 3 different operating systems and Mr. Seth could be logged into many more operating systems. But in short, a list can be like or a list separated with command like plane, bird, superman, tesla, computer Whichever one you pick is good.",https://qph.cf2.quoracdn.net/main-qimg-977f45a073d2af53b9f437f96e16b218
Trausti Thor Johannsson,What one brilliant sentence from Terry Pratchett has stuck in your mind?,"How to pick? Well, I think this one is just so good and explains so much. The reason that the rich were so rich, Vimes reasoned, was because they managed to spend less money. Take boots, for example. ... A really good pair of leather boots cost fifty dollars. But an affordable pair of boots, which were sort of OK for a season or two and then leaked like hell when the cardboard gave out, cost about ten dollars. ... But the thing was that good boots lasted for years and years. A man who could afford fifty dollars had a pair of boots that'd still be keeping his feet dry in ten years' time, while a poor man who could only afford cheap boots would have spent a hundred dollars on boots in the same time and would still have wet feet",
Trausti Thor Johannsson,What fruits and vegetables are best for detoxifying the body?,"Your kidneys and livers take care of this part for you. You can drink lemon water until time ends, won’t do anything. Smoothies just raise your blood sugar. Your body is quite capable of handling this, if not then you need medical assistance as you are dying",
Trausti Thor Johannsson,When the Apollo astronauts landed on the moon why did they not fly off into outer space?,"Have you seen astronauts take a space walk? They don’t just zoom away. The chances are though that they could float away and basically nothing you can do to “swim” back. You need more force than the one that is pulling you. Also remember that the space station is shooting through space at insane speeds. But the phrase that moon has 1/6th of the gravity of earth must have gone over your head? This means, if you are 200 pounds, 18% of that is 36 pounds. That is how much you would weight on the moon. This is why they can jump pretty far, but the astronaut suit is difficult to be in",
Trausti Thor Johannsson,"Of the sci-fi concepts such as faster than light travel, teleportation, and false gravity on space craft (without it spinning), or other, which is the least likely/furthest away?","Just one thing. Faster than light travel is impossible. Before you reach that speed, you would weight more than the universe and need more energy than the universe can make. Now, this does not mean you can’t travel many light years in an instant in like a wormhole or bending space or something like that. So, light speed travel is impossible. Teleportation. Now, one which opens up a wormhole or star gate. Now, I think there is nothing that directly forbids this. But one like star trek does, move your molecules into memory and then spray you out the other side, this is just impossible. At best you simply die, but to move your molecules, would simply takes 1000s of years, but you would be dead. The one on the other end would simply be a replica. False gravity like they have in every space movie, I don’t think there is anything that forbids it. But you know you could be upside down in relations to other space ships. Not sure how they would handle turning over unless everyone was seated. But I think this could be done without having a spinning thing like in 2001. Would require enormous energy but doable. So, faster than light travel is impossible, so is teleportation. So, it isn’t the furthest away, it is just impossible. There are perhaps gravity bubble we could get into, extremely far away, wormholes, which we don’t know for sure exists or if matter can travel through one. Space gates could be a possibility, I don’t know. But they are far far away from where we are. Plus, we would need to travel the old way to the destinations to put up the other end of the gate. So, one in Alpha Centauri, that travel is 65,000 years, even if we break some laws of physics and get then 6 times faster, it is still far away. But this is likely the only way to travel the stars.",
Trausti Thor Johannsson,Is it true that taking statin drugs increase your lifespan by an average of only 2 to 3 days? All that statin promotion for an increase of survival of only 2 to 3 days? What about all the other various drugs being promoted? Is it legal?,"No. It isn’t true at all. Where do people come up with such nonsense? I feel like the online trolls simply have stopped trying. Come on, you can do better than this. First of all, where do you get the 2–3 extra days? How do you know if someone would live just 3 extra days? Why not 4–5 days? It is quite obviously nonsense anti establishment, anti science complete bullcrap. This is so obviously a fake that it hurts to read this. Statins reduce the fat in your blood, reduce chances of a fat buildup in your veins. Less building materials, less chances. So, don’t take medical advice from bull crap nonsense memes online. They are there for entertainment, at best and are otherwise absolutely useless. If your doctor wants you to take them, you take them. Pretty simple stuff really. Your doctor and other doctors go through thousands of patients. They read thousands of charts on blood work. They know how this works. They see the patients with lower cholesterol and bad shit in the blood will have lower chances of heart attack. Then these doctors meet up and hold conferences. You know who isn’t in these conferences? Online influencers who claim to be doctors but are chiropractors. They make your body make weird crackling noises. Statins work. Anyone calling them widow makers and such crap are selling you something, for a monthly fee. Guaranteed, they are selling you crap you don’t need. Now, anyone who has ever eaten trans fats can get a blood clot at anytime, heart attack at anytime. Anyone can have one at anytime. Some people have genetics that cause heart problems. Some have genetics which make the bad stuff in your blood be off the charts. Statins are very cheap. You take them if your doctor prescribes them to you. The worst thing that happens, you get the chance to become older. Any chance you get to not get a heart attack is a good chance and you should take it.",
Trausti Thor Johannsson,What would it take to visit the Andromeda Galaxy?,"Fastest engines we have today, it takes 65,000 years to travel just 4 light years, but Andromeda galaxy is millions of light years away. But in just a few billion years, if you can wait that long, the Andromeda Galaxy will slam into the Milky Way. So, it is heading our way. The night sky should be quite spectacular to say the least. Unfortunately we would need to have moved to a different planet before than happens.",
Trausti Thor Johannsson,What is the fate of the universe if it continues to expand? Will it eventually contract because of the gravity?,"No. It will continue to expand forever (remember, forever is a placeholder for a very long time). If you were on a spaceship, stationed and would be watching the night sky, not moving. The sky would keep loosing stars and galaxies over the 1000 billions of years to come. The universe will become colder and colder, darker and darker. But that will be after unimaginable long time. Much more time pressing issue is that in just 1.2 - 1.5 billion years, our sun will swallow up all the rocky planets and quite possibly mess up Jupiter significantly. In just 1,200,000,000 years or so.",
Trausti Thor Johannsson,"After the Sun dies, will that be the end of life in the Milky Way?","No, far far far from it. First of all, it really won’t die. What will happen is that it will finish running on hydrogen and when it swaps over to helium, it will swell up like a basketball from a baseball, it will eat up Mercury, Venus, Earth and Mars, at least. Then it will quickly (in astronomy terms) shrink back and become a white star, much smaller than it was but it will be there for eons, millions of million years. Our sun is actually quite insignificant one, our solar system is probably not even all that interesting. You see, the Milky way galaxy is enormous. This is like taking a football field, put a black drape all over it. Then you toss some fine salt over it. Close your eyes and someone removes a single salt grain. Then you try to find where it was. Even if there were aliens who were measuring the complete milky way, it is practically impossible to notice when such a small sun eats it’s planets and then shrinks again. The place is simply too enormous. The picture above is the milky way.",https://qph.cf2.quoracdn.net/main-qimg-24e154a0db76aa9482c899f65d702600
Trausti Thor Johannsson,Will the universe one day cease to be?,"Well yes but in much sadder way than you would think. Eventually all suns will explode, eat planets and destroy everything around them. As all galaxies drift away from one another the night skies everywhere there will be fewer and fewer lights in the night sky. Eventually everything will just freeze and the universe will go black. No light from anywhere. Perhaps some planets can sustain themselves and have artificial sun and all. But they will be completely alone.",
Trausti Thor Johannsson,"Why is it not acceptable to make a review (IMDB rejected it) of a TV series (Eric, on Netflix) that criticizes it for being predictable and uninteresting due to, in my opinion, being too woke. Is it generally offensive to label something as woke?","If this is anything like your question, just a mix of words, incoherent with “woke” all over it, then they did the right thing, your review is absolutely useless, like this question",
Trausti Thor Johannsson,"If God wasn't real, how do atheists explain that the first humans lived in a desert? How did they survive, and why didn't they move somewhere better like a jungle?","If there was a god, no one would ask such a dumb question. If this isn’t the proof you are after, you will have to seek forever. First human ancestors lived in lush forest area and savannah. Humans did not just appear out of thin air. You really should open a textbook on biology or just something.",
Trausti Thor Johannsson,Which movie would have been five minutes long if its characters had just been sensible in the first place?,"Top Gun Maverick Ed Harris tells Maverick that small drones will make planes obsolete. The big plan, new fighter planes don’t work because lame excuses, use 20 year old fighters. Fine. But send in drones and the movie is over. Drones flown by people 1000s km away. You could easily send in a 100 of them. Case closed. Smart missiles and bombs would do just nice as well, flying supersonic speeds the whole way. The movie is over. Basically every single Seinfeld episode would be 5 minutes if they had smart phones.",https://qph.cf2.quoracdn.net/main-qimg-a01978625418ac038a05f3de695dadd9
Trausti Thor Johannsson,"I’m on my weight loss journey and I also have a virtual trainer. I am about 270 pounds and going down to 175. He wants me to consume 2,000 calories everyday. What should I do?","Given that you are an average height, you should eat no more than 2000 calories. This isn’t as hard as you think. For the first week or even first three weeks, measure everything, weigh it. Like I use 2 slices of cheese on toast, I only need to weigh it once, I know what it is now and just pick it from a list. Learn to cook. I am telling you, homemade food is so much better and it isn’t filled with all sorts of chemicals to make the food “fresh” for a long time. Making a stew takes like no time, chicken stick, cut of meat, some vegetables. Spices. It is easy. Add some rice, not as much as you would like. Then you need to monitor your eating. Don’t eat more than you can. If you do, just write it down. Great apps like Loose it are very good at helping you. It knows amazing amounts of basically all foods around. Just weight it first. Learn what 200 gr. of yogurt looks like. Once you feel comfortable, you just pick the food from a list of known foods. Here is the kicker, and this is why most people quit. They stop seeing results. I know just how I sound, because I have heard this myself for 30 years. YOU don’t see results because you see yourself every day. The results are small every time. But you have friends you have not seen in 6 months and they change often drastically. A friend mine who was seriously overweight, did not see him for a year, he kind of looks like Michael Phelps today. He admits he has trouble seeing results but he is literally half the man he used to be, and that is good. All he changed is quit energy drinks (Red Bull, Monster and such) and started to bike some, not much, just some. As he got more energy, he biked more. Nothing planned. But he almost does not drink alcohol anymore, just doesn’t want it. Rambling start I decided just last week to quit energy drinks. I did take my eating seriously for the last year but I gained weight, crept up. I did register all my eating, it wasn’t excessive. Then like 4–5 months ago, I started to sweat like crazy. I could take my hand and push sweat off my head and it would drip down like rain after just a little walk. I wasn’t that fat, I had been active, walking, playing discgolf. This did not fit. So, my poor baby sister got a call. I could not and dared not play discgolf with friends. She is a doctor by the way. We went over everything. Good thing I am a stickler to writing down everything, electric scale since 2011, every day. Apple watch, Android watch, never skip a beat. Always clock in everything, heart rate and you name it. Now, my energy drinks drinking was just a can in the morning, sometimes two but never after lunch, never ever. I figured the caffeine would be under control. She talked to me like a little kid, and I allowed her because I felt stupid. I never suspected the energy drinks. So, I quit cold turkey. It wasn’t hard as I just started to drink a little coffee instead, black. One cup in the morning. I am just quitting energy drinks. In 3–4 days, my heartbeat average is 10 lower than it has been for 6 months. My weight is dropping like my stock portfolio, good for the weight, not for the portfolio. My internal system is just more relaxed, I sleep better (watch monitors my sleep). I swear, everything is better. Now, just 7–8 days later, I went on a monster course in discgolf, lot of hiking, no sweat. WTF!!!! Rambling over. Small things matter. Here is what I would do. Buy a nice shirt, nothing overly expensive. Just one that looks good, perhaps slim fit. Buy it in Large or X-Large. Something that you can put on but you can’t button it. Once a month, or week, measure how far it is. I am telling you, this works. This is where you see progress. Also, keep your favorite pants. Get into it. Now relax, pull it in the button above the zipper. Measure how far it goes from your body. These things take time. There is no shortcut. If you go crazy into exercise, run, bike and lift weights like every day, you will injure yourself and you will quit. Expect to see and witness results in 4 months. Don’t have a cheat day, but don’t live like a Monk either. Eat food, the food you like. Skip ice cream, fried food. You won’t miss it after a while. Take a baked potato. Bake it at home. Loose it, the App, both on Android and iPhone. It allows you to be nicer to yourself on weekends. When picking what to eat, ask the app for calories. Stay away from like Pasta salad, unless you make it, you never know just how much sugar is in it, unless it is on the box. So what if you have a bad day. so what if you gain weight, especially when you are starting. Don’t worry about it. Don’t overly blame yourself. Remember, if you eat bread, you will carry water, you can gain a little weight. Rice? You gain some water weight, you will pee it in a day or two. Too much salt one day? No worries. Do things that you can see yourself doing forever. It is like, how do you get a black belt in martial arts sport? Just show up, do something every day. It is all about showing up. It takes at least 7 years to get black belt. You did not gain the weight in 3 months, don’t expect to remove it in 3 months. Fix what is wrong. Need beer? Buy zero caloric beer or close to it, light this, no carb beer. Doesn’t taste as good, but still is good. Gin and tonic? How about Gin and soda water? It is actually even better than tonic. Put some thought into it. One last thing. This is a bit wasteful, but still, it works. If you can’t cook, don’t have the place or something. You always eat out. Well, write down everything you eat, every day for 3–4 weeks. Now, eat the same food, but just half, and throw it away. I know. Throw it away. It works. Skip the fries. People loose weight while eating only in McDonalds. Without really thinking about it much, it can be done.",
Trausti Thor Johannsson,Why are people who know more about red meat eating more of it?,"Because it is awesome, amazing. More meat thank you.",
Trausti Thor Johannsson,"As a person who believes that trans people have become a challenge to American values, how would you deal with the problem if the solution were left entirely up to you?","In USA, trans people are just a marginal group. A fraction of a percentage. They don’t hurt you. They don’t steal your pension. They don’t ship your jobs overseas. They don’t close down the school your kids go to. They don’t keep quiet when there is a school shooting or mass murder. They don’t divert money from the roads you have to drive in order to get to work to build fancy things for rich people. But some rich people are telling you that the smallest minority in USA, is endangering family values? Sorry. Have you looked at family values lately? This guy pays porn stars to have sex with him, with your money. He cheats on his taxes so you need to pay more taxes. He has had 3 wives, 5 kids, one of them while being married to another woman. He buried his first wife on his golf course to pay even less taxes, so you pay more taxes. He bankrupted casinos. He raped a woman. He was found guilty for 34 felonies. He has like 90 other ongoing cases against himself. He has lost every single case in court for the last decade or so. Do you think this guy is family values? He paid his mistress and put force on her to have an abortion, which she did not do. Now he wants no one to get an abortion? Project 2025, is family values? Turning USA into christian Iran? Sorry, no. Even the guys who back him up for becoming president, don’t want his values. They just want a tool. But your focus is on a tiny group of people, who just want nothing but to feel better in their own bodies. You can even ignore them. Just don’t hate people you don’t know. Don’t you think this guy looks much more like a man, than trump? This guy is born a female. You would never know. Why is it always the “family value” guy, the “christian value” guy, a republican, who is arrested for molestation of kids, having gay sex hopped on drugs. It is always those guys. Do you know how many drag queens have been caught? None.",https://qph.cf2.quoracdn.net/main-qimg-7e7f6b33790c4b4d8f7c6fab75f4127c
Trausti Thor Johannsson,Why isn’t food and water free if it’s essential for human life?,"First things first. At 11 billion people, we can’t all hunt antelopes. We need to raise cattle, chicken, pigs and everything else just to keep people from starving. Enormous parts of lands are used to grown corn and soy As far as the eye can see in every direction. This takes man power and huge efforts. Even in the middle ages, kings ate meat, peasants drank beer and ate bread, some corn grits. There simply was not enough game to feed people meat back then when the total population of the UK island was less than people living in London today, and it isn’t even close. Food costs money. Remember the movie, Back to the Future 2 (II). When Marty meets his grandfather or great grandfather, he eats food with them, full of hail and then the water The water was filthy. The water is always filthy unless you live in a cold place like Iceland. People got real sick from drinking water all through human history. Viruses, e-coli, all sorts of nastiness. This is why people brewed beer and wine to drink, they did not know why, but beer and wine did not make them sick, except hungover, so they had lower alcohol, like 2%-3%. Don’t get you drunk but kills most bacteria. Cleaning water is a very costly business. Just so you can have a shower and poop and drink water. Even today in major cities, you really can’t drink faucet water, perhaps if you are local. This costs serious amounts of money. Modern society is simply way more complicated than you could imagine. There is so much stuff happening that you have absolutely no idea about, and most of these things are way more complicated than you could ever imagine. And yes, they add fluoride to the water to keep your teeth from rotting. Don’t be a moron, it is not there to brainwash you, if that was they case, we would be brainwashed but it isn’t. This was actually discovered not by accident but by a lucky coincidence.A traveling dentist in the 1800s discovered that people in certain areas had zero cavities. Doesn’t mean their teeth were white and pearly, hell no, they were dark brown like they did nothing but chew tobacco. People with white pearly teeth did have cavities. Little by little it was discovered that this mineral was in the towns drinking water in quite large quantities. Did not hurt people but their teeth were not good looking. So, scientists have found out that given a certain amount is enough, and this works, even if you have/had cavities. It would have been way worse without it. So, you, who buys toothpaste without fluoride, you are a complete moron. That is just basically baking soda you are brushing your teeth with, it cleans them but does not help your enamel around your teeth. You are overpaying 1000% if not more. Yes, you are a sucker that is being taken to the cleaners. Reality is way more fun than you think it is, complicated but a lot more fun.",https://qph.cf2.quoracdn.net/main-qimg-846dc4d2abb27e6c0e7cf1965abea6c3
Trausti Thor Johannsson,Why is it so hard to eat healthy when you know it is needed to stay alive?,"Your premise is just flat out wrong. Eating healthy is recommended, but to stay alive, you can eat unhealthy foods just fine. Skip the deep fried parts perhaps and what you are left with in a McD Big Mac, is greens, meat and carbs. Sure you can bitch about quality this and that. But at 11 billion people, we can’t all eat antelopes and Kobe Beef. You simply just need food to stay alive. Heck, you can stay alive, and healthy on just Twinkies. University professor of nutrition did this to a great success. Exercise, walk, eat food in moderation is what you need. This is not me being funny or finding loop holes. But Michael Phelps, the worlds greatest swimmer had to eat insane amount of calories due to his training and because he was swimming in rather cold water, like 18 degrees Celsius. This is his food I don’t think you could even eat this on a given day. That is how he looked like, eating the food above, which included pancakes with syrup. Food snobbery is a thing, and it is tiring because you just need basic education to know this is and that goes for being the ultimate food snob, a vegan. I happen to know quite a few amazing chefs. They cook meat for the “famous” vegans in a closed off parties, no cameras allowed. I am super serious.",https://qph.cf2.quoracdn.net/main-qimg-926947ffae6215a109880a7d0da0cabe
Trausti Thor Johannsson,Do we really want a woman president in the United States?,"It isn’t a case if you should want a woman or a man. You should try to ask, which of these persons is more capable, more intelligent. This moron, or a plant in a pot? The plant wins. It is almost, anyone but this guy. A rapist, a felon with multiple felonies. Tax cheat, stole money from a charity for sick children to spend on himself, yet calls himself a billionaire. He is forbidden to run a charity in the state of NY for embezzlements and other bad deeds. He has made every company of his bankrupt, except the one his KKK father setup as a trust for him with the stipulation that donald can’t do anything to it, donny can’t touch it. If he had just taken his fathers inheritence and the money he stole from his siblings, and the money he stole from his father and his fathers estate, and done nothing but getting inflation interest on it. He would actually be far richer than he is today. He bankrupted a casino and is proud that he swindled small contractors. Do you really just see a person with a hideous small dick energy or a woman?",https://qph.cf2.quoracdn.net/main-qimg-7eb85152a37479521600e598470bcc08
Trausti Thor Johannsson,Why is a bronze medal winner happier than a silver medal winner? What is counterfactual thinking?,"Just an anecdote of mine really. Not to be taken too seriously. I did not have a great athlete life, basically none what so ever. I did win bronze in high jump when I was 14. The 14 year old guy who won the gold was as much of a grown up as I am in my 50s. He was shaving and was much taller than me with great muscles, kind of looked like the more handsome twin to his dad. Me, I was thrilled of getting bronze. I jumped 170 cm, while being less than 170 cm myself, I don’t remember how tall I was, but 160 cm or close. I am now 174cm as a grown up. I am still proud of this. But the way I lived it, and I did hear others say this. The silver medalist lost. He/she lost the gold, often by ridiculously small margins. Quite often the silver medalist is made to compete against the winner, one on one, like karate, fencing, tennis and such. They lost, they get silver. The bronze medalist on the other hand WON the 4th place contestant. Even where many compete against many like running, jumping and such. You lost to the winner. The bronze won, he/she managed to stand on the podium. They get a photo with the 2 better than they are, but he/she is there and 8 people or more are not. Bronze is winning, you are among the best. The silver, lost to the one who won. Except in my case. Now, I am insanely proud of what I accomplished, no trainer, no focus, I simply tried and passed the minimum. The high jump equipment was behind the football goal in my town. I just played with it. Of course the Icelandic champion was my gym teacher, it helped. No. My case, I had used 1 more try on the way to 170 cm. The guy who got silver beat me. We both did not stand a chance competing with a guy almost twice our weight in pure top great meat, we were both quite small and no muscle in sight. He had won bronze the year before and I was 4th. His first jump was at 175 cm, just being a dick. But me and the 2nd player were friends back then, just having fun. It did sting a bit but I liked the color of the bronze better than the silver, I also forgot my shorts and jumped in sport pants, and sneakers, not my nail shoes …. I would never have gotten over 175 to win silver, never ever. But that 1 more try on the other hand … But the bronze is among the best, the silver lost. That is how it is. Can you imagine losing the run, you trained for 4 years, the dude who won came in first, with less time difference than it takes to blink an eye. You lost because your focus was just 99.9999999% to his 100%. That has got to hurt. What a loser …. When you are asked did you win, you say no, I was 2nd, even yes I got silver. The one asking will be ohhh ok then. The bronze … well done man, well done. Good for you. Just try it.",
Trausti Thor Johannsson,"Why does McDonald’s make you feel tired and like crap after eating it, sluggish, and even sick if you eat it too often?",It is just you. You are overthinking it and you have weird ideas about food. You should talk to a professional,
Trausti Thor Johannsson,Why does Burger King put ketchup on their burgers by default? Is it because most people including kids prefer it that way? I assume most kids would NOT prefer it that way.,It is their burgers. Their way. If you don’t want it you can order it that way,
Trausti Thor Johannsson,How many kilos should I gain every week if I've been working out for 6 months already?,"Now don’t get too upset if my information is a little off. But in the whole, you don’t pack on kilos like crazy just because you lift weights. Yes you get stronger and bones even thicken. One coach who is a friend if mine said that average height and average weight person in his 20s, who has trained before but goes into bodybuilding or crossfit. Eats absolutely 100% correct, trains correct, everything is as close to perfect. At best they can expect to gain 6kg (15 punds??) in a full year of muscle. What happens when you start exercising is that your muscles get a lot of blood into them, bulge up. You can gain like 1–2 kg right away but if you take the weekend off, you loose it. That isn’t muscle weight. You can take in a lot of carbohydrates and they pack on kilos as you retain water by a lot. Take a rest for a few days and you pee it out. You can get greater weight with protein powders like they enlarge chicken breasts. But that is just larger muscles and hardly more muscles. Just train, eat as good as you can afford. I am 174cm tall I feel great at 80kg. Then I look great. I am not a muscle guy. Guys who are way taller than me, shredded and look like Greek gods, weight 75kg perhaps. My nephew is like 190cm tall and 75kg and he is in the national team in judo, he looks amazing despite looking like my brother, muscular and is stronger than an ox. I think weight simply doesn’t tell the right story. It isn’t there were the most interesting things happen. Much more fun to follow your progress and how much weight of the lifts increase. If you follow your own weight too much you might just give up.",
Trausti Thor Johannsson,How do you grill a perfect top sirloin steak?,"I go against what most people say. I don’t sear it first. It doesn’t contain the moisture, it doesn’t close up the steak. What it does is give flavour. You trim it, room temperature but that really isn’t important as the steak gets to room temperature in minutes on the grill. What I do is season it, then add more salt. Take it to the grill. The grill is split 50/50 or 1/3 3 times, depending if I gas grill or coal grill. I out the steak on the part with no heating, no fire below. I stick a thermostat in the steak. When it is close to temperature, say 45–50 C, then I sear it. You can even do it a bit earlier. I like mine around 55 C. That is all there is to it. It is expensive meat, if you don’t have a thermometer then you can easily eff it up. Nothing ruins my day as a mistake at the grill",
Trausti Thor Johannsson,"How can an unattractive man attract women, realistically?","Basically, you have to have something to offer. Something to get their attention. Stalking does not work and is frowned upon. Pete Davidson is not lucky with his look, he doesn’t look good. But he is funny, he is charming and he captures attention. He isn’t rich but he manages. He doesn’t drive a fancy car or live in a mansion and he is only in private jets when someone else invites him. I think if you are in a party, he will charm the ladies. He is funny, quick to return and has lots of great stories. He gets the ladies. plenty of famous people who also have good looks are not as lucky. So, being a good listener, be funny and not be a creep gets you the distance needed. Sitting at home, gets you nowhere.",https://qph.cf2.quoracdn.net/main-qimg-0e877fc1b8cf580c373e1a988dfa80ce
Trausti Thor Johannsson,Is it a good idea that Burger King puts ketchup on their burgers by default? Instead of you having to ask for it?,That works for me and millions of other people. You can ask for a dry one and you will get one without it,
Trausti Thor Johannsson,Is God apart from You? What if there was NEVER any gap?,What if there is no god? Which is way more likely. Or you are praying to the wrong god and just making him angrier and angrier every time you pray?,
Trausti Thor Johannsson,"What is the minimum number of patrons for a theater to start a movie? If there's just two seats filled, would there be refunds?","I love watching movies so much, that when I was younger it was hurting my economy. When I figured out that if you work as a projectionist, you can see movies for free when you are not working. A total win win situation. When I was showing, we had film. Usually a movie would come in 6 to 9 parts of film like this I would take them and I would tape them together, no, seriously, tape them. You would put one film on one end, then the other on the other end, fine tune it with the knob on the front. You don’t want it to have a space, then the whole move is out of place, or even a bright line above, no one wants that. Not too close either, that could open up the lid keeping the film “flapping” and cause havock. In the very old days it could burn down the theater as back then they were highly flammable. But you needed to either put the film together, half and half like this Not me, but good looking fellow. Or if you planned on showing this film often, this is what you had When you were no longer showing the movie, you would track the film, through the projector and onto the bottom reel. But you had to stop the movie exactly where the end of one reel is, exactly. More than 3–4 reels don’t fit on that holster and you are absolutely not allowed to take two intermissions, no way, no how. How can you tell if the film reel is about to finish? You see that black dot. Usually they are not that noticeable. They appear for a fraction of a second, and then appear again in 10 seconds which gives you time when the first one appears to turn on the lights, lower the sound, turn on the radio or music and stop the projector. Then you take scissors, no, not some special movie scissors but Find the frame where you glued everything together, and cut, often you could just use a quick hand movement, sometimes not. So. You see, there is a lot that goes into showing a movie. A lot of work. And once the movie has started, you have to at least show half of it, but if you have the platter, you simply have to show the complete movie, you can’t do anything otherwise, that film has to go from A to B, in order to be shown again. If the film f.ex. falls off the plate and onto the floor, you have kilometers of film that is very inflexible, very twisty and annoying. Behaves in its own way. I could say annoying but it is much worse than that. So. If you started the movie at the dot, say 21:00, you simply finish the movie. You and the people working there might get popcorn and watch it. You know where the dots are, so you work your magic if you need to. If you did not start the movie, you were good to do whatever. But people do come late, so if you suspect that, you have to start the movie, a 90 minute movie will run like 100 minutes, and it has to go from A to B. It is way easier with the new downloadable movies. You can simply press stop and that is it. If we managed to close ticket sales, we would just leave everything for that showing. But if you have many rooms, you just play it.",https://qph.cf2.quoracdn.net/main-qimg-85836b73a0b7d19170b8e1b79bda7f8c
Trausti Thor Johannsson,"Is Marc Lawrence telling the truth about trans people, or is he transphobic?","No. He is a cultist, he is seriously in a cult, and he puts everything he considers to be bad about himself onto others, this case trans people. All the bad things he makes up, he is just talking about himself and his insecurities, perhaps needs. He isn’t truthful. And this seems to be the only thing he thinks about. He has tens of thousands of answers and comments on trans people. Like this is his job. He probably gets some gratification with all this thinking about them, perhaps this is a way for him to think people won’t suspect him for being into transexual people. But when you are this into them, it is just obvious.",
Trausti Thor Johannsson,Why do liberals have a problem with masculine men like Andrew Tate?,"Sorry but Andrew Tate is a loser. He could be a very closeted gay man who won’t admit it. Not that part which makes him a loser. But here is the thing. He was a successful fighter, he made money. Once you make a certain amount of money, a lot less than you think. You can lease a large house and many expensive cars. You don’t have to be real rich. You can even get stuff loaned for free. Yes, rich people seldomly need to pay for stuff. Look at his pictures and videos. He is mostly alone. He does not seem to have any friends outside of his brother. He has some followers who are there for the free stuff, when the champagne stops flowing they are gone. He claims he has knowledge but whenever he opens up his mouth, the opposite is true. He is ignorant. Lets take another faker to compare Hopped on steroids, never surrounded by the same people and all the girls and never tagged because most of them are for hire or just plain prostitutes. Having a lot of money (seemingly), will draw crowds, especially if you have nice looking girls all over the place. You don’t even have to look good or muscular. Just keep the free stuff flowing. But Tate? Filling his house with kidnapped prostitutes, making porn movies on the cheap. Is that someone “liberals” fear? Hell no. He isn’t even a good criminal. He is just pathetic, a complete loser in life and everything. So what if I don’t lease some Porsches or Lambos. I doubt I would buy those even if I was seriously rich. Do you have to be a dirtbag to be rich, no. Even Kim Dotcom and Bilzerian, did not hurt anyone, they did commit some crimes but nothing to write home about. But Tate, complete loser. Even a 18 year old girl has him all riled up If you think this is cool, you might have a problem. Leaders are not the ones who are most obnoxious. Leaders are people worthy of following. Why we keep making stupid people famous is beyond me. It is Andrew Tate who is pretending, he is a pretender. Is (s)he undergoing treatment?",https://qph.cf2.quoracdn.net/main-qimg-ac60b2aeb0f9668091faccdec591f6e8-lq
Trausti Thor Johannsson,How do I press garlic without a garlic press ginger?,"You simply cut it up so many times it turns into a mush. Just put your left hand on top of the knifes back edge, and get the knife the cut back and forth until you are done. Like this, I prefer to keep my non main hand a bit higher but whatever works for you. Joshua Weissman. Where would the world's cooking be without him? In a much worse place.",https://qph.cf2.quoracdn.net/main-qimg-2ca6d53e07a998a2b8fa55bf46e516dc
Trausti Thor Johannsson,What are signs of a strong immune system?,"Overly strong immune systems are a problem. Allergies are the most common overly strong immune system. Dying if you eat a peanut is a sign of strong immune system. There are immune systems that eat your cartilage away, your ears, nose among other things just goes away and you have flappy skin left. Extreme flaky skin is another very strong immune system illness. Those and many more annoying and lethal illnesses are tied to strong immune systems. Popping pills and drinking concentraded fruit juices does not give you strong immune systems, not at all. Being sick and surviving, that gives you “strong” immune system. Anyone talking about strong immune systems, is selling you things you don’t need and don’t do anything.",
Trausti Thor Johannsson,Why do programmers read books on how to program rather than watch tutorials?,"I am not a young programmer. I am willing to go with that. When I was starting out, there were no videos, no internet. All you had were books. Schools also use books. But one reason to prefer books over videos is basically the book is more organized, it delves deeper and can explain so much more and it takes you 2 minutes to read a page, give or take. A video is 30 minutes, minimum if it is of any value (except for the 100 second videos by Fireship, they are spectacular). Video is all about subscribing, selling more expensive videos, introduction and stuff you don’t need. If you ask my wife, I have tens of thousands of programming books, fortunately most of them are e-books which my wife does not know about. But I have a lot, could be 100, could be more. I have not read them all, not even close. I own books that are 1000 pages but I only bought them for a part of one chapter. I just might have needed that part, then and there, just that time. But these books come in handy all the time. Even for completely unrelated matters. One book on Java might have a data structure I need for a Python project. An iPhone book has a great chapter on OpenGL. A Mac book of just 100 pages has by far the best chapter on Core Data of all books, including books just on Core data, and it does Core Data in 5–6 pages. I go through the index and chapters of most of my books all the time. I pretty much know where to look. It is easy. My e-books are way easier. I have a giant folder on a NAS that is called books. I simply search for a topic and Spotlight gives me what I want. Some of the books are Epub which means I really can’t search all that well, but I have command line tools because all the text in the books is a text file. It is a mixed bag. But I do love videos. Most of the people I subscribe to on Youtue and Instagram are programmers. But I see a lot of them going down a rabbit hole of self help and leaving, many have stopped. Quality is not guaranteed. Lets take one of the guys I subscribe to, completely random. Tim Corey from IamTimCorey. He makes amazing videos. He is a world renowned C# developer. He also does Python and other programming. Sometimes he does live coding from scratch on Twitch, I have never seen them really, different time zones and stuff. But he is great. Most of his videos are at least 50 minutes. But you can’t fast forward to get what you need, I have to use 1 hour to watch him to see if this exact video was the one I needed. Sometimes I can jump a little, but then I miss a vital spot. This is where books come in strong. Each chapter can build on prior chapters but a given chapter is just about this thing you want. It is easier, faster and more to the point. Today, I will admit. I run my own AI at home, no I did not make it, I just installed it, llama. I use that more often than I will admit to teach me some things, if it fails, I use ChatGPT a lot as well. I can just say, life is a lot easier today than it was in 1995 when you had built in help inside your editor like Turbo Pascal, and that was all you had. If you could not find a solution or ask someone, you could spend a week trying to figure things out. Sure it builds character and makes you great. But it also makes a lot of good people give up because the think incorrectly that they are not cut out for this. Besides, when you find the answer, in a book, video or using AI, it has the same ah-ha eureka moment, perhaps to a lesser degree.",
Trausti Thor Johannsson,How many foods are best for vitamin C?,"Fruits contain vitamin C. So do peppers, paprika and such. That pretty much covers it.",
Trausti Thor Johannsson,"If Dr. Doom and Palpatine switched places/universe, who would be the more competent administrator?","Palpatine is just a human with some magic tricks. Dr Doom has superpowers. By far, Doom would be enormously successful, Jedi mind tricks would not work on him and with his super powers, anyone trying would be killed. No competition. Not saying that a weasel like Palpatine could not be successful politician, he would.",
Trausti Thor Johannsson,What features of VB6 are particularly challenging to migrate to modern frameworks?,"VB6 was abandoned in 2008, that is 16 years ago, just for clarity. I had to check to see how old this question was, weird it was made in 2024. If the tool is still in use, that is simply astounding but all such apps should have died a decade ago. There isn’t one feature of VB6 that makes it difficult to “migrate” over to a new platform. First and foremost, VB6 is an enclosed tool. You program a button directly, you program a textfield directly. You don’t make your model objects. You basically program inside your app. All your code which you can still open in any text editor use useless, let me rephrase this, every single line of code is useless except for reading it to figure out what is happening. No platform* can use this code. So, your complete source code is useless. You usually opted for tools that directly connected to a database, so you have these arrows to go back and forth with your database, when you are entering in data, you are directly putting data into a database. It was an amazing tool for simple apps and many of them were quite useful. I honestly think that MS made a mistake here, there is a market for such very low barrier tool. But basically, the problem is that you need to re-make the application in much more complicated environments. You need to use completely different tools, different languages, different GUI tools and just everything. You saw my * above, well, there is a tool like it, but gives you everything else as well. It allows you to make simple “form” apps, but also grows with your talent. It is completely OOP (object oriented programming). You can make easily model objects, connect to any database, write your own SQL if you will. It has Interfaces, low level access to native API and best of all, it compiles down to native code. No slow runtimes. It is fast, it is great. It used to be called RealStudio which is a name I much more prefer than what it is called today, XOJO (Cross-platform App Development Tool ). Naming isn’t everything and this tool has been around with the same owners for at least 25 years and isn’t going anywhere. Their economy is strong and people on the forums are helpful to a fault (basically too helpful). There used to be a tool to read in a VB6 project into XOJO, I simply don’t know how far that get’s you but I think you should get pretty far. At least you would not need to rewrite everything. I love this tool even though I don’t use it today. I made tons of money on it, made shareware apps that paid for many computers, large screens and so forth. If you are moving from VB6, Xojo is your tool. For the last decade and then some, I have written code in all sorts of languages. I love C#, I love their tools and everything. Well, everything BUT writing GUI tools. I dislike writing desktop Apps in C#. It is simply way more complicated than it has to be. This is where Xojo comes in strong. It is precisely the tool you need to write desktop apps. I would not use it to write Web apps, except if it had minimal amount of users and came as an extra to an app I already had written in Xojo, then it is absolutely amazing. Delphi is another tool I would suggest, it is Pascal but quite powerful. But as far as I know, it has been decades since I last used it, it hasn’t really changed much, if anything. It is basically the same tool but it costs insane amounts of money. But it is still there, that is something VB6 is isn’t. If I was tasked with taking a VB6 app and make it modern. I would fight tooth and nail to make it a web app. Chances are great it is already a client server thing. Making it into a web app should not take long. Most VB6 apps were small. If that would fail, I would absolutely use Xojo. And frankly if I could not get that through, I would walk away from the project, no, I would run. It is doomed to be a failure and you are the one everyone will blame for the failure, not the ones who made the decisions. Now, if you can get it into a web app. Use whatever tool you know. Even PHP or go with Ruby on rails, Django to name two. Something that get’s you there quickly. If you have more budget, make it in C# for example and use Razor pages (not Blazor, it is a deep well where you get stuck in overly complicated things). If you get a bit more budget, perhaps make the front end in a nice Javascript like react or vue. Have fun. If there is a budget, I might be interested in such a project, but I would have to have something to say about it :)",
Trausti Thor Johannsson,What is the use of object-oriented database?,"Now, take this with a grain of salt. I also struggle a bit with OO databases. But as far as I can tell, it gives you 1 to 1 relations to your objects in your app. So you can take a huge object tree and just call save and it saves and updates your tree. It also allows you to create base tables and then inherit them for more complicated objects. Now, this isn’t, in my opinion, a NoSQL thing like MongoDB. But I think in all fairness that OO database is more of a teaching tool, something students use to learn from. It can also be used with things like Sharepoint, Lotus Notes and other business tools where non programmers might do a lot of work and this makes it easier to link data and views. But as a programmer, for over 30 years. Outside of just curiosity, the use of OO database simply has never ever come up. Even the OO features in Postgres where you can inherit table structure and it does some magic behind the scenes, I have never seen it used outside of tutorials. From my point of view, especially with Databases, they have to be reliable. Under no circumstances should you be able to destroy everything unless you use specific commands to do so. Yes I am fully away that forgetting a WHERE clause in DELETE from statement is dangerous. But what if you have an OO database and you radically change the root object, change the fields and even values from strings to numbers and cases like that. I think there are probably business tools that make use of it, some report tools. But if you have programmers working for you, use them and forget all those “no code” tools. An ORM (Object relational mapper) is much more likely to succeed.",
Trausti Thor Johannsson,Are humans the worst species on planet Earth?,"There is a fly that can only procreate inside eyes. The female mosquito fly can only make eggs if she has recently drunk blood. This cheerful animal is the Australian Quokka. Absolutely cheerful, don’t mind to be petted and hugged. But if they see a danger, they will take their “kids” and throw them in front of the danger. Penguins are your worst sex offenders. They will gang rape females, and chicks. But then there is Sea lions. When they are in heat, they go berserk. They attack a group of penguins by jumping on top of them and then they will “get the willies off”, weighing in hundred kilograms, crushing them completely. These monkeys from Japan, make living in hot springs on very cold days. They will refuse “lower ranked” monkeys to get into the warm pool, even attacking them viciously in groups if they even dare. There is plenty of room there, nothing is being removed from them. They don’t seem to mind if the lower ranked monkeys and their offspring's freeze to death. Chimps hold grudges. They commit genocides on other groups of monkeys and eat them, they even go around and kill other groups of chimps for absolutely no reason, for fun is the best guess. This is just a small sample. I am sure humans are not perfect. But we are just animals on earth. Besides speaking, wondering how we got there, great use of thumb, all our emotions can be found in the animal kingdom as well.",https://qph.cf2.quoracdn.net/main-qimg-394931351fc1f04e8694cfef9d0993df
Trausti Thor Johannsson,How did chess spread around the world?,"Chess originates from the Middle east. Romans were known to play chess or similar game after they went into the middle east. When Muslims conquered most of Spain, chess did become a thing and spread like wildfire. Fun fact, the first written use of Bishop in chess is from ancient manuscripts from Iceland, not from Europe. The game of chess is very old and is based on older games. It has changed through history. It is as good as impossible to pinpoint that on this day chess became a chess. But through wars and religion, trade with the middle east, chess did spread far and wide.",
Trausti Thor Johannsson,Why is it so complicated? A woman is a human being with a uterus that gives birth to children.,"Tell me you don’t know anything about biology without telling me you don’t know anything about biology. This is such a question with a statement. The general acceptance is that at birth, the doctor/nurse writes down boy if you have a pee pee and a girl if you have a vagina. That is all there is at birth. But, quite a few females are born with all sorts of issues, even not having an ovary, uterus and sometimes and many such things that go wrong, despite being born XX. Then There are other issues like XXY, yes, 3 chromosomes. In your simple mind, do women stop being women if they can’t give birth? Can’t get pregnant? Still just the “normal” XX female. If they get cancer and everything is removed. Are they still women? Not according to you. Same thing, a man who does not produce sperm, is he not male? Short text you won’t read, but I will write it anyway. But human mind is a fickle thing and some people claim their arm or their leg don’t belong to them, they control it but sometimes lose control and it can even hurt them. Quite often these individuals go to extreme lengths to get rid of their alien limb. Now, I am not comparing people who are different sex than they are born with, as having the alien limb syndrome. Just saying that the mind is it’s own thing, outside all chromosomes, society, culture and everything. Every fetus starts out as XX (given they are not XXX or many variants of this). Shortly afterwards the fetus looses a limb so to speak and becomes XY, or male. With 100,0000 things that are happening, we know quite a lot of things that go wrong or work differently based on 100,000 things. Why do some people love the color red while their siblings or even identical twin loves a different color? What about people who prefer to like their own sex, or no sex? Your mind really does not know if you are missing legs at birth or a hand. If you loose it in an accident, you can have phantom pains which are just as real as real physical pain. Sometimes, the mind does not acknowledge it’s reflection, something like “this isn’t me”. Absolutely every 50 year old who is not Hugh Jackman gets a similar feeling when they look in the mirror. But some people really mean it, this isn’t them. This isn’t a mental issue, it can be but not what we are talking about. If you are born in the wrong body, you can do a lot to help with that, like trans operations and medical assistance. If a man transitions to a female, I have no trouble to call old male friends and female friends afterwards, zero problems. I don’t think people who are born males should compete against born females, it is blatantly unfair. I think this is a complicated issue, but a group of females, males and then trans or some other group is needed? I don’t know. The people I know who are trans have no need to compete in sports on professional or olympics level so I don’t know. All I am saying is that things are absolutely NOT as simple as your simple brain puts it out to be. People don’t go through this for fun. It is excruciating process, committees, doctors and trials. All I can tell you is that you don’t have to fear transexuals, at all. They just want to have a normal life. Men in suits on the other hand, banksters, fraudsters, trumpers. They are to be feared.",
Trausti Thor Johannsson,"What senses do other animals have that we don’t, and neither do we have the technology for that sense?","We can not produce our own vitamin C and D, we get it from food. Most animals can. It is pretty vital and important thing we sacrificed along the way to walk upright.",
Trausti Thor Johannsson,"Will Twitter still be around in 5 years, or will Elon Musk run it to the ground?","I think Twitter (X) will be around in 5 years but Elon will have lost interest in it. That is, 5 years from this answer.",
Trausti Thor Johannsson,Do you believe there could be intelligent life somewhere else in the universe?,"I will split this in two. Do I believe there is life in the universe, some place else? Absolutely. The right circumstances for life to happen are simply statistically impossible not to happen elsewhere. Currently we could be looking at life in 2–3 places near earth, moons of Saturn and Jupiter are quite likely to have warm salt water which would have life in it. What kind of life? Probably plankton, could be something that is remotely similar to fish. So, yes, absolutely. As for intelligent life, should we not find out if intelligence is on earth first? Jokes aside. There had to happen quite a lot of things for mammals to become a thing on earth. We had to have 5 near complete extinctions, one of them a huge asteroid that not only hit earth but basically hit earth in the worst possible place imaginable. You see, life on land has been re-done at least 4–5 times, none of it was mammals in the beginning. It was lizard like, larger than cows, some meat eaters. This kind of life has happened again and again. Mammals have only happened once and the small rat or hamster like critters that were alive 65 million years ago survived basically because they managed to hibernate for a long time, while the worst of the things happened. Now, I think statistically, the chances are quite low of a life on other planets that mimic ours, if the asteroid had not hit earth, we would still have large dinosaurs roaming and controlling everything, extremely large cows basically. I simply think that because this has happened so many times here on earth, this kind of life is probably all over the universe. The sea creatures and fish even, probably everywhere else. Well, what about lizard people like things? I simply think that in a world with plenty of food, stable climate, as far as that can happen, the large lizards which we call dinosaurs roamed the earth for 500 million years almost, there was no need to evolve, there was no evolutionary pressure. If that rock had not hit earth 65 million years ago, the mammals would simply still be a small critter. But given the amount of galaxies, each with incredible amounts of suns which have planets are simply so large, I do believe there is some advanced civilizations elsewhere, they might have been around in the past, they could be here now. It is probably more likely than getting the lottery system coming up with the same numbers twice. But if there are or are not, we will most likely never find out as the distances are simply too large. if we could hear from someone, chances are that message is 100–500 million years old and they are long gone from existence. I always wanted a future like But given that the last 60 years have probably been the most peaceful 60 years in human history, I see no possibility that we would not attack one another if there were two advanced lifeforms close enough.",
Trausti Thor Johannsson,"Which is more probable, God/religions or the Big Bang?","There is no need for guessing. Big Bang happened, just not how religious zealots think it happened, but it did happen. There are proofs of it. Actually there are many proofs but background radiation is one of the biggest ones by far. No need to guess. Now, is there a 6 year old bronze age king with temper tantrums who created the universe? There is absolutely nothing that points to this being a case. Not even a hint. No need to guess.",
Trausti Thor Johannsson,Can a religion be atheistic or not?,The word atheist means “without religion”. This like Chili san carne does not include meat but Chili con carne means chili with meat. This isn’t hard,
Trausti Thor Johannsson,What are songs whose meaning everybody got wrong?,"Every breath you take by the Police and Sting. I have heard this song being played in wedding parties. But Every breath you take, I will be watching you. It is actually about a stalker, dangerous delusional man/woman who is a stalker. Watches his every turn, every breath, every move he makes. He is watching YOU. It is quite eerie when you realize this. Sting wrote this song soon after the real police arrested a stalker that was hunting him.",https://qph.cf2.quoracdn.net/main-qimg-348519a1f74c809dec88bfeab312e1c6
Trausti Thor Johannsson,How do aliens build a starship that can fold spacetime inwards so that it can go at warp speed?,"First thing first, as best we know they have not and they don’t seem to exist. Let me explain. I am a programmer, I am quite good with math, physics and such items. Bear with me here. I will really try to make this answer short. Distances. The nearest solar system to ours is 4 light years away, the distance light travels at 300,000 km per second. The earths circumference is 40,000 km, so a light speed can be thought of going close to 10 times around earth in 1 second (7.8 or something like that). The next nearest is way further, and most of them are millions of lights years away, even hundreds and thousands of light years. The fastest motor on earth currently could take you to Alpha Centauri, 4 light years away in just over 65,000 years. This is close to the history of humans on earth (homo sapiens). I am part of Seti, search for extra terrestrial intelligence using radio telescopes, listening for all sorts of ways to communicate, all over the universe. They have been going on for over 40 years. They really know what they are doing. They have all the worlds computer power to listen in on anything. They have not found anything. There is a matter of how old the universe is, how old civilizations go, how old planets get before their sun eats them. The Drakes equation. We should not stop looking. Anyway, the idea is basically, since we can’t send humans on interstellar travel as it takes tens of thousands of generations of people, inbreeding and all that. Impossible. We make robots, which can group together when they find resources in space and they could 3D print more robots. So, literally, we could plaster the universe in self replicating robots. The technology exists actually. But they would be able to take care of themselves, charge near suns and heat. So, if there were advanced beings eons ago, with billion years head start, which is quite possible. Where are the robots? They are nowhere to be seen, heard and it is like they don’t exist. I am not saying there can’t be space faring aliens out there, I do believe there are or have been without a doubt. But as things look like today. With all of human knowledge available, actual facts, math, physics and you name it. It looks like we are it. That the advanced aliens who build the robots that eventually find other beings. It seems it is just us humans that have reached this stage, no one, nowhere else. It looks like this is it. It is US that build these robots. US humans on planet earth. We only have earth, there is no planet B anywhere. Faster than light travel seems to be science fiction or require more energy than the universe has to get going. I don’t know if I should be sad if this is true or amazingly interested and hopeful that humanity will send out these robots. Our lifetimes can end at any day. Just a few nukes. Gone. All life on this planet gone. And we are it, the only ones. I am hopeful that idiocracy won’t happen. Once you build something, and destroy it, you might never be able to build it again. It is an awakening thought, I think. Of course the Oatmeal has cartoon",https://qph.cf2.quoracdn.net/main-qimg-cb4588a41dbe09aa4e69e15c13ad5cad
Trausti Thor Johannsson,Why is Fox News in the US allowed to be so biased in its reporting?,"In short, Entertainment. This is also why Taboola is the most popular ad server on the network with only click bait crap thing. It gets you to click them. Quite entertaining titles actually. Shit like this. All these items are either paid advertising or link to sites with 100s of ads. These things make billions of dollars, seriously. Just like Candy Crush has levels you can’t go over without paying (with credit but you know real money works better), this is the norm. This is the most zane ads I found by the way. Back to entertainment. With all the lies and almost a billion dollar settlement for fake news, Fox is still there and its offsprings are also doing just fine. You see, whenever Fox gets sued, and this happens a lot, so many times it has to be repeated. They get sued a lot. Their defense? Their audience is stupid, seriously. They claim their audience is either stupid or no one should believe what they show with Hannity and Tucker (former) among many others. They claim it is entertainment, like WWF. Fake with real people. They claim it is all fictional for entertainment. That no one should believe it. The have a very quick text that is at beginning of all opinion pieces they offer, This if for entertainment purposes. The network and the host don’t need to have these opinions. You f.ex. had Tucker claiming the election was stolen, trump was the real president, the insurrectionists were just tourists publicly. Hannity as well. Well, privately, they called trump all sorts of names, they never believed the election was stolen, they thought the idea was stupid. They had some chosen words for the insurrectionists on Jan 6th, none of them were nice. They made a lot of fuzz about vaccines. But here is another kicker. EVERYONE in the Fox offices, every single person, all the people on TV, behind the TV, the janitor and phone ladies. Everyone was vaccinated, everyone had a mask in the office, no one complained, except when they were live on TV. There is a word for this but hypocrites just don't feel strong enough. Everything above is backed by facts, public court materials and their own words. Everything above. Name calling is uncalled for and rudeness is punished by blocking. You can disagree, but show facts. Be factual, for once.",https://qph.cf2.quoracdn.net/main-qimg-0ae52bc99ed268861e2617caf99a45e1
Trausti Thor Johannsson,How is it that we went to the moon but can't go back? Don't we have more advanced technology now?,"We can go to the moon. Like you said, we have much better technology. But today we also have all sorts of rules of getting people back, alive. It costs a lot of money. But it is possible. Just see how many robots are on Mars. Mars is a planet inhabited only by robots. That is cool. But we could absolutely send people to the moon. But it must get cheaper before the government funds it.",
Trausti Thor Johannsson,"It's said that Jimmy Carter in his life once saw a UFO, and if he were ever elected president, he would reveal everything the government knew about Ufo's, aliens, area 51, etc. But he never did once he was the president Why?, was it too shocking?",Just isn’t true. None of it. Earth is to far away for anyone to visit,
Trausti Thor Johannsson,How long does a Tesla microprocessor on its car computer last? What if it deteriorates in performance?,"The main processor of new Tesla cars is AMD Ryzen CPU. I have some old computers with AMD CPU that are 20–30 years old. The CPU is easily replaced by a Tesla engineer, even you can do so yourself but you have to register the CPU board in your car first. The CPU runs at the same speed all the time, depending on heat and cold. If the CPU starts to behave badly, it is replaced. No worries.",
Trausti Thor Johannsson,Where do I get started with creating a Unix-like operating system?,"Normally I don’t answer questions like this, the ones with how can I build a skyscraper but I can’t hold a hammer. But I will bite this time, this seems like an earnest question. You can start much smaller. No one eats an elephant in one dinner. All software making is just you write a small amount of code, then you add to it. You change some stuff, add to it. And you repeat until you are happy. All large programs are just a bunch of small code blocks, even the AAA games. Somewhere someone started with an empty window, then made a single color, then made patterns. Figured out how to send a note to the sound card, then some more frequencies. Andrew Tannenbaum made Minix. A small Unix like operating system, it is small, you could at least when I tested it, run it on a single floppy disk, not all programs on there, just enough to get booted. He wrote a book where he details every minute thing, and the whole book actually contains his source code. Fun fact, he denied changes into the Minix system written by a student who really loved Minix, that student was no other than Linus Torvalds. There are other operating systems out there that are open source. FreeBSD, OpenBSD, Haiku OS just to name a few, Atheros was one system but it has lingered. There have been some trials on open source Amiga System. One pretty awesome system is TempleOS written by an extremely clever guy who had schizophrenia and suffered from it bad. He wrote the operating system which is quite capable, compiler, debugger and everything is built into the operating system. It is open source. Unfortunately Terry Davis is no longer with us. Watch his youtube videos but don’t mind the profanity, he probably had Tourettes as well on top of everything. You see, in a very simplified way, you don’t write a Unix kernel. You write a kernel that boots, then you write a system that talks to the kernel, that could be a Windows like Interface, C64 or Unix like. This is no small feat, even if you plan on just doing a small toy system. But don’t let others hold you back. Do something.",
Trausti Thor Johannsson,What are some popular non-woke programming languages?,"I don’t remember any programming language that wasn’t created by a hippie, people who loved all people and wanted to make life better for everyone. The nazis have not created a single programming language. Neither have dictators. These hippies created C. Dennis Ritchie and Ken Thompson. Bjarne Stroustrup, made C++ Larry Wall, super religious, made Perl. Anders Hejlsberg a fine Danish guy made Turbo Pascal, Delphi, C#, Typescript and he isn’t finished. I could go on and on. But seriously, no bad person has made a programming language despite you might think that while learning it. Intel, the company behind most computers today was created by Jewish people, some who were survivors of the Holocaust. One if two people generally credited for making the ARM CPU is now named Sophie Wilson and she is world renowned CPU designer today. ARM runs most TVs, phones and today it is heading straight for home computers. The computer industry is very woke, very inclusive, all religions and no religions, all sexes and sexual whatever. You really need to enter the dark ages. Can’t even drive a car.",https://qph.cf2.quoracdn.net/main-qimg-01be486c78548e0c5606103328e60601
Trausti Thor Johannsson,"Do you ever think Linux's 4% market share says more about people than Linux? Like, they just stick with spyware OS because learning something new is too much work? Like facing the truth takes effort and it's easier to keep living a lie?","Do you realise just how enormous 4% is? There are way more computers in use outside of datacenters that they are probably close to the human population of earth. I think you have quite limited data as most Linux computers are sold with Windows. Not exactly correct but it isn’t 10%. 4% is huge. Take 100,000,000 computers, 4,000,000 computers is nothing to sneeze at. But inside datacenters things are quite different. Basically all these billions of computers basically all run Linux. The rest is within margins of error. Linux is doing just fine, even on the desktop. Every android phone on the planet is running Linux. All wifi routers, camera systems and ai could go on and on. Linux is run on way more computers than there are people on earth. I don’t think it actually would take much effort to change things dramatically for Linux at home. Just a little push for standardisations of GUI and GUI tools. Most people could just use it today. Seriously. Being snide with limited data usually blows back in your face. Don’t be such a person. Why not marvel at people who decide to work as outliers in the industry. Linux market share on the desktop is only growing, although slowly but the amount of computers sold is simply ever increasing. It is just a handful of tools I need in order to abandon Mac and Windows. Less than 5 I think. I would make the jump today if I could. Not having an operating system that shows me ads for candy crush is worth all extra work.",
Trausti Thor Johannsson,If a person is vaccinated against COVID-19 but still worried about getting COVID-19 despite being vaccinated doesn't that mean the vaccine isn't working but the vaccinated will blame the unvaccinated for their illogical anxiety or apprehension?,"Trying to find loopholes in your defence of being an anti vaxxer? Sorry. You are simply wrong and rightly ridiculed. You can still get the virus even if you are vaccinated. It just doesn’t turn into a full blown illness for you. It will be more like a common cold or a short flu. Your lungs won’t fill up with fluid, you won’t get seriously ill as you might do if you were not vaccinated. Being an anti vaxxer is being a flat earther. It is just stupid. You have all the worlds knowledge behind you and plenty of people willing to explain this to you but you listen to politicians, massage “therapists”, chiropractors and snake oil sales people.",https://qph.cf2.quoracdn.net/main-qimg-d6793af966671a968369c4a0fe88e922
Trausti Thor Johannsson,Is Putin winning the global chess game?,"After spending over 30 months attacking a free democratic country. After levelling cities and committing atrocities, war crimes and filling up mass graves with Ukrainian people in what was supposed to be a few weeks special mission. You know you don’t have the upper hand and you need to tire the enemy out. Then that enemy gets weapons, planes, choppers, bombs and new tanks. The enemy attacks you. And they just walk right in and take well over 1000 square kilometres in a day. You come on TV all bloated and can barely speak, claim that they will revenge this invasion, this brutality. Where less than 10 people or so have been killed. Just how far away from reality are you? It seems you are completely out of touch. You have no idea what anything is. Claiming it is unfair that Ukraine invades russia. Just, did he read his own speech before he gave it or is this just lobotomised lookalike who read that speech. No matter how the war will end. Putin knows exactly what he is, a completely useless loser, completely corrupt and incompetent, incapable of distinguishing reality. Wonder if he just passed the same cognitive test that trump did? Would explain a lot",
Trausti Thor Johannsson,"Are old Android phones prone to malware and virus, or could they be used safely if they are capable of running lightweight apps and browsers which receive updates?","All devices running an operating system that don’t get updates for a long time are vulnerable to attacks and bugs which could be exploited. So, older phones which have not been updated for years are quite vulnerable. Same goes for every IoT devices like camera, old wifi routers and even TVs.",
Trausti Thor Johannsson,"What do you think of leading Dutch scientists/virologists who have just made a disturbing discovery about the new Bill Gates-funded “self-amplifying mRNA” vaccines, where they can form “unwanted and dangerous connections” with already VAXXED people?","What do I think of nonsense and made up garbage? I hate it. The people who spread this garbage are just that, human garbage. And David Hill, you are a bad person who posts dumb questions and then you answer themselves. You are among the worst people around. 2000 questions, why? What is the use? This is only dine to get people thinking there is lot of information out there. If you were remotely right, one would be enough. Go back to your cave",https://qph.cf2.quoracdn.net/main-qimg-bd04b8b9bc3422e2d72beeb13b3a5c5e
Trausti Thor Johannsson,"If modern medicine and its COVID vaccines are supposedly saving the world, why has trust in doctors and medicine declined from 72% to 40% from 2020 to 2024, as detailed in the link in my answer?",It has not plummeted nearly as far. But the internet trolls and “influencers” working on russian information from troll factories have been doing a better job apparently. They completely swamped any truthful information completely. A lie travels the globe 13 times before the truth has put their shoes on,
Trausti Thor Johannsson,"Are prescriptions normal? Are they as normal as Jesus Christ, the Son of God? In the early 200's, did people live entirely without prescription medication? Isn't that something?","Some people did live to high age without ever needing any medication, because there was no medication. Most people did not. A couple would have something like 20 kids over a lifetime if the mother did not die in childbirth or because blood type mixes and stuff. Most of these kids would never be 10 year olds, they died from all sorts of diseases. Most people, large majority did not reach adulthood in good times with plenty of food and peaceful times. That was the norm. Except peaceful times was not the norm, not really, not until after 1950, for most countries. Probably the reason why you can type in a rather ignorant question like this is simply because you and your parents have had access to medicine",
Trausti Thor Johannsson,Are there any online classes for React/Next.js projects for 10-year-olds? I am 10 and all the classes are just beginner JavaScript when I already know Next.js/React and read MDN Docs and W3Schools.,You can buy many classes at Udemy for just $5 or there around. They usually start at the beginning and take you along the ride and in the end you have made a decent looking app.,
Trausti Thor Johannsson,Did you know? The Google antitrust ruling would hit Apple the hardest because it receives $20 billion a year in payments to make Google the default on its devices.,"Nope. Google pays Apple insane amount of money to be number one search engine but Apple allows you to use just about any search engine out there. So, nope. This part does not hurt Apple.",
Trausti Thor Johannsson,"In Deadpool and it's sequels, what are the differences these movies have from the comics?","Everything really. You see, if you buy a few Deadpool comics, the stories are not even following any other story. There are many Deadpools, even a robot one. In a few I own, he is just fighting dead presidents and telling jokes. He doesn’t seem to have an apartment or a blind old lady he rents with, friends, gangs, Wolverine or anyone, not even Peter. The movies really do take out in my thought, the best of Deadpool and make it into a coherent story. The movies don’t follow one another even all that much, like where is Domino? You could take each minute of all 3 movies and tear them apart, you can take every single comic story and find things. What isn’t missing is reasons to love the Merch with the mouth. The biggest difference, just to name one, his gang in number 2, which included Brad Pitt, they did not die all at the same time as far as I know. And I think in all 3 movies, Deadpool cares much more about others than in the comics.",
Trausti Thor Johannsson,"Why deny God if there’s a mountain of proof that He exists. The facts the evidence the testimony and common sense are with God. Big Bang is proven false so is Darwin’s monkey theory and also carbon dating plus the moon landing, have you been fooled?","Here is one thought. If there was proof, there would not faith, it would simply be as real as rain. But there isn’t a single proof. And it gets worse, much worse. People have been faking religious “artifacts” for eons and selling it to religion, and religion does not want anyone to look at it. There are many claims like saints not rotting. Fun fact, saints, when they die, they are chopped up into little pieces and their body parts are distributed all over the world. But these body arts are put into oil and other preservatives. The church has known how to do this for like 1000 years, if not more. But when you look at some of this nonsense This corpse is simply dried out. Mummies from Egypt can look a lot better and are 4000 years older. I did say it gets worse than not having a single thread of “proof”. There is not even something that is remotely plausible about anything supernatural. When people claim there are proofs, show it or you don’t have it. This guy has for the last 4 years claimed he HAS evidence of all sorts of things. He doesn’t have a single thing. Hundreds of republicans and others have looked at everything and come up empty handed. The only voter fraud in the last election was done by a republican and he was caught. Sorry, USA citizens can’t all vote, not a single illegal can vote. This is nonsense. Just like religion.",https://qph.cf2.quoracdn.net/main-qimg-57a6d0d099931fa74aa9a489b1bd0c44
Trausti Thor Johannsson,Is it true that every single religion originally started out as a cult?,"The difference between a cult and religion is mostly the number of people following the cult. The catholic church is a cult, there is just like a billion catholics and they don’t like to be called a cult. The group Jesus started in the bible and the following stories of people meeting in houses in secrecy, it was a cult, nothing else. A cult is a group requiring unwavering devotion to a set of beliefs and practices which are considered deviant outside the norms of society, which is typically led by a charismatic and self-appointed leader who tightly controls its members. Meaning there is just one guy with the answers, like Jesus. But then he dies. Then someone else takes over and you need to believe he knows everything the dead one knew, fast forward 1000 years. It is just a delusion. But there are religions that start out as scams, and not even a secret. Some are just started so they don’t pay taxes or on a bet with a friend or both. That one is really popular with famous people. But it is a cult, it did not start out as a cult, just a scam to not pay taxes and get money from people who had way too much of it. It is a cult today.",
Trausti Thor Johannsson,What's the least amount of valuable code you've written while being employed as a programmer?,"Working for months on many projects which were cancelled for no reason, some for good reasons and everything in between. Unfortunately I have quite a number of such projects under my belt, but I have been doing this for over 30 years, so ….. Sometimes I did sniff out that a project was started only to start it and no one started the program and we played games until eventually the project was cancelled, rightfully. But I only remember one such case. Every programmer will work on projects that get cancelled. It really doesn’t matter that much, except you have put in blood, sweat and tears into it. Try your hardest to learn something new from it. Take on parts you normally would not do. You always learn something new. It isn’t always a wasted effort even if it gets cancelled. But sometimes it is just the company is going in the wrong direction and perhaps it is wise to send out a CV or call friends to check if there is an opening.",
Trausti Thor Johannsson,Why does the Bible condone slavery and no where condemns it?,"One can argue that the ones who wrote the bible, liked having slaves. One can also argue that when a city lost a battle, it was the norm that the losers became slaves, better than genocide? This was just so common that it has been happening far longer than the time from us today to them back 2000-3000 years. We know people have taken slaves for over 7000 years. Yes, slavery is bad, disgusting, horrible, abhorrent. The bible does tell you to almost treat your slaves well but isn’t against slavery as such. It is part of humans and ideas evolving, that we decided that slavery simply was really bad. It is LESS THAN 200 years that humans decided this, and partly this was Brits hitting Spain economically. But we humans banned it. The times that followed after slavery were no paradise, the Indentured servitude and forms of labor right into the 1940s where it was just fine having children at the age of 12 work in coal mines for scraps. Children working with industrial engines like extremely large sewing machines and often losing their lives and limbs. It is easy to say that those times were not much better than being slaves except that you could usually move to a different place or be trained in carpentry or blacksmith to name a few trades. But it was not that far off in a way. Please don’t read too much into it. I am absolutely not at all talking about anything else than slavery being horrific. But shit like this was not that uncommon, and these 4 kids, only one of them got a decent upbringing and for the rest, it was just tragic, and not that illegal. Three of these children were treated badly, even the fifth which the woman is pregnant with was also sold. Their story has been published online and made into a book. Some of them did manage to meet as grown ups. Such good looking kids, breaks my heart. But as an atheist, I simply think that christianity was made by rulers to keep the people down. When your gods love is like Then this is nothing but crowd control, be good to your ruler. When popes were warmongers, you know it doesn’t smell right.",https://qph.cf2.quoracdn.net/main-qimg-75f7075e97739cd9f4365a8c5a878b0d
Trausti Thor Johannsson,"What's your take on Imane Khelif, a biologically proven male boxer, taking part in the Women's Boxing event at the Paris Olympics 2024?","Just because you fancy her and imagine she is a man for your own thrills, doesn’t mean that reality is playing along. This is why you have this desire and reality is different. She was born a female, she was female when she was a teenager and she is still female. Trans former men are not allowed to compete against women. That has happened and it ended badly. This is career ending for anyone competing against that trans fighter. This isn’t good and is just disgusting. But the mistreatment of Imane Khelif is just inhumane. Utterly disgusting. She is a real female. End of story. You transphobes really need to do a deep dive into what is wrong with you. I will leave you with the amazing singer of Radioheads reading a letter on what is really wrong Every word of this is worth thinking about. No trans person has ever harmed me or anyone near me. I have trans people in my family and friends. All wonderful people. If this is what they want to do and feel better afterwards, who am I to say something against it. A man or female? Really none of your business.",https://qph.cf2.quoracdn.net/main-qimg-d52a4c4661c93c1e0669632ec8eed4be
Trausti Thor Johannsson,"In a question, is ASP.NET designed only for creating websites? Is it possible to use C# with front-end languages to create a website without using ASP.NET? And if it is possible, what is the benefit of ASP.NET?","As far as I know, no one talks about ASP . NET. You just talk about C#. ASP is normally a technology from the early 2000. Usually the pages are called Razor pages, cshtml. But C#, and even ASP . NET, can easily take any data and spit out JSON or XML instead of HTML pages. The benefit of Razor pages, the cshtml files (C# html), is that you can get a site up and running with minimal efforts. You can talk back and forth with the C# code, enclose C# code in the page. It isn’t as powerful as Javascript, but it is pretty cool. You can call the page and put data into it and you get lists and some inetractivity, C# code as well. You can use functions from the C# code inside your HTML and 1000s of other things. You work in Visual Studio and you get code complete and things just work, deploy and you are done, no need to do an extra build or have external build processes. It is quite cool. But if you need more interactivity or simply feel like it is too limiting, you can use simple HTML and jQuery if you want or the latest React/Redux everything. You just need to add a CORS statement into your startup code to allow localhost:4200 or 3000 to talk to your data. Believe me, you want to spend the hour or two if you don’t know how to do that instead of allowing all. Believe me. You are not locked down with C# tech, even 10 year old web app made in ASP can easily be changed to spit out JSON/XML. You don’t need Razor pages, but they are cool template pages, they are just not single page apps.",
Trausti Thor Johannsson,"I want to buy a used laptop for web development, but my budget is low. Which generation's laptop is preferable in 2024?","I’ll let you in on a secret that is the worst kept secret in the world. But this goes only for Windows machines. I get into Macs below. You can safely buy 8th and 9th gen laptop, CPU that starts with i5/i7 and the first number is like 8700 ort 9700, the last two numbers really don’t matter. Next comes a letter, usually U, H or Q, seldomly on laptops do you get K. I would try to go for i7 if possible, that is a sweat spot, i5 is noticeably slower and i9 is for cooking eggs, but if you need i9 go for it and i5 is just great if that is your budget, you are not loosing out here. U means the machine has decent battery life but it isn’t fast. If you work with some amount of data you could experience hiccups, like the machine stalls for a few milliseconds, enough to notice. Now, this does not have to happen but this is my experience. These machines are usually great for surfing, Office work and light games. Speaking only for myself, U means useless or Powerpoint computer But like MS Surface Pro/Book/Laptop will be great, amazing even. The K simply means the CPU can be overclocked, you might not want that in a laptop. H or Q usually means the machine is quite fast. Battery life isn’t great, 4 hours but you can squeeze out 6, all things depending. Often you have a discrete GPU like Nvidia or AMD. AMD CPU that is 4000/5000 models is pretty great, no matter which numbers follow, but 5600 is in my opinion above the line where things are awesome and below is not that bad, 3600 is probably just as good, little warmer perhaps. Having 6 cores is plentiful and some 2000/3000 line discrete GPU will take on whatever you want. Dell machines like XPS, Thinkpad machines that have names that start with T, P and W are great, Legion 5 Pro is great. Some examples, T490s, W530, P15v. T480 machines, and even T440 and between will work for most type of work but have slower storage disks. Asus and Acer make really great gaming machines. Now, ignore gaming, these machines are spectacular. They offer high refresh rate displays which are just something else, you might not notice just how amazing they are until you put another laptop next to it. The Helios, Predator and Nitro are all machines I have owned and really liked. These machines also tolerate being kicked, dropped and some hustling, there is a limit to everything. Alienware and Razor machines are absolutely fantastic but they usually cost a lot of money even if they are real old. The LCD colored keys on the computers, they don’t bother me and I am weird about things bothering me. I like it, plus it is great to use in a dark area AND bright. But Dell XPS, real Thinkpad machines (single letter with 2–3 numbers naming, no yoga or anything), Acer and Asus all offer (mostly all) the possibility of having 2 disks in them, either a combination of NvM and SSD or just 2 NvM. You can pour water on some of the Thinkpads and it will just run through the machine. Just make sure you have such a machine before you try it, coolest party trick ever. These machines are all 6–8 cores minimum and pack a power. I want to say all of them have amazing Linux support but I am sure people can find one that don’t. All of these have expandable memory and replaceable disks. Some of them have Thunderbolt or USBC. Just check what you need. But most of these actually have ETHERNET port which is very cool, HDMI, plenty of USB. Some could be expanded to 64GB memory and basically the biggest storage you can buy, 4TB/8TB is possible and not a limit of the computer but type of disc. Newer machines don’t offer plenty of ports, and most USBC dongles with display ports and so on suck badly and run HOT. As I write this in August 2024. I would buy a gaming machine that is even more than 2–3 years old. They might only cost like $500 or LESS. That is like getting a collection quality Mercedes Benz or rare Ferrari for $500. I have a rather new work laptop Thinkpad, P15v, (single letter real machine), but the fans are driving me nuts. Good machine but I would not buy one myself. I also have currently a thin Predator, it does have i7 10th gen, it has 32 GB memory, 1 TB disk NvM and space for another one. It has 300hz monitor, and let me tell you, this screen is so rock solid, it is like a high quality photo but it moves. Yes the fans come on and off but these are real fans, no high pitch noise which apparently only I and dogs hear. You can take this machine and beat someone with it and it won’t get damaged, I don’t speak from experience, just guessing. If you are buying a Mac. Don’t buy the Intel ones, even if you get it cheap and plan on using Windows or Linux, not unless it is like close to free, then all bets are off, decent machines, especially the 15 and 16 inch. I just can’t recommend it. You can buy any current Macbook out there and you are getting a great machine. Just one thing to note, don’t buy one with less than 16 GB memory and 500 GB storage. You are stuck with what you have. The 14/16 inch M1 Pro machines are going for just over $1000 or so, you can score a Mac Studio desktop for like $1300. These machines are amazing in every aspect, I own one. You will not hear a fan, it is so silent that it feels like it is turned off. The screen, sound in speakers are amazing. I basically say, go for 15″ Air if you can, it is really a sweet spot. The 14″ Pro is amazing but the 16 pro is just worth every penny and is more amazing, I can’t talk highly enough of it, buy me a beer and I will talk about it all day and night. I am a programmer. I work with a lot of data. My M1 Pro is 32GB and 1000GB storage, but I would be just as happy with 16/500. It is the best laptop on the market, hands down. I make crazy demands of my computers, much higher than my talent or needs require, but until very recently I have always owned brand new machines and sold them less than 1 years old, but today I am happy with 3–4 year old machines. I have owned the Predator for close to 3 years or going on 3 years, and bought it used. I have no plans on selling it. My Macbook pro M1 pro. I will probably own it for the next 3 years at least unless something changes dramatically. The 12th/13th/14th gen Intel laptops seem to have issues which cause random crashes, not everyone experiences it, but they all run very hot. The 11th gen is notorious for running dangerously hot. (The quote is just for attention). And they are expensive, Apple like expensive The 8/9/10 gen will serve you just great for years to come, and make you happy while you pay way less than 1/3 of the original price. Dell and Thinkpad often have an option of extended warranty, different from place to place. It is worth it. Basically if there is a repair shop in your city/town, they will fix it the next business day if you have one. Some models offer you to buy these within 3 years. I used to like HP machines but HP company is just not doing anything correct. I can not recommend any of their machines. But the 360 series and Spectre laptops sure look great. I would buy one that passes my tests and is working, cheap, but I would not expect great service from HP. In Iceland, the dealer for them is pretty good. But they usually only have the USA keyboard which I don’t like, no button between left shift and Z, and single height ENTER button. I am just not used to this and I don’t want it. That is me. Yes. Go and buy good cheap 4–5 generation old laptops. They are really amazing, that is the best ones from that era, the cheap garbage was garbage when it was new and is probably not available to buy because they have been thrown away already. Just test them, see the battery health, test all the keys, especially W A S D keys and space bar. All of the PC machines that are 4–5 gen (years old) are all serviceable, and you can get spare parts for them. PC laptops 1, Apple 0. TLDR; Given everything, it is quite safe to buy top end laptops from 4 years ago or 5 even. Just make sure you reset it to factory settings, you really don’t want anything from the old owner, they might have some scam software, even if it is full of games and crap. Working on a brand new laptop for $4000 or a 4–5 year old for $500. You will be hard pressed at finding any real speed difference in most things.",https://qph.cf2.quoracdn.net/main-qimg-7eb9cf99c8f809006ca6921c8969b43e
Trausti Thor Johannsson,Is asynchronous programming achieved by using multiple threads?,"It could be. Like Elixir, DotNet, Go and such. They use all sorts of tricks that is outside of your controls. They might run on a different core but it is not guaranteed. Usually asynchronous is simply so called event loop. It is basically just an endless loop that has a list of tasks that need to be done. When you add a task by using async calls, you are added into the list. You get a promise back which keeps the status of your request. Behind the scenes there is a scheduler. It just goes over your task list and asks the promiser if they are done, if done it returns your data else it goes next in line and vice verse. If this is for example a restful API, each query it gets is also sent to the list or queue. The scheduler then simply gives each task a chance to run for a while, then it goes to the next one and that one runs for a while. So and so on. It usually runs on a single core, doing one thing at a time. This is also why if you ask for 5 things to be done, it finishes out of order. If you don’t call async, it will run everything in the sequence it got the work. But while it is running, everything else is blocked, meaning if you run a large task this way, write gigabytes to the storage. Nothing else runs until it is finished. That is called blocking call and should mostly not be used or called, but there are circumstances where it is needed. JavaScript and Node are guaranteed to run only on one core doing one thing at a time. You can use libraries which use more cores, but then you really should know what you are doing, locks, semaphores and all sorts of edge cases.",
Trausti Thor Johannsson,How do you know if a link has a virus?,"No link will automatically infect your computer. If this link is in an email, and it is a bank, tax office, police, dhl or fedex all claiming you must pay or update your information and such, it is fake. Absolutely 100%. All mail apps allow you to click on the email of the sender. You will always see if they are from some weird domain like I click the sender, craftsman some nonsense You see this email address? Not real. No official anything will send you anything important with an email like this. Don’t bother to block this one. You will never get email again from this address. If you do get an email claiming some sort of trouble and you have just bought something or something else and this rings true. The email address does not look this out of place, call the company. Don’t use the number in your email. Find them online. Go to their website (again, not from the link from the webpage). The email can look really professional, and even not have typos or AI messed up sentences. This is a scam. This is obviously atrocious English. But some are not. Check the sender, the domain could be netflixinc or netflixcorp. Ignore it. If this was real and Netflix closes your account, just go to Netflix directly and fix it. Chances are 99% that such an email is a scam.",https://qph.cf2.quoracdn.net/main-qimg-743d01ea27e9cf5561276c267907b60c
Trausti Thor Johannsson,"Why do vaccine believers start mocking, insulting, labeling or guilt-tripping when you educate them that healthy immune system is the one that stops pathogens and prevent diseases, not the pharma substances they believe in?","Because the things you say and claim are more silly than a grown up trying to convince another grown up that santa really does exist. You think there are tens of millions of people being paid to keep a secret. You obviously never have had any friends. No one can keep a secret. Everything is leaked. Deathbed confessions. Plus, you claim big pharmaceutical companies are making a lot of money. Well, not enough to pay tens of millions of people. And no one seems to have lost everything and wants more money. There is a reason why it is stupid to pay someone to keep a secret, you know, blackmail. So we make fun of you rightfully. Like you are claiming we should all be walking on our hands instead of legs. Just really silly and dumb.",
Trausti Thor Johannsson,What is the best preferred tool between VS code and Visual Studio to develop ASP.NET core and why?,"I think the best tool to use is Visual Studio for razor pages and dot net core. On my mac I prefer Visual Studio for mac and I am crying that they are cancelling it for no reason. I am now using VSC and it is getting better but it isn’t amazing. It’s nuget package manager sucks just to name one thing. Visual Studio has way better project management, settings, adding projects to solution and many many things. Visual Studio has the best debugger in the business and Visual Studio for Mac is far superior to VSC. I do prefer writing HTML, CSS and JavaScript in VSC, no competition. But for C#, VS is just far superior",
Trausti Thor Johannsson,What is a recommendation for an anti-virus for the Chrome OS?,"The best advice I can give you for Chrome OS, is not to use it, at all. Other than that, you don’t need one.",
Trausti Thor Johannsson,What are the top 15 hardest programming languages?,"Outside of disasters like brainf*ck, programming languages are not hard. Doing complicated things is hard. It is hard to write a multiuser email server and support gazillions of protocols in every language. Writing I am the best million times on screen is easy in Haskell even. There are languages that are quite different from others. F# is quite hard for C# programmer and vice verse. But for an F# programmer, F# isn’t hard. If you learn English by learning by heart a dictionary, you are not going to write War and piece type of novel in that language, you could write a very simple children book perhaps. The same goes for programming languages. It isn’t the language that is holding me back. I could learn basically any language in a week or less. But that doesn’t mean I will write a raytracer in it the next day. Just because you know how to use a mouse, you are not going to draw anything like this.",https://qph.cf2.quoracdn.net/main-qimg-ae55f445c47958b811de8271b07dbf5a
Trausti Thor Johannsson,Why would a company have tampons and pads in their men's room?,"Seriously? Because I might need to buy them for my wife or daughters. Is that too hard to think about? Is it completely unthinkable that a man buys tampons for a woman? Is that completely out of the question? Has a family father never bought tampons for someone? Seriously? It isn’t any more of an issue than buying bread. I would simply ask, why not? You never know if you need to buy them. When there is a need for it, I think it is better that I simply go to a men’s bathroom and buy them instead of going into female bathrooms. It is much cheaper and easier to do it like this.",
Trausti Thor Johannsson,"I suck at programming, but I love it. What should I do?","I can safely say, given your question, you don’t suck at programming. Know why I can safely say that? Because bad programmers all think they are the worlds greatest programmers, all of them. Too long, did not read is at the bottom. Good programmers know their shortcomings. They know they could be better. But most don’t know how to evolve. Going from a decent programmer into an intermediate one, someone who can take a project and complete all the parts on his/hers own. It is quite hard to explain how you advance. I am riddled with self doubt and I get debilitating spells of imposter syndrome. I googled my behind off to learn more about imposter syndrome. What is imposter syndrome? It is the feeling that you don’t belong as a programmer, you don’t belong with your co-workers and soon, any day now, any hour, if you leave for lunch they will find out that you were faking it all along. Basically, it is stated that if you have imposter syndrome, it means you are a good programmer. But it is debilitating, it can make you freeze up. Code reviews feel like a naked photo of you taken in a bad light showing everything in the worst possible way is being distributed at work and everyone is laughing at it and judging you. The yearly salary talk with the boss always feels like you are about to get fired. Every time the boss calls you over, you expect to be fired. It is bad and without a doubt this makes good people quit and even bad things can happen. I often googled what if I have imposter syndrome and it turns out I actually am an imposter? I am not cured today, after 30 years in the business, after I have made apps that topped the Apple store sales, after creating websites used by millions of people, after working for the police, government, gambling companies, it still happens. To not only to get better but get almost rid of imposter syndrome is to do side projects. Now, they don’t have to do anything, they don’t even have to leave your computer, don’t make you a penny. But to investigate tech stacks out of your comfort zone is fun. Try out databases you never get to use. Make some apps for Linux or other operating systems. Download something like Corona SDK and make some games, or just play with gravity and see what happens. Learn parallel programming, threads, do a horse race, where the horses all move 1 pixel in a given time, but add a game loop where things can happen. The horse can stop for 5 turns, go back, get beamed up by aliens, slow down or whatever. Then make bets on who wins and keep a tally. Make black jack game, just you against the computer. Enforce different gambling rules like dealer MUST draw a card if he has 16 or less, or 18 or less. Make a Poker hand counter, have X many hands which get delt cards from one deck of cards, then order them by the winner and next to win and so forth with the worst hand at the bottom. To make it interesting, make one eyed jacks to be wild cards and see if you can make a rule where if you have one, it will always be the best choice, take into hand that full house is pretty good and perhaps the jack does not need to be anything but a jack. If you can do this, even just to show cards in a browser or as text Make a simple game loop with 2–3 extra players which play differently. No AI needed. Just make one ready to bluff more. If you manage to do something like this, even if the code is bad, you are a very good programmer. If you used tests to help you, you are even better. Now, refactor your code, make your code much better. Make reasonable goals, like I will get this far in 5 days. Try to make it happen. If you don’t succeed, get better at estimating your time. Practice is king. Buy an old 8 bit computer and see if you can make anything like above in just BASIC, or use an emulator. This is completely optional and offers almost no real value. But it is fun. I am not having as much fun today programming as I did when I was 12–16, but I am still loving every minute of it and can’t believe I am actually getting paid for this kind of work. tldr; Imposter syndrome means you are good. Are you delivering tasks, are you getting the job done. Don’t worry, you are already better than quite a lot of programmers. Only the good ones know they suck. No one enjoys doing work they suck at, if you like this, you will only get better with practice.",https://qph.cf2.quoracdn.net/main-qimg-bbb85fdbc79d40c55cab5821ce112a9e
Trausti Thor Johannsson,Why does Chrome keep telling me I have a virus?,"Great question, no, really, great question. Nice catch on this one. Chrome can not know if your computer has a virus, simple as that. Chrome is much more complicated piece of program than windows 95 was, but it isn’t a virus protection. Now, why is Chrome telling you that you have a virus. There are many reasons for this. Two of the most likely ones, is over 99% of the possibilities (made up statistic but it is close).",
Trausti Thor Johannsson,How do I insert a USB drive infected with a virus/malware without catching a virus on my PC? I have tried Sandboxie but I came to the conclusion that you need the premium version. Correct me if I am wrong.,"You could use a Linux machine or even raspberry pi, banana pi or similar machine. Make sure it is not networked. But you should be ok. Given that the virus does not target Linux on ARM. Old SUN machines with USB, SPARC CPU and Solaris. You are good to go.",
Trausti Thor Johannsson,Do virus or malware software actually infect (or contribute to the infection of) your computer? Why have I heard that it's better not to download virus or malware software and just be careful when browsing the Internet? Is it true? Why?,"I think you misunderstood things. Nothing wrong with that, computers are complicated. Now. I worked in the antivirus business but I am not an expert. Unless you work with sensitive data, company stuff, stocks, finances and other peoples information, you don’t need more protection than say Windows 10/11 or Mac OS offers you, just stay off scam sites, popup warnings about your computer having a virus and such. The pop up’s can’t know this, a virus protection needs to scan your complete machine to find if you have one. So, finance people, HR, larger companies, such computers should all have that extra protection. Normal people should backup their data, of course you do backup your data? Windows 10/11 comes with an anti virus suite called Windows Defender. It is a badly kept secret that this software is actually not made by Microsoft, not completely. They license from other antivirus companies. This software is actually quite good. As annoying as the windows update reboots are, you can not claim that it does not work. People update their computers now, which is a good thing, great thing. Mac also comes with it’s antivirus tools, works a little different and more behind the scenes, but Mac computers have antivirus system built in. Now, here is the part most people ignore. Viruses used to come to your computer from cheap USB sticks, when you went online on the web, your computer was an open target and you could get infected without knowing. Back in the day games were rampantly stolen so these disks always ended up infected. CD-Roms with free software could be infected if they came from unsavory sources. But today, you seldomly put in USB sticks and external disks from others. You basically never use a floppy disk or CD/DVD software disks. You download programs. Most computers come to you today with firewalls already up and running but you simply don’t see it, so there is no open ports to the internet or company networks. You basically don’t get virus infected automatically today. That doesn’t mean you are free. You do get hundreds of emails every month with links to viruses, fake security warnings, fake bank statements, fake word documents that are applications. You basically need to download the virus, install it, approve that it can run as administrator and make changes to your computer. But people do that all the time. Even if you don’t, good for you, others do. It used to be that viruses were annoying or destroyed your data. Now they are much more cloak and dagger. They sneak in there. They encrypt your data but everything works. Every time you open a directory, file or software, the virus, acting like a driver on your computer, will works it’s magic. Encrypts and slowly eats your data until your computer can no longer open any file. Then you are asked to pay bitcoin to North Korean or Russian government. But even if you pay, there is no guarantee that you get the key or someone on the other side is listening. Other types of viruses sit on your computer and send out spam emails, work as part of drones to do denial of service attacks on large companies and Internet services. You don’t know if your computer is helping taking down Netflix or not. So. Use the built in defense, do periodically a full scan of your system or set it to run at 3 in the morning. I have no affiliations with any anti virus company. Norton and Symantec are notoriously god awful and frankly, they are quite often worse than actually being infected. Avast is great software but it is annoying, always trying to sell you stuff, sell you more, pop up with “You are not secure enough”. Bitdefender is (was) in my opinion absolutely great software, and they are not annoying. But for the most parts, you don’t need it. Just reboot once in a while and keep your systems updated. Just simply, never ever agree to a software popup asking for administration rights, unless that is what you are working on, you know why it is asking. If in doubt, ask someone.",
Trausti Thor Johannsson,What did your pastor say or do that made you quit his church?,"When I was closing in on being 20, I decided to try religion, see if there really was something there I was missing. I seriously was interested. The national church of Iceland was just not fun to say the least, often worse than listening to someone read from the telephone book (dictionary if you will) and trying a little singing in between. Not my case. The evangelicals Pentecostals whatever. They were fun, like super fun. People were super nice and the pastor/preacher learnt my name right away. The songs were cool, but there was something about most of them I just could not put my finger on. The preacher did have very cool speeches, just caring, helping and you know, Jesus talk, do like Jesus. People there were super nice, like too nice if you know what I mean? Perhaps I have just seen too many horror movies. Anyway. I was there for a while. But there was always some sort of group control in everything, I know most of it or even 90% of it was for the good of everyone like quit drinking, quit smoking, quit this, quit that. That pastor never told anyone not to do their medicine but it probably would not have taken much for a new pastor to up the older one. But I did not like it. It was because of these meetings that I actually read the bible, from start to end. I asked people there about this and that, explain this and no matter, everyone did, although some of the explanation simply did not fit but that is fine. But after reading the bible I just realized this wasn’t for me. And I was no longer enjoying the freshness of things. This was about control. It was a lot of us vs them, they there outside, they don’t understand …. Then it dawned on me, the songs mostly were like U2 songs, like almost rip off. No wonder they were quite catchy. But there was more, I think there was just hypnotism there. But it all added up to asking for money. In the end, they always needed money. It was voluntary but it was highly suggested that Jesus loved those who gave the most. The people who gave wads of cash were always people you knew could not afford it, and no one said no to their gifts, like this is too much. You need to pay rent or something, just god bless you, bless you this, god really loves YOU. It was quite off putting. Of course they have a large house that needs paying, electricity and I know they supported some people who had hit hard times due to illness and such. Like I said, good people. But it was just too much to do with money, control. Now, I was there before all the anti gay stuff was happening but it was there as well. Praying for people to do the right things. I did not like it. But it was reading the bible that made be close the door to supernatural nonsense completely. What a load of ……",
Trausti Thor Johannsson,Is it racist if I say I don’t want a black cat because black cats bring bad luck?,"Hardly. It is stupid, it is dumb, it is a lot of other negativities against you. Thinking that cat with certain colored hair has any more meaning than a cat with different set of hair is just so utterly stupid. What if you are blind? How would cats hair color affect you? It is not racist, but almost all the other negative words in any vocabulary imaginable.",
Trausti Thor Johannsson,"I want to buy a new gaming PC but I noticed that the op is Linux Ubuntu. I never tried that. I don’t know if I have to change for Windows, but is Linux good for gaming?","Linux is not good for gaming. It isn’t all bad. Most PC machines have place for 2 disks. It is easy to buy another one, put it in and dual boot between Linux and Windows. Don’t install boot managers on the windows disk, pick a disk from the boot menu. You can also add external disk using USBC and try this. Steam doesn’t have a lot of games but there are more than you would think and that is basically 99% of games available. You will not get the latest and greatest games but 1–2 years old would take you far.",
Trausti Thor Johannsson,How would you rate today's computer programs at their peak usage compared to computer AI? Do you see them as equal or different?,"Computer AI is interesting, it is fun and all that. But for most uses, it is basically just a toy. It can’t give you a correct answer, it can give you a likely answer. It can solve a physics example, do it 95% correct but gives you the answer which is completely wrong, even if you simply type in the last equations directly into a calculator, you might get the right answer but the answer given is utterly wrong. It will add imaginary numbers in there and all sorts of fun things. Like I said, it is fun. Almost 10% of the energy that is used on bitcoin mining is what the world uses on all the worlds electric cars, pretty much (so when people ask where do we get the energy to charge electric cars?). The amount of energy we use to have expensive computers count up numbers some people then sell those numbers is dwarfed by the amount of energy needed for AI, and bitcoins are completely useless garbage, unless you are an ex-dictator, oligarch or a drug dealer escaping justice and fleeing a country. AI has it’s uses, it is great for navigation, even autopilot in planes and 1000s of things. But it simply uses so much energy. I’ll give you an example. I am running Ollama on a PC computer at home, the computer does nothing but run this, it has ryzen 5900X that has 12 cores and 12 threads. The computer has 64 GB memory. It takes this computer minutes to answer simple questions like the first James Bond movie that Daniel Craig played in. It could be 50 seconds or 3 minutes. It is slow. The machine completely maxes out on everything. I added a simple GPU to the machine. It answers questions now just like ChatGPT does, similar speeds. It does not max out the GPU for simple questions. It is a lot of fun. But this same computer could play just about any game out there in full HD, endless maps, you can fly to the other side of earth in Flight Simulator and it is like really flying there, you see cities and all. You can play endless scrolling space adventures, drive across USA and you name it and the machine does not break a sweat so to speak. It can run operating systems, databases with terabytes of data from NASA and chew through it in no time at all. This computer is seriously powerful. I don’t claim I understand AI or Llama and all that stuff. I am a programmer and I have more knowledge on this than most people but I am just like 1% there, if that even, could be 0.1%. AI will be helping with a lot of stuff, but it isn’t what people think it is. It isn’t really a program, it generates maps and statistics It doesn’t do accounting. It can be trained to do that but I would not want it to do even my taxes. But it sure could help me. The worlds largest user of AI used thousands of Asian Indian (AI, get it) people instead of AI for their real stores, it was cheaper than real AI, and they own basically all the money in the world. They claimed they used AI as in artificial intelligence. Basically as we do things today. AI will always require a lot more resources to get its job done. It will dwarf bitcoin power usage. You can’t compare this to a program. Given the same enormous amounts of data, let’s say info on all purchases in all Walmart's over 10 years. To find out some logic about buying patterns, most sold items in a give time, normal software beats this completely. The answers from AI might not even be correct and there is really no way to be sure or how it came to that conclusion. Not saying it is useless or anything, it is quite useful. It is just not what 90% of humans think it is )or 99% even). So, any comparison like you want, is worse than comparing a BMW to an orange. It is just different.",https://qph.cf2.quoracdn.net/main-qimg-23e864d689f2c369710cb4ac7aa9cb0a
Trausti Thor Johannsson,"If I am familiar with C and C++ syntax rules, how long does it take to learn Python and deep learning to be capable of doing well in interviews of companies?","You can be expert C++ developer, that isn’t really that hard. You can also know Python. But language knowledge does not mean you are a good programmer. Can you write a webserver from scratch? Learning AI, deep learning and all that is a certain in itself. You need to know a lot of statistics and know deep learning to talk about it. I have used it, built my models and done some fun tricks, but I don’t even mention this in interviews. I am simply not comfortable to talk about it unless just a chit chat. As I stand today, I would even say it doesn’t have that much to do with programming, even if you are using programming languages. You simply buy a book on the subject, Manning has a lot of them. Start with books for beginners, you will simply cross your eyes at more intermittent levels and quit. Even if you go through a few books, know that you are hardly an expert. Make sure you don’t come off as a know it all. People who know this, who interview you, they know when you are lying. If they don’t you could get hired and fired in the same week, that is probably devastating. What works in interviews is saying I don’t know when you don’t know. It could mean you are not the right person for the work, and that is just fine. Nothing is as bad as being unqualified for a job you are expected to be great at. It could also mean you get hired for another job. Companies always have many more openings than they advertise. Honesty pays off big time. By all accounts, given your question. You are far off from being a programmer or have what is needed to be an AI developer. But I could be wrong.",
Trausti Thor Johannsson,"I’m a final-year software engineering student, about to graduate, but I have no projects to show, no open-source contributions, and no internships. I’m worried about my future. Any advice?","I’ll byte :) What have you been doing for the last (possible) 3 years? Now, if your university is as good as completely theoretical, math and such, don’t worry. If you have done any programming, put the code on your github/bitbucket place. If you look at mine, you won’t see much new work, but most of my experiments, throw away projects, benchmarking or just having fun is all there, traustitj - Overview There is nothing stellar there, no secrets to the universe. I even keep my i3 window manager config there along with some silly stuff. Nothing there to write home about so to speak. If I was interviewing a junior programmer, and they did not have some public code anywhere, I would seriously doubt them. I also would require the person know how to use a version control project. Now, this is a true story. We were hiring a new guy, no real requirements just that they knew some C# and SQL. Nothing extraordinary. Turned out he had a Github page and he even directed us to one of his projects. But the thing is, that project was no good, the coding style was atrocious, mix match between PascalCase and camelCase, no rules on anything. Two out of three of us were quite negative. I don’t know why but I looked into other things he posted there. Just some assignments and some small projects. They were much better, and some googling we were pretty sure he had written them. One of the projects was actually very well written, highly technical small project which made me want to hire him, and we ended up hiring him. He was absolutely wonderful person and an amazing developer. We were about to say Nope to him. We had started to write the rejection letter. Why did he point to that specific project, mistake, he accidentally copy pasted the github url on that project, and in that project he was doing cool things but the code was a complete mess, it was an autocomplete mistake. Turns out he wrote great code. You don’t need to make anything special. You can even put your R and Python assignments there, Mathlab and everything. Config files from your settings on Linux, that shows you use Linux, a big plus. Just make sure that the code is 100% yours, nothing as bad as googling a statement and finding it elsewhere on a much older post. You can get involved. Find a project on Github. They have directions on how to work with them, how to post changes. Just go over the code and fix spelling issues. Make documentation, fix the readme file on the project. One project I was working on, making robots that shoot lasers into molten aluminum, take infrared pictures and calculate the amount of chemicals using the spectroscope. No, I did not write everything, I wrote some of the code. But there was one library that we used to control the robot, using Modbus (it is not complicated). But it was slow. I could only do like 10 clicks per second. It was too slow, annoying, which could cause the emergency stop to not be triggered and cost like $1 million or something, even injure people. I sat down with a modbus controller hooked to my computer. I got an electrician to explain modbus to me like I was a 6 year old, which he did. I then set out to find a different library. I found one, Modbus_tk. It was like 100x times faster, easily, perhaps even much faster. But the code interface they used was significantly different from the library we were using. So I wrote a simple bridge component, got my boss to approve to make that part open source, I simply created a pull request, they (Modbus_tk) saw no need for it really but approved it. This saved me easily a weeks worth of programming, and I have code in that wonderful library. This meant more to me than ever to that project, I have not even checked if my code is still there. It doesn’t need much. But you should at least have some private projects, just to stay on your toes, use your skills, knowledge. Even if it isn’t finished. Just for fun. Even a tic tac toe text based game would go a long way, with branching, commits and such. This opens up many doors for you, matters more than one could imagine. The people hiring interns and jr developers, they do google you. There is nothing they won’t find and if they don’t find you, there is a very large question why you are not on the internet, are you a spy? Criminal? Con man?",
Trausti Thor Johannsson,"If God didn’t exist, how do atheists explain this logical fallacy? They sometimes claim God doesn’t exist and sometimes claim God is non-existent. Atheism still can’t decide if God doesn’t exist or non-existent. So, atheism has no clear definition.","You are quite close. Atheists either claim there is no such thing as a god or they don’t know that there is one and doubt it. But they all agree that YOUR god doesn’t exist and was made by humans as is well explained in history. Atheism means, and this is clear definition, no belief in gods. Theism means belief in gods. So a Muslim, Christian, Catholic, Scientologist, Mormon, Jew, Cargo cultist, Hindus and others who believe in god or gods are theists. When you add “a” in front of theist, it just means NOT or opposite of the word in question, a-theist means literally not believer in gods. Hope this helps.",
Trausti Thor Johannsson,"Which developers are expensive to hire? Ruby on Rails, Php or Python? Why?","This is my experience. You seldomly pay for specific language or framework skills. Of course if you need a Python developer, it does not matter how much the Ruby developer costs. If you need Wordpress developer or Drupal, then a simple PHP developer would not be the right match, you want experience. Now. Any PHP developer could work in Drupal or Wordpress to name just two systems, but it would be a few days you need to pay and the programmer doesn’t have much to show for it. Even a good Wordpress developer would always take a few days to get started and get all the requirements in. You could hire any PHP developer who is not experienced and negotiate a much lower rate. That is quite popular as well. Back when I was doing iOS development in Objective C, you would have needed to pay quite a high fee for me. But I would easily cut 50% or even a little more for other projects I wasn’t as familiar with, say Ruby on Rails. Quite often I take in requirements and give you an estimate on the total price or even negotiate on the total price, one lump sum, paid in 3 stages or so, depending on the length of the project. Despite my willingness to charge very little, I need to eat and pay bills, so I have a base minimum fee and I also have a high rate for shorter projects where I am quite experienced and warm in. When I say warm, I mean it is similar to projects I have done lately. I could do any Python related project and get started right away, but my muscle and brain memory is not loaded, not warm. My solution for such is both to charge less and even just charge 4–5 hours for 8 hours worked if I feel I have not delivered much in the beginning. Later in the project, you might not see any progress on anything but I am working my ass off, you just don’t see it, common thing that pisses off managers and developers. But there are ways to see progress. Outside of his answer. My advice is not to look at price for specific languages. Most of the work is in database management, user rights, front end pixel pushing. Find out what you need. If you want a developer to write a specific app for you, consider how hard it is to hire the next person to do changes, the next version. Unless you are hiring the developer full time, they might not be available when you need them. I see this all the time that companies paint them in a corner and need to abandon pretty nice apps because they either can’t find anyone or think they are too expensive. Most markets, areas and places have usually strong favorable tech stacks. Some areas are high on Ruby or Python while other places are DotNet through and through. This could limit you quite a lot, often this is tied with what Universities nearby teach and availability of public courses. Make sure you know some of the lingo, some of what goes into making the app or get a friend who knows. Nothing is more infuriating when projects take much longer time than anticipated. Also keep in mind that whenever you suggest a small change, outside of what was agreed on, will add more time. Even if YOU think it should be 10 minutes. You need often a major cleaning to add a small item. The item takes perhaps a few hours but it can take much longer to accommodate it, or you stopped work in other areas which are then not done on time and delay other things that rely on it. Here is my final advice on the issue. Make sure you hire a developer who is honest with you and you need to be honest as well. Let’s start with you. You need to tell them everything, when you plan on launching, what budget you are dealing with, where you will host the app, what you expect to happen in what timeframe. Everyone is clear that things can take less time but more often you need to add a little wiggle room. Don’t expect to go live next week. A little pressure helps but it can also have the opposite effect. Make sure you tell them they check in code every day, at end of every day, no exceptions, on your server where they are not admins. Failure to check in code, even if it doesn’t work means penalties. Work in short rounds with clear project goals, no step should take more than 2 days, best is to keep it smaller. You also need to be clear on payments. When certain steps are reached, you pay. When steps are not finished, partial payment is paid, as negotiated. You also must be clear if you are on a fixed budget, that a certain sum is the total max for this work, you also must hold back any changes to any plan. Remember, you are on the same team, communicate. The developer must know this. The developer should feel comfortable to tell you that some stupid bug took way longer than he thought because he misspelled a controller name as UserControlcontroller, which the system was happy with but nothing worked and no code suggestions gave anything away. Shit happens. They need to be honest with how things are going even if it looks bad. I have seen projects seemingly go from bad to worse quickly just to get finished very shortly afterwards with huge success. That is more common than one would expect. No yelling what so ever. You are not talking to a dog who chewed your expensive sofa. This is a professional, you are a professional. Behave like one, when in doubt you both have lawyers or some other means where both parties know what is happening. Contracts are always great. Remember, they are not there for two friends to have fun and drink beer. They are there when things go bad. Contracts are the only thing that is usable in court, emails, sms and verbal things only work if both parties are clear on the meaning. Good luck with this. You pay for experience. It is always good to get a technical person you know to get things going, even if it is just a few hours.",
Trausti Thor Johannsson,What’s the most questionable cost-cutting move you’ve seen an employer make?,"Two companies, Novell and Palm. There were others. Novell owned networking in companies. They also had central services like databases and many other things needed. They seemed to be able to win against Microsoft even. They totally ruled the day. Then some bean counter thought, why have rich people working for us when we can outsource everything to far cheaper places. It is possible that it is possible, anything is possible I guess in some other timeline. Novell vanished and is no more. Palm, everyone had a Palm Pilot. They even had a phone before having a smart phone was cool, everyone back then was fighting to get as small phone as possible. Yeah, different times. After just rolling in cash for a decade selling basically the same products, they thought Novell and other companies no one remembers were doing the greatest things possible by outsourcing everything and even starting an office in India among other countries. Not bashing on India at all or the wonderful people of India. But Palm basically fired everyone, the few that were left were sent to India to train their replacements. I am sure that for 3 months they made a lot of money or something. There is no Palm anymore. Firing everyone like Novell and Palm did, not as successful as they teach in MBA studies I think. p.s. Back in the year 2000 and around, plus minus 5 years or so. You had these large heavy 17″-20″ tube displays, you knew your company was closing down when they sent out an email asking people to turn them off when they were not being used to save electricity. Without fail. When you got the email, the printers started printing out CV’s like there was no tomorrow.",
Trausti Thor Johannsson,Why do developers use different languages for front-end and back-end?,"Basically because you have different tools, databases and all sorts of company rules. Like where I work today, it would need to be an amazing reason behind me doing a JavaScript backend instead of C#. But for front end it is simpler and easier to use almost what you want. The idea is that all of us there should be able to maintain basically everything. In case someone gets hit by a bus or meteor. You can write JavaScript/Typescript as the backend but the code is nothing like front end code. The code bases are most often two separate applications with a restful interface. So, people use the tools they are familiar with.",
Trausti Thor Johannsson,What does the job of a back-end developer look like?,"Backend developer looks like Front end developer looks like this Full stack developer looks like this At least to non-programmers. It looks identical. Pair programming in action. You are just a programmer, and there are people who specialize in certain areas, some are great at front end, others are amazing at dealing with authentication and databases and call themselves back end developers. But with experience that is more than a decade or so, you are a programmer. I have never worked with a programmer who could not program just about anything, perhaps I am lucky that way. Some are better at design, coloring and margins along with line heights, while others can take queries which take a long time and make them a lot faster. Both can be learnt",https://qph.cf2.quoracdn.net/main-qimg-a5bdd44646f32ef156a5efb3d52881f2
Trausti Thor Johannsson,What is an SQL function?,"A function is a piece of program that gives you results, some answer. That is the normal meaning of a function. Of course you can have void functions, which return nothing but still. Many programming languages like Pascal and other variants of Pascal had a requirement that function returns something and gave you procedures for “functions” that returned nothing. SQL function is an SQL Query that usually takes in parameters like date_to and date_from, last name and such. It then executes the query and gives you the results. This is quite common when you have the same query or similar ones running in many places, then you don’t need to keep many copies of the query, you store it in a function, which can be called from wherever. Many relational databases give you an option to store function inside itself, so you can call a function with either some execute call or SELECT call. Many queries rely on built in functions, like MATH functions, SELECT SUM(price) WHERE order_id=1234; There SUM is a function, where it is really just a query which adds the results up and just gives you that answer. Other popular MATH functions are ABS which always gives you a positive number, SELECT ABS(-100), ABS(100) …. gives you two fields of 100 Functions are there to make your life easier. Like taking a date which is a string ‘2024–08–12’ and be able to convert it to a date which you can then get all transactions made after four o’clock on that date.",
Trausti Thor Johannsson,What question should I ask that will enable me to get a living wage job and learn high value skills that would increase my chances of living and making money in a Nordic country?,"The only questions to ask is to ask yourself. Why on earth do you think there are shortcuts in life? If there were shortcuts, and people knew of them, why would they share them? We doesn’t everyone have huge amounts of money and six pack? All Nordic countries have as good as free schools, they lend you money at ridiculously low interest rate and then give you most of it if you graduate on time. Do you think you are better than people with education? Sure you could be. You need to simply work. Show your talents. Like people say, your dream partner does not come knocking on your door while you watch TV and don’t do anything. You have to show you have what it takes. Take chances. This is where the Nordic countries win over most others. Picking the cool job instead of the safe one. There is no downside in picking the risky company upstart to work for. Sure you out in a lot of time you don’t get paid for, they can always have financial problems and fire you just hours before they have all the money in the world. But your CV will be cooler and you usually have more experience than anyone your age. Even if it takes 3–6 months to find another job, you get unemployment benefits. Which means you might need to work anywhere, like stocking products in stores for a while. Swallow it. No job will take a novice and train them, perhaps if you want to be an electrician, plumber, carpenter and you are 16. Perhaps. But 36? Forget it. Even if it was your uncle who owned the company. You simply have to take chances. Bet on things. Røkke bought basically a ship that was as good as unseaworthy. It paid off bigtime. Olav Tune always ran his companies on his own terms and id number despite being a billionaire. Never complained about taxes. You are the main person in the story of you. It is all up to you. Don’t break the laws. Drugs never have helped anyone. Don’t party excessively. Use your free time to learn. Be better. Have fun. Don’t complain over other people getting more money and opportunities. No one got rich doing that.",
Trausti Thor Johannsson,"If people are paid equally in socialist states, how do they recruit workers for highly skilled jobs?","People don’t get paid the same in socialist countries. Not even people working the same jobs. Age, knowledge, experience and other things matter.",
Trausti Thor Johannsson,I accidentally left a vegan margarine in the car the whole day and it melted. Is it still safe to consume?,"Probably. It wasn’t good for you when you bought it, still isn’t. But you should be ok",
Trausti Thor Johannsson,How can you make money while programming?,"Usually at the end of each month, a company puts large sums of money into my bank account and call it salary. I like this system. I show up at their offices at 9 in the morning and leave at 5. Sometimes I eat lunch at the office, sometimes out of office. I get free soda, energy drinks and coffee. I get a nice computer and licenses for all the software I need. Then they ask me to do things, do this, fix that and make a program that does a lot of things. I do as I am told. I hear this is more common system than many people anticipate, I highly recommend this. It is quite often a very nice arrangement.",
Trausti Thor Johannsson,What is the best programming language to learn for a freelance programming career in 2024?,"Do you think you can read a dictionary and write a master piece novel afterwards? Knowing how to program and what programming is about is much more important. Do market research, call companies and ask them which languages are needed. Talk to companies who are middle men with consultants and ask them which languages are in demand. The answers you will get will surely include C#, Java, Python, Ruby, PHP and Javascript. Knowing all of them is quite nice.",
Trausti Thor Johannsson,"If you add a programming language or framework to your resume, do you imply that you're really proficient in it or that you just touch the surface?","In my early years, I would put things on my CV which I had just dabbled with. This caused problems, you were quite often expected to really know this stuff. Today and for the last 20–25 years, there is nothing on my CV which I can’t work on.",
Trausti Thor Johannsson,How could one get job after being a programmer from a different field? Which programming language should I learn and know to get a job?,"If you have been a programmer for a while. Even if you were doing COBOL, you got experience. You should be able to pick up any programming language in a weekend, seriously. Of course you won’t write a multi user email server with calendar service built in on a weekend. You should be able to pick up backend, front end or even database DBA administration. Just admit that you are green, you are eager to learn and interested in the field. I don’t handle hiring at any company, but I would put my blessing more on someone who has some talent but is eager to learn, thinks this is fun and willing to put in a lot of hours to learn on his own time rather than hiring an experience one. Of course context matters and all that. But what is your next language? Simply find wanted ads for programmers in your area. It isn’t any deeper than that. If you want to check out an amazing tech stack on your own time but very unlikely to find work with, check out Elixir and the Erlang OTP environment. It is pure genius and so much fun. Who knows, you might have more luck than I did.",
Trausti Thor Johannsson,What programming language is best to build a startup as a beginner?,"A programming language isn’t teaching you how to write programs. It is like picking up a dictionary, learning words and then expect to be able write a best selling novel. You need to know how to program, that is not knowing every function in the base library. It comes with experience. But the best language to start a company on is easy if you know how to program. There is just one language that matters and that is, the language you already know. It doesn’t matter what language it is. By far the most successful software written lately is done in PHP, called Wordpress. How successful is he? This is the largest sponsors of Apache foundation. You see the biggest most valuable companies on earth with value above trillions of dollars. Matt Mullenweg the creator of Wordpress, which runs over half of all websites on earth, was on that list until just recently, himself personally. Facebook is written mostly in PHP, they did make their own compiler but it is still done in that variant language. I am not recommending PHP at all. If you know it, that is it. Another could be Ruby The guy on the right is named David, usually called DHH. Here he is with his gorgeous wife (which he also had when he was dirt poor) buying a Lamborghini. This guy is talented and very successful, multi millionaire many times over. Lives in a large house on the beach in California. He programs in Ruby. If you ask anyone who knows anything about programming they will say you can’t make real apps using Ruby despite some of the largest companies in the world are using it. Just pick one, seriously. If you are learning to program, pick one and stick with it. Yes, this is actually true. Javascript fits everywhere. Plenty of people who disagree, but I am certain most of them are not millionaires. My favorite ones are C# and Javascript but if you had asked just few years ago, my answer would have been quite different. The only reason I would suggest, or just slightly hint at, is not to pick Java because Oracle is just idiots. They are starting to charge license fees. Might seem mild today but you know this only gets worse. There is an open source Java available, but expect some differences. Just pick any language. PHP, Python, Javascript and Ruby all offer you a quick start and to ease with repetive tasks like writing CRUD features, validating data and such. All have very low barrier to enter into. If you get successful, you can afford to write parts in Go or buy more and bigger servers. They start at $5 a month. I wrote a ticket sales system with everything in it, sold like 3,000 tickets in the first 10 minutes of opening the sales, on a $5 server at Digital Ocean. I have been in the business for over 30 years. No customer has ever asked me which language, frameworks or database I used on a project, never. Some techs have asked me. It doesn’t matter. Use Xojo (Cross-platform App Development Tool ) if you are learning programming. It is free for you to learn. The community is amazing. Then you pay either $99 or $500 (or some other price, I have not checked lately) to be able to sell your software. Make games in Lua using CoronaSDK. It is so much fun. Above all, have fun. Which language, which database, which operating system, makes very little difference when you start, very little if any. What is the difference between successful companies and dead companies? The successful ones delivered products people wanted.",https://qph.cf2.quoracdn.net/main-qimg-d5202757738bcbbbccda81925edf29eb
Trausti Thor Johannsson,Is it racist to hate everyone that is not melanated?,"If you have people for how their skin is colored, yes. How a group looks, yes, it is racist. It is racist to hate Romapeople (Gypsies). When you think that a group of people, that ALL of them behave like a single person, all are evil, all are thieves or something. You are simply ignorant, and racism is high levels of ignorance. One just clear example. Claiming that muslims are all something bad, when you are specifically talking about muslims in one region. Indonesia is completely different culture and looks, dress differently, house building style is different, government is different, yet they are muslims and they outnumber other muslim nations. Putting all of them under one hat is pure ignorance or stupidity. Thinking others are inferior because they have more or less melatonin than you do, that is pure racism and stupidity. People all have their own personalities.",
Trausti Thor Johannsson,What is the worst single line of code you've ever written?,"There is no one line that can be so bad. It is usually a block of code. I have taken shortcuts, hardcoded values and done things I am not that proud of. But one thing comes to mind. This is usually always a start of something bad happening like infinite loops.",
Trausti Thor Johannsson,Can you explain to non-programmers the most amazing thing you've seen a programmer do?,"Now, I did not see the programmer do this. But I did play this game a lot. This computer had 1 KB memory for everything. That is 1024 letters could be stored in that space. But some was needed to operate the computer, you could not use all of it. Some guy made a good chess game on this computer. And just to give you one idea, the screen had only text, no graphics, The screen could hold 24 rows of text and 32 letters on each line. Just to fill the screen would require 768 bytes of those 1024. This is how it looked like. To me, this is just beyond amazing. The thing is, the computer AI (no AI really) was not all bad. Now you don’t need to keep the chess board in memory, you can recreate it constantly, but you must know how all the characters play, how the knight can jump. The location of each piece. This just makes my brain explode. I can’t fathom or figure this out. Some people are just so clever.",https://qph.cf2.quoracdn.net/main-qimg-07ae7199ffacaa48abe16430d1e6a9ea-lq
Trausti Thor Johannsson,What makes a country work: is it the elite or the working class or politicians?,"It is like a human body. Everything must be in balance. Too much of one thing and things go bad. There will always be elites, educated or rich and you absolutely need work force and politicians in between. I think everything needs to be balanced. Like when people can’t buy a house or an apartment, but a rich person buys a mansion and the next 3 mansions around it for privacy. That is not a good balance. That is more likely to get people very angry. When politicians give away cheap land to contractors to make apartments and the apartments all turn out to be luxury apartments out of reach of everyone but is just weekend house for the rich. Those kind of things. Look at South Korea and North Korea. Both countries have all of the above, but only South Korea is a country where people want to live in. There is a reason, despite some of the richest people on earth live there, there seems to be a balance. I don’t want to go into details on this, I was just using this as a black and white example. No one wants to move to North Korea.",
Trausti Thor Johannsson,"Is it racist to say to a white person ""you are one of those good white people that stand up against racism""?","No, just quite stupid thing to say. You could have the idea of a great big white savior in your head. But it would be utterly stupid thing to say. Besides, everyone who says they are the good guy, the nice guy, are as good as always not.",
Trausti Thor Johannsson,Is New York City worth it for foreigners?,"I have recently come back from NY as a tourist. I picked the time when there was 38–39 degrees Celsius, which is over 100 F. I am from Iceland where good weather is around 13–15 C. Yes, I sweated profusely. But I loved NY. I was only in Manhattan. Went to a play called The play that failed. Absolutely loved it, everything about it was amazing. I have seen tall buildings before but nothing could prepare you for Manhattan. Absolutely everywhere are immensely tall buildings. I went everywhere with my wife. The Edge, Empire States building, Ghost Busters building, and everything in between. I really loved the B&H Photo. I kept going there, again and again. Great food, great service and people are so nice. I would absolutely say yes.",
Trausti Thor Johannsson,"What do movie buffs think is the better Clint Eastwood movie, Unforgiven or The Good, the Bad, and the Ugly?","It is quite unfair to compare these two. I think unforgiven is a much better movie in absolutely every way. Much better done, more interesting back story. It was a nice addition to have him unable to shoot straight when he wasn’t drunk. This is both a notion that he used to be a drunk, but also to the fact that he was severe alcoholic and has suffered damage to his small movements and attention. The cruelty of Gene Hackman is probably on par with sheriffs at the time, no ordinary people would take such work and remember, both Morgan Freeman and Clint Eastwood played bad guys, even though from our point of view they were the good guys. Quite good story. Also shows the power of the prostitutes, often it was them who built up schools for children and even paid for churches to be built. It is a very good movie. Now, as for the TGBU (TGTBTU?). It is an amazing movie, absolutely breathtaking, the music, the sceneries and even the story is great. Lee Van Cleef was born to play this part. What sets the movies apart is budget. The spaghetti westerns were done on a nickel and dime budgets. You see that they used the sun as lighting on set, very little camera movement and up close shots meant the camera was right in the face of the actor. The movie was dubbed also, no sound on set. The people talk like they are doing a porno movie, weird voices, hear them swallow and hiccups, breathing and so on. This could just be how Italian made movies back then. Bud Spencer and Terence Hill, both Italians, had similar problems with their own movies. But the movie is still great today in 2024. The character building is flatter, there is absolutely no back story of anyone of the leading guys, no flashbacks or anything deep really. But the characters still stand on their own, they are still characters where you want one of them dead, he is cruel. You want Clint Eastwood to kill him. You explode with feelings towards the movie. The soundtrack is also just spectacular. But it shows so clearly that the budget was as good as nothing. Both movies are great movies and TGTBTU still holds it’s own today, as do most of those spaghetti westerns. But unforgiven is the better of those two movies hands down. Notable spaghetti westerns, besides the ones with Clint in them, Duck, You Sucker! This one is very good, still holds it own today. James Coburn is amazing, as always. Great heist movie that turns into a blood bath massacre worthy of Quintin Tarantino. They call me Trinity, and the follow up ones.",
Trausti Thor Johannsson,Why aren't all dictatorships officially classed as fascist?,"Because they are not all fascists. Simple. Some claim to be communists or socialists but that is not what dictatorship is, that invalidates all such notions. The closest thing you can call most dictators are monarchs or such. They behave much more like a Mongol warlord than some European sociology can describe.",
Trausti Thor Johannsson,Hamas outlaws gay parades and Israel holds them. Has God changed since Sodom and Gemmorah?,"You should actually read the bible instead of claiming you have some understanding which you clearly don’t. Sodom wasn’t destroyed by god because of gayness. It was because they were rude and not hospitable. Gomorrah seems to have been accidentally destroyed because god wasn’t very accurate. You really should read this yourself. Many hundreds of people were burnt at the stake, killed and ostracised to bring you the bible in your language. You should honour their sacrifices and read it yourself. Fair warning, it will turn you into an atheist if you read it",
Trausti Thor Johannsson,Are you shocked like me by the parody of the Last Supper by drag queens for the Paris Olympics because it violates the Olympic rules of not doing ideological militantism?,"They were playing a scene from ancient Greece with Greek gods on mount Olympus. It wasn’t exactly to my liking but I don’t care. It is about everyone being included, which is what the Olympics are founded on. It is a friendly (mostly) competition outside of skin color and religion and everything else. That people who claim they see and talk to invisible friends all the time and the invisible friend is always agreeing with them, he never asks them to change their minds on something. That makes the delusion quite clear. This is like so many other things that extreme christians claim is an attack on them when nothing is true about it. Calling this a storm in a water glass is not even close. There was no parody. The Olympic committee offered an apology because they never intended to offend anyone. This wasn’t about the last supper at all. At least I have not seen a blue person on that painting.",
Trausti Thor Johannsson,"Would Kim Davis have been labelled as a ""political prisoner"" or a ""prisoner of conscience"" by Canada, UK, France, Norway, or Germany? She went to jail for her political and religious beliefs.","No, not at all. These countries looked at this scene happening like a train crash in slow motion. In any of these countries you mention, and basically all modern countries, we have people who work for the government. You have laws in the country which government officials must obey. So, to set the scene here. A gay man enters, asks for a marriage license so he and his boyfriend can marry. The clerk says NOPE. My god does not approve of this. The gay man goes to the supervisor, complains. The supervisor talks to the clerk and sees what is going on. The clerk is then sent on vacation right away on the spot while her job status is decided on. A temporary clerk is instantiated, possibly on the spot. The new clerk checks if all the information on the request is correct, neither party is currently married, neither party is underage, neither party is coerced into marriage. Signs the form, stamps it and in some places the gay man would be asked to go to the teller and pay $10 and everywhere they would be congratulated. Why this did not happen in that county is beyond me. Even if you are elected to the job, you have laws you must obey and gay marriages are legal. This is like if I was working at McDonalds. You come in and order a big mac meal, I say NO, you can’t have a big mac meal because I am on a diet. That would be exactly the same. If you are against gay marriages, don’t have one. It isn’t your right to say no because you believe that your invisible friend is against it. But if you read the book on that invisible friend you see that he loves gay people, like cherishes them. The new testament doesn’t mention them at all, has absolutely nothing against them. It is only in one place, added by humans, Deuteronomy is written by a small sect of Judaism, not the word of god, just how THEY live their lives. Just like I can be on a diet without bothering you, you can have all the invisible friends you want but leave other people out of it.",
Trausti Thor Johannsson,"What was the American Civil War fought over? Slavery, state's rights, something else?","Ok, pay attention here, class is in session. The American Civil War was all about slavery, nothing else. The south wanted to keep slaves and that was the end of it. USA, the federal government wanted no slaves. Plenty of clever people with an agenda, often racists themselves discovered that you can change the narrative and claim that the southern states only wanted to fight for their rights. State rights. Yeah, true. They wanted to fight for the rights to have slaves. That is the only thing they wanted. It was 100% to do with slavery. Now the war itself wasn’t really about slavery. That is just what the south wanted, to have slaves. So, they rebelled against USA, the declared that they were their own country and outside of laws of USA. You have to remember this part, it wasn’t the north who went to war against the south. It makes for entertaining narrative, the abolitionists went to war against the slave owners. But that isn’t true. USA went to war against rebellious thugs who decided to take laws into it’s own hands. The whole USA went to war against people who went to war against USA. Claiming that this is North vs South isn’t the right narrative. Just like USA went to war against Japan and Nazi Germany, USA went to war against rebellious gangs who went to war against USA. The slave owners rebelled against USA and were taken down. This isn’t new information at all. This was crystal clear when the war broke out and has been crystal clear ever since. History books are full of this, even books written by the south generals and USA generals. It is also worth noting that the rebels lost because they had slaves. They had completely (or mostly) ignored all industrial progress. The war was very badly fought on both sides, outdated formations, outdated ideas which had more to do with how sword fights were fought, but with long range firing riffles and pistols. Men would simply stand in formation under fire and were simply shot like targets. Cavalry would charge against people with guns, completely useless. As huge formations would walk towards the enemy, they used cannons who blew them to heavens come. Both sides were completely obliterated. Had the armies been a bit more modern, the war would have been over quite quickly.",
Trausti Thor Johannsson,Why are the Muppets now considered offensive and being cancelled?,"You republicans believe anything and everything. The muppets are not cancelled, never were. Never were considered offensive. The people who have been “cancelled” are everywhere, they write books, they are on TV, they have their own TV shows. Cancellation only lives in your head unless they were criminals. Besides. You guys keep trying to get people cancelled, all the time. You are so sad",
Trausti Thor Johannsson,"At what stage in your life did you realize, ""No, I can't do this any more"" and walk out? Why?","Quite a long story. Hope you like it. Being grown up is overrated. I worked for a company for 4–5 years, loved it, worked easily 12–16 hours a day most days, unpaid overtime of course. But I loved every minute of it. I loved my coworkers. Both of my bosses are highly cherished people, even the HR director will always have a place in my heart, a positive, even if one of my bosses and the HR did what comes next, quite underhanded. Then suddenly I was called into a meeting and unceremoniously fired, sorry not fired but threatened with courts and smearing if I decided not to resign, and if I resigned I would get serious shit of money. Never heard of anyone getting fired and paid a ton of money. I signed, I had no choice. Only one I knew who had taken them to court and won, got his job back but it was more like a no job with salary. He managed to get a lot of fun stuff out of it but still. They were being bought. I wish I had gone over with them, quite a lot of people who survived the brutal massacre are still there. Wonderful people. I then worked for a company who went bust almost right away. No harm in Norway, not really. Me and my wife talked about it and I decided perhaps I needed to grow up and work for a real company. Somehow, like the next day or something like that, a very real company called me, I was offered a job, pretty cool one. The company had like 5,000 people working for it, owned government contracts and looked really amazing. They were located in a place which made commute quite hard and boring. I got top notch computer, office was amazing. People I worked with are still people I call friends, especially two of them. They had a printer in the office which I have not seen anything similar to since. It printed good color and it was fast, it was the fastest printer I have ever seen and still holds this mark. I was smitten with Ruby on Rails while working there, like super duper hard. David Heinemeier Hansen became some sort of idol even. He could not go wrong, owned a Lamborghini and had a model girlfriend, took amazing photographs, you name it. Worked for the coolest and probably still coolest company ever. Anyway, I could buy ebooks, print them at work, 300–600 pages, both sides in what felt like a few minutes. The time it took me to walk to the printer, was like the time it took to finish, not exactly but close. The company looked so cool. I was located on a different floor than my division I worked in, I was in one project which was a doozy. Now bear in mind, I had lived like 5–6 years in Norway, I did not know my left from my right as I had mostly been at work the whole time. So, working for some official government agency told me nothing. But my first 2 months were cool-ish. There were signs, all signs that I considered part of a “grown up company”. Yeah, more meetings. Even if there were pre-meetings, meetings, after meetings and then some sort of a summary meeting. Yes the project had 4 highly competitive companies each doing their part and blaming each other for being late, we had 5–6 contract project managers. We had my division and myself. I had worked for SUN Microsystems itself, I had huge Unix background. Here I was dealing with a SUN sales person who sat on both sides of the table trying to get us to use brand new cool computers with Niagara CPU from SUN, which cost the whites of your eyes. I refused to play this game, I picked much better known SUN Machines, which made the SUN sales guy go ballistic. But I could defend myself. Weird place to be in. Niagara was an amazing CPU or system, but it would not have worked for this project. I wish I owned a Niagara system now, oh man. 3 weeks after the computers arrived into our office, they had not been put into a datacenter, so I told my boss, I will drive the computers myself and rack them, connect them to the network and finish this. I had no idea just how grown up that company was. The datacenter was very far away, deep inside granite mountain, the doors to each server room were like 5–6 meter high, robot controlled. We are talking James Bond stuff here, seriously, evil layer inside a volcano. I could not be more serious, seriously. This was the coolest place I have even been inside. We are talking about guards everywhere, armed? I would actually think they had arms there, I don’t know. Ever felt like you were 2cm tall? It was in there. Everything was huge. They had a earth mover inside there, huge digger. It looked like Tonka toy in there. But I racked them, set them up and connected. Had a snowstorm on the way back, GPS which wanted me dead and I took like 10 hours to drive home, which should have been 3–4 hours. Fun. Then I had started to notice patterns everywhere. I was in all sorts of meetings. People invited me to meetings because they felt lonely, that is the only conclusion I can think of. The project, before I started was like $4 million over budget, before they actually started. It grew quickly from there I learnt later. Then I went into my first meeting with the governmental agency, only to find out that they themselves already had gigantic server rooms. They had a lot of the biggest SUN servers money could buy. They knew a lot more about SUN and Solaris than I would ever do. In Norway, they knew a lot more about SUN than SUN in Norway did. They were experts, the finest and best I have seen since I left SUN. They were amazing. They could have run this new system all by themselves in one of these E10000 or E15000 they had, and they had a lot of them, seriously. The mainframe guy who ran the older system with 100% uptime for probably 10 years despite the system being in constant development, not a minute of downtime, ever was helping, unwillingly. But somehow they were forbidden to run the program which they themselves would use. That is just weird. I was having a lot of trouble with this. This was so weird, with what seemed like hundreds of people working on it. The only thing I saw the developers do of any value was their constant testing rig with a flashing police light after each test, which was very cool. But the test did not do much of anything, there wasn’t much code there to begin with. When I saw the description of everything, heck, I could have programmed this in Ruby on Rails, seriously. The tests ran in a loop, constantly. If you were a manager it sure would have looked impressive but it really was not. Just to make sure I had the image of the project in my head correct, that I wasn’t missing a vital part, I drew a Visio image. A rack of servers, say 5–6 machines, each running one part, some lines, some switches. We are talking about something like this, done in 15 minutes, perhaps 30 minutes Childish drawing and getting some Deadpool wipes. Let's just say this was a bit of boxes here and there with lines between them. I went to my boss and asked, is my understanding of this project correct? He took my drawing and said he would get back to me. Then it happened. I got surrounded by work prevention people. Word had gotten out I had gone and racked the machines and all, I was pushing for actual testing with real databases and real data on real computers. I was surrounded. This guy started to go over my Visio drawing, is it possible to make this line thicker, make a box there with light orange, here light green, make these lines green, those purple. Mind you, I did not get these suggestions in the time it took you to read them. This took weeks, back and forth, waiting, back and forth. Meetings. Mind you, Visio is very simple, he could have done this himself. Then more people piled on, more and more. Just to do with the Visio one page drawing. More and different colors. I became swamped, meetings, meetings, nothing moved forward. Probably a month happened. I decided to just move myself to the development group which was in a different house, elsewhere in Oslo. Extremely cool house, old mill or something historical, rough, it looked absolutely amazing. Week passed, I was so bored I would have been pulling my hair out if I wasn’t already bald. I talked to my wife. If this is being grown up, I don’t want it. I feel bad for almost everyone involved in this catastrophe. I had no idea just how bad things were, we are talking about millions of dollars wasted on nonsense, that was my take, I had no idea. I told her this is a project which will burn up, it will taint everyone who worked on it, even some people will probably be a person who no one will hire again (if everything was right in the world, that would absolutely be the case). I told my wife I wanted out, I did not want to work there. I talked to my boss, gave him a 2 minute idea of where I was, and I wanted a different project or I wanted out, just quit. Now mind you. The office we had, with thousands of people, absolutely amazing food, cafeteria and you name it, like an amazing office, think the evil guy in Simpsons or Austin Powers. We probably had the fastest internet in Norway at the office. We had a division there which was so funny located, it was like floor 9 and 1/2 (half), you had to go to a floor, I think it was 9th floor. Go into a stairway, walk halfway up, open a very small door, and you had basically a NASA room there. I told my boss I wanted something like that, I knew they were short. Yes, just like the movie in the head of John Malkovich. Even as green behind the ears I was, I knew I was too stubborn and not playing along, I would be allowed to quit. Sure enough the boss called and claimed “they” had talked it over and I was free to leave. Not exactly what I wanted, remember, I wanted a grown up job but *uck it. At least I would not be tainted by this job. I was free. Sure enough, like 3 months later it exploded. Funny as I was working then for the largest newspaper in Norway who had a field day with this. They never asked me anything. But the whole project was “untold” millions of dollars over budget, the 4 contracting firms had nothing to show for anything and most of them even went completely bankrupt afterwards, I think they went bankrupt so they would not have to answer for this. The company I had worked for wasn’t harmed as far as I knew. They merged with other such huge companies and now are bigger than everything. My only regret is not keeping a diary, I would have been able to write a book that would actually sell about this absolute monster project. Now, when people ask, why I keep one company I worked for little over 4 months on my CV, when usually you clear it up and just claim summer vacation or something. I have this company on my CV for one purpose. To be able to answer the question, what kind of companies would you not want to work for and why? This is why I keep that company on my CV. But this has a happy ending, for me. But this fiasko helped me with one thing. Shortly afterwards, I decided to quit being a system administrator, I was utterly burnt out (did not know it back then). I had no joy from the command line. I was getting unresponsive at work. I wasn’t feeling it, I wasn’t happy and I worked at the happiest place in Norway, no joke. I asked to be able to be a programmer only to be told I was a sys admin and that was it. Little later, I left and became a programmer, and I have been a programmer since. My Ruby on rails knowledge which I had honed at that “grown up” company came to great use. I have been a programmer 100% ever since and decided that I will never ever become a grown up, and at 50 years old now, it is quite unlikely to ever happen, to be a grown up or work for a grown up company again. Not my cup of tea (or Monster). I love being a developer. I wish I had been given the chance of writing the whole system on my own. Would have cost tens of millions less. I am not kidding here. There really was no logic, just a lot of CRUD operations, which RoR would basically build for you, free. Not kidding.",https://qph.cf2.quoracdn.net/main-qimg-aa7d669bf581f483911b4d9f132cde2c
Trausti Thor Johannsson,"Would you rather be Deadpool (you wouldn't look like him but you'd still have his suit, guns, swords and healing factor) or Wolverine?","Deadpool, no contest. If I looked like pretty Deadpool with healing powers and everything, Deadpool is it. Why? Having a skeleton made of iron composite, adamanium or whatever it is called can not be fun. You probably weigh a ton or close to it. It must be cold and stiff. We know that when he pushes out the knives, it feels like he is stabbing his skin, it hurst every single time. Yup. Deadpool, even if I was a bit uglier, still Deadpool.",
Trausti Thor Johannsson,"Instead of throwing away food, why don’t supermarkets run restaurants where they take food shortly before its expiration date?","Some actually do that. But it is us, the buyers who are to blame, really. Take pepper for example (paprika), people and I include myself, will just pick the best looking ones. I am not even talking about damaged or bruised, but misshaped, misaligned, mis colored. The thing is, I am 50, I have never seen anyone take a pepper and eat it directly like you would do to an apple, never. People always cut it down. I boil them, braise them, grill and bake and use in stews, even as some snack around TV I cut it into strips. It doesn’t matter one bit how it looks. Same with cucumber, bananas, apples and anything else really. Stores even go as far as have a special bag with 50% off, completely good veggies but they don’t look perfect. They taste the same, they cost the same and they are cheap. You can buy onions who are bruised and even with a little mildew on them, perhaps even a bit damaged or even spoiled a little. Flip some layers off, not even many, most often just the outside layer, it is still good, and I can’t stress it enough, veggies are cheap, so what if one onion is bad? But as much as I try, I always pick the good looking veggies, even if I am making a stew. This is in parts why there is so much produce that goes bad. But food kitchens and others can sometimes buy these from the supermarket heavily discounted. There are also laws that prevent supermarkets to give away or sell below cost, there are tax things like a company can’t write off things they give away but can if they throw it away. Change the laws to make this easier. Most of the stores I shop in have a “cheap” sticker on items that is about to reach last sales day, I generally take those. People know that last sales date is really meaningless and often just something that is made up. Produce, milk, meat and other things last days or weeks longer. Have you ever questioned yourself why salt has a best before date? Usually salt you eat and use on food is millions of years old, a week or month makes no difference. Generally, people need to pressure supermarkets into the idea of lowering waste. I really like what shops here in Iceland are doing and handling this, I know they are doing this in many places around Europe as well. But it all boils down to the buyer really. For some weird idea, potatoes can look like anything and we are ok with that.",
Trausti Thor Johannsson,"If you tell a police officer you’re a sovereign citizen during a traffic stop, what is most likely to happen?","You have to realize just how dumb this sounds. Just picture this. I am from Iceland. If I travel to USA and break the laws somewhere because it is actually legal in Iceland (can’t think of an example), do you think I can just tell the police that I am an Icelandic citizen and they allow me to walk away? Hell no. Stupidity is not a defense. Here you are saying that the country you actually live in, pay taxes, get water, electricity, schools, passport and everything else, drive on their roads in cars you register at the DMV in USA, that you don’t approve of any laws in the country? That you are your own citizen? Well, are you an illegal immigrant then? If you went outside of your own “sovereign town/house”, into USA, are you not illegally there? But you are just telling the police this (or quite close to this) : I am really stupid, I can’t think for myself this is why I need to read from a note that another stupid person wrote for me, I will give you a great deal of trouble and I will be refusing to co-operate with anything and everything. Now, what do you think will happen? Once you have escalated things to the point where the police people need to ask you to get out of the vehicle and even point guns at you, you know this doesn’t end well for you. The idiot who gave you the note to read from that you are sovereign bla bla bla, is scot-free, he isn’t accountable, only you. There is no such thing as a sovereign anything. You are just a USA citizen who is being played with, made to look like a moron. You will end up in jail, how long is just up to you. You will pay fines. You will be a laughing stock. Even Wesley Snipes had to go to jail for trying a stint like that some religious exemption or sovereign nonsense. If he went to jail for years, you know you don’t stand a chance.",
Trausti Thor Johannsson,"I really want to be a professional gamer, but my parents want me to do something else. What should I do, because I think I have true potential?","Professional gamer …. just imagine this. Man I wish I was 16 again, back then you were cursed at if you played some of the few games available. I say, good for you. I would try to join a league. Find out of other games are meeting somewhere. Even in Iceland, country of 400,000 peoples, we have leagues, like football where people compete for fame, glory and some money. I don’t think we have professional gamers yet but it should happen soon. They train like athletes, lift weights, run, jog, eat well and are looked after nonetheless. Kids can train with a computer game team instead of playing football, but healthy body healthy mind and all that. They have team physical exercises as well, just to keep you fit, playing for hours takes a lot out of you. Look at the best of the best e-players, all thin and healthy. Anyway. Find a league. Enter. Play as much as you can. And here is an advice I wish I had been given when I was younger. You don’t need to be the best of the best, you just need to last longer than they. Look at any sport but martial arts is the most obvious example. For the first 2 belts, there is an army of people. Once you go green, orange, brown, there are fewer and fewer people, often the black belt test has a single person. Basically all you need to do is to show up, just be there, practice and take part. Most people give up, and as strange as it sounds, the best ones usually give up. Either it comes to easy for them or they don’t feel a challenge. Just stick with it. At best, find a league and see how you fair. Remember, practice pays off and being killed by the good ones is good, you get better, they might not. Seriously. Make a deal with your parents. See if you can do this, healthily, for 2 years, after that you will take up anything they feel is better. 2 years to see if you have what it takes. I am a little envious, I must admit :)",
Trausti Thor Johannsson,"What do Americans think of President Trump saying, “Kamala Harris is no Margaret Thatcher”?","Let’s hope that this is THE case where what he says is correct. Absolutely no one wants another Margaret Thatcher, last prime minister of UK who compared herself to that woman was out of a job in weeks. Good riddance. You don’t hear trump claim he is Ronald Reagan. No one wants another drug king pin and world largest illegal weapons trader in the Whitehouse again, with Alzheimer's. But at the end of the day, no one should mind what trump has to say about anything. He isn’t truthful, he isn’t coherent, he can’t stay on point or subject or anything. He confuses who he is running against and thinks cognitive test is some sort of an IQ test, just because you recognize an elephant and know it isn’t bread is not an IQ test.",
Trausti Thor Johannsson,What is legal in Germany but illegal in the United States?,"Prostitution. Prostitutes have protection from violence, pay their taxes and get benefits like paid vacation and retirement fund along with health insurance. Just as with any office worker, there are rules as to what is allowed and what is being offered. This pretty much removed all illegal sex workers and gave sex workers the protection they needed. This is not just the oldest job but a job.",
Trausti Thor Johannsson,What are some examples of well-written female protagonists? What makes them strong female characters?,"There are actually a number of female characters that keep you focused on the screen, not just to look at her but follow her because she is an interesting character, you actually mind if she would be killed. All through Captain Marvel and the follow up, I could not care one bit if some of them would be killed off or left the movie, not one minute. But the first two Alien movies show a character where she being a woman played absolutely no part in anything, not even a love scene. Her character could have been exchanged with a male actor and it would not have made much difference except she wasn’t strong, she was an underdog but tough. As of late, most movies have had female leads and characters as moody teenagers with no feelings. Take the latest Beverly Hills Cop. The daughter of Axel Foley, if she had been killed, the movie might have become better even, but her character gets significantly better as the movie progresses, something the movie doesn’t do. I have many examples but I will stick to two because otherwise I would be here all day. Yes, her. I will probably say this is the only movie where she is absolutely amazing in. Her character is just amazing. Natalie Portman in Leon the Professional. Where she starts out being a traumatized beaten young girl who doesn’t know anything about life or how to live it. She even tries to “pay” Leon for saving her, the same way her mom “paid” for everything, despite “paying” her mom was usually beaten mercilessly by a scumbag. Then in the end she is the sole survivor, ready to tackle everything life throws at her. Better treat her nice or you will swim with the fishes. Ok, one more. Set it off. Four females who are tired of life and everything decide to do something about it and turn into big stake robbers. I can’t say I am a fan of any of the actors at all, but all their characters in this movie are solid, stand on their own. No 50kg woman beats up a guy easily, no kung fu dance choreography, just people getting punched in the mouth by a gun. Nothing unrealistic here, just four women who are absolutely pushed to the edge. They are always women throughout the movie. No one has super powers or 20 years of ballet training to fight bad guys. Just four women way out of their comfort zone. It isn’t hard to make women interesting on screen, you just need to create a character that is likeable to the audience, not being snotty angry female banging on the mens world. Make them stand on their own and you got something. Even a bad actors like Milla and Jada can make great characters given good material. Notable mentions are Christine Lahti. She is always an amazing character, like in Evil. Just amazing, always. Tricia Helfer and Rachel Harris and let’s not forget Lesley Ann Brandt as Maze in Lucifer as well. Tricia Helfer in Ascension, one of the most underrated SCI FI series ever, Babylon 5 anyone? I could go on and on and on and on …. You just have to care about the character",https://qph.cf2.quoracdn.net/main-qimg-9ce46d93c5c3cd66533ef4ca5af7960e
Trausti Thor Johannsson,What is the most awkward moment that happened to you due to your clothes?,"Couple of decades ago, me and my friend were traveling with a company to London. Once we were there we found out that we were going to eat at a fancy smancy club which had served Madonna just few days ago and then we would go out and party and a fancy club. Me and my friend were just two young computer nerds, so we decided we needed to go out and buy suits and all. Went to a place called Brook’s brothers or something like that and they were going out of business, so we could buy some nice suits for not that much money. Each of us got help and we were measure back and forth independently. I saw my friend in his suit and said to my helper that he had the type of suit I would like, more than the colors he had been showing me. A little tayloring here and there, we paid and left. We went in our suits and partied. After we had eaten we went to the fancy club. For some reason or another, people kept asking us where the toilets were. A few times is just fine but this was happening quite frequently, all too often. Finally we asked another co-worker if he was being asked where the toilets were? Nope, not even once. One of us asked him then why we were constantly asked this question, was it because we were not seemingly drunk? No, he said laughing so hard he was crying. You are wearing the same suit. So, it turns out, we bought identical suits and did not notice, not even when we were together. People thought we worked there",
Trausti Thor Johannsson,Would wind turbines operate while there is still ash in the air from a volcano? How about after a super volcano?,"If there is wind, they work. The motors could get worn down by dirt and ash or clog. But mostly, they would still work.",
Trausti Thor Johannsson,"If there was a fight between Deadpool and Wolverine, who would win?","They made a movie about it, Deadpool and Wolverine. It is actually very good movie. But as one expects where there are unlimited healing factors, it is just hilarious dance moves which they get bored doing after a while. Of those two, Wolverine is much stronger, Deadpool is faster. But it is a stalemate, tie or getting tied in seatbelts. But, no real winner. As Deadpool isn’t as strong and Wolverine, Deadpool could get tied up real fast, so Wolverine could have a time off for a while. Being enclosed in concrete, locked inside a steal walled room. Things like that. But out in the open, a tie.",
Trausti Thor Johannsson,"Who would win, Deadpool (X-Men Origins Wolverine movie) or New Deadpool (Fox's)?","The true red Deadpool. The thing about healing factors though, when you can’t get killed, no matter what, it is an endless story. But the one with a mouth would win. Who really thought it was a good idea to remove deadpools mouth is beyond me. You know it was agreed by a committee, these large companies never take solo decisions. Worst idea in Marvels history, and there are plenty bad ideas there",
Trausti Thor Johannsson,"Do you still use the keyboard shortcut ""Ctrl + N"" (or ""Cmd + N"" on Mac) to open a new browser window? Or do you prefer to use the graphical interface, such as the ""+"" button, to open new tabs? 🤔","CTRL/CMD T opens up new tabs. That is what I usually do, unless I specifically want to open a new window. I mostly use the keyboard as I need to.",
Trausti Thor Johannsson,"Why is Robert Downey, Jr. returning to the MCU but this time as Doctor Doom?","Money, loads and loads of money. Robert is a very bankable actor, Disney knows it. After Deadpool 3 showed everyone you can make a movie with females who are great actors without making them boring and suffer teenage angst. Disney and Marvel has really made horrible Marvel movies lately, some even destroyed characters. They need a new win, as amazing as Deadpool and Wolverine was, it isn’t enough to get the bad taste out of audiences mouths after the last few atrocious movies. Marvel also owes the Fantastic Four to get a good movie. They deserve a good movie. But even if the movie doesn’t work out well, it won’t be because Robert Downey jr did a bad work, he always delivers",
Trausti Thor Johannsson,"Does Kamala Harris love word salad? “We push to move forward; that we are guided by what we see that can be, unburdened by what has been,” she stated, with no applause forthcoming. “And I know everyone in this room understands this.","Republicans and maga holes are really trying their best, or if this can be called the best of anything to smear the new presidential candidate. This is quite sad not being able to come up with anything better but the maga holes might actually like all this nonsense, who knows. I am sure they can come up with better things, this is just sad.",
Trausti Thor Johannsson,What is your review of the Deadpool and Wolverine movie 2024?,"The movie far exceeded what I was hoping for. Hugh Jackman and Ryan Reynolds are absolutely stellar in the movie and every extra is extremely well placed and worked well into the movie. The baddy, Casandra Nova is perhaps not well written, lacks motive but in the hands of Emma Corrin the character works so well. Who would have thought that Disney could do a female character which was not like a moody teenager, boring and flat. Emma delivers a very interesting character so well. I was highly entertained and went out of the cinema happy, for the first time in a very long time.",
Trausti Thor Johannsson,Can fake Apple websites exist or does Apple take measures to prevent them even if the browser is fully malicious?,Anyone can make a website that is identical to Apple homepage. There is nothing in webbrowsers to detect fake sites.,
Trausti Thor Johannsson,"How does the use of electronic devices before bed affect sleep quality, and how can you mitigate these effects?","This answer is a bit multiple answers, please read to the bottom. This is a bit complicated. Basically, in order to go to sleep, you need darkness for your body to make a chemical called melatonin. It is well understood. F.ex. I live in Iceland, we have 24 hour daylight in the summer, and close to 24 hour darkness in the winter. It is more profound the higher north you go. Yes, it is a globe people. Same with waking up, light helps clear out the melatonin from our bodies so we wake up. That is the simplified story. It is claimed that Icelanders are pretty much unaffected by this as, I never remember having hard time to go to sleep at all as a kid or my parents staring at walls like zombies when I was a kid. But after living outside of Iceland for decades, I can’t sleep during summers unless my room is so dark that I could develop a film in there (gives out how old I am). Now, for the iPads and phones, watching videos until you go to sleep. Many people claim the blue light emitted from these devices triggers clearing of melatonin from your brain, saying it is still bright. I am quite science minded, and my experiments with blue light on/off, filters or just reading a great book with a lamp or a paper white kindle. Frankly, the only time I stayed away through the night was when I read Harry Potter and the Half blood prince. actual book. Could not put the book down. I see absolutely no difference with myself. I am in good tune to how I sleep, I am 50, so if I drop one of my pillows on the floor I will make up hurting next morning (old mans joke). I also see this with my wife and kids. My kids have no memory of a house without gadgets, the older one was 2 years old when I got the first iPad which I allowed her to use, the second one has had a device in her hands since she stopped trying to eat everything she was holding. Gadget use does not seem to affect their sleep at all, blue light or not. Not science, I know. But blind tests with bluelight turned on in devices have not shown anything bulletproof. But back to the hero of the story, ME. If I watch youtube before going to sleep, just some bicyles, GCN, computer related videos, home office stuff, home racked computers, outdoors, photography, baking, food or things, I get tired, filter or no filter and fall asleep quite quickly. If on the other hand, I am on Instagram and their hilarious sketches, Loading artist, Steve Ofstetter, other comics, Stephen Fry, GreipJokes, car chases, aryahungry (amazing stuff), punterspolitics, thedadbodveteran and everyone else that comes in between, each one funnier than the next. My brain gets more wide awake. I can stay awake to more than 2 o’clock if my feed is like gold. My feed is quite often like gold on instragram. Much better algorithm there than anywhere else, especially youtube, accidentally click on a video about knitting and that covers your stream for weeks. So, what I watch has much more to say than if I watch or read or whatever else. My kids are not hooked to their devices and more often than not, they use their devices to create images or stuff that blows me away. I am a computer expert but I don’t understand what they are doing and how they do it. So proud. Yes. People can get a bit addicted or full blown addicted to this. But in my experience, kids and teenagers get addicted to certain music, movies, books, characters and just about anything and everything. If it wasn’t a gadget, it would be something else. Some people are the reason why we can’t have nice and fun things, that is true. I simply don’t think that watching stuff before bed keeps you up anymore than reading a book. Besides, I often use my devices to read stuff. Perhaps try to stay away from certain type of videos that excite you. I don’t know. You need to find this out for yourself. Everyone is different.",https://qph.cf2.quoracdn.net/main-qimg-51ad5a86a98598011619c59619921927
Trausti Thor Johannsson,"What is organic food, and how is it different from any other?","Here is the marketing Imagine a farmer from the 1940s or even 1880s. Modern equipment at the time, rich harvest, healthy kids, healthy family. Good times. Hell no, it was the best of times. Except, reality wasn’t told about this story, not anymore than the imaginary 1950–1960s, the image people look back at (white upper middle class people), simply did not exist. The only thing that was true, people who look back and think this was great, were kids at that time. Anyway. What marketing omits to say and talk about is how back breaking this was. How farmers borrowed money to plant seeds and hopefully could pay back in the fall. But lack of rain, too much rain, crop failures, locusts, rats, rodents happened. back then you had to rest parts of your land. People got sick from poo infested crops. Children did not reach 10 years of age was the norm, most of your kids died was the norm. Children once they could walk, worked. Hard labor. It wasn’t the good old days. It was reality. Reality. There will not be any produce on these lands this summer because the winter was longer than usual. Today, we have crops that need less pesticides, less water and thrive in places it would normally not grow just 50 some years ago. Organic food is just marketing scam. It claims to be organic and therefore all other food is not organic, somehow. All food is organic. The Organic marketing is just that, marketing. They market products that are worse, smaller yields, less nutrients, smaller produce, less vitamins and they require a lot more water and pesticides which includes even copper, which is something you should not eat. It takes more time to grow and is much more expensive. And this isn’t to help your farmer in anyway. The same companies own both food products. Yes, Kellogg's, Nestlé, Kraft and the rest. If people will pay more for worse products, think they will not be there? It is just a scam. The idea is lofty, lovely even but it is like Disney with it’s talking animals. Reality simply is saying other things. I simply have one rule when it comes to shopping. I don’t buy products that say Organic on them. If they ever are in my house, it was by accident or because it was the only available product and I badly needed it.",https://qph.cf2.quoracdn.net/main-qimg-edb5bb0f7e5a365ebb1a026deb0d8005
Trausti Thor Johannsson,Why do women choose a bear over a man?,"Hulli, or Hugleikur (his actual name, it means mind games), said it best This is the only guy some women know.",https://qph.cf2.quoracdn.net/main-qimg-02536cf920bdb6f4db4ed938fdf3ee5a
Trausti Thor Johannsson,What should I do if my iPhone 6 battery drains quickly and I need a repair in Glasgow?,"There are so many things to do in Glasgow. Have you seen the castles? They are spectacular. The old town? Been to a pub and got some local brew? Drank real Whiskey (whisky?). There are plenty things to do for tourists. You can take a guide who tells you stories while you walk around. Bike tours. There is shopping. Endless amounts to have fun. If you mean what to do about your phone? Either find out which app is eating your battery, does not have to be a bad battery. You can buy a new phone. There are shops that fix some phones, iPhones are often glued together so if you swap one thing, you might have to swap the screen as well. It seldomly pays to swap a battery today. There are some shops that sell used phones that have been checked. I would recommend buying a new one if that is the case. iPhone 6 is 10 years old. It has done it’s job. It is time to let go of it. Have fun in Glasgow. Don’t worry to much about a 10 year old phone. Or buy a small charging brick, costs about the price of a beer.",
Trausti Thor Johannsson,How do the prices of the best organic nutrition shakes compare to non-organic alternatives?,"Products market organic are more expensive unless someone is dumping it. Not only is organic a complete nonsense, an orange is organic even if it doesn’t have the expensive stamp. All food is organic, salt is not organic, even though they sell organic salt, I kid you not. Don’t be fooled, it is just salt that has unbelievably small trace amounts of rust in it. Not only is organic more expensive, it is worse in every single way. It requires much more water, it requires much more land and results in much LESS yields, so smaller crops. The products are smaller, less nutrient, contain less minerals and vitamins but might contain copper which you should not consume because organic products require insane amounts of pesticides because the “organic” pesticides work less reliably and bugs along with weeds are getting more and more immune to it. Shopping organic is basically never about supporting small farmers, independent anything. Organic companies are multi billion dollar conglomerates, often the same as sell you other things, among the owners are Nestlé and Kraft to just name a few. Organic shakes are just worse in every way and much more expensive, they might even only contain one ingredient that is organic, not everything. It is a scam to get you to pay more. If you want to support small farmers, shop locally and go to farmers markets. Yes, you need to put down the mouse and not shop online. You need to put in more effort than just a mouse click. The reason there is salt in the Himalayan mountains is a simple one. India used to be an island that drifted right into Asia and it pushed the seabed upwards, high into the sky. You can easily find shells from shellfish over 1000 meters up. How organic is Himalayan salt? Not at all. It really is spectacular, but this is done with heavy machinery, bulldozers and heavy industry. Just like all other salts. This is just ancient ocean that dried up, like the one in Utah, and yes it is among many proofs that the world is way older than 6000 years. This is actually a salt mine in Poland, it is no longer used to harvest salt and is highly sought after tourist attraction. The statue and everything else is of course made with salt. Click the link above for more insane images of this place. I am not affiliated and this is not an affiliate link. I am just always amazed when human creativity seems boundless and this mine is absolutely that. Sure, organic marketing is also boundless creativity but I frown upon such scams.",https://qph.cf2.quoracdn.net/main-qimg-9e5a5711c48761220319deba63c6b302
Trausti Thor Johannsson,What is the cholesterol level that you need to take statins?,"It is right there, up there and next to the place where your doctor tells you to take statins. That is the place where you simply accept it and take statins. Statins will slow down or even stop the buildups of fat in your arteries, it does not prevent you from having a stroke or heart attack as many snake oil sales people claim when they call statins a “widow maker”. When you need statins is when your doctor tells you to. Even if you have friends who are much fatter than you and don’t need them, if your doc tells you that you need them, you need them. Skinny people need them, not because they are “skinny fat” (another snake oil sales trick), they simply have the genes that create a lot more bad cholesterol and other factors that require you to take statins. I have been taking statins for years, years before I was overweight. No, they don’t cause you to gain weight either, or lose weight. They just make your blood healthier (english isn’t my first language). I think the scale in Norway was anything above 8 something was alarmingly dangerous, you were supposed to be around 6. I was 28, thank you very much. For the last decade or so I have been in the normal zone, thanks to my statins. I have those bloody genes and family history to back it up unfortunately. Today, we know why my great great grandfather died in his old age of 40 something, why people just died all of the sudden. We did not know why when I was a kid asking these questions. The more you know …",
Trausti Thor Johannsson,"Agree or disagree, Bond is the best spy?","He isn’t a spy. He is a demolition man. He never investigates, he can’t use computers. He basically never breaks in to steal info, he breaks in to kill people. He is sent to places where he is found out and shit gets demolished, buildings blow up. He isn’t a spy for 4 cents.",
Trausti Thor Johannsson,How do I remove plaque naturally from my arteries?,"This isn’t a simple thing, for example if a large clot get loose, you can get a blood clot which is super serious, a small hair thin vein can get you to keel over in great deal of pain and even cause heart attack or other serious illnesses. You don’t just drink some orange juice and clean you arteries. What you can do is to reduce the amount that gets built up, don’t know if this can be cleaned in any meaningful way without a doctor simply cleaning them. If you are overweight, you can drop weight, anything over 10% will have very positive effects. Eating cod liver oil either as fluid once a day or pills helps, fatty fish helps. Then there are statins, you take the pills the doctor prescribes to you, they reduce the stuff that builds up in your arteries. One really good thing to do is to check if you actually have dangerous levels. This is often done by checking your neck artery, it isn’t exact but if there is stuff building up there, pretty much you have also build ups elsewhere. Don’t think there is a “natural remedy” for everything. Medicine is in many ways natural. Scientists have over the last 300 years investigated nature and found it’s building blocks, this way they can get aspirin from a tree bark and make sure you get exact doses everytime instead of having mouth full of splinters. It wasn’t the bark that cured headache, there was a chemical in the bark, natural. Scientists have since managed to make this medicine much cheaper. If you are above 60 year old or so, it actually does you good to take baby aspirins, one per day but as always, check with your doctor first. Too much of anything is bad for you, let’s imagine that there was such a “natural” remedy, how do you control how much of it you get? You can’t. You could end up with It would be almost guaranteed to have something like this happen, complete blockage. Talk to your doctor. Natural remedies, cleansing juices, anti-toxins and all the other popular formulas are a scam, every single one of them. They are simply placebo which can make you feel better because you are doing something but you are not fixing anything and some of them are simply dangerous.",https://qph.cf2.quoracdn.net/main-qimg-59134df8847202204915eefa85d54573
Trausti Thor Johannsson,"What are the guidelines for choosing a high-quality vitamin E supplement, and what should consumers look for on the label?","First, know if you need it. Take a blood test to see if you actually need extra vitamin E. Usually if you need vitamin, a doctor will prescribe what you should take and when. Buying vitamin E in some “health” store is no guarantee that it actually contains anything. Many health stores frequently have their merchandise tested and Gingko Bilboa for popular example usually does not even contain trace amounts of the stuff. Having to much vitamins in your blood is a bad thing and can cause damages, even if it is just a little over. Vitamin C is one of a few examples which is water soluble so you simply pee the excess, unless you megadose like a moron. Know what you need first. Just browsing over symptoms tells you nothing because so many things cause the same symptoms like tiredness, brain fog, depression, temperament and other such vague symptoms. If you google long and hard for it, you reach the conclusion that you have cancer, which most likely you don’t have. Taking in too many vitamins makes expensive piss. Pirates and seafarers of the old days which were at sea for like a year got scurvy because they mostly ate hard biscuits, basically lard, water and wheat. They fixed this with a dollop of marmalade. Eat good food and you barely need to take food supplements. Food supplements also are not taken in the body as well as food is, it mostly passes right through you and collagen is too large for the body to take it in.",
Trausti Thor Johannsson,At what interval can a colonoscopy be done?,"Quite frequently actually. You can have them every day even if you want to. But you do need to get over your “cleaning” I would assume. Due to clerical error, I had 2 colonoscopies with just a week apart, I thought there was something serious happening so they needed me back in with such a short notice. But everything was just fine. But outside of clerical error, you can have all the ones your doctor wants you to have.",
Trausti Thor Johannsson,"In the future, how can artificial intelligence help human education?","When large parts of the population seems absolutely void of any intelligence what so ever We need all the help we can get, artificial even",https://qph.cf2.quoracdn.net/main-qimg-174b994a9cb9948716020c3a63fd0768
Trausti Thor Johannsson,What is your regimen for a high dosage of vitamin C?,"I eat an orange or drink juice when I want to. Overeating vitamin C does nothing for you except make your pee darker and puts stress on your kidneys. Seriously. Nothing for you. Big steroid users use it to help get rid of retained water, sure it can help a little but nothing that a small vitamin c would not do just as well.",
Trausti Thor Johannsson,Are vitamin deficiencies overdiagnosed in today’s society?,"If they are diagnosed then no. If a scientist takes blood sample and tests for vitamins, then no. That is just fine and people should perhaps do more of this. Lack of Vitamin D is quite severe and has great deal to say about how your later years turn out. Self proclaimed therapists on the other hand are plentiful and useless. Anyone on the following list, is useless Wellness Coach Health Coach Holistic Health Practitioner Nutritionist (without proper accreditation) Life Coach Detox Specialist Therapist (without being a licensed mental health professional) Fitness Expert Herbalist Natural Healer Ayurvedic Practitioner (without proper training) Alternative Medicine Practitioner Biohacker Absolutely anyone can call themselves this, no education needed.",
Trausti Thor Johannsson,Are there any health benefits of eating a raw onion?,"No one will want to kiss you, there is a huge benefit in that. Fewer people around you, even better.",
Trausti Thor Johannsson,At what age should you start being vegan?,"Easy question. Never. Never ever ever is a more precise one. Now, being a vegetarian is much better option, like eating eggs, drinking dairy if you tolerate it, cheeses and such is very good for you. You get minerals and nutrients you badly need which vegan lifestyle doesn’t give you unless you eat a lot of supplements. The thing about supplements is though that the body doesn’t take them up in any real numbers and most of it turns into pee and poop, so basically very expensive pee. You can get B vitamin shots if you have too much money. But eating a little chicken and fish will be good for you. Vegan is too restrictive and not healthy.",
Trausti Thor Johannsson,Would you rather have a physique like Dwayne Johnson or Zac Efron?,"Let’s look at things. Dwayne Johnson in a suit. He is big. I don’t see him bending down to pick up a quarter if you know what I mean, he is quite stiff in the suit unless it is very stretchy. But he sure looks great. The suit dresses him, shows his outlines, he is casual, the clothes are not in any way tight, he can breathe and stretch in these clothes. I would want to look like Zac any day. Unassuming but sculpted. He doesn’t have to work out as crazy as Dwayne. I am not putting down my guy, the Rock, Dwayne by any means, love the guy. I just would want to look more like Zac than Dwayne. That is my preference.",https://qph.cf2.quoracdn.net/main-qimg-fef36613d02aeac9c2d1b53a6229488f
Trausti Thor Johannsson,"Is there any truth to the claim that Kamala Harris got where she is by sleeping around, or is that just typical conservative bigotry?","Nope. If women got to the top by sleeping around, the world would be run by women.",
Trausti Thor Johannsson,"Are there gangs that let white people join? If so, what are they?","Sure Wall Street, they crash the countries economy every 10 years or so. These guys have strict rules for entry, you must be white and be able to drink milk, no education needed and is preferred. Neo Nazis with slavic last names because they don’t learn history. The nazi extermination sites were first meant to kill slavic people Plenty of dangerous gangs for white people.",https://qph.cf2.quoracdn.net/main-qimg-ddbd8c45e98245ad30a04ae6e345bc1d
Trausti Thor Johannsson,"Is working at Maangtm worth it (meta, Apple, Amazon, Netflix, Google, Tesla, Microsoft) ik coding?","Take my answer with a grain of salt and more. I have never worked for these companies. I have worked for very large companies though. Worth it? I don’t know honestly. Their stocks won’t move all that much above inflation and will bounce a bit, so you won’t get rich on stock options. They normally can pay above market value. But these companies are like your life. I liken this with being a police man. You are not working as a police man, you are a police man. You will get calls all through the nights. You will get tasks that take months, even years and you just work all the time. Reading the amazing book Creative Selection by Ken Kocienda gives a great deal of insight at working for such a company. You (might) get projects to work on that change the world at least you will work on projects at scale which basically no other company will get you. Like Facebook, the amount of traffic and data there is immense. Twitter had some Giga Bytes added every second of every day, Facebook has huge multiples of that. Google doesn’t have millions of computers, they have easily hundreds of millions of computers to maintain, which need to talk to one another as fast as possible and possibly faster than that. But as Ken explains, the only time their boss was guaranteed not to call them was when Sopranos was on. Other than that, you would get a call at any time of the day, 4 in the morning and you were expected to answer, always. Sick days? Forget it. The thing is, your bosses work like this also, yes they get paid millions of dollars more, but still, there is an example set. When you work for those companies and when you reach a certain level, this is your life not a job. The company will wash your clothes, place your kids in daycare and everything to lighten the load of life. Worth it? I would have loved to work on the iPad and iPhone, man would I have loved to. Help Ken to write Apple Mail and Safari? Hell yeah. But I am glad in a way I did not. I worked for a large company where I worked from 9 in the morning to 11 at night for over 4 years. I was doing so much, it was fun, it was exciting, my boss(es) were great until one day I just got fired. No reason. Just here is a very large check if you accept else we will simply make up things that you were rude and no one liked you and take you to court even. Like a thunder from a clear sky. Turned out they were going to be bought by an even larger company and they had no use for Unix people in that company and they needed to cut employees by a quite large number. That is working for a very large company. One funny story, a guy was fired from LinkedIn I think it was. His office was on the floor below HR. He expected to be promoted rather than fired. He walked up to HR and was fired. His phone stopped working, his email was cut off and once he entered the stairway, his keycard did not work. He was locked in there for like an hour until someone else decided to take the stairs. Project wise, these projects could be once in a lifetime thing, absolutely amazing. You get a great deal of credibility and you become someone. Being an ex-googler is worth a lot. Back in early 2000, being an ex-Sun employee was worth gold. Today, no one knows what SUN was but that is another thing. I might add, no one was done massive layoffs better than SUN did. They did everything perfectly and the CEO of SUN in Sweden found me a new job, personally, he called up a company on my behalf. Like, who does that? But working for a non famous company has absolutely amazing benefits. Time off, sick days, life after work. Your job is still interesting, you have good co-workers and you don’t (normally) get the toxic environment of people willing to stab you in the back to get ahead. Quite often there are just 1–2 steps up to the CEO/Owner, so there really is not way up. I love that. I don’t want to get into management. I love what I do. So, in short. Is it worth it? Kind of. IT eats you up and spits you out. A lot of people burn out, some become a wreck of their former self, some never get their health back while others thrive in this atmosphere. Read all the stories. Both the good ones and the bad ones, they are all true.",
Trausti Thor Johannsson,Why did nobody behind Trump get hit by the bullet? Why hasn't the bullet been found?,"Two people died, more are in hospital, trump has not reached to anyone, neither has any of his team. The bullet is tiny, even if you put the bullet in trumps tiny hands, it would still be tiny. Now, he was shot at but he was not hit by a bullet, he was hit by a shard of glass that cut his ear. I am not playing this down by any means, he was shot at, I don’t take that lightly. As much as I detest the man and his ideas, being shot is not the solution I want. He created this atmosphere, he and his cronies created this we against them, hate your neighbor like Jesus said, their Jesus not the one in the real bible as they have never read that book. No one is denying what has happened, no one. But play stupid games, win stupid prizes I guess",
Trausti Thor Johannsson,Why isn’t sleep sort recognized as an efficient sorting algorithm?,"It doesn’t always give you the right sorting. It is fun and interesting thing, but doesn’t sort everything, like minus numbers. Now, if you want a good working sort, it is called Stalin sort. Basically, pick the first number, if the next number is larger/smaller, you kill it. Then you continue until you have a sorted very short list. It is faster than anything and always works.",
Trausti Thor Johannsson,What is the best way to handle state in complex React applications?,"Well, making the application not that complex is one step. Another is to use state manager like Redux. Just for fun, I made Small great games for fun. as set of solitaire games. I made them in react and used a state manager, Redux. There is no reason whatsoever to use one, I simply wanted to. It was fun.",
Trausti Thor Johannsson,How can I deal with the problem of using C++ for everything just because it is more performant?,"Now, is it? Sure C++ is fast, but is it faster at getting data from a database server than some other languages like C#? Hardly. Would you like to write the code in C++ which then converts the results from the database in C++ or in C#? I know I will pick C# any day. Much easier and faster to write the code. Use the right tools for the right job. Sure, a hammer can bang a screw into a plank faster than a screwdriver, but was it the right tool? No. I have been a programmer for over 30 years. Never has anyone who pays for my service or software ever asked me in what language or tech stack I am using. Not once. The client does not care one bit. Other programmers always like what they like for a reason or another. For most things, things that probably 90% of programmers do, the language does not matter at all, even Python is simply great for specific things, not all things. Usually when I come across developers who think one language is far superior from all others, that is usually because that is the language they know, they don’t know the other languages. Often I see C++ programmers for example, write C# like they were writing C++, infuriating but simply a lack of experience. As a senior programmer it is my job to help them overcome this. When all you have is a hammer, not all problems are nails. Picking a language just because it is faster but takes significantly longer time to write is not the right choice unless you have to for other reasons. Some projects absolutely crave every ounce of speed, like Photoshop, drivers, kernel code, CAD software. Pick the right tools for the right job.",
Trausti Thor Johannsson,"As an Angular developer, do I need to know algorithms?","You are not an “angular” programmer, you are a programmer. You are a professional. Act like one. Algorithms, sound scary but are not. Algorithm is simply a set of steps to accomplish something. All code is an algorithm. Does file X.txt exist? Yes, then open the file, add some data to it, close it, if not, create it, open it, ad some data to it, close it. That is an algorithm. Simple one. But you don’t open the “big book of algorithms” and learn them by heart. What you do need to know a bit about, code patterns, they are just solutions to very common problems. Like command pattern helps you to make undo in your app. Don’t let scary words scare you. Polymorphism, recursion, delegate, model view controller, event loop and many many more are not scary but just technical words you use to explain an idea in few words instead of 1000s of words. They are like programmer lingo, so you know exactly if you are talking about the same thing. Other professions have that as well. Lawyers have their lingo, latin phrases, does not mean they speak latin, it just means they know what that phrase means and everyone around them also knows it, saves a lot of time. In short, yes, programmer needs to know how to program.",
Trausti Thor Johannsson,"Now that artificial intelligence is becoming more and more developed, why do we still need to learn CS50 courses and programming?","Ask ChatGPT to write a small essay for you, in Latin, like ancient Roman latin. Do you understand it? Can you find problems in the text? No? Then don’t worry about it. AI won’t be writing software that makes sense, but it will help programmers and even reduce the number of programmers needed. But you need to understand what it gives you. Normally, it won’t give you code that works but most often it is what you needed, and you know how to fix it. It is there to help you. It is even quite nice to talk to it for ideas, like a good co-worker which will never think you are an idiot. But it won’t replace programmers.",
Trausti Thor Johannsson,"I'm good at programming and algorithms, but I can't understand systems like Git, Docker, CMake, etc. It seems too complicated. Am I a bad developer?","Don’t worry, everyone sucked at everything once. I came from Subversion version control system. I did get Git but it took me some time to figure out that it was local, was the big thing. That I could send the code through ssh to another computer, I could pull from other peoples computer. It did not happen automatically, it happened because I used it. Branches in SVN were heavy. They were complete copy of the whole code, so I did not use branches. I tried to be more “professional” and used a dev branch and master branch, which I would merge. But it wasn’t until after a few projects in Git that I noticed how branches only took a few bytes of disk space. You get there by working with it. Docker was similar. I got virtual machines early on and loved them. For me, at first, docker was like a quirky way to have small version virtual machines. I kept working on one, kept pushing my changes back but then I got it. It took me working on it, trying it out to get docker. Today I love docker and docker compose and kubernetes. Everything is complicated, really is. But when you start using it, not reading about it. Reading about things is just like introduction. It leaves you with ideas but no idea how to use things. It is like reading about swimming, it is fun, it gives you an idea what swimming is but when you jump into the pool, you remember nothing at all. Same with programming. You can read book after book until the sun burns out. It will not teach you programming, not really. It gives you the idea of programming, what can be done. When you then sit in front of a computer and try to type in some code you just read, you got nothing. You have to type in the code from the book, not copy and paste, type it in. This opens up you brain, you start asking questions, where did that part come from, where does “i” come from, why is it like this? This is the only way to learn. No matter how well you understand this when reading, it has zero value in reality in front of your code editor. Find a book or tutorial about things. The follow along, and do everything by hand. Type in all the code in the tutorial. Does not matter if you understand it or not, really doesn’t. Then type it in again, again, again and suddenly, you can write the program without looking. Not because you know it by heart, you do know some of it. But because you understand it. I am like troubled with ideas. Back when I was beginning, I might hear a word like DELEGATE. I don’t understand it, not programmatically. I know if I ask someone to do something I was asked to do, that is delegating. So, I stop there, either quit, change focus or overthink this until I feel it is ok to continue. Later I learnt to just go past this. It is ok. Just keep the ideas in the back of your brain. Suddenly you will get it. Do the work. This is why programming courses in universities are not about doing one large project but 1000 large projects. This is why math classes have you calculate 1000 examples that are quite similar to one another. By doing the work, you clear the brain fog. Sometimes you simply have to do the work twice, three times. Basically, if you have the brain power to tie your shoes, make a sandwich then you can learn these things. Git isn’t hard. It is just, take the changes and store them. So when you pull down a project, you are just pulling down series of changes in the right order which add up to a complete code. Don’t make each git commit big, try to limit the commit all stuff, this is how passwords get leaked. This isn’t hard. Not to put you down, but 12 year olds can use git. You can use git if you are doing a report, write a novel, article. It is just about what changes have been made since last time. Docker was explained to me like, it isn’t a virtual machine. Virtual machine is your pet. You love your virtual machine. You go to the end of the world for your virtual machine. If your docker is not working, kill it and start it again. It is cheap, quick. Fix the image, not the docker instance. You will get there. In case you are wondering, no. You are absolutely not a bad programmer. Bad programmer would not know they were bad at anything. You know you lack experience there, get some. Use these technologies on your personal projects, keep using them everywhere. Watch youtube tutorials. But number one, two, three, four …. do the work. Actually type in the code.",
Trausti Thor Johannsson,Why aren't there a lot of old programmers at software companies? Are they less marketable after they reach a certain age?,"There is a huge age discrimination in the industry. My take on this is that managers like the cult oriented workplace with the fake “genius” boss. Older programmers will tell call you out, which is frowned up on. Managers also like to keep people working crazy amounts of hours, not to have a personal life. I know how this sounds, but this is why the fridge is full of beer and energy drinks. This is why it is ok to drink after work, why go meet friends if you can get drunk at work for free. This management style can have great benefits, people get real close and look at one another as family and friends. But you must maintain a balance. People over 30 years old have kids and stuff, they need sick days, a lot. People older than that need to fix their house and you know, life. That is frowned up on in many companies, the popular large ones. But there is also another aspect. When I started out, 30 some years ago, there were not that many programmers in the world pretty much. But in the last 10–15 years or so, that number has exploded. So the number of 50–60 years olds are still there, there are just so many fewer than 20–30 year olds. Many of the programmers went into management. You see, 30 years ago and right into the 2000s, salary was perhaps not bad, but it wasn’t that great as it is generally today. So, management might pay double or more, stock options, nice car and such do sound amazing. I would say, besides age discrimination, there are quite a few older programmers still working as programmers. They simply disappear in the crowd. I have worked in a company where the new owners simply got the payroll list, printed the names of people over 40 or 45, and little by little those people disappeared. It is highly illegal to do this but it is hard to prove. New owners often want their own people in the right places so the turnover in recently purchased or merged companies is quite bloody",
Trausti Thor Johannsson,"If God is responsible for saving Trump from assassination, as was supposedly Gods will, Biden suggests that he won't step down from office, unless God 'himself' removes him, how can he navigate this if he can't even exit a stage without supervision?",Why would your god save trump? Why would he allow a shooter to go there and try what he did try? Why would your god make a situation like this? That doesn’t seem like your god has much to say about anything,
Trausti Thor Johannsson,"Which popular actors starred in popular movies in the early part of their career where they played side roles and went unnoticed, as Scarlett Johansson in Home Alone 3 and Chris Pratt in Wanted?","Johnny Depp in Nightmare on Elm Street, the original, the good one. Lets sauce him up, real good.",https://qph.cf2.quoracdn.net/main-qimg-a92cf9d94d8917741c94c156d6c27982
Trausti Thor Johannsson,Will CrowdStrike survive its failure to properly execute a quality test of its software upgrade before rolling it out to the world?,"Yes. Absolutely. If any company will never release untested code again, it is Crowdstrike. Plus, at worst they only need to change their name if all else fails. Too many companies rely on them.",
Trausti Thor Johannsson,Why is it so difficult to choose between 100% electric cars or hybrid cars? What is your advice?,"It really isn’t. If you have to have an offroad car, no electric car will just do right now, not that EV cars can’t do offroad it is just still better fuel cars and cheaper and more available. Other than that Ev cars cost much less to own, they are more fun.",https://qph.cf2.quoracdn.net/main-qimg-46bf39298f9eb9c9b327d8c812f31d1a
Trausti Thor Johannsson,Should patients have the right to try experimental treatments not yet approved by regulatory agencies?,"You can usually get into medical experiments that are ongoing. But going to a magical doctor in a far far away place is always a scam, always. Magical treatments in countries with little to no regulations and such, always scams. So. There is a wide variety of such experimental methods. Normally, listen to your doctor and follow his/hers guidelines. Sometimes you might think an experiment is just right for you and your doctor disagrees because the situation is more complicated than you know. Don’t like your doctor, get another medical doctor to give you second opinion. Don’t listen to chiropractors and massage therapists, please.",
Trausti Thor Johannsson,Is any laptop enough for a full stack web developer?,Yes pretty much. If you search long and hard you might find incredibly awful machine. But the smallest i3 machine today is faster than a top of the line core2duo 10–15 years ago which was just fine back then. We are mostly till using the same tools,
Trausti Thor Johannsson,Do people like you always learn the truth the hard way?,"If you never make mistakes, you are never doing anything",
Trausti Thor Johannsson,How do I remove duplicate items from a list in Python?,"You simply loop over the list, add every item of it into a new list if it isn’t already there. You can also do the same thing, except for each item in your list, you jut add it to a set (a = set() ) Set can only contain the same item once.",
Trausti Thor Johannsson,"If Trump follows through on mass deportation, will our country collapse?","It matters how he does it. But the legal ramifications are simply so big. You see, any illegal immigrant kid, born in USA is a USA citizen. Back in the day, 1950s, president Eisenhower issued what was known as “operation wetback”, which is a slang for Mexican people. This meant forceful deportation of Mexican people from USA basically. Find anyone who looks Mexican and put them in trucks and drive them to Mexico. The thing is though. Many of these people, were USA citizens. Some even did not speak any Spanish. They had been in USA for generations, back when it was ruled by Mexico. Besides this causing massive uproar, it was wildly unpopular and Mexico really did not know what to do with these people. This caused lack of people in harvesting, cleaning and major industries all of the sudden had no workforce. The unforeseen consequences were pretty brutal and there is a reason why you will not find any mention of operation wetback in any Eisenhower memorial. This was a catastrophic failure. One day you had a house, car, mortgage, job, kids in school, the next day you were sent by car like sheep and basically put away with no food, water or anything in the middle of the desert. Many people died. As far as I know, the idiots behind this plan were never punished, like with so many stupid bad things happening. They were probably promoted. You have rich people convincing you that your life is hard because of immigrants, whom the rich people then hire instead of you. That’s funny and sad, mostly sad though. Watch this",https://qph.cf2.quoracdn.net/main-qimg-380925ac7f36c925aa2aa4d0b97c0b7b
Trausti Thor Johannsson,"I’m trying to learn Linux distros with LFS, but I can’t find a host system that meets the requirements. What can I do?","Just pick one and stick with it until you are familiar with it, meaning you can fix tasks and add software along with removing it, configure services and such. An oversimplified answer is that distros differ mostly in how packages are installed, be it RPM or APT, basically Debian or Redhat branches. There are others like Arch linux that is very popular and their package manager is called Pacman, but as I say, there are others. All Linux distributes are basically the same underneath is the simple answer. They differ in what is available out of the box and a few of them offer very cool things like distributed processes, where you can run processes on other computers, inside docker or even kubernetes. But the big ones in no particular order, Arch, Debian, Fedora, Ubuntu, Mint, PopOS to name a few, you are working pretty much the same, you can get the same software but some might require more work to install. Then there are default window managers and display controllers, Flatpack, snaps and few others. But if you know Linux, you will be quite ok on any distro really. It is really fun to see all the ideas where they differ. I just wish they would put as much effort into making Linux be THE desktop OS, been waiting since early 1990s. It is getting there but the focus is not on the things absolutely needed to get 3rd party software to Linux faster. Two things to learn Linux. Either buy an old gaming machine, those can be found for $100 or if you have a good computer, use virtual machines. This takes the headache of installing off the table and gets you that quick fix needed. I recommend Mint, Cinnamon version. It is extremely well documented and easy to find guides to fix just about anything. Like on one computer I had this tick in my speaker, just randomly there was a tick like a clock in the speak, tick, tick, irregularly but quite frequent. Took me seconds to find an easy solution.",
Trausti Thor Johannsson,What should I go for? Full stack web development or python programming as a beginner.,"I am not being bad or cruel, read the whole answer. What should I go for? I know how to turn on a TV or be a rocket scientist? That is how your question sounds like. To be a full stack developer you must know quite a bit of everything in the tech stack the company is using. You might be a full stack developer in one company and be complete beginner in another company. You must know databases, operating systems, networks, dev ops, programming, design and many many other skills. You don’t learn to put batteries in an alarm clock and call yourself an electrician. You don’t just hammer a nail into a wooden plank and call yourself a master carpenter. You must start at the beginning, learning python is an excellent way to start. You just need to start somewhere. It is often said, how does one eat an elephant? The answer is one bite at a time. Take it slowly, take the time you need. The people selling course claiming you can be amazing developer in 2 weeks, they are lying, plain and simple. Just start slowly, follow along with tutorials and I can’t stress this enough, type the code you see, other wise you simply won’t learn anything. Start with python and make games. Guess the word, mad lips and so forth.",
Trausti Thor Johannsson,How can a business analysis certification help you get your dream job?,"If your dream is to work as a business analyst, then that works out quite well for you. Well done on picking the education for your dream job",
Trausti Thor Johannsson,"What is the best single beginner friendly YouTube video tutorial, to teach you how to code a game like Rockman, or Super Mario World, from the beginning to the end, using lua, or python, and which one of these two languages, is often the best option?","Actually, there is exactly a system like this, more than one even. You are simply using someone elses game engine, but that is just fine. Make stuff, it is fun. There is at least a system called Corona SDK. It is LUA and it is simply amazing. The time to get started is practically zero. Their community is outstanding and helpful. I am not at all affiliated with them in any way shape or form. I Just spent like a year making games and apps using their system. I can tell you just one of my first ever games which was just a test. I called it balloon popper, it was never released but a few friends of mine got a copy. You get a balloon that expands, you die if it pops. You get more points if you wait. But as time goes on, more and more balloons appear, which you need to pop by pushing them. Eventually you have too many and you are game over. Now, just for fun, I bought this amazing song and used it in the game, and it fit like a glove. Ewan Dobson, Eurodance. I even contacted him, I am sometimes a Google ninja :), asked him if I could do some sort of license deal. He was flattered and liked the idea but said no, not yet. But it fit like a glove. I simply loved working in this environment but could not make it bring food on the table, unfortunately. I still give it a try once in a while and it is so much fun. When you add a steel bar on the middle of the screen, then add gravity and watch it plummet. Hours of fun. Number one two and three. Have fun.",
Trausti Thor Johannsson,Microsoft users face global outages multiple times a year. And there are millions of individual level bugs that waste valuable time and word done without even reporting. My question is who should pay the cost?,"Cloud just means other peoples computers. Instead of you running your own servers, you pay someone else to do this. Cloud means nothing, just marketing term. Go back 10 years or so. Plenty of companies had outages now and then, banks, insurance companies and even travel agencies. Every company had some outages every year. You could mitigate it a bit by having everything dual, at least but that on it’s own is very complicated. Many things cause outages. Faulty software, network switches, network cards, cables, power supply, disk failure and even a fan inside the server could make the server shut it self off with no warning due to overheated CPU. When Google, Amazon or Microsoft have failures today, they are most often localized, not world wide, does usually not affect all their customers. But they are simply running server rooms with computers just like people did 10 years ago. They just run much larger ones than anyone ever has, and more of them. So, when something goes down, it does not affect a single customer but a whole lot of them and the use of 3rd party API systems, this has some trickle down problems, as services rely on data from a server that is down now. I think companies that rely on everything being 100% all the time need to run things themselves. When you offload everything to a 3rd party, you are simply a customer. Sorry, but going down once in a while is normal, you should be smart and have backup systems running but that costs insane money. As for the todays crash of Azure dure to virus warning system apparently, Microsoft is at fault here but I am sure companies with SLA contracts will get some money back, others will not. I don’t think anyone but the client ends up paying for the downtime. You can try to sue Microsoft but they are so large that they can keep you in court for 100 years without blinking. When you rely completely on your computer systems running, and without them you are nothing and can’t do anything. My opinion is that you should absolutely NOT outsource this vital part of the business. To keep airplanes on the ground, ticket systems not working among other things, you are at fault. You outsourced this. You decided to save some money by outsourcing, you are to blame, solely. You locked yourself to a vendor, you setup your system in such a way you could not run identically at AWS and Azure at the same time, you are the guilty party. Spotify and many others have taken their own vital services and run them in their own datacenters. Facebook runs their own datacenters. If your business is dead if some computers fail, you should be responsible for running these systems. You can outsource some services, non vital. But your vital services should be under your control. Shit happens, all the time. Azure, AWS and Google are not immune to it. You have complicated systems, in my opinion, if you can’t go down, you have to be the one who runs it. This could very well be just me, old server dog, but I simply can’t see why large companies pay insane money to AWS to be complexly locked in, and sure you don’t have expensive staff but you have even more expensive contractors waiting for your call. It simply astounds me how businesses can seemingly always downplay computer and software expenses, how they are willing to pay tens of thousand of dollars to hosting companies and not to their own people. Do you have a phone number at Microsoft to call in case of an error? At Google? No? I used to be woken up at any time of night to fix stuff, which I did. I seriously think companies need to rethink their IT stuff, your business is nothing without servers, switches, databases and infrastructure works, then don’t treat your infrastructure like it is nothing. Companies can only blame themselves.",
Trausti Thor Johannsson,"If I get a laptop with an operating system DOS but I want Windows instead, will it cause harm to install Windows and override/permanently remove the DOS operating system?",Is this question from before 1995? I doubt you can buy a laptop today with DOS. I saw a few in France many years back with FreeDOS though but they were utter garbage computers. Just install windows over it,
Trausti Thor Johannsson,Which actors are known for their acting but are really good at something else?,"Jason Lee Not only is he great at growing a really fine mustache, but he was about to turn pro in skating when he hurt himself, got introduced to Kevin Smith and the rest is history. Just imagine, without him we would never have had his characters, most of which are unforgettable. Just a side note, Steve Martin Is a world class banjo player. Playing banjo does not get one laid he says. But damn he is great. I tell you, go to youtube and search for him. Besides being a great actor he is so funny, could read from a phonebook and still be funny. Simon Helberg is both a great actor, comedian but he is also a really amazing pianist.",https://qph.cf2.quoracdn.net/main-qimg-42cb21fa1f98098cb509efc5c2265cc4
Trausti Thor Johannsson,"Why do I feel uncomfortable with gitflow after some years of trunk based development, pair coding and review? Is it common to feel that all this PR culture is too ""cold"" and immature for teams working in the same product, architecture and repos?","I honestly don’t agree with you, I am like 100% disagreement. CVS and SVN, where everyone would work on trunk, on a server, conflicting code and code messes, failures and repairs are completely gone now, with things like Git and Fossil SCM. You are looking at this wrong. Completely. Now, feel free to over complicate this as much as you want but here is the GIT 101. Git is amazing for solo developers, small teams and all the way up to enormous teams. You have a branch called Main or Master. It is a good idea that NO ONE can commit directly on that branch. You should only allow pull requests from Staging in there, no other branch. But if the project is small, then just use the next branch, Dev. Dev branch. It is the source of truth, kind of like your trunk. This is the latest code. Unless it is a very small project, you should normally not commit directly on Dev, no one. You should always branch from dev based on ticket or project. Call your branch like “bug/1124-missing-phonenumber”. The branching of bug/ feature/ fix/ and so forth is not needed as branches are deleted once they are merged. But if you are working on many branches at the same sprint / time, it is a good rule. Now, keep in mind, you can do this all completely locally with no internet connection. You then make a pull request from “bug/1124-missing-phonenumber” (or “T-1124-….”) into dev. This makes it possible for some other people to look over your code, code review. Code review is great, it keeps you from accidentally leaving passwords, tokens and other secrets in the code, it also helps to get rid of accidental logging. But once you are merged, and others working on other tickets, they can now pull the latest changes from Dev branch, it might hurt their code if they don’t like you added a field to the database. This is also a fantastic time to have a build server like Jenkins (completely free) to run tests on your code, including end to end tests, like do all database queries still work. Did you accidentally re-introduce old bugs? Is there something breaking? Then a build master, makes a pull request from Dev to Staging. Staging usually has real database, often a clone of production, no one should have access to that database directly of course except through code. Staging then runs all tests again with real production data, which is quite often weirder than any programmer can do on Dev. Some people add Test branch between with a Test database. It is up to your team to decide if external services should be mimicked, if you have full stack like Redis, cache servers to test or not. This makes it easy to do simpler tests on Dev and increased one on Test and then full stack test on Staging. Then things go into Main / Master and go to production. It is up to the team to decide when Dev goes into Test/Staging. But Thursdays are great for that, or Mondays. You should then make production ready on say Wednesday, you have some days to fix things that could come up. Now, for everything, any day is fine to do whatever. But please for the love of everything, never release into production on Friday, no matter what, even a small one liner. You never know what can and will happen. As Murphy says, if something can go wrong, it will. If you see some bad things happening once in a while on your computer, know that it will happen a lot on production. Final thoughts. I use the Main/Master -> Test -> Dev -> feature ranch on every project I do, no matter how small they are, if the project is large enough to use a version control, this is what I do. By doing this always, I always do it. That might sound stupid, but if you don’t touch a project for 3 week or 3 months, you forget everything. But if you always keep the same structure, you at least don’t need to remember that and it is in muscle memory. besides, it is a good practice to have good practice with your projects. It isn’t even hard work. And if you are out travelling, you just pull down latest changes and then after that, don’t worry about internet connections. Dev branches can have much simpler settings than a Test/Staging. You could even have SQLite database instead of a full blown SQL Server/Oracle, you can have very limited data, just enough to make tests work locally. The old way of working was dreadful at the time when there was nothing else. If you want to check out something super cool. Check out Fossil SCM. It is made by the ever great Dr. Richard Hipp, the maker of SQLite. The SQLite code is in Fossil. It is self hosting, as the server that shows up on sqlite . org, is Fossil itself. It has built in issue tracker, wiki pages and much much more. It works also without network and at the end of the day, everything is stored in a SQLite database, so is is quite robust. It works very similar to Git. I personally use Git but used Fossil for years. I am just to used to Git at work now.",
Trausti Thor Johannsson,How come in a dual boot I can see the Windows 10 partition from Linux but not vice versa? I can't see the Linux file system from Windaz.,"There are apps which allow you to mount linux partitions under windows. But it will mess with rights on files and folders. Linux has a built in driver to read NTFS, and therefor it can read and write to Windows disks, but the same goes for access rights, if you mount a disk, you own everything on the disk. Windows doesn’t need to have drivers installed to read linux disks. Usually you would access them using samba as an example from remote places. In short, Microsoft has not seen this as an issue worth investigating. They are brutal about their NTFS systems. I know that Veritas once tried to make a driver for their filesystem in Windows, way way back, and they were told that their software would not be guaranteed to run on Windows if they did. This was even after the settlement with the DOJ. Microsoft only wants NFTS in Windows and so far, they have succeeded quite well. Linux does not care one bit, use xfs, zfs, ext3, ext4, reiserFS or any of the plethora of others.",
Trausti Thor Johannsson,Is freelancing or full-time employment making the right choice as a Ruby on Rails developer?,"I don’t know if I should start the negative first or positive …. Let’s see how I do. I love freelancing, best thing in the world. I have freelanced as an iPhone developer, web developer and system administration, kubernetes deployments and much more. There is like nothing better, seriously. The biggest downside of being a contractor is that you don’t have any friends at work, even on a long term project of over 6–10 months, you are not usually invited to company stuff like trips, celebration and such. Even though your boss is a complete ass hole (you are your boss in case of misunderstanding), I love being a freelance contractor. Before the real negative. Being a fulltime employee means you have co-workers, health insurance, days off, vacation and most companies have free drinks, coffee and even food but there are also massages, therapists, gym membership and I could go on. You usually get food and coffee if available. You get a paycheck at the end of the month, taxes paid, holiday pay put in correct place and so forth. Companies give you the equipment you need and such, as a contractor you often get company equipment but mostly you need to bring your own, which is usually great as I tend to buy better equipment than any company would get me. It is relatively stress free of being salaried employee, in my case, I have never less than 3 months on salary if I get laid off, sometimes it can be 6 months. You can look at this like playing frisbee golf as a professional. As an employee, you work on what the company tells you to, not always fun. As a contractor, you still work on what the company wants you to work on. You will use a lot of time doing billing. You need to make contracts of what is included like if they pay for lunch, expenses like travel and many other things you normally never consider. Most often, companies will just pay an hourly wage, not during lunch, no overtime and most often it is not required. You need to keep a journal over what it is that you do every day, because someone completely unrelated to your project will nitpick your hours every month or week. They never believe you are under reporting, which is something you will do. You need to keep every receipt, every receipt. I usually have a company, ltd or ehf or AB depending on the country. This protects me. You can always get sued for any number of things. Including the company you work for going under, you have unpaid bills and the new people who bought it or lawyers in charge of the bankruptcy will use their powers to get you to forfeit your bill, you are much easier to deal with than a large corporation. This is why you should get such an insurance eventually, talk to my lawyer is always the ace in the arm in such cases. A board member might take it upon themselves to sue you for your bills or just to be an ass hat. Even if the person in charge of the project is happy and stamps approval on everything, you might still get sued or called in again to defend your bills, this is why a journal is super important. You can’t do it the week after, you have forgotten. If you commit code, keep the commit id’s at least. Notion is a great tool for this. If you get sued, they can only go after the company, not you. They can never take your house. Same if your company goes bankrupt, it happens. You just lose what the company had, not your own money, house, car and such. If you bill using a VAT number and your ID, you are open up for losing everything. Never co-sign a company loan unless you have to, it is easier to bankrupt the company and start another one. You need to deal with tax office, accountants, business bureaus, follow up on payments and you need to do pay salary to yourself. Keep in mind that this way, you could be entitled to unemployment benefits if you run out of projects but you need to pay that extra, and usually you pay yourself bottom salary and the money accumulates in the company, both great ideas except if you need insurance, paid back sick days and such, you get the bottom salary. When you get a house loan, that is your salary. I hate the book keeping part, scanning receipts, talking to accountants. I just want to do the work. The middle ground is to get what I call a pimp. There are many companies out there that companies call on to find them contractors, you go through them. You bill them, not the company and you are forbidden to even contact the company for a year or two afterwards, you can’t accept another project from the company if they offer it, you go through the pimp. Usually you bill the pimp and the pimp has insurances and you will always get paid no matter what. You talk to the pimp if you are unhappy with things, like things moving slowly. Usually the pimp has 60–90 days before they pay your first bill. That isn’t bad, this means you get paid for 2–3 months after you finished the project and you get to find another project while getting paid, and if the pimp gets you another project, you are usually good to go. This way, you have much simpler billing practices and they are in much better situation to ask the client to pay for expenses if you need them, like traveling than you will ever be. But today, I am good as a salaried employee. My income is much more level. I miss having to “need to buy” new computers to get my tax rate down, costs reduce your taxes in certain cases. Then f.ex. in Sweden, you need to estimate how much you will earn every year and pay taxes on that, which means you pay taxes every months or two, for income you have not received. There are pluses and minuses on everything. I can’t say all my full time employments have been all that good. My contract work was almost all good but it is stressful to be between projects because I am never in between paying bills. One thing, try to do something on the side. Make some websites on things that people will read, get ad revenue. Help companies with setting up webstores and charge a little every month. Setup hosting servers and charge companies a fixed monthly sum. This will add up to perhaps a thousand or two a month if you are lucky, eventually. This could prevent you from ever having late payments on your own bills. This also pays for vacations, sick days and so forth. This even pays for you to go climbing in Greece, frisbee golf in Sweden, skiing in Norway. Just make sure you have some business there, like talk to someone about Rails. Make sure your company is always in plus. If you happen to own some money in there, you can get the company to expand into renting office space and you name it. Never dry up your company.",
Trausti Thor Johannsson,"Is Ruby on Rails, JavaScript, HTML, and CSS enough to be a full stack developer?","No. That is not what a full stack developer is. That is what a programmer is. You can write the backend on Ruby, frontend in Javascript and such. Full stack means the full tech stack of a project. That means you know how the database works that is used, be it Mongo or some SQL server like MySQL. You know how the operating system works and you could deploy a new version, including database changes and everything else needed. Now. This does not mean you are an a database expert, that would be a DBA. This does not mean you are a Linux or operating system expert, that is System Administrator. Networking people would do the networking needed but you should have some understanding. Full stack means you know the complete stack and you could get into whatever is troubling or make a new feature, wherever that might be. I would even include writing views and stored functions/procedures in the database. Full stack means knowing the compete tech stack of a project, from development to production.",
Trausti Thor Johannsson,"Is it normal to not know how to start programming a code, and how do you use your skills for it?","Yes. Quite normal to just stare at the screen and watch the cursor blink for hours even. I feel that typing just something, some code, delete it and do this like a crazy guy helps get started. Just get the basic setup running, connect to database. Things like that. I overthink everything quite a lot and my brain goes to solving problems far into the project so it helps just to get the basics up and running, the skeleton",
Trausti Thor Johannsson,What is the best website that may provide free web development courses?,Youtube is by far the best source for free material,
Trausti Thor Johannsson,"If the Democrats say Trump is Putin's puppet, yet Trump and his VP Vance claim that Trump could've prevented Putin invading Ukraine implying Putin is Trump's puppet (though he doesn't seem to be acting like anybody's puppet), who is the real puppet?","Claiming to have been able to prevent stuff is cheap, nonsensical and puts whoever who claims it in a bad light. Makes him look dumb. Whoever believes such nonsense looks even worse.",
Trausti Thor Johannsson,Why do so many people say that Rails is the worst thing that could have happened to Ruby?,"I have never heard anyone claim this. Ruby got famous because of Rails, not the other way around",
Trausti Thor Johannsson,Is it necessary to learn Ruby before jumping into Ruby on Rails?,"You will learn Ruby as you go along. But if this is your first language, it would not hurt to do some scripts or short projects first. Just some command line scripts that ask you questions, do some calculations and such. Just so you know a little bit where Rails starts and Ruby ends",
Trausti Thor Johannsson,Is it better to design a GUI first or to design the back end first in a programming project?,"It depends on the project. Usually when you work on a large scale project, you already have some ideas, designs for the look and feel because that part is what most people understand and have most opinions on. Quite often you get a design with full interface, all designed but you have to implement it and sometimes it is as good as impossible to implement it as designed and most often the designer has more saying than you do, so you simply have to do the impossible. When you work in a group with a lot of people, people usually split up and this does that and you do something else. You pretty much don’t start with a completely designed backend, data structure and your data structure is dependent on 3rd party sources often. Most common is simply to start iteratively. You start small and add to the project until you have checked all boxes. The old IBM way of starting a project where every bit of detail was already thought out, so called waterfall way has not been very successful. Things change when people see the work progress, new ideas come along and the customer has some different ideas as things progress. Iterative is by far the best way.",
Trausti Thor Johannsson,What are the hardest concepts to grasp when learning Ruby as your first programming language?,Ruby was not my first language. But what I struggle with and still struggle with is the lack of ( and ). Why omit it? It adds nothing and makes the code less useful.,
Trausti Thor Johannsson,"If being short is inferior genetics for men, how do short male genetics still get passed on?","You fail to assert why being short is being inferior. Short people fit better on planes, cars and all matters of transport. Short people are much better equipped for being fighter pilots and handle G forces way better. Lewis Hamilton in Formula 1 is pretty short as well. Being short or tall has no added benefit or detriment in learning. Shorter people have much easier to find clothes that fit, sport equipment that fits, shoes, you name it. Shorter people need fewer calories to survive. You are much more likely to be an endurance runner, swimmer, cyclist if you are shorter. Tall people, over 2 meters tall quite often suffer from ligament problems, knee problems and bad back. I simply don’t see how being short is a detriment at all, let alone bing inferior. The only place seemingly where being tall is a huge benefit is playing basketball but even there, being the tallest rarely means you are the best.",
Trausti Thor Johannsson,"How many lines of code can a single programmer handle at once, on average?","You don’t have to know all the code. Just know where thr things are happening. You could put me in a large C# or python project, just to name two languages, tell me to fix a certain bug and I will fix it in the same day with codebase I have never seen. Now, given, some bugs can take weeks to fix on codebase you are familiar with. Especially rounding errors, off by one and the notorious ones where you start working on data you have not yet received, usually stuck in a thread somewhere. I would say that a programmer with some experience will understand all the code they need to work on with a given problem. Be it 3000 lines or 50,000. This is why programmers get angry when you disturb them with meaningless chatter and football. They need to get reintroduced to the code but that happens less as they get more experience. Back like 20 years ago, I had a huge problem with getting back into what I was doing, like after a meeting. Today, I can leave on Friday and when I come back on Monday, not having touched my computer, and just get to work like it was Friday still. It isn’t that much time since I managed to do this. Back then, even code that was mine, 100%, could feel foreign to start with. Funny how ones brain works.",
Trausti Thor Johannsson,How do programmers understand more million lines of code?,"You don’t understand all the code by reading it. Not million lines. Usually, programs follow patterns, like there is a menu or events, which then triggers something. You then follow the code. Code is generally understandable. Like reading English in a way. You try to gather context and see where what happens. You will never just know all million lines but given a few days or weeks, you will ca know where you need to look for something. And here is a catch. I have been involved in very large code bases, you don’t read the whole code, ever. Even those that wrote most of it don’t remember most of it. What you do, usually when you fix a bug, you find the place where it happens. Sometimes it takes a debugger to find it, other times you might know a variable, class, call, function or a string to search for. But it isn’t hard to find the place where it happens. You should be able to do so in 30 minutes, max. When you add new features, it is often trickier. Then you usually follow how code is written there already. You will not introduce your own way of spacing, camel cases for variables or things like that. You try to follow patterns already established as best as you can. You usually find where other operations are happening which are close to where you need to be and add yours there. Usually that is easiest with regards to connecting everything and not needing to re-invent the wheel. Now. If this is some old software you are going to rewrite in a new language. This is much more involved than anything else. I will shorten this bit dramatically as this is a case for a book or two even. When you rewrite a service, completely, often in a different language or dramatically newer tools. You need to map things out. Think like a telephone operator in a way. You need to monitor the old system, find the inputs the system accepts and what it does to that information. If it is possible, it is good to write tests in the old system where you can mock things, like get an input, call the right functions and then keep the output. If that isn’t possible, gather a lot of inputs and collect all the outputs. Depending on how involved everything is, we could be talking about hundreds or thousands of examples, no need to test many copies of same inout and output. Then little by little, you write enough code in the new system to get the same inout and deliver the same output. This seems tedious and sometimes it feels like you are not moving at all. But usually this is fun, involving and satisfying. Looking at the old code and seeing all the ifs elses and buts. Your question is really good but it could use a little context. Many different types of answers for different scenarios. But if you are new and you have this project, don’t try to eat an elephant in one bite. These things take time. Usually you get projects and bug fixes, you just find similar code in the right place. Even after 5 years there could be 3/4 of the project you have never looked at. No one expects you to know a large project. Imagine a map of a country. Know where some interesting places are. The rest will just come to you. Most important is to adjust your style to the style of the project, even if it is stupid in your opinion, less effective or ugly. You will get pushback on every minor detail that is different. Tab vs spaces is a real thing.",
Trausti Thor Johannsson,Why are so many software programmers completely incompetent narcissist egocentristic buttholes that create intentionally broken products for end users?,"No need for name calling. Just because you have no idea what they do, how they do it and you are completely useless manager. There is no need for name callings. Most often, bad software gets shipped because the manager does not listen to his people and ships unfinished product. But being hurt because programmers called out your nonsense is a learning experience, no need to cry about it. Programmers are quite smart, those that are not usually go into management. Just cry, let it out. Know that you are far less capable than any of them, but you make much more money, stock options, while being completely useless and unqualified.",
Trausti Thor Johannsson,What are the steps to become good in C programming in a year with no programming experience?,"First things to become great in anything. Be it martial arts, weight lifting, running, carpentry, electricity, house building, car repairs, painting and pretty much anything is to take the time it needs to learn things. It takes years to become a good programmer. It is quite different to make a game engine and then to write a financial app or salary calculator. Very different. You can learn C in just a few weeks. You can print things, even formatted, you can store data even in week 3–4. Write loops and use pointers. Lets give this 2 months. You can be great at C even. But you won’t be doing anything really valuable. You won’t be making a real application. You won’t be writing thousands of lines of code, not well. This all requires experience. University will teach you some C and in a full year, you will be doing quite a lot with it, some even write programs that render images, that is, take in a description of circles, camera settings, lights, reflections and calculate this. But they don’t write such a renderer because they learnt C. They learn this because they ALSO learnt a lot of Math, Calculus and Physics. Under guidance and in group settings, they could make all these things come together and describe their problems in C. There is a huge difference in learning a language and being a programmer. When I was a kid, 12 year old kids wrote all sorts of games in BASIC, some even could learn a little assembly. But it took years to become good. Don’t let this discourage you. But you have no idea what programming is, of course you don’t know. You are under the assumption of learning a language and you can build anything. That is just far from the truth. That is like knowing how to hammer a nail in a plank of wood and think you can build a house, you can’t, not a house you can live in at least. Take the time it takes. Some people learn some aspects rights away and struggle elsewhere, others take some more time. Everyone is different. Now, people, don’t take this too literally. But languages are just tools to get the job done. It does not matter if you learn C, Java, C#, Erlang, Elixir, F#, Scala or anything else. It really does not make a difference. Just stick with it. Learn more. Once you can write a program that you use to write down information on stamps, cars, books or anything that is near and close to you, you can easily write such programs, just know that there is much more to it. Searching, sorting to just name two, going from first record down to last record isn’t a sustainable solution you see. Become a programmer, not some code monkey (though I think code monkey is a badge of honor, but you get my meaning). Programming is hard, everything you decide to do is hard. Becoming a plumber or electrician is hard. Takes years. But you can make a good living if you become good at this. Take the time it takes.",
Trausti Thor Johannsson,Would you eat less meat if you had to kill it all yourself?,"No? Why? I must admit I would be eating a lot more chicken and fish if it was just me, but if my dad would be with me, he could shoot some reindeer and such. The thing is, I am not squeamish about killing animals, not that I like it. I have other things to do so I outsource this to slaughter houses, which is a win win, I can do my job and I don’t need to be as afraid of contaminated meat, they know what they are doing. This vegan nonsense of “kill your own animals” is just that, nonsense. Now, I have a shorter distance to people who killed their food, my grandfather than a lot of people do. Not killing your own food is not a reason not to eat meat or fish. It just isn’t. Did you make your own clothes? Did you build your own house? Did you make your car? Then please shut up with this kill your food crap. That is all it is, crap. But me, I could shoot a reindeer, I could use a stud gun to kill a bull. I do like animals, I like their personalities and how they are. But life isn’t a Walt Disney cartoon.",
Trausti Thor Johannsson,What are the most effective tips for learning programming?,"Don’t give up. The feeling of hopefulness, thinking that you are dumb, will never be able to learn to program. This is just the way of the game. You feel this all the time, and euphoria of feeling like King of the world. This emotional rollercoaster is just programming. You feel ups and downs all the time. Especially when learning new things, the downs can seem deep, dark and deep. But you will get there.",https://qph.cf2.quoracdn.net/main-qimg-865a1a5d9faa6bf7c4fa6a22a7fdc37a
Trausti Thor Johannsson,Is setting up a web server in your home a bad idea?,"Yes and no. I once had a webserver running in my closet, with family photos, comments, you name it. Mostly to share my life with my family. Wrote it myself. Eventually it ended up running on a laptop in my basement. It wasn’t the best idea, but it saved me quite a lot of money every month. It also taught me quite a lot. Today, I would not do this as I did it back then. Back then, I had this server, gaming PC, xbox and 2 laptops. Today I have a full Dell 42U cabinet, kubernetes clusters, virtual machines, backup, photo library, digital copy of all my DVDs, backup of all my CDs and much more. Virtual servers, source code, devops and more. Back in 2003, if someone hacked my webserver, he got onto my server with nothing else and there was nothing else to hack. Today, a family of 4 has at least 4 cell phones, gaming computers, laptops, TVs and many other things. I count like 40 items on my network, not connected to me directly. I have probably 200 items, easy. I have firewalls, vlans and you name it. But a hacker would easily have access to everything and eventually my bank accounts and more. Could delete all the photos of my kids growing up, invaluable. Find ways to steal my personality and either make debts in my name or even steal my house. I am painting in strong colors, broad strokes. But it is true. Even though I am an outlier, moat people don’t realise just how complicated their own home network is, how much is at stake. I could run a server at home today, open to the internet and have it quite isolated and safe. I am a professional, I know what I am doing. I do this for a living. But I would not recommend people to do this. Today you have very cheap servers available, $30 a month pays for a beast of a machine. It is much better to do this. Back in 2003, these things cost a fortune and were quite slow and bad Never ever try doing wordpress at home and keep it open to the internet. The script kiddies, by the tens of thousands will sniff you out and hack you",
Trausti Thor Johannsson,Are there going to be people in heaven who died rich?,"Not according to the bible, no way. But then again, christianity is all about being obedient to your ruler, so ….",
Trausti Thor Johannsson,Is being a Christian the only way to receive eternal life with God?,"Well, this is a tricky question. So far, thousands if years in, christians have been unable to prove their claim, any claim and especially the one about afterlife. They have not been able to show anything beyond wishful childish claims. So, the only real answer is, they don’t know and it doesn’t look good. Like pay for a car now but get it after you die. Doesn’t sound promising",
Trausti Thor Johannsson,Did you know that Fanta was invented by Adolf Hitler?,Fanta was not invented by Adolf Hitler. It was invented by the guy who made Coca Cola in Germany when he no longer could get syrup from USA due to Germany being locked down. He then just mixed everything he could to make a new fizzy drink. Not Hitler.,
Trausti Thor Johannsson,"Which is the most harmful soft drink, mountain dew or fanta and why?",Most people die from lack of water and drinks. No one dies from drinking mountain dew or fanta unless they drown in it. This is just ridiculous question,
Trausti Thor Johannsson,Are you disappointed with your Tesla car?,"Sorry to break it to you, but I am 7–8 years into owning a Tesla car as my first and primary car and I love it. My next main car will be a Tesla, I simply don’t see any contender, perhaps BYD top end cars but they simply cost more than a Tesla so …. why buy them? Now, before you go on a hinge about this. I have had my drivers license for over 33 years, I have always owned my own car during that time. I can easily remember over 20 cars I have owned, I know I am forgetting some of them. I have changed clutches, head gaskets, more than one. My first cars were very cheap, very cheap. I have fixed basically anything that those cars threw at me, of course my dad helped, he is a mechanic. But I never liked doing any of this. Changing oil every 4000–5000 km back then (1990-ish) or even today every 20,000 km feels like a rip off. Timing belt change which require to rip the car up into small pieces is beyond me. Car companies know this needs replacing every 90,000 km, which is 3 years for me, or less. When I first bought a Tesla, super red Model S 2014 model P85. I expected that I would need to settle for a lot, long charging times and stress. But I bought it nonetheless to get rid of extremely high costs of owning cars, even since around 2000, I mostly bought brand new cars. You have to keep the warranty or you pretty much can’t sell them. Every car I have owned, I end up HATING it. How it just drains my wallet. Costs a lot, need to go to a dealer and leave the car 1–2 times a year. Just hate it. So I was willing to suffer differently, mostly with time instead of money. Wait here, wait there. But I was mistaken. I did not need to wait here or wait there. First of all, driving 300–400 km stretch, usually takes 3–5 hours. My last main diesel car could drive over 1000 km in one go. I routinely drove 1200 km trips. But stopping every 300 km or so turned out to be a blessing, really it was. Resting, peeing and all that, eating also. Not that my family ever allowed me to drive 1000 km in a stretch, they also have their own calls of nature. Usually, on my diesel car, driving those 1200 km, took 13 hours, 14 hours. I was dead the next day. On my Tesla, stopping 3–4 times, I was full rested the next day, you know what, the trip also took 14–15 hours. Little later, I could watch videos inside my Tesla, making those stops much more fun, see a comedy episode and then drive off. The only that completely perplexes me, why do people love their fuel smelly cars? I know, some people change their own oil and keep their car for 20 years. I am not there, 99% of people are not there. I understand off-roaders who need jeeps, there is no equivalent EV car, yet. But your daily commute, why not an EV? It is only cheaper to own, by a large margin, more powerful and much more efficient. The cost of owning a Tesla is radically different than a fuel car. Even if something happens to your car, Tesla service is super service, not even that expensive. Fuel costs are like 10% of what it was and I never have to go to a petrol station unless I am there to buy ice cream, yes, Iceland is weird about it’s ice cream. Just driving an electric car is so much nicer. You really don’t understand the noise, rattle and other things with fuel cars until you drive a Tesla. Yes, my first Tesla had super nice gas shocks, but my current Model Y does not, you feel it. But I also feel it when I drive a fuel car, just how uncomfortable it is. I never noticed it until I test drove an EV, and I got the EV owner to allow me to drive quite a distance. Never going back to a fuel car as my primary car, never. I am not alone in that way of thinking. Basically every EV owner who is not trying to make money on Youtube or his blog, has the same idea.",https://qph.cf2.quoracdn.net/main-qimg-a22bd64d7dc7db5461501c96fc019396
Trausti Thor Johannsson,I like to use Linux but I don't have any knowledge about Linux distro. Where should I start?,"Basically like this. Pick a distro. Pop OS and Linux Mint are quite nice, popular and most importantly, you will find webpages that cover just about anything you want to do using those two. Watch videos on how to make a virtual machine on your computer, install those operating system as a virtual machine. Yes, do this, unless you have a 2nd machine. Then simply take one step at a time. Learn to configure it by watching videos and reading books. It will go very slowly at first. No matter how convenient it is, don’t use root as your user, just don’t. Just decide what you want to get out of using Linux. What goals do you need to accomplish in order to feel good about this experiment? Make a top 10 list of things you do on your computer today. Accomplish them on Linux. Once you have installed it, start to feel good about this. Don’t feel like you are using something complicated, it isn’t any more complicated than Windows, seriously, Windows is very complicated once you need to change the smallest details. It is fine watching videos with advanced Linux use, you are not there yet, you will get there. Just know that you can do those things using Linux, either write down notes (best) or try to make a mental note of it. You don’t need to know exactly every step, just know you can accomplish the thing that is being accomplished. Learn basic Linux. Read books, a lot of books are available for free, e-books. Buy used books at http://alibris.com or some other shop. Buy kindle books. Learn why user management is important (don’t become root), why sudo is your friend and what sudo is. (I think sudo means superuser do … something). You will not get this in few days. You will get this, like I said, it isn’t complicated. If you just want to be a user, GUI user, fine. Then don’t learn command line utilities. You can always learn it later, just keep in mind that a few things do require command line to do, but chances are that you don’t do those things in Windows today either, so it waits for another day. For browsing, editing text, even office work, Linux, out of the box, no command line is just fine. Libreoffice is actually very good office software, like really great. If you have a certain workflow or ideas in mind how windows works, don’t try to change Linux into Windows, you probably can get quite close. I also tell this to people who try a Mac, learn how it is supposed to be done on the device itself. Be it Linux or Mac, they have their way of working, Windows has that as well. Other apps and services on those platforms try to mimic how the operating system looks and feels to help you out. So, don’t just quit because everything isn’t just the way you think is better, like Windows is. You just have to learn how to do them in Linux. A short story of myself. I used Linux since it was in a beta version in 1991 or thereabout. Before the WWW became a thing. But mostly I used Windows and MS-DOS. In around 2003, I finally made enough money to buy a nice Mac Powerbook (that is what they were called back then). Everything was different, back then macOS X wasn’t even all that finished, 10.2. I mostly bought it because I had started to take digital photos and the JPEG virus had just been rampant, destroying everyone's JPG photos. I wanted a safe system and I was intrigued with Mac OS X. I decided to not try to use the same apps or tools and re-configure keyboard mapping and so on, like I still see many people do. I learnt to use a Mac the way it was expected. This also keeps a better separation between your computers. Set yourself this goal. For the next 10 days, everything you will do, will be done on Linux. Even the things that you have no idea how to do, especially them. Gaming and if someone is paying you to work differently is ok to go back for. But sending email, browsing, writing, note taking, photo handling and everything else, learn to use Linux. Don’t give up.",
Trausti Thor Johannsson,"My elderly parents refuse to stop using Microsoft Windows, which is freedom hating proprietary software. I asked them to only contact me using GNU/Linux and they have refused. Since they don't respect freedom, should I cut them out of my life?","I think your parents should cut you from their life. First and foremost, because you are a lousy troll. They did their best to raise a full grown troll with meanings and activities, but they failed. Another reason to cut you off completely, no one says GNU/Linux except Richard Stallman.",https://qph.cf2.quoracdn.net/main-qimg-bbd41e2dd56f020b500c10d372f13145
Trausti Thor Johannsson,What is better out of non-organic seeded grapes and organic seedless grapes?,"Let’s just start with the obvious one. Both of the grapes are organic, not like one of them is a rock or salt. The organic one is just way more expensive. The whole question really is, do you like seedless grapes or with seeds. That is it. I don’t care personally for seeds, sometimes they are just hard as rocks which hurts if you chew them. I try to never ever buy anything with an organic stamp on them, because they are less nutrient, smaller, need much larger land to grow, much more water, much more pesticides for a much smaller yield of crops. Why pay much more for something that is much worse in every possible way? Say no to organic marketing nonsense.",
Trausti Thor Johannsson,How would you fix the character of Jar Jar Binks (without erasing him from the films)?,"Change his voice, dramatically. He could be just gobbletty gook that he speaks like other “aliens” in Star wars. All this “meesa” this and that is more annoying than nails on chalkboard, it really is. Don’t make him this stupid, he could be a sidekick but look at other successful sidekicks to super serious characters, Eddie Murphy in 48 hours, Mel Gibson in Lethal Weapon. The sidekick should give off something, you should care for or about him, you should be asking what will he do next. You should be anticipating what he does next instead of hoping that he isn’t in the next scene. Take Wookiee, he is actually a good sidekick. He has emotions despite not being able to speak. He can be funny and scary. He could be clumsy, all fine, drop things, hurt himself but remember, you HAVE TO CARE, if he breaks an arm, you have to feel an “ouch”, “damn”, something. Like the best scene in Phantom Menace, absolutely perfect scene. When Anakin goes into the rooms with the kids and closes the doors, you know what will happen, how it will happen and why he did it. You could see his face was exploding with anger. You felt great deal of sadness for the kids despite they were perhaps annoying earlier. When it was made clear that the kids loved Anakin, trusted him, looked up to him and they loved that he was there with them, then he closes the door. Nothing more needs to be said at all. Perfect. That scene was the best scene of all in all 3 prequels. Pure emotions and the audience felt I felt a great disturbance in the Force, as if millions of voices suddenly cried out in terror and were suddenly silenced. I fear something terrible has happened. Now, writing a sidekick is hard. Take Rush Hour, the first one was really good, the second one was too much screaming really but it was ok. Jar Jar was super annoying because of the way he spoke. Had he been more normal, it would not have been as bad, but you did not care at all. That he can trip and just obliterate whole armies is ludicrous and even kids hated that, plus, fighting robots should be able to stop him without a problem. Like, take Kevin Hart as a sidekick to The Rock. He is ok, he is Kevin Hart and that is ok, can be a bit annoying but he is ok. You add a little drama to his life. Same with Tim Robbins and Martin Lawrence. Martin was at his best in Nothing to lose. He played off Tim Robbins perfectly. They had chemistry, they fought, they bested one another, they helped one another. Jar Jar, offered nothing. Tech guys have removed Jar Jar from all scenes in Phantom Menace and it did not change the movie at all pretty much, even made it better. Of course the end scene fight was a mismatch but that tells you just how bad he was. Another one who could use great deal of editing is this one Boss Nass. Why the brrrrrrr and head shake when he talked, also stupid and annoying but his character was a bit better, not much. You would not have blinked an eye if the Emperor destroyed his underwater city and all his people. You would not have cared one bit. Just the problem with Jar Jar, is how bad the overall movie was. The movie was a complete turd. There were almost no redeeming qualities. Heck, you would not have cared if Obi Wan and Qui-Gon would have been killed or sent off on a mission that wasn’t followed up on in the movie. They simply walked and talked and moved their sabers and deflected every “bullet”, they can move spaceships with their minds, they could simply have collapsed places with enemies. The movie was a complete turd, you can’t save it by just saving Jar Jar, people just hated the movie and the hate focuses on Jar Jar because he is almost in every scene.",https://qph.cf2.quoracdn.net/main-qimg-2f03cf2bfc96ee23501d5942c85ff9a7
Trausti Thor Johannsson,"My son’s DOB is 14th April 2003 at 9pm in Gujrat, Pakistan. He wants to apply for an Australian study visa. When will he get success?","He needs to have some specialisation, good education and then apply. Astrology has absolutely nothing to say about anything and especially this",
Trausti Thor Johannsson,I have a laptop with 1TB HDD and 500 NVMe. I am thinking about dual booting Linux with Windows. On what drive should I put it? The NVMe is small and the HDD is extremely slow.,"Both drives are replaceable. You should at least remove the HDD and put in an SSD, you can get them from $30-$50. Same goes for the nvme disk. I would split this, so my main operating system is on the nvme storage and my testing goes on ssd. Your computer will get a new lease on life if you do this. If you only buy the SSD. Then the main operating system is out there, disk space matters",
Trausti Thor Johannsson,"If you were Zelensky, would you cut a deal with Putin to save the rest of Ukraine or would you continue to fight?","You know that any deal you make with him will be void as soon as he has trained more cannon fodder. He isn’t going to leave Ukraine alone, no way. Everyone knows it.",
Trausti Thor Johannsson,How can I get my output from this Node.js code to work?,"console.log(“message”); This is your friend. Learn to use it wisely. I use the above methods much more often than I care to admit. It is really good when you have a tricky logic and you need to see which code gets run and which does not. Just remember to clean them out, no one wants to have their logs full of nonsense.",
Trausti Thor Johannsson,Why is North Korea so advanced?,"Advanced? Seriously? Even for a troll question, this one is really out there. They don’t even have electricity outside the main capital. You can find North Korea on a map at night, because there are lights all around the country, it is like a black hole. They are not advanced unless you are comparing them to stone age people.",
Trausti Thor Johannsson,"What language would you recommend for building a full-fledged school website, PHP or Python?","Both work, but personally I would recommend Python. Python is in my opinion much more fun.",
Trausti Thor Johannsson,"What do you recommend as a prominent Node.js backend web project that I can add to my GitHub account? I am at the junior level, not a classic project.","From my point of view, a backend is just something that answers questions from a 3rd party source, it could be an open API or just served for a single front end. What I would look into is making a restful service, where you log in, get an authentication token, and you use the token with queries. Do this correctly and it doesn’t matter if this is a video streaming service like Netflix or a car sales portal, even a joke box. What makes this more interesting would be options, like pick what data to omit, or give different answers based on groups, tags or interests (really the same thing).",
Trausti Thor Johannsson,Should Python be the first programming language we should learn?,"There is no rule to success What python has which makes it both a great beginner programming language and also quite good for advanced and super technical programmers as well is just how flexible it is. Python has basically everything. Others also offer this but Python has a few things going for it. You have a very low barrier to enter, just install python and get cracking. After Python 3.8, you got built in testing tools and asynchronous programming from Python itself, no need to use 3rd party sources like Tornado. Python is an object oriented language, but you can also use it like a functional if you want. It has the basics of OOP as well as you can use multi inheritance just when you need to. You can add decorators to functions instead of having the same checks on all functions. It grows with you. As you get more advanced, you discover the tools are there for you. Other tools like C# and Java, also good tools to start with, have much higher threshold to get over as an early developer. Should you start with python? No, you should not but if you want to, it is an excellent choice.",https://qph.cf2.quoracdn.net/main-qimg-b8527907b6a70e405cc13048ca404b09
Trausti Thor Johannsson,Will Donald Trump's candidacy be affected once Project 2025 is completely revealed?,"I fear this quite a bit. They can replace everyone working for the state. They can change meterologists with just average Joe Slob because he is loyal. The Project 2025 is absolutely an architecture to change USA into North Korea, dictatorship. The president could have people assassinated without consequences, thanks to supreme court. This is quite scary shit",
Trausti Thor Johannsson,How did Microsoft contribute to the evolution of computers?,"Microsoft made (bought and then made) an operating system that ran first on most computers in the world called MS-DOS. Then they made Windows which still runs on 90% of the worlds computers. They made BASIC available on small 8 bit computers in the 80’s. They then made the worlds best selling programming languages. They made the worlds best selling spreadsheets, word processors, databases and much much more. They made the most accurate flight simulator available anywhere, including what the big plane companies use. It is so accurate, you fly between cities in the same time it takes a real plane to do so. They have done a lot of shady crap. But what they have done can’t be taken from them. Without them, the personal computer industry might not have happened, that is, unless you like paying $10,000 for a computer.",
Trausti Thor Johannsson,How would you react if I told you birds are descended from dinosaurs?,"You think this is news? You think this is something you came up with? This isn’t new, this is old news, very old. Kind of like you being from apes.",
Trausti Thor Johannsson,How is Bill Clinton paying Paula Jones different than Trump paying Stormy Daniels?,"Bill payed out of his own pocket. trump used donation money and election money. He got his lawyer to pony up, then paid his lawyer small sums, many of them, to pay for the bribes to Stormy. He used other peoples money, money people donated to be used for completely different things. Turns out, this was highly illegal.",
Trausti Thor Johannsson,Why does every tourist say they don’t like American food?,"After my week in New York, I would be insane to say something so stupid. I will say, and get sent to Guantanamo Bay for this, waterboarded and all. But NY Pizza is overhyped. There I said it. Now, it is great, it is good, I will absolutely have it again. But it isn’t the best pizza I had in New York, I had better which wasn’t the so called NY Pizza. The steaks, amazing, but serving me 750g, 26oz steak. I am not a competitive eater. It was too much. But damn it was amazing. Burger King, Wendy’s, Shake Shack, Five Guys, Chic a fil, McDonalds and a few others, Shake Shack had both the best fries and burgers out of these, Wendy’s had by far the worst, but we walked out of Burger King as it was just dirty, which was a shame as I loved them in Norway. No. Food in USA is really good. Only a vegan tourist would say that, but then again, all their food is bad.",
Trausti Thor Johannsson,Is it possible that dinosaurs could have survived to this day alongside humans if there wasn't a meteor strike millions of years ago?,"Birds. They are dinosaurs, crocodiles and lizards .. But T-Rex as a pet kind of nonsense? Nope. 65 million years is a long time for being dead until humans existed.",
Trausti Thor Johannsson,Would Trump have lost the 2016 election if Stormy Daniels had leaked information about her affairs with Trump before the election?,"It was leaked before the election. But back in the 1990s and before, any positivity towards the russian, would automatically kill any chance he had. Being an actual russian patchy, would have landed him in jail, possibly for life. Having TOP SECRET documents in his toilet, allowing anyone to read it, life in jail, no one hears anything from you again. Today? Like a parking ticket.",
Trausti Thor Johannsson,Do you think serial killers are born or made?,"I watched a show on the Discovery when it was still making good documentaries. One of them was with a psychologist which the name escapes me. But he basically studies the worst of the worst. The people who not only kill grandma but tear her to pieces kind of people. He claimed to have talked to or investigated over 1000 people in is career, I don’t want to say 10.000 because that is way too much, but it was more than 1000 and the guy was old. He claimed he had only met one person, that is 1, person, who he could only say was born evil. Everyone else had been made. He talked to and investigated serial killers, baby murderers and psychopaths, just to name a few. He could not explain 1 person, why they did a horrible thing. Now, I missed the episode or that was never aired, what that person was. But then there is the experiment where a person is allowed to give people a jolt of electricity if they answer wrong but the electricity is always increased once it is delivered. The person is well aware of danger zone and eventually plausible death zone. People were hesitant to deliver any jolts at first but are pressed into that they have to, then it gets easier and easier despite they hearing the victim cry out in pain. It becomes easier and easier, they shoot past the danger zone and dive right into possible death zone like eating butter. Becomes easier and easier. Basically everyone did this. They picked random people, did thorough checks, but add some pressure to deliver penalty and then people kind of liked administrating it, even if it could people. The Nazis did not get to power because everyone liked them, far from it, but there were large parts of the population willing to look the other way or were entangled in nice uniforms and they really did seem to have a plan. You have the Nazi guards. Many were just young teenagers. But a little adjustments and they turned into monsters, willing to murder small children and grandparents with ease. Einsatzgruppen: The Nazi Death Squads, Netflix documentary. People, who were not in the army were enlisted as police force, moved to Poland and other occupied countries, their jobs? Shoot a lot of people in the forest and bury them in mass graves. Many people felt sick, were not willing to do the job, others simply learnt to love it. It is a great documentary, even has interviews. I do believe bad people get made. People can just be normal people, never having the opportunity to be evil, but given the push into it, a lot of people are pushed there easily. Not dumb, nothing wrong, not psychos, just average people. But once something happens, like a war or riots, they can easily do horrible things.",
Trausti Thor Johannsson,"If not for drugs, would there be more killers in America?","Sorry, but guns kill a lot more people in America than drugs.",
Trausti Thor Johannsson,Who is the smartest on Quora?,"That would be me, except for all the other very smart people who are much smarter than me. Probably Alan Key is up there with the smartest people on Quora, that guy is really smart, but he is quite rude. Plenty of smart people.",
Trausti Thor Johannsson,Who are some criminals with really high IQ and how did they get caught?,"You can be very smart, but you will leave DNA behind, dead skin cells, strands of hair. I don’t want to make insane and bad people look good. This is as far as I want to go. Having high IQ does not mean you are very smart. You can be a total asshat with a high IQ. Dr. Linus Pauling, no he did not make Linux, but he got two Nobel prices. Not one, but two. Not many people can do that. But he was a complete asshat. He was rude, he was a racist, he was completely into Eugenics, where people can deem certain qualities as …. it allowed people to take minorities and make them infertile, some races claimed better, some qualities (all of which the eugenists had) were deemed admirable, but that isn’t all. He, for some reason or another, claimed Vitamin C cured everything. Baldness, cancer, just take a lot of Vitamin C and never get sick, ever, live forever. But he was absolutely 100% incorrect. You can even live your live quite healthily without ever getting Vitamin C, which is hard to do because it is in so many things. But it does cure scurvy. Being among the smartest people to have ever walked the earth, he was a complete asshat and a loony. Another loony, Marie Curie. Amazing person, also won two Nobel Prizes, made even more amazing that she was a woman and women generally never got a chance to do anything, let alone get credit for their work. Like the woman who discovered that she could get use the color spectrum to discover what stars were made from, Cecilia Payne, her boss at her lab got a Nobel prize for her discovery. But Marie Curie was studying radioactivity. All through her life, as she got sicker and sicker, lost hair, teeth and you name it, she always denied that it was due to radiation. Her books and office is still under wraps due to radiation. Many many more. At the end of the day, they are humans. But Leopold and Loeb. Two extremely wealthy and probably the smartest guys on campus, decided to make the perfect murder, absolutely planned it in smallest detail. The carried the murder out in smallest detail. Nothing went wrong, everything was 100% according to the plan. But they were arrested almost right away, found guilty and all. The story is much better as it was than I could make it out to be. They were absolutely not dumb, they made no real mistakes. They had no real connection to the victim. Yet, they go caught right away, no question. Besides, why commit the perfect crime if you can’t tell anyone?",
Trausti Thor Johannsson,"Why doesn't the FDA just get rid of unhealthy food, dangerous drugs, and vaccines?","Vaccines are safe. Unhealthy food isn’t killing you except if you eat tons of it, and that isn’t what the FDA does. It doesn’t judge a burger as unhealthy and bans it. It bans charlatans from selling silver water, because silver accumulates in your body and starves your body of oxygen and you die. No one dies from a burger unless they choke on it. Besides, plenty of people have gone on McDonalds diet, eating only McD food and loosing tons of weight, improving their blood work, cholesterol and all other factors that matter. It isn’t even hard to do. Just don’t over do it. It isn’t unhealthy. You can drink too much water and die and you can also drown, doesn’t make water unhealthy.",
Trausti Thor Johannsson,China has been working hard to protect the Earth/human races from Carbon emission by using green energy technologies Solar panels & EVs cars etc. But the US & EU have treated green energy technologies as a threat to their national security. Why?,"China is doing some good things. But it is also burning more coal than it has ever done, opened up new large coal plants and mines than ever before. Things are not always black and white. As soon as conservatives in USA find out that there is a lot of money in renewable energy and EV cars, things can change dramatically quickly. They just seem to take their time this time, trying too hard to protect industries which are well beyond saving. But they will come around. They were doing similar things to save typewriters in the early days of computers",
Trausti Thor Johannsson,"Is Donald Trump's IQ of 82 high, low, or average for people of his age?","82 is quite low, quite believable of trump actually.",
Trausti Thor Johannsson,How do atheists feel about satanists?,"Oh my lord, the satanists. They are the saddest religion there is and ever was and all religions are quite sad. Most of it was made in the 1970–1980s out of christians making shit up to scare people. Mostly people who were mentally ill or far out there made up some nonsense, claimed it was devil worship. Always blood, black candles, you know, pathetic nonsense, which most often turned out to be old guys having sex with some unfortunate woman. It is just sad, the more you think of it, the sadder it gets. When you read about it, you just turn flabbergasted, how do people believe something that is such obvious child like fantasy. Someone tried to take the bible and write a negative version of it, all yes turned to no and so forth. This is just the saddest nonsense you have heard. The scientologists and mormons have been ridiculed a lot for their crap, but satanism is another hilarity except it isn’t funny, it is so childlike and badly done. It is basically, watch a horror movie, the worse the better, then write something down and call it Satanism or something. Scream into a distorted microphone and make sure your band has absolutely no talent what so ever on musical instruments or connecting them and call call it Satanic music, dress like someone who is the lowest member in a shady sex club and have red paint all over you, black mascara from your grandmother. That kind of thing. It is just so much pretend that it isn’t even funny. Some people take it further due to mental illness and kill others but to a lesser degree than mentally ill kill people in name of Jesus. But it clearly shows you just how sad religion is, how much of it is just built on sand and how many people keep that pile of sand floating. Of all religions, I feel the saddest for people pretending to be satanists but I also feel sorry for all religious people. Now, all of this is not to be confused with the amazing people of the Satanic Temple. They are actually non-theists, despite the name. They are quite amazing. Every time some over anxious asshat city council member wants to add the 10 commandments to a public building, they come along and build a big ugly statue of Satan and they are allowed to put it in the same place because of freedom of religion. If one religion gets a pass then all others do as well. Then the commandments just go away. After school prayer groups, illegal. But they come in and have Satanic after school meetings, which is just playing games, board games like monopoly and trivial pursuit. Just whatever non religious games there are. They are amazing. We need more of them.",
Trausti Thor Johannsson,"In the movie 300, if Xerxes and his Persian army with it's monsters like the Immortals were to face the Roman Empire, would they lose or win?","Rome was much further ahead technologically and would have taken them down if they wanted. But they were simply so far east that Romans felt it was spread too thin. The movie 300, and the cartoon by Frank Miller is nothing but a cartoon. A story happened where 300 Spartans, along with many thousands of Greeks (they were many nations back then), fought and lost to Persia, only for Persia be beaten a little later after they had burnt down Athens, a payback for an earlier city burning by the Greeks. BUT The story about the Spartans is partially true, as in the fight happened, at this place, some of the numbers do sound a bit realistic, they were won because a shepherd who allowed Persians a route behind them. The Spartans on the other hand. They were complete psychos, and that is putting it lightly, the movie goes a little in how crazy they were but reality is much worse. They never were military geniuses or anything, never had the best Greek army or anything. They were tough but they never evolved, their tactic was the same for hundreds of years. They never dared to go far from Sparta because they had so many slaves which they treated badly, like the initiation of being a Spartan male was to murder a slave. They even had a big separation between men and women, so much so that they could only mate with the wives by breaking in at night and raping them. Like other Greek at the time, having sexual love with a young man was the norm, not gay at all. Persia, wasn’t the monsters Frank claims, he is of course taking the Greek story, the winners write history. Persia was quite modern. Outlawed slavery. Had human rights, women were considered people and even by today’s standards, they could be considered quite liberal. They did take over nations but it was more than a threat, like the carrier in the movie 300, leaders simply joined Persia and kept their religions and people carried on and even benefitted by having much broader trade but Persian influence was there and human rights were highly valued. I have read so many things that quite convince me that the good guys lost that war, of course they were a dictatorship and all that, who knows when they would have a crazy guy at the helm. Yes, we give the Greeks quite a lot of credit for our modern society, which more or less the Romans took up and made better at first, then a bit worse. But many people actually think that human civilization would have been much better off if Persia had won. Unfortunately Alexander the Great destroyed Persia and then his empire kind of fell apart quite soon after. Now. Persia did have elite soldiers called the immortals, but nothing like Frank Miller claims. 300 cartoon and movies are just fantasy, quite vivid and easy to like, I love this work. But I also don’t think it has anything to do with history or reality. There are Greek stories about Leonidas and his men, much less graphical. But Frank Miller is a fantasy writer and creator. That is all and he is quite good.",
Trausti Thor Johannsson,Where was the first human cloned?,Hasn’t happen yet and isn’t likely to happen in the next few years,
Trausti Thor Johannsson,"It's deemed taboo to explain human reproduction in explicit detail to children until they reach a certain age solely due to the lack of puberty before that age, but what about children who hit puberty early? Are they an exception?","Is this what you think sexual education is? Someone describing a sexual act? That takes 2 minutes, 5 minutes at best. Then what? You have 13 weeks. Watch porn movies? NO. That isn’t what sex ed is, not at all. It is to teach women about why there is blood coming from their lady parts every month. Why you get acne. Why your voice is all crackled and you have hair on your body. Why and what is happening. Why you can get crazy angry in 1 second and then just over. What are hormones? You are not learning to have sex. If you want to teach kids sex, using the method you are describing, stop it, don’t do it, the prisons are full of people with ideas like that, and those people are the lowest. They are the ones everyone gets to beat and do bad things to. Just don’t.",
Trausti Thor Johannsson,Donald Trump has now claimed he knows nothing about Project 2025. This is the fourth Reich in essence. How can a potential POTUS not know how his campaign is being run?,"trump isn’t exactly the smartest guy in the room, any room. He isn’t what you would call the sharpest knife in the drawer. He probably thinks he is doing a TV show. The people behind project 2025 on the other hand … The people pulling the strings are real.",
