Name,Question,Answer,Image
Cade Oosthuizen,"Can you provide information on the legendary Jedi, including their names and notable accomplishments?","Sure thing! I have a total of five Jedi for you. Canon: As the title may have suggested… he’s Grandmaster of the Order. Yoda was arguably the greatest lightsaber duelist to ever grace the galaxy, and immensely powerful in the Force. He was the most powerful Jedi alive for much of his life. And he was renowned for being wise. He mainly used the fourth form of lightsaber combat: Ataru. And was the greatest of all its users, although he did master all the classic forms. Yoda is also the second Jedi to learn the Force ghost ability, and he lived to be 900 years old. Mace Windu was just about as skilled as Yoda and not too far off in terms of power either. He mastered all the forms and made his own: Vaapad. It was designed to harness his aggression and be a vent for him, so he could use anger without using the Dark Side, however he could use the Dark Side… in others. Aggression from Dark Siders was redirected and used with Vaapad, making Mace a nightmare for Sith. He also is the only Canon user of Shatterpoint, an ability that reveals weak points in people and even events! If this list was based on purely skill and power, Anakin would go here, but I’m valuing a mixture of skill, power, and philosophy. Trueness to what it means to be an ideal Jedi. Qui-Gon is more ideal, but much less deadly, and Plo Koon is just a little behind in both. Obi-Wan has the most screentime of all my mentions. He is also the greatest Soresu practitioner ever (Soresu is the defensive style, form 3) Kenobi is extremely heroic and brave, but also has great street-smarts/BIQ, which allows him to survive incredibly unfavorable odds and beat stronger opponents due to mindfulness. Legends: In his Legends prime, he is Grandmaster of the new Jedi Order. And he becomes the strongest Jedi in history (strongest Force User ever debatably - not counting Force entities) And also the best in the other two categories I keep mentioning: Jedi-philosophy and lightsaber skill. He made the Order on top of the old one and learned from mistakes he didn’t have to make. Luke Skywalker in Legends is what I call the ideal Jedi. And lastly, I’ll mention my favorite: He is not the strongest or best in almost any sense, but in all he is great. Plo Koon is a master of Form V, Djem So/Shien. Like Anakin. In Legends (pretty much the only place he really exists) he beat Ventress while he had a broken arm - that is using a very two-handed form. And has plenty of feats that put him above most of if not all Canon Jedi. He also has one of the most diverse sets of abilities ever, mastering many families of Force powers. And he is so good and kind. He is brilliantly brave, contagiously caring and wooingly? wise… I tried okay, that’s what counts. Fun facts: Legends - he was said to beat Yoda in a duel and is the first Jedi to use Electric Judgment. Canon - his age is unknown, he discovered Ahsoka, and he leads the 104th batalion, A.K.A. the Wolf Pack. (In my opinion, the tightest of all clones; no Jedi loved his clones more than Plo Koon did) This Jedi Master also has only 1 organic kill as someone who fought in many wars, that’s how much he values life.",https://qph.cf2.quoracdn.net/main-qimg-951538ca2fa07a346a0ee05db6bd37eb
Cade Oosthuizen,What is the age of Palpatine in Star Wars Legends (non-Canon)?,"He was born in 82 BBY in Legends, and for Canon, he was born 84 BBY (which makes Canon Sidious 2 years older) Sources are “Star Wars: Timelines” for Canon and Major Character Birth Years for Legends. BBY stand for Before the Battle of Yavin. 0 BBY is the year A New Hope takes place in, so in that movie, Palpatine is 84 (Canon) or 82 (Legends) Pretty insignificant in my opinion, but fun facts are fun facts; now you know!",https://qph.cf2.quoracdn.net/main-qimg-502b11512e4b64ec1fb3d86cf2293b96
Cade Oosthuizen,"Why is Qui-Gon Jinn so beloved? Was he reckless and disobedient, especially to the Council?","For one, he was played by Liam Neeson. Queue the taken/Star Wars crossover memes. But for his actual character, he’s a bloody lovable guy! He is clam, caring, and patient, he even kept teaching this little sassy bugger for years: Very wise too, that’s a defining part of him. And he’s actually not reckless. The rest of the Jedi are more reckless than he is for blindly following rules above all else. Qui-Gon listened to the Force above all else. Rather than being disobedient to the Council, he was just more obedient to the Force. That’s where the disagreements came from. Which is a great reason if anything. Anakin had less reason to disobey the Council yet did it more often, and people love him! More for his wittiness and heroism, but it goes to show, at the very least, being disobedient does not take much away from likeability among Star Wars fans.",https://qph.cf2.quoracdn.net/main-qimg-497d8f0b008a3659febaa91f9337772f
Cade Oosthuizen,How scary and dangerous would Yoda be if he fully went to the dark side?,"Scarier than the Son! What’d you do if Dark Yoda was hunting you in the SW Galaxy? ""At this moment, Yoda turned, and Dooku gasped. Whether it was the play of the holomonitors, beaming their views of bleak space and distant battles, or some other trick of the light, Yoda's face was deeply hidden in the shadows, and for one terrible instant, he looked exactly like Darth Sidious. Or rather, it was Yoda as he might have been, or could yet become: a Yoda gone rotten, a Yoda whose awesome powers had been utterly unleashed by his connection to the dark side… In a flash Dooku saw how foolish he had been, trying to urge the old Master to the dark side. If Yoda ever turned that way, Sidious himself would be annihilated. The universe had yet to comprehend the kind of evil that a Jedi Knight of nearly nine hundred years could wield.” - Star Wars: Dark Rendezvous Maybe it’s moot, but what seals the deal for me is that the Son is bound, Dark Side Yoda would be on the loose and ready to “unlimited power” anyone he comes across. He’d also know a great deal about the Jedi and the rest of the Galaxy in general, which only makes things worse.",https://qph.cf2.quoracdn.net/main-qimg-8d4860fd08939e8492893192890af4ed
Cade Oosthuizen,Which fictional character has the most aura in appearance alone?,"Appearance alone? Interesting. Without any knowledge on the characters, I honestly think Darth Vader and Superman would look a bit stupid. And Plo Koon is all about what’s on the inside, so that aura is definitely reliant on more than just appearance. So, I’d choose Batman. This guy is someone who needs no explanation for you to understand what he’s about. Just one look, and you know he’s out to beat you up. Nothing more. Now that is what I call aura. Captain America is close - I mean, his suit is basically just the American flag - but I still choose Batman over him. Cap’s about hope and perfect patriotism: making your country the best it can be, the flag alone is not enough to say that. However, this: Sends a clear message in my opinion.",https://qph.cf2.quoracdn.net/main-qimg-49b5f6c6a4f8ee49c8258753edbf763b
Cade Oosthuizen,"Why is there a lack of aliens or minorities leads in Star Wars media (TV, movies, video games)?","I have no clue. Being realistic, it’s good to have some minority/alien leads. But Star Wars somehow avoids it even with a galaxy of many races! Wouldn’t it have been great to have some spectacular female lead? Maybe an alien; she could even be the apprentice of Anakin himself and get her own spin-off! That sounds like it could be great; in fact, it would be a prime example of an alien/minority lead. I can image her as one of the most popular character in SW, maybe even as a star in the most popular SW series! We could also have had someone who’s in a cultural minority. That would be cool. Heck, we could have someone totally unique, like one female clone among millions! Oh, you know those Jedi Masters? Imagine diversity there! Star really missed an opportunity. Man, I could go on with all these possibilities, but I assume you could too, so I’ll leave it here. Boo Star Wars! Shame on them for having no diversity!",https://qph.cf2.quoracdn.net/main-qimg-88bcf18d5ce91847c579362087f6c226
Cade Oosthuizen,What were the strengths of the two sides of the Force that trained Qui Gon Jinn: The Living Force and The Cosmic Force?,"I think you misunderstand the relationship between the three. You could say the Force taught Qui-Gon, but it wouldn’t be that literal; rather Jinn actively studied and learned from the Force. And for the relationship of the Living and Cosmic Forces… one doesn’t really have strength over the other. Imagine you are the cosmic Force. You have a fish tank (the galaxy) and a hand (the Living Force) you put into the fish tank to interact. It’s not a perfect analogy, but I think it gets the point across. The Living Force is just a smaller bound part of the greater Force. Through the people, the Living Force resides; it is what Jedi and Sith can use. But the source is greater and beyond just time and space. It’s what the dead become a part of. And that explains why Force Ghosts can appear throughout time and space; it’s somewhat like the World between Worlds. Only, it’s not a path in between the doors, the doors are inside the Cosmic Force",https://qph.cf2.quoracdn.net/main-qimg-2e806577b312a30a68ae0f9c839e038f
Cade Oosthuizen,Could Obi-Wan sense Anakin's presence through the Force?,"Yes. In the Kenobi series he could sense Vader (episode 3) And he only briefly felt Anakin’s presence in the Dark Side once before. Likewise, Vader could sense Obi-Wan presence even after many years of not seeing him. While I feel their complex and deep bond certainly makes it easier, I would argue any two powerful Force users could sense each other’s presence and identify one another if they’ve met.",https://qph.cf2.quoracdn.net/main-qimg-9af1d27807b86395f569a9f93ec0929f
Cade Oosthuizen,Which character has the most satisfying arc in Star Wars: The Clone Wars and what makes it satisfying?,"Ahsoka. I talk about her arc in detail here: What makes it so satisfying is that it came from a dislikable place and ended in a really amazing one. She wasn’t terrible originally, but she was snarky and wasn’t going anywhere for a while. Then she overcame narrow views, grew in skill, power and wisdom. Eventually, she played a pivotal role in the siege of Mandalore and battled Maul! Another reason it’s satisfying is how well and gradually it was done. Slow, but fast enough to feel.",https://qph.cf2.quoracdn.net/main-qimg-d98c794b416ef8aaa3757542f60316a5
Cade Oosthuizen,Can you tell me about Yoda's past and what he did when he was younger?,"His past is mostly a mystery, but some stories of his have been shared over the years. Many taking place before The Phantom Menace. Like some shown in flashbacks in the Canon Yoda comics. Many years before, Yoda helped end a conflict between primitive peoples. He stopped raids and inspired friendship between the two sides, by shedding light on how both had their own major disadvantages. He even inspired a young native called Bree to be better, whom Yoda came back to years later. The comics have solid art and overall top quality. I highly recommend it.",https://qph.cf2.quoracdn.net/main-qimg-dd6bd414e9f124309579540202b16241
Cade Oosthuizen,Does Anakin's voice sound different in 'The Clone Wars' compared to the movies?,"Because it is a different voice! Hayden Christensen plays Anakin Skywalker in Attack of the Clones and Revenge of the Sith. But in the Clone Wars, Anakin is voice-acted by Matt Lanter. Two different people with surprisingly different accents. It sounds to me like the Clone Wars team wanted to capture Anakin’s “feel” in a new voice, disregarding the voice he had in Rots and AotC completely. Although, I must say I loved it. That voice is the voice of Anakin to me, and I think it fits perfectly.",https://qph.cf2.quoracdn.net/main-qimg-d3bdf554059584d34c3fbfea59b19845
Cade Oosthuizen,Did Maul ever fight Vader?,"They fight in a Legends - non-Canon - comic called ""Resurrection"" It appeared in Star Wars Tales 9 Maul is revived through Sith Alchemy to replace Vader because a group of Dark Siders believe Vader’s Jedi past makes him unfit for the Sith. The fight goes like this:",https://qph.cf2.quoracdn.net/main-qimg-630cdbff88ecfa3405968c6ffa7dfc2e
Cade Oosthuizen,Is it worth watching Star Wars? I’ve never seen a single movie.,"Absolutely. >>This answer is for the people who have not seen Star Wars<< I won’t be using how much I love some projects or the “quality” as part of the following. Let me go over the reasons it’s worth watching Star Wars: Star Wars is a lot like LotR It left a massive mark on the film industry and pop culture in general. The Original Trilogy is considered to be a collection of classics, and if you haven’t seen the Empire Strikes Back, people can just guess you live under a rock! I’m sure we’ve all heard “I am your father” by now. There is absolutely something for everyone in SW If you like westerns, you’ll love the Mandalorian and the Kenobi book. If you like comics, Star Wars has hundreds! If you like more deep classics, the OT will serve you well. If you like… I think you get it. But lastly, I’ll say that if you love to really get into universes, you’ll adore SW The rabbit hole goes deeeeeep. (pop culture reference) I started here on Quora as part of the Pokémon community only. That was a lot of the start, then I transitioned to the MCU fandom and was shortly part of that only here. Then I joined the SW fandom and dedicated most of my time here to the community. I must say, I am confident the SW fandom is the friendliest. The Pokémon peeps were cool and close, but SW just tops it. It’s much larger/more active on here and in general we get along surprisingly well. Probably because we just all know we’re going to hate some parts of Star Wars but also love many. Heck, the actress for arguably the most hated SW character ever said she had almost only positive experiences with SW fans. So yes, it is absolutely worth watching. Worst case scenario, you just don’t love it, and you get a little more caught up.",https://qph.cf2.quoracdn.net/main-qimg-6e8ab4846c405925906d24621bf5a782
Cade Oosthuizen,What lessons can we learn from Qui-Gon Jinn that can be applied to everyday life?,"My number one pick is here: So many of us focus on the scary things, the overwhelming things and pains tomorrow might have in store. But what does that actually help? Remember you have something to do right now. Be mindful of the future, but not at the expense of the moment. What happens now changes the future. And being focused is so undervalued. It gives peace and makes you a damn formidable force. And that’s my second pick right there. Do good simply because it is good. Not for a future reward, and definitely not to look good or feel good about yourself. Then you’re making it about yourself. Do good…",https://qph.cf2.quoracdn.net/main-qimg-0236f934610f1c569c9dc7c8f6a32a29
Cade Oosthuizen,"Why is Emperor Palpatine called ""Darth"" in all Star Wars media, even though his name was not originally Darth before becoming a Sith?","His name was not Darth before being a Sith because “Darth” is a Sith title! It’s actually a compressed version of “Dark Lord of the Sith” That also explains why there are so many Darths. Something related is the name that comes after Darth is also no original name. It’s normally related to a word fitting for the character. Count Dooku became Darth Tyranus (relating to tyrant) Anakin Skywalker became Darth Vader (Dutch word for “father”) Sheev Palpatine became Darth Sidious (derived from insidious, which means ”proceeding in a gradual, subtle way, but with very harmful effects) Which is poetic genius in my mind.",https://qph.cf2.quoracdn.net/main-qimg-502b11512e4b64ec1fb3d86cf2293b96
Cade Oosthuizen,What are your top 5 favorite Star Wars lightsaber battles?,"#5 Ahsoka Tano vs Maul It’s either this or Obi-Wan and Anakin vs Dooku during the Sifo-Dyas arc. Both were done so well, but this was TCW’s animation on overdrive and it was done by motion capture with Ray Park!! The OG The footwork was especially good, and it was two fan-favorites fighting, who wouldn’t love it? #4 Luke Skywalker vs Darth Vader (RotJ) While the choreography wasn’t so flashy, the weight of this duel was incredible. And the moment of Anakin’s redemption is what I like to call “the moment of Star Wars” All in all, it’s just very nostalgic and emotional. #3 Old Ben vs Maul This one is the shortest duel on the list, but the most poetic. The break down is incredible and each stance has meaning (the stances also make up most of the fight) It’s just so well executed, even the music tells a story. And this is also an end to the epic rivalry between Maul and Obi-Wan. #2 Obi-Wan Kenobi vs The Brothers As a Kenobi fan, I love this. Simply because it’s such an epic feat and pushed Obi-Wan’s Soresu to its limit. Also, a fun detail from it is that there is a direct parallel between him and Adi-Gallia. They both kicked Savage’s leg, and it did nothing, but while Gallia was frightened and froze to get rammed, Kenobi stayed fast and continued bravely, kept chipping until it crippled. #1 Obi-Wan Kenobi vs Knightfall Vader… what else? All art was by “Venamis” This did not need much meaning. It’s the longest duel ever (longest “sword” duel in movie history) And just incredible overall. So fast and flashy. That’s not even all of it; it’s also super emotional (I’d argue at least second most) I don’t know what else to say; it was long and hard fought, it had excellent moves and footwork. It is a fan-favorite for good reason.",https://qph.cf2.quoracdn.net/main-qimg-37deb467c5fcbc5f4a644245a35ee89b
Cade Oosthuizen,Why did Yoda think that redemption from the Dark Side was not possible?,"Given his experience, it makes sense. Jedi barely ever see redemption from the Dark Side. Yoda’s seen first-hand how hopeless the situation can be. His old Padawan Dooku left and refused to come back. All Yoda has seen of the Dark Side’s temptation was its effectiveness and grip. Plus, Yoda was pretty stuck in his ways during the Prequels; it’s likely he was just sure of this without any proof and didn’t give it much further thought. To be fair, it is highly unlikely. We as fans can name a good amount of redeemed Dark Siders, but in-universe almost all of them stay on the Dark Side once they get on it.",https://qph.cf2.quoracdn.net/main-qimg-9185832262d6d9bffb306e09d6a12b8a-lq
Cade Oosthuizen,"Was Yoda right that fear leads to anger, anger leads to hate, and hate leads to suffering? Why or why not?","I personally believe he was right. Actually, I think what he says happens most of the time one of those negativities is involved. Think about a real and common example. Imagine you friend is scared of losing his treasure or his safety. Unless he’s under paralyzing fear, he’ll be angry. And anger leading to hate is rather obvious. Insults turn into fights, and there is never a true winner in a heated fight, only one who walked away with less loss. And on a large scale this is more true. Fear makes people go crazy with anger. Those who don’t fear as much see others as paranoid while the scared see the others as foolish. Anger does lead to hate and that always leads to suffering. Emotionally or physically if it escalates to fighting and warring.",https://qph.cf2.quoracdn.net/main-qimg-d42f1338ad83fa2a32db4a22ad3a3a1e
Cade Oosthuizen,"Was Luke discovering the charred remains of his uncle and aunt, the catalyst that drove him to become a Jedi?","It was the point of no return. It’s ironically not included in the infographic - because it’s not as common as the others. But anyway, the point of no return comes after the “meeting with the mentor”, or reluctant acceptance of the call. It’s normally the fault of the big antagonist force, this gives more drive to main characters and also puts them in a position where they have less to lose, making them bolder. When Luke saw his guardians dead, that was the end of his old life. There was no way he could ever go back, And it was the Empire’s fault. This had the desired effect on Luke. No reason to hide or go back, no reason to show any love to the Empire.",https://qph.cf2.quoracdn.net/main-qimg-966f7ea3e6053c796acff91725373aa0-pjlq
Cade Oosthuizen,How do you feel about Disney cancelling Star Wars: The Acolyte?,"Feel? I felt these emotions a while ago; it was quite clear The Acolyte would not get another season. And honestly, it’s no big deal to me. I thought the show would be bad since I heard the goals of the director. So, I am happy it’s dead, but it didn’t come as a surprise. It would be a terrible business move to continue.",https://qph.cf2.quoracdn.net/main-qimg-1970147b917eecb872751c8541606f3e
Cade Oosthuizen,What do you know about Star Wars that many people don't?,"I’ve collected a little too much SW trivia, so here’s a little bit: Which ones did you know, and which was your favorite? Have a good day and",https://qph.cf2.quoracdn.net/main-qimg-3280fbd8d2941319a0442e42e4e0d5db
Cade Oosthuizen,How did Dooku beat Obi-wan so easily but lose to Anakin who lost to Obi-Wan?,"A few factors play into this. Makashi is excellent for taking out Obi-Wan’s defense. A friend of mine made this analogy: Obi-Wan’s Soresu is like a lock; smashing it with Djem So won’t work, however, picking it carefully will. And Makashi’s elegance pretty much fades away when faced with Djem So. Anakin’s attacks are like waves, you don’t just redirect them. The one-handed form of Makashi stands little chance against the greatest Djem So the galaxy has yet seen. In both fights these are important. Obi-Wan was in his peak at Mustafar and was completely focused because he had to be. Dooku was meant to target Kenobi first and not meant to kill Anakin (I don't think he would have won without Palpatine’s restrictions, but I think it had an effect) And Anakin severely overestimated his abilities in the Mustafar duel. This is very similar to some of the mindsets mentioned above. In the first duel, Anakin tapped into his anger and used the Dark Side to become faster and stronger. No down sides that effect the duel. On Mustafar, the downsides came into play. He was grossly overconfident and less mindful. Skywalker was focused, but not like he was back in the days he was a general. He was only focused on winning, not outside factors like the all-important and famous highground!",https://qph.cf2.quoracdn.net/main-qimg-573ca00da983ed23ae8bd8170a2f8d1e-lq
Cade Oosthuizen,Which Star Wars characters are perfect representations of their factions?,"I have two complimentary picks. Darth Maul - Sith Apprentice Palpatine or Darth Vader probably come first to your mind when you think Sith, but Maul sticks to firmly to the Sith ideology, the only thing stopping him from being the perfect Sith - in my mind - is the fact that he was never truly in charge. Hence why I’m listing him specifically as an apprentice. Darth Maul was “taught” cruelly by Palpatine since childhood and knew only rage and hate. He was a step behind his master, but still very cunning and on a blood thirsty quest for power and revenge. Pure rage and fixation on something that ultimately will not matter. Obi-Wan - Jedi Master Art by Simone Ragazzoni Obi-Wan was totally dedicated to the rules, but unlike Mace Windu, Kenobi’s heart lay within the rules too. He naturally was inclined to follow them. Obi-Wan simply wanted to be given a good task and then carry it out nobly. He wants to serve and protect however he can, and that was at the core of the Jedi Order. This Jedi Master is one of the very few who could operate heroically under the politics and complications of the Order. He’s the ultimate example of what the Jedi in the Order should have been. Jedi overall should be like Qui-Gon and Luke.",https://qph.cf2.quoracdn.net/main-qimg-b91134aa440f18dd8f9b17a6d2615fe5
Cade Oosthuizen,"Does Spider-Man actually die in Infinity War or not because he’s alive in Far From Home, yet it came out a year later?","Peter Parker does get dusted away in Infinity War. The reason he’s alive again is because the Avengers reversed the effects of Thanos’ blip. Specifically, Banner Hulk snapped everyone who died back to life in Endgame. Far from Home comes after Endgame. As you can probably tell, Stark died before Far From Home. Tony’s death is part of FFH’s plot after all, and it happened in Endgame.",https://qph.cf2.quoracdn.net/main-qimg-55dc520c0b7403553399435267b68ea1
Cade Oosthuizen,"How does ""Spider-Man"" from 2002 compare to the newer Spider-Verse films?","It doesn’t. The oldies may be golden, but the Spider-Verse movies are diamond. Award winning films Spider-Man: Into the Spider-Verse and Spider-Man: Across the Spider-Verse are considered to be some of the best superhero films ever. The best animated superhero films sometimes. IntSV and AtSV are some of the most loved and highest-rated movies ever! (Here is a related answer specifically on why such a good sequel is rare) The older Spider-Man trilogy is mostly loved because of nostalgia (on top of the fact that they were good, of course; it just doesn’t really scale to how good the new ones were) If we’re talking about the Amazing Spider-Man or the MCU’s trilogy, there’s more of a debate. But I’m pretty confident most people who watched both will agree the Spider-Verse movies are better than the classics.",https://qph.cf2.quoracdn.net/main-qimg-1f62ae80e0360f4abff4e43fd886ada1
Cade Oosthuizen,"Which force lightning is stronger, normal force lightning, purple force lightning (from Starkiller), or red force lightning?","None! Color is irrelevant to actual power. Darth Tenebrous had red lightning but he was far inferior to Palpatine. Yet the Son, an embodiment of the Dark Side most likely stronger than Palpatine, also had red lightning. And wherever you place Dooku among the above, that should make a solid inconsistency.",https://qph.cf2.quoracdn.net/main-qimg-2424be53b2eb8ed7b4138a1dcd1a66d7
Cade Oosthuizen,Who would win in a duel: Darth Maul or Mace Windu?,"Mace Windu. Maul is very impressive. He’s a fantastic duelist and has better feats than Mace in terms of raw Force power. But in terms of dueling, Windu makes up for that. While how much better ether is at their specialty is debatable, something objective is that Mace Windu has a massive advantage thanks to his specific form. Vaapad thrives off of aggression (specifically aggression from the opponent) and Maul uses the most vicious form of the classic 7 - Juyo. Which is ironically the foundation for Vaapad. Considering this, I am pretty sure mace Windu would win.",https://qph.cf2.quoracdn.net/main-qimg-b19e99ceed40481ee646068f21813ee2
Cade Oosthuizen,"Do you think ""Star Wars: Skeleton Crew"" will succeed in getting Star Wars out of its Skywalker-centric safe zone?","I must say I’m confident in saying no. The Acolyte explored a time far from the Skywalker Saga, that didn’t “get Star Wars out of it”. And it would honestly be very hard to separate Star Wars from being Skywalker-centric. Because that’s what Star Wars is!!! The Star Wars story revolves around the fulfillment of the prophecy. It all comes from that, so to make Star Wars revolve around something else is to destroy and remake Star Wars. Even the Skeleton Crew won’t be truly separate from the Skywalkers. It can just branch far out like Andor. All the SW roads lead to the Skywalker story. And to be honest, having something Skywalker-centric is not automatically safe. It actually readies fans to be angry about how bad you messed it up.",https://qph.cf2.quoracdn.net/main-qimg-1eee200652a8f2cdf90ac21a6489ddab
Cade Oosthuizen,Are there any characters in Star Wars who do not use a lightsaber?,"Pretty much every non-Force-Sensitive, but some Sith and Jedi too. The most notable example is Palpatine. He was so powerful in the Original Trilogy he finally surpassed the need for a lightsaber. He believed Sith only needed the Dark Side as a weapon, and eventually it was true for him. But why wasn’t it before? Well, Force Shields. Force Attacks won’t always work if your opponent in concentrated and relative to your strength. A lightsaber is very effective and makes thing much easier, and with everyone else using them, it’s hard to keep up without one. But there’s one less powerful Jedi we don’t talk much about: Bruu Jun-Fan Obviously, he does use a lightsaber. He doesn't perfectly fit the bill, but Force Augmentation is his primary weapon, while his lightsaber is secondary - that’s my take.",https://qph.cf2.quoracdn.net/main-qimg-7f565dbb85ce59314e4b2d9dff29b159
Cade Oosthuizen,"If baby Yoda is the age of a middle-aged human, why does he have the maturity of a baby?","Because he is a baby. Grogu is not a human. He is part a mysterious unnamed species we know little about. But one thing we do know is that Yoda - a member of the same species - lived to 900. Grogu is 50, one eighteenth of that age. Proportionally, he’s 5 (Dividing 100 by 18; if we dived the average human male lifespan - 70 years - by that same number, baby Yoda here is the equivalent of 4)",https://qph.cf2.quoracdn.net/main-qimg-4e21050c60d739cffd3e0f1b9d2f63d9
Cade Oosthuizen,Who is your favorite clone in Star Wars (excluding ARC Troopers)? What makes them your favorite and do you have any unpopular opinions about them?,"Tech. My unpopular opinion is that he was not great for a lot of the start. No depth. A typical brainy character by itself is just an entertaining side that helps the team. He was not lead material. I love the smart characters with Artemis Fowl and Tony Stark, but only when they’re well written and have things outside of smarts. I truly loved him after this moment: He bravely dives in to save Omega without thought and has a great conversation with her. Tech tells her how just because he goes through his emotions differently and expresses his feelings in a dissimilar way doesn’t mean he doesn’t have those emotions and feelings. And that’s what I love about him. The actual complexity he had after some good writing. I can relate to that. All INTJs - and similar personality types - can. When I can feel like I’m in the story through a character, that’s when I’m most enjoying it.",https://qph.cf2.quoracdn.net/main-qimg-7f81a277f00bd11935e3690ea68b51b7
Cade Oosthuizen,What are the three major factions in Star Wars and what are their goals and levels of power?,"There are three major factions that stay in the game. Throughout Star Wars history, you will likely find all of these. You could substitute this for Mandalorians only to get a more powerful faction overall and an extra goal (in Legends, they had big dreams and fought a full-on war with the Jedi) But that costs “major-ness”, as Mandalorians are more rare. Their goal is quite simple: attain fame and money. (sometimes they just want fame for more money) The Jedi Order is often the most powerful group not by average, but by number. Jedi Knights are legendary throughout the galaxy and the Order has thousands of them. The Jedi Order’s goal is to maintain and bring peace, although they are often caught slacking by fans. Their goals are completely self-centered. Me, me, me, I, I, I. Whether that means ruling the galaxy or making someone suffer. On average, the Sith are arguably the most powerful of these factions. Especially while the Rule of Two is working.",https://qph.cf2.quoracdn.net/main-qimg-98d063ed76c66706cf2e773167d763e5
Cade Oosthuizen,"Why has Darth Maul become so popular among Star Wars fans? He is a character without personality, he never speaks and says 2 phrases in the entire film.","Well, TPM Maul was popular because… come on, it’s a double lightsaber! He’s just cool. And that’s really all it takes to be liked by fans sometimes. I don’t think that’s bad, honestly. But his real popularity comes from the Clone Wars series. He speaks often there, and Sam Writer does fantastic voice acting. In the show, he has depth, and it shows you his perspective. Maul makes a great comeback and arcs that follow him are spectacular. He just adds so much great content. His arc overall and specifically its end in Rebels is pretty darn great in my opinion. And personally, I think he is the best embodiment of the “Sith Apprentice” in the Star Wars Canon.",https://qph.cf2.quoracdn.net/main-qimg-b91134aa440f18dd8f9b17a6d2615fe5
Cade Oosthuizen,"If the Clone Wars from ""Star Wars"" were real, which side would you choose to join and why?","The Republic for two reasons. 1 while the Republic isn’t full of saints, the CIS is full-on a terrorist group. They are the bad guys, I’m sorry, but it’s true. Sepratist people are victims, but they ultimately support evil. 2 it would be a better life. What started the war (on the surface) was the neglect of Outer Rim worlds. They have resources exported to the Core and have terrible law enforcement; overall, they get the cons of being part of the Republic, but none of the pros. Basically, in the CIS you’d be paying loads of taxes thanks to the war and that’s about it. In the Galactic Republic, you’d still be paying, but you’d be in a much more prosperous area and business opportunities would be better. But if you wanted to avoid the war all together, it would be easier to slip away under the Separatists.",https://qph.cf2.quoracdn.net/main-qimg-9b2a6f40efad233c2464f5dcbdd1da6c
Cade Oosthuizen,What are some underutilized force powers in Star Wars that could be very powerful if used more frequently?,"For a generic pick: Force Speed. Jedi can use a draining power to move at incredible speeds. While it’s not always a good idea in combat, it is definitely underutilized and has its would-be moments in duels. We saw it once, and never again in the Canon. They could be zipping around like the Flash, blurring around, but no. For more unique picks… I have three. All ones Plo Koon knew in Legends. On its highest level, the ability could tear apart armies. Users could make storms and summon lightning at will. But even on a basic level, it could be used to freeze water and summon mist for cover. Since it’s a Canon ability already, I’m disappointed in it being underutilized. I don’t know who would not want this in the Canon. The ability is very, very rare but also powerful and giving it to Plo Koon would give him some much needed Canon love. It’s almost the polar opposite of Force Scream. This ability can transfer thoughts and images to teammates and boosts synergy tremendously. It can also demoralize enemies. I really love the ability and wish it was used in the Canon.",https://qph.cf2.quoracdn.net/main-qimg-fd6441bb2475adfd68bfde61586a03c2
Cade Oosthuizen,Why do Jedi bother using light sabers? Why don't they just force choke each other and the most powerful one wins?,"Force Shields. Oversimplified, the Force Shield ability just makes you immune to Force attacks. As long as your opponent isn’t much stronger than you. And that’s a thing because fights would be very unentertaining if they didn’t exist. It would be about who Force Chokes first. So instead of getting this: We’d get a quick neck break. Maybe even ties. Imagine how lame it would be to have some random Padawan get the drop on Vader. So, in the SW universe, the answer is Force Shields. In our world, it’s “because that would look lame.”",https://qph.cf2.quoracdn.net/main-qimg-0a99627c36504aca3e4a5e6cbf415302
Cade Oosthuizen,What MCU villain can you sympathize with?,"Loki. Maybe it’s all because of Hiddleston’s hypnotizing performance. But honestly, he was broken. I’m not saying his actions were justified (no true villain had really justifiable actions, just understandable ones) He lived in his brother's shadow, and no one noticed. And he was lied to about his true father for decades. In the Dark World you really start to sympathize with him. Then we see he’s more human than we thought. And there he loses the only one who could actually see him. To everyone else, he was Thor’s shadow. And it’s not simply being looked down on that made him evil. He just wanted to be equals with his brother, that’s all. But he was pushed aside and later he discovered he wasn’t even an Odinson really. He was a “fake” just like everyone treated him as. It becomes very understandable that he grew up wanting to rule. He was always denied, so he started wanting to be the one in charge and deny others.",https://qph.cf2.quoracdn.net/main-qimg-961ced77b22dbe75dfa3f3d5cce82a16
Cade Oosthuizen,Is the strength of Siths greater than that of Jedi due to their connection with the dark side of the Force?,"Yes, in Canon, the average Sith is stronger than the average Jedi. It is not, however, due to the Dark Side. The main reason is that the Sith are all about power. While the Jedi are focused on “protecting the galaxy.” The way these two go about doing things leads to a difference in power. And the numbers are the second most impactful factor. Imagine it’s about schooling. The Sith are like Greek philosophers who focus on a single student. The teacher teaches all he knows and discovers more until his apprentice becomes a master, and the cycle continues. That’s the genius of Darth bane But the Jedi are like a normal school system. A few teachers, loads of students. Each student ends up with a good education, but if any student gets on the same level as a Sith apprentice, it’s no thanks to the Jedi system.",https://qph.cf2.quoracdn.net/main-qimg-ea4860fb47ed6b8b38293b4016abf93a
Cade Oosthuizen,"In the Star Wars universe, why is it difficult for people to understand and use ""The Force""? Is it accessible to everyone?","Not everyone knows it exists. It’s something most people in Star Wars never feel, and things outside of one’s experiences are hard to understand. You need to a have a high Midi-Chlorian count to feel the Force and use it before much training. So, it’s not as well-known as one might assume and it’s also very hard for most people to use it. But there is actually a case of a non-Force Sensitives becoming Force-Sensitive in the Canon. It’s controversial, but it is Canon. Sabine Wren became Force Sensitive through training. And she confirmed it is assessable to everyone. That I actually really love. Sabine being the one specifically… not so much; she was better without it. The whole situation is perfect to me, but how it was established was objectively sub-par.",https://qph.cf2.quoracdn.net/main-qimg-6b4c9fc17472478e2f46b20203948f1a
Cade Oosthuizen,What languages do C-3PO and R2-D2 speak in Star Wars? Do they have a specific dialect or accent?,"Artoo spoke Binary, a simple language comprised of two types of sounds. He was stuck to that language, it’s the only one he is capable of. C3-P0 is like the opposite. He is a protocol droid fluent in millions of languages. C3-P0 has an accent of sorts because he keeps the typical “robot assistant voice” regardless of the language he is speaking, but Artoo does not. R2-D2 has a barely unique version of Binary, so you could say he does, but I do not consider it an accent.",https://qph.cf2.quoracdn.net/main-qimg-d7491cd98044f4acb6845aea564b0e1d
Cade Oosthuizen,"Is it possible to heal a red Kyber crystal, and how is that done?","This is possible! Ahsoka’s famous white lightsabers come from the process (known as “purifying” a bleed Kyber crystal) She took the crystals of an Inquisitor’s weapon to make her own. It can turn the crystal white, or to its original color. As for how it’s done, we have nothing specific yet. We can only assume it's by focusing on one’s own peace or something else opposite to channeling rage.",https://qph.cf2.quoracdn.net/main-qimg-41070af2b78fe58941aeebde1c5a29af
Cade Oosthuizen,Was Ahsoka Tano ever promoted to the rank of Master within the Republic's ranks after her battle with Vader on Malachor in the Star Wars Canon?,"Okay, there are three problems here. Order 66 wiped out the Jedi Order and its ranks lost meaning alongside the Order’s death. So, Ahsoka gaining the rank of Master for that is impossible times 3 But if we look past all that and also pretend the question “should she have been promoted for surviving a fight against Vader?”, then I’m on the fence. The prowess displayed is certainly Master-level, but combat is not what makes a Jedi Master; wisdom is more important in terms of getting the rank. Although Ahsoka has shown a lot of all the classic qualities in a Master by the time of Rebels, so I’d say the fight very well could have been the final blow to whatever was stopping the Jedi from making her a Master in this hypothetical. On the other hand, she did proudly state how she was not a Jedi, so maybe not.",https://qph.cf2.quoracdn.net/main-qimg-fd424363eab32189a8679c008616c708
Cade Oosthuizen,What was the relationship between Dooku and Yoda?,"Quite complex. Yoda was the Grand Master of the Jedi Order. Arguably its most powerful, skilled and popular member. Dooku was one of Yoda’s many apprentices. But Dooku stood out among the rest. He was second to Yoda in terms of dueling and he wasn't a slouch in knowledge of the Force either. That’s a big part of their relationship. Dooku lives in Yoda’s shadow (a bit) but seems like he has the potential to rise above his master. But the main part of their relationship’s arc to me is how Dooku went away from Yoda. Count Dooku left and became Darth Tryanus not too long after separating from Yoda. I think the defining part of this move was how Dooku thought he knew better than Yoda. The main part of their relationship is the dynamic of that and how Yoda knows Dooku thinks he’s superior in some ways. Honestly, Dooku did see past the wool over the Jedi’s eyes, but likewise, Yoda saw things that Dooku didn’t. “I am more powerful than any Jedi, even you.” “Much to learn, you still have” Those quotes imply a lot of their relationship in my mind.",https://qph.cf2.quoracdn.net/main-qimg-08051a85efdcb7b7ab5cfb0450c642ba
Cade Oosthuizen,How does Star Wars exist in the MCU?,"An Easter Egg. In MARVEL’s “What If…” the Watcher and Infinity Ultron fight and shatter barriers of the multiverse. They fly through many different universes, and for a short few frames, the background is Mustafar. I don’t consider this Canon to either franchise, I just think of it as a fun Easter Egg. But what do you think of it?",https://qph.cf2.quoracdn.net/main-qimg-6331a9d5c7d6097c186eec82f4004a0b
Cade Oosthuizen,Was Dooku a member of the Jedi Council or just an advisor to Yoda?,"Neither. Dooku was a Jedi Master, but he never made it on the Council. And Yoda was Dooku’s mentor, so if anyone was an adviser, it was Yoda. Dooku was Yoda’s most famous Padawan and highly, highly respected though. Even if his lightsaber design and focus on dueling seemed a little off to some Jedi - including Yoda - Dooku was very respected and was probably just as famous as many Masters on the Council.",https://qph.cf2.quoracdn.net/main-qimg-2a702ac32264075edce5e6836e0253a2
Cade Oosthuizen,What is the definition of Padawan?,"One of the lower ranks for Jedi. Padawan is the second lowest rank. It is for those who are assigned to learn under a Jedi Knight or Jedi Master. Padawans collect experience and are taught by their masters over many missions and sometimes years. But Padawans get promoted by passing special trials, and if a master does not want their Padawan to take those trials, the Padawan can be held at his/her current rank for decades! (Doesn’t happen often or actually for decades, but Obi-Wan is an example of Padawans being held back for a while)",https://qph.cf2.quoracdn.net/main-qimg-73db751368828e21652f494dda163b82
Cade Oosthuizen,Who is more intimidating between General Grievous and Darth Maul?,"Maul is more formidable, but Grievous is undeniably more intimidating. He bakes it into his tactics. Look at that. People see aliens all the time in Star Wars. Sure, Maul doesn’t look friendly, but Grievous… He doesn’t seem like a different species; he looks like a monster. This behemoth is above 7 feet tall and will stare down at you as he talks about the new addition to his collection that’s coming soon. And he has four clawed arms to flex! On top of that, he moves like a monster. This guy is famous for Jedi hunting, he has a reputation to make you scared. Even though Maul might be more deadly, he lives in the shadows. Grievous puts himself at the front and wants everyone to know he’s the best Jedi-hunter out there.",https://qph.cf2.quoracdn.net/main-qimg-25a70f5dd1ab21d8f4a442f6bbb75b13-lq
Cade Oosthuizen,"What are the reasons for people comparing Marvel to Star Wars, even though they are two different universes with distinct storylines?","They’re both popular. A miserably one-sided fight People will compare anything and everything, especially in terms of fiction. Often, it’s just arguing and trying to prove one thing is better than the other, but I personally have more positive experiences comparing SW and MARVEL (for an example) I am a big fan of both, and when you have two people that don’t care which is better or even think one is objectively better, you are most likely going to have a great conversation. I’m not sure most people get the same experience as I do - in fact I lean towards thinking most people have more negative debates on these things - so I’ll leave with a small change that makes a big difference: remember it takes 2 to argue. Don’t feel bad to block if not replying isn’t enough to end a conversation. And focus on the positives more than the negatives!",https://qph.cf2.quoracdn.net/main-qimg-63ad4792b66b87c2423f96eb487ea085
Cade Oosthuizen,"Does Yoda's quote ""Do or do not. There is no try"" mean that trying is worthless or that you should aim to succeed?","In a way, both. He said it to Luke because confidence was a key factor in what Skywalker aimed to do. How was he going to lift the X-Wing while thinking it’s impossible? In that way, he means aim to succeed. But in the way I took it, he pretty much does mean trying is worthless. That is, in the context of “do or do not”. Failure is already an option and a thing, saying “I tried” changes nothing. Yoda is about “yes” or “no” there, not “no, but…” The rest just doesn’t matter to him. If it’s a “no”, simply pick yourself up and try again later; if it’s a yes, nice job.",https://qph.cf2.quoracdn.net/main-qimg-522733b0bb627d7b8694d4935e638541
Cade Oosthuizen,Why does Anakin do better against Dooku by himself?,"He does not, the duo just does a lot worse than you’d expect because Dooku is a dueling genius. He puts Anakin on defense and leaves Kenobi on offense. Just look at that! Anakin is being rushed back and Kenobi is barely attacking at all. Skywalker and Dooku are fighting somewhat normally while Obi-Wan attacks every now and then with sub-par offense. That’s why it’s similar to Dooku and Anakin fighting alone. Kenobi becomes something of a nonfactor when he’s forced to attack and cannot use his defense. But Anakin does not do better on his own. One would just except Kenobi to do more. Dooku lets Anakin off easy because he’s important to Sidious; if he was going all out back in The Clone Wars 2008, Anakin would have died. Anakin proved to be capable of defeating the Count in RotS, but prior, he proved he couldn't. With Obi-Wan’s help they failed, and Kenobi is very obviously adding something to the team, even if it’s little. If for some reason his attacks that threaten Dooku and force his attention away from Anakin were helping Tyranus, Kenobi would simply stad back.",https://qph.cf2.quoracdn.net/main-qimg-1605dfc48f43fcb4e321bacaeaa014bc
Cade Oosthuizen,Did Obi-wan tap into the Dark Side when he was fighting Darth Maul in The Phantom Menace?,"He did not! So many people are confident saying he did, but they forget anger is not the Dark Side by itself, anger can be a path to it. Think about Mace Windu: he uses his anger while using the Light Side (some argue he taps into the Dark Side, but it’s more of him just being unorthodox and how Vaapad thrives with Dark Sider opponents) And Obi-Wan was not fighting with his aggression, he contained it and fought with focus: He felt anger, and gave him focus, but he did not fight with it purely, he did not let it control him. Watch closely, and you’ll see he’s fighting far too defensively to be using the Dark Side. He waits for Maul to strike and that’s not even because of his form; Obi-Wan practiced Ataru by this time, he switched to Soresu only after this duel.",https://qph.cf2.quoracdn.net/main-qimg-828943c96c934f6c058ad0f8012e6ca6
Cade Oosthuizen,Should I watch The Clone Wars to understand the Star Wars universe?,"If you’re watching to understand the SW universe, TCW is the best show for you by a long shot! The Bad Batch is next in line in my opinion (it shows you the bridge between Episode 3 and 4 Most of George’s worldbuilding went to the prequel era, and there was too much to fit in to just 3 films. So, the Clone Wars was made to compliment the prequels and Filoni had many episodes to just do what he wanted. There were many fillers, but this is the case where they’re actually good; those fillers always add to the worldbuilding and add some lore. At the start, sharing lore of the SW universe is pretty much all it does, but it gets better and better with each season. Honestly, you’re in the dark among SW fans if you have not watched this show. There are many very important things in the show.",https://qph.cf2.quoracdn.net/main-qimg-fecb7d346f354c4b797fd8016340655f
Cade Oosthuizen,Could Anakin Skywalker understand R2-D2?,"Yes, he indeed could. R2-D2 speaks what’s simply called “Binary” (like how English is called “Basic” in Star Wars, not much effort) It is also called Droidspeak, because it’s what almost every Astromech speaks. It’s made of just two main sounds, boops and beeps (okay, more like whistles and beebs) Anakin often responded to Artoo throughout the movies and series, and even as a boy he knew a few languages. So, it’s pretty clear he could in fact understand R2-D2 Fun fact: R2-D2 was a gift to Anakin from Padme; he was actually hers, she just decides to give Artoo away when she saw Anakin liked the droid.",https://qph.cf2.quoracdn.net/main-qimg-7737bd0470eccdb2a8ebc0be80f30842
Cade Oosthuizen,What are some of the most perfect castings in Star Wars' history?,"Ok, I’m going for obscure picks only again. Hopefully straight answers from me don’t become obscure themselves eventually. I have three picks: Pedro Pascal as Din Djarin His performance is pretty much perfect! So much emotion from under the helmet; not just any actor can convey feelings that well from behind a mask. And Din is a complex character that’s ruthless at times. With the acting handicap, so to speak, it is extremely impressive that he portrays so much so well. Sure, there could be an actor better suited to play Din, but I have not seen him. Hayden Christiansen as Anakin Skywalker (hear me out) Yeah, Anakin had choppy lines and what not, but he made Anakin. He played him quite well and the main reason he was the perfect pick is not actually his acting, it’s who he is off-screen. He is a light to everyone around him and brings smiles everywhere. The fans adore this guy! I love the guy! And actors like that, ones that fans line up to see talk, are great for the franchise. In terms of marketing specifically. Sam Writer as Starkiller Maul too. His voice acting is beyond great (he also played the Son, the Grand Inquisitor, and many more characters) But this guy is perfect because he was a fan before he was hired. And he was no casual, this man is a freaking expert. Let me just share his story of how he was hired: He was doing the motion capture for Starkiller meditating, and in the take he was very tense, flexing, balling his fists. And they asked him why, and he explains Starkiller was never on the Light Side, he never meditated, he only knows bending the Force to his will, not letting it flow. That landed him the job. He knows so much and is so mindful of almost the entire SW Canon. Sam also made the Sith Code Canon all by himself by adding it into Maul’s crazed speech. And he looks so deep and understands scenes really well; I highly recommend searching for Just see how he remembers that names of everyone and is so kind, so you can get a feel for why he’s great for SW Pedro plays Djarin perfectly Hayden is the Tom Holland of Star Wars Sam is somewhat of a mix and is so well equipped to play any part of Star Wars simply because he’s got the knowledge to correct Filoni.",https://qph.cf2.quoracdn.net/main-qimg-b4c874a2a2644486f0eaa1a1e60a2235
Cade Oosthuizen,"What are the reasons for the dislike of the Star Wars prequels? Is it due to plot holes, George Lucas' directing, or other factors?","George Lucas' directing for the most part. People wanted a classic hero journey, like what the OT had. And then there is the dialogue. (Which I really think is not much worse than the OT’s dialogue) The last point is the CGI; people do not like the “overuse” of it. Although movies may not have been what they are today without George’s advancements in the field. What I think is the main reason that the Prequels are hated is that George wanted them to build on Star Wars, not be another standalone successful story. He made the Jedi Order, shed light on more factions, made the coolest armies in SW and added many more pieces of world-building that make the SW galaxy so interesting. Ask any fan for their favorite era, and it’s most likely going to be the Clone War era, regardless of their thoughts on Episodes 1–2 And people misunderstand Lucas felt the need to make more movies: people misunderstood Darth Vader. He was a tragic hero, not just a villain he turned good. People didn’t truly see the “hero of the Clone Wars” Old Ben mentioned Luke’s father was. And George just had so many ideas. That he had trouble remember what the audience didn't know. TCW had to fill in the gaps because three movies were not enough. Ultimately, the Prequels are very flawed, but I love them, and I know a massive chunk of the fandom does too.",https://qph.cf2.quoracdn.net/main-qimg-0e4a75da5d4ea5745b38877a5d1ccac9
Cade Oosthuizen,Who would win: Plo Koon or Kit Fisto?,"Plo Koon, whichever canon you use. In the current Canon, Kit Fisto’s best feat is fending off Grievous in TCW Not fully beating Grievous; Kit did choose to run instead of beating the leader of the droid army. He’s great, and consistently fights with the best, but in much less screentime Plo Koon has managed to show feats just as impressive as Kit’s (at the least) Plo Koon easily defeated Sing. And he could tear apart Droch-class Pod Hunter (yes, that is the correct and real name for it) with a simple Force Push after using a few Force abilities before. And he could hold a huge part of a ship from falling for almost 30 seconds: With Ahsoka, but still; Anakin and Mace Windu could not lift what was on top of them there. And in Legends, I think one feat alone puts Koon above Fisto: With a broken arm - as a Djem So practitioner - Plo easily beat Ventress. While Kit, without any handicap, lost to Asajj: Now, finally, Kit drew his lightsaber. Ventress drew a pair of blazing, red blades. She inclined her head, breathing more quickly, lips curling into a smile. ""Finally,"" she said. ""Your pleasure,"" Kit hissed, and went at her. He was like fire, Ventress like smoke. The dance had substance but not form, a blur of light that seemed impossibly fast, unbelievably deadly. The two leapt and swerved, collided and bounced away. Single against double light-blades. Hands, knees, feet, all in a mind-numbing blur. Obi-Wan would have given his right hand to join. Or even to watch such a display. But he had his own worries, his own battle to fight. He struggled with the urge to simply draw his lightsaber and slaughter the X'Ting. His enemies came on and on, struck quickly but clumsily, got in each other's way. Obi-Wan was direct in attack, and as elusive as a breeze. He'd missed the engagement, but suddenly — Kit was down! Wounded and groggy from a kick in the jaw, for the first time Ventress had pierced his guard. Her left-hand saber sliced his arm but as sparks flew he dove away from her left blade, leaning into a glancing blow from her right. Obi-Wan heard the scream but couldn't see the wound's severity. Kit rolled as Ventress came at him, splashing down into the lake. Ventress stood on the dock smiling hugely, arms and legs spread in triumph, laughing in that arctic voice. -The Cestus Deception I think that combination puts Plo firmly above Fisto. He also has one of the most diverse skill sets in the Jedi Order, with great practice in Alter Environment (something that could be very useful in a fight against Kit) Plo Koon uses a better Form, he’s a greater duelist overall, and his Force power is stunningly above Kit’s in both Canon and Legends. Respect the leader of the Wolf Pack!",https://qph.cf2.quoracdn.net/main-qimg-f47cd6f4ed8ffc94083a2aa0ecfa4697
Cade Oosthuizen,How does distance affect the force?,"Less than you may already think. A cross-galactic Force Choke There have been feats of Sith throwing around victims from lightyears away. What really matters is whether or not you can focus on whatever you want to use the Force on. For many Jedi, it is hard to move objects when not looking at them or facing their direction. But we do see Jedi use the Force from a pretty close range most of the time, so I assume distance matters a bit, but the increase in difficulty to increase in distance is not proportional.",https://qph.cf2.quoracdn.net/main-qimg-713153069d8390835ab2b5344cd7a710-lq
Cade Oosthuizen,Are there any materials that resist lightsabers more effectively than cortosis?,"No. Beskar, along with some other metals, is much stronger than Cortosis, but not better at combating a lightsaber-wielding opponent. You maybe be thinking “how does that make sense?” Well, see the power of Cortosis for yourself: A lightsaber cannot cut Cortosis because the lightsaber deactivates on contact. Not just that, but the user won’t be able to reactivate the lightsaber for a long time (in terms of combat) All of them have little chance of being cut or melted by a lightsaber, but one provides a lot more than just resistance and is theoretically impossible to cut with a lightsaber.",https://qph.cf2.quoracdn.net/main-qimg-4cf67511d4ff86571b0f8566045c6028-pjlq
Cade Oosthuizen,Do you think Anakin was a good master to Ahsoka?,"Oh, absolutely; he was the perfect master for her. First of all, he trained her for the time. To survive. What’s the point of teaching her something else if that lesson would die with her shortly? And dang, he did good. Skywalker trained Ahsoka to survive anything, so she could protect herself and others. A specific case is with her Order 66 training. And on the broader side of things, let’s see some feats she achieved thanks to her training: That’s just a little. He even taught her basic practical skills like engineering. Other than that, the leaning was timed perfectly. Ahsoka came to Anakin at a time where Anakin himself still needed to develop personally. And that was a fantastic guide for Tano. That is on top of the fact that they are extremely alike! Anakin saw himself in Ahsoka, and that helped them both a lot. The cherry on top is that they were not just a great mentor-trainee pair, they were great friends.",https://qph.cf2.quoracdn.net/main-qimg-46b8f9c17659c721d4b1de0e360b61ba
Cade Oosthuizen,"When Obi-wan and Anakin were dueling on Mustafar, and Obi-Wan said ""it's over, I have the high ground, why didnt Vader just force choke him rather than make a stupid and daring jump that obviously didn't work out?","Partly, because of the same reason Kenobi didn’t just push Anakin in lava. Force Shields, baby! Imagine if no one could resist Force attacks regardless of their own Force power. Every fight would just be a mess of Force powers, and low level Padawans could do some serious damage to Yoda! Force Shields protect Force Sensitives from Force attacks, and that’s why Jedi use lightsabers most of the time. Now, it’s not a broken ability, it’s balanced. As long as you’re within the same league as your opponent, you can block their attacks with a Force Shield. And Anakin was not far enough above Kenobi to break his shield as he was focused. They were close enough. And thanks to the Dark Side amplifying Anakin’s impulsiveness, he made a terrible decision.",https://qph.cf2.quoracdn.net/main-qimg-67ce564b3ce54c4f47fdec7de6c9ec07
Cade Oosthuizen,How powerful is Yoda with The Force? Did he sense Anakin's fall to the dark side?,"Extremely powerful. Behold: That’s the power of Yoda In terms of the Force, he’s arguably the strongest Jedi in his time. Probably top 3 Canon Force Users ever. As for sensing Anakin’s fall… he did not. However, the Force barely gives insight to anyone when it comes to these sorts of future events. The future is always in motion and is not set in the Star Wars universe. So, he could only see some of the signs of Anakin’s fall. Yoda was unaware of Palpatine’s manipulations to Anakin and the whole Jedi Order because he was so focused on destroying and finding the illusive Sith Lord.",https://qph.cf2.quoracdn.net/main-qimg-5f38a2ab520663270ebfd6d450d35678-lq
Cade Oosthuizen,Does Obi-Wan Kenobi have any real character flaws?,"Yes, and he’s never perfect. I know why you ask; he’s stayed kind and strong in the face of so much loss, how? And in every situation, he acts so well. But that was not always the case, Obi-Wan made many mistakes and in the end, he does think Vader is irredeemable, so we see even in his arc’s end he is not perfect. However, I could see Kenobi as having no “real” character flaws, because I look at it like this: Imagine people have characteristics on a scale of 10 to -10. So, while a person like Anakin has stats like this: (This is a quick example, excuse imperfection) Good intention: 9/10 Bravery: 10/10 Emotional control: -2/10 That negative is a big character flaw. Kenobi doesn’t have a huge weakness like that in his development. He matures and rounds out very well. So, while he’s far off from having tens all the way, he doesn't have a negative. And that’s the way I think development is meant to go. Personal weaknesses are not meant to stay part of you, they are levels you should pass eventually.",https://qph.cf2.quoracdn.net/main-qimg-1f7e2704789827ad0aae170f65cad28d
Cade Oosthuizen,How can Star Wars fans not realize the stupidity of Emperor Palpatine substituting the clone troopers for inept storm troopers?,"Oh, they realize a lot more than you think. Almost anyone I’ve seen with a take on this has had one of these stances on the topic: 1 He is dumb Loads of people “realize” he was just stupid to do so. But the rest have this stance: 2 It was not dumb. In the Bad Batch we see some reasons why the Empire chose to move away from clones. But there are a few more factors: Plus, the Stormtroopers are not meant to be as incompetent as they look. Obi-Wan praises them in ANH so it’s clear the original idea was for them to be skilled fighters.",https://qph.cf2.quoracdn.net/main-qimg-502b11512e4b64ec1fb3d86cf2293b96
Cade Oosthuizen,What was your favorite part of 'Rogue One'? Did anything surprise you about the movie if you have seen it?,"What was a surprise and something I liked is how… [spoiler alert] 3v3ry0n3 d135 I’m not one for dark endings in total, but they are needed for big universes like Star Wars. Not only did this movie have a balance in itself by having the heroes step towards winning the war (while losing the battle) but it also have a great effect overall. When you see the heroes don’t always win, it makes fights tense. You question, “can they make it this time?” That is integral to great storytelling. Real stakes. Rogue One kind of “took one for the team” in the grand scheme of Star Wars. But it was far from bad. It was slow, but kept me engaged the whole time. Honestly, I highly recommend it.",https://qph.cf2.quoracdn.net/main-qimg-cd53db1f6840ff9c93c28a981f55fb99
Cade Oosthuizen,"In the Star Wars universe, can you use the Force to heal yourself?","Yes, you can indeed. Ki-Adi Mundi Force Heal-ing himself Honestly, I like that. And I think it makes sense. The Jedi during the prequel era are too focused on giving and selflessness regardless of where it comes from. They focus on the fruit, not the root. That’s why Anakin looked like a hero all along (he was almost forced to) while they did not give attention to what was happening inside. Focus on the root, and you get good fruit. Because in the end, that paint goes away, and the fruit falls, showing you what the tree really yields. But the Light Side is root-centric and sharing. Overflowing with life. Not about dying to self, it’s about thriving for others. So, giving up life Force is just not as fitting how I see it.",https://qph.cf2.quoracdn.net/main-qimg-f04b03a8f82a29bdac549fc172ffd8d4-lq
Cade Oosthuizen,"When Anakin screamed “I hate you” to Obi Wan, did he truly mean it or was it years of repressed anger towards Obi Wan finally being released?","Good question. Honestly, he meant it. One of the saddest scenes in cinema Anakin vented at Obi-Wan every now and then. He sometimes felt Kenobi was jealous, but when he was thinking clearly, he saw Obi-Wan for the good brother he was. Anakin didn’t build up hate for Kenobi, Anakin just became consumed by hate because of the Dark Side. It twisted his mind; all he could see was the bad in everyone else. Sadly, Anakin really felt hate for Kenobi, and it was not because of minor things piling up. It was due to how Skywalker chose to fill himself with hate. And Kenobi just objectively sliced Skywalker up, on top of stealing Padme in Anakin’s mind.",https://qph.cf2.quoracdn.net/main-qimg-1b207b90d0bad82c1736681943ea82d5
Cade Oosthuizen,How would the fight on Mustafar go if Anakin faced Plo Koon instead of Obi-Wan?,"… not well. Obi-Wan knew Anakin well and was the greatest Soresu practitioner ever. Plo Koon does not know Anakin nearly as well and is ironically also a Djem So practitioner. Second to Skywalker. So, I don’t see this ending well for my boy or the galaxy as a whole.",https://qph.cf2.quoracdn.net/main-qimg-266e6892140d5a451c1cdffd05e1094a
Cade Oosthuizen,What were Obi-Wan Kenobi's greatest individual achievements?,"Oh, boy. In Kenobi’s long career, he has not failed to impress. Obi-Wan has gone toe to toe with most of the strongest foes the galaxy had to offer him. Let’s look at his best achievements: (In no particular order) 1 Forcing famed Jedi hunter Jango Fett to retreat Not much to say here. Jango killed Jedi in hand-to-hand combat in Legends. 2 Defeating Maul in TPM Obviously, Qui-Gon took a lot out of Maul with Kenobi and Maul’s arrogance was needed for the win, but the feat is still impressive. Kenobi was the first to defeat a Sith Lord in millennia and cut Maul’s saber in half fair and square (also had him on the floor, nearly dead) as far as Padawan feats go, this is very impressive. 3 Defeating General Grievous Once and for all That guy is one slippery fish. And a hugely infamous Jedi-killing machine. In the novelization, it was said Grievous could dish out 20 strikes per second. (trading out quality for quantity, 16 is rather comfortable for him) many Jedi tried, only one did. 4 Walking out of a 1v2 with Maul and Savage looking better than the duo This is my personal favorite and the one that comes to my mind first. Maul alone is absolutely deadly, but with Savage? That is legendary stuff. Savage alone is also deadly! Walking away from that with only one leg is impressive, but walking away knowing one of the other guys lost an arm is next level. 5 Defeating Knightfall Vader This fight may have come down to a dumb slip up, but we can all agree that the Mustafar duel is a legendary feat for Kenobi. They fought the longest lightsaber duel ever there, proving it was indeed a close match. And we all know Knightfall Vader is no one to mess with. 6 Defeating Darth Vader in Kenobi While we all knew something was a little botched here, it is a Canon feat nonetheless. Beating Darth Vader on his worst day is still crazy, so let’s give Kenobi his flowers. 7 Staying strong! And much more, but just let this meme sink in. I don't think I need to add much. He had so many reasons to fall to the Dark Side, but he didn’t. He stayed a hero, through so much suffering. That is his greatest hachement in my mind. [Most of the art is from Venamis(.com)] I hope you enjoyed, comment which achievements I missed, and have a good one!",https://qph.cf2.quoracdn.net/main-qimg-1f7e2704789827ad0aae170f65cad28d
Cade Oosthuizen,"In the Star Wars universe, what is the actual appeal of becoming a Sith? Are there tangible perks, such as personal wealth, fame, prime real estate etc., or why would anyone voluntary seek to join this despised order?","Ah, I like this. Most people are like: “I’m sorry, but the Dark Side just is cooler.” You see the cost. Time to mix things up. Are there tangible perks, such as personal wealth, fame, prime real estate etc., or why would anyone voluntary seek to join this despised order? Well, all of what you mentioned is part of the appeal for some Sith like Palpatine. But for most, power is a main hook for the Dark Side. It’s addictive, and George Lucas describes the Dark Side like pleasure. Even though the Light Side has joy and true happiness, the Dark Side feels good. Anakin was drunk on power during RotS, he thought he was more powerful than Palpatine and began thinking of all the possibilities (like ruling the galaxy!) And finally, we have the main part! In the Star Wars universe, what is the actual appeal of becoming a Sith? There’s actually not always an appeal to becoming a Sith, rather the Dark Side always dangles the greatest offer: whatever you want. That’s why the power is wanted, with it, you can get things. Fame, money etc. Look at the Sith Code: I gain, I gain, I gain For anyone who is not happy with their life, for anyone who has a longing or strong want they feel it is needed, the Dark Side is almost irresistible.",https://qph.cf2.quoracdn.net/main-qimg-19e22383fff349532add3d63b045be6f
Cade Oosthuizen,How do you feel about the Lego Ninjago Movie?,"Not bad! It’s viewed as garbage and kind of meme, but I’ll give a serious review. First off, relative to the main continuity, it has one big pro and one big con. Negative: it disrespects the canon while many fans wanted it to fit in. Positive: it revived and reformed NINJAGO Overall, I’d actually say modern NINJAGO is near its peak (if not, it has found its new one) And the designs the movie gave are way better than the OG designs (yeah, that’s going in CCO) Now, just looking at it by itself: Negative: I don’t need the characters to match perfectly, but there were two straight up character assassinations. The above is no wisecracking bad@$$, that is a wimp. And the below: Is so bland and boring you’d do the movie a favor by removing the monstrosity. Next, jokes were mid. If it was like the series, I’d say they did okay, but they put this out as a comedy, so I expect slightly more. Positive: The sweet ‘ol “the LEGO movie” animation was fire. And… I know it’s twofaced, but this thing does have some banger jokes. Aside from that, there are two other highlights for me: Relatable setting Making the movie take place in what’s essentially our world was cool because it allowed Lloyd to be like a mirror for a normal kid in school. It led to him having some personal struggles that are supremely relatable. The messages The message on working to improve yourself and struggling to make the best of your inner skills was fantastic, and so was the message on personal value via Lloyd and his leadership role. I found myself walking away with some productive ideas after rewatching it. Honestly, I’d recommend giving it a rewatch if you liked the LEGO movie. It’s very similar.",https://qph.cf2.quoracdn.net/main-qimg-d8759b9eab4944a33144b06378ebf3ed
Cade Oosthuizen,"Would Darth Vader be able to survive if he embraced the light side, and wasn't mortally wounded by Sidious?","Yes! In what was essentially a Star Wars’ “What If” comic, Vader turned to the Light Side and - as you can see- stayed with the living: When the suit was not working, Vader needed to embrace the Dark Side to live. But whenever it was functioning, he could focus the Force on other things, like crushing rebelscum. There is no evidence for this, but it’s a cool idea that Vader could possibly Force Heal himself fully. I mean, he is the Chosen One and one of the most powerful Force Users ever; who says he can’t even re-grow a limb?",https://qph.cf2.quoracdn.net/main-qimg-b39fe2d75fc9073bbda1e571da85b4b0
Cade Oosthuizen,Why does Darth Vader seem so terrifying and sadistic since the third installment of “Obi-Wan Kenobi”? He seems like someone out of a horror movie now and less of a science-fiction character. Has Disney made him too dark now or is this a good arc?,"That’s honestly what Vader is meant to look like (especially the terrifying part) Being realistic, not much can be “too dark” for Vader. He lost his wife after sacrificing everything else he had just to save her. And then he full submerged himself under Palpatine’s rule and the Dark Side. Vader is a monster, that’s what makes him more intimidating and what makes his redemption powerful. He is broken. A tragic character (that’s how George Lucas himself describes Anakin) The only “too dark” comes from the real world, like how Star Wars is meant to be for everyone. Now, there is a line, but personally, I don’t think they crossed it. Nothing was graphic. And we all already saw the infamous “Master Skywalker, there are too many of them” scene. So, all in all, I find Kenobi’s representation of Vader one of the better ones in the Canon.",https://qph.cf2.quoracdn.net/main-qimg-e559603922a23664f99f744b7c4199bc
Cade Oosthuizen,Did Obi-Wan have to earn a living when he was in exile on Tatooine for those 19 years?,"Yes, otherwise he’d have trouble living. Kenobi riding to/from work Although that was not a bummer. Many people hate working, but not Kenobi. And that’s not because he has a passion for everything, it’s just his character. He wants to be given a task and to do it. Work is simple; it takes his mind off of foul memories and soothes him. What many find “boring” Kenobi finds “calming”. Anakin had a similar thing going on actually: Basic tasks can be a relief. And unlike Anakin, Obi-Wan loves routine, so it probably didn’t get that old.",https://qph.cf2.quoracdn.net/main-qimg-b9b0c02dc1b6b96459a90425b717c206
Cade Oosthuizen,Did Obi-Wan regret his actions towards Anakin?,"Yes, very much. He felt like he failed Anakin; even said it in RotS In the Kenobi series we see clearly what’s going on in Obi-Wan head concerning regret. Obi-Wan’s sense of guilt is actually at the heart of the story. The series ends when he finally let go and listened to the truth Vader had to offer. “You didn’t kill Anakin, I did” Ultimately, it really was not Obi-Wan’s fault. Palpatine did all he could to turn Anakin, but it was still Skywalker himself who chose the Dark Side.",https://qph.cf2.quoracdn.net/main-qimg-57cb3dd9098d1f69096f85bcaa15b5bd
Cade Oosthuizen,"In the Star Wars show Obi-Wan, Vader is commanding a small army of Sith (or renegade Jedi, same diff) warriors. Is this a problem for the emperor?","You’ve likely heard this before, but: Vader is commanding a small army of Sith (or renegade Jedi, same diff) Sith >>>>>> renegade Jedi Sith lords are possibly the deadliest faction in Star Wars. The army of 12 Vader and the Emperor command are called Inquisitors, trained for one purpose: hunting Jedi. Is this a problem for the emperor? Actually, no. For one, Vader obeys the Palpatine. And Vader alone can take on all the Inquisitors. If they teamed on the Emperor, that would be a problem. But he made sure that would not happen. The Inquisitors have extra fancy lightsabers and weaponize intimidation. So, they take down possibly stronger opponents sometimes and also look extra strong. But in reality, they are average Jedi Knight level, if not a bit lower.",https://qph.cf2.quoracdn.net/main-qimg-760a9b5fa13f5e7f24476e0bab44ce47
Cade Oosthuizen,Why did Darth Vader lose to Obi-Wan Kenobi? Wasn't he more powerful and should have easily won the fight?,"This Vader? Art by Venamis By RotS, Vader was like a glass Canon. Not in the sense that he was easy to defeat, but in the sense that he was wildly unstable. That is what lead to his bad choice to jump. Wasn't he more powerful and should have easily won the fight? So, is he had all the power he gained through the Dark Side, didn’t spend energy on errands beforehand, and didn’t make some dumb mistake, yes. Anakin would be a clear notch above Kenobi. But that was not the case. Obi-Wan was in his absolute peak (the only moment in his life where he was as formidable is only debatably his prime form in the Kenobi series) Kenobi was focused and as powerful as ever, while Anakin was overrun with emotion and just received loads of power. He overestimated his power (as do most of Kenobi’s opponents when you think about it) Anakin thought he was more powerful than Sidious at the time. So, ultimately, that power was brought down by a poor mental state.",https://qph.cf2.quoracdn.net/main-qimg-14c6ef5b9681d120683d56cb44e60d64
Cade Oosthuizen,"What is the meaning behind Obi-wan's statement ""from a certain point of view""?","I lied to your face, but let’s pretend I didn’t. Okay, okay, not quite. But he led Luke to believe something through deceiving him with careful wording. He’s talking about how “Vader killed Anakin”. When really, “they” are one. Luke felt lied to, and I am with him there; he pretty much was. But I also understand Obi-Wan. He only knew that whatever Luke’s reaction to knowing Vader is his father would be, it would not be pretty.",https://qph.cf2.quoracdn.net/main-qimg-34becb881c5f2984ef213d4d2215a1ac
Cade Oosthuizen,"Did Obi-Wan want to fight Maul in Rebels, and why did he kill Maul so quickly?","No, but Maul wanted nothing more than to fight, so that was unavoidable. And while Maul was still very formidable, there are a few - in-universe- reasons for his quick defeat: If he has to, he wants it to be quick; he’s not some Sith Lord that enjoys toying (and Maul would be a real threat) Underestimate his opponent. He thought Kenobi was out of shape, out of practice. And Maul thought he was getting in Kenobi’s head: You’re protecting something… no, someone. He said with a grin. When Obi-Wan is angry, he’s off balance (like most Jedi) And Maul has done this to Obi-Wan before (plus, after all Maul did to Kenobi, I’m sure the Sith could not understand how Obi-Wan would not be mad at the first sight of Maul) Carefully exploit weakness. (usually after defending from their strength) Obi-Wan knew Maul was mistaken and felt no anger towards Maul. Kenobi had matured beyond his old self (and was still very much in practice) And he manipulated Maul. Watch the stances: Instant reaction: he is Clone Wars Kenobi, ready for a fight. Next, he is Old Ben; he’s done with the Kenobi of the Clone Wars, he’s put it behind him and grew out of some old weaknesses. And finally, he switches again, for this duel, he is Qui-Gon. He honors his master and could probably guess what Maul would do. Maul went straight for the move that killed Qui-Gon, but Obi-Wan read it like a book, and that was the end of Maul. A few people don’t like this duel, and it’s short, but to me, it is one of the best ever. The art of this speaks to me and I really love it.",https://qph.cf2.quoracdn.net/main-qimg-1ee5cd8288fa076d17e20072c19aeab7
Cade Oosthuizen,How did Vader lose to Luke?,"The real fight was not physical, but is was the decisive battle. Let’s take a look at the fight without emotions involved: Luke: agility… Vader: strength, speed, durability, stamina, Force power, Force knowledge, versatility, dueling, etc. The reason Darth Vader lost is because Luke was right there and had other advantages. let’s look at their minds and emotions in the duel: Vader: confused, suppressed, miserable, unmotivated Luke: caring, hopeful, understanding, confident! When they were talking without lightsabers ignited, Vader could sense Luke was serious and that he truly knew there was good in Vader. And the Darth began to question what he thought for so many years. How could Luke love Vader when he hates himself? So, yeah, when your dark life’s view is crumbling apart and you're beginning to see the light, it’s a little hard to fight in a duel so tightly related to focus. Luke was determined, focused and even angry for the climax of their duel. But Vader barely even wanted to win, in fact, winning the duel meant losing the last bit of his old self. And there’s another massive thing. Killing Luke meant killing one of the last connections to Padme the galaxy had left. Ultimately, winning was losing for Vader, and he was truly challenged with Luke’s hope.",https://qph.cf2.quoracdn.net/main-qimg-48f57f302a05d084bab96d50e8be6235
Cade Oosthuizen,Was Obi-Wan a force projection in Star Wars: A New Hope?,"He was a Force Ghost! When a Jedi who knows the secret to becoming a Force Ghost dies, that Jedi’s conscience is saved. The Jedi becomes a part of the Cosmic Force and becomes able to manifest his/her self into the world of the living. (Like the Cosmic Force manifests itself as the Living Force) Force Projection is a newer ability only shown in one movie (Canonically as far as I’m aware) When you think about it, these abilities are very similar. As Luke was not just a projection of illusion, he could interact from solar systems away. It’s essentially like manifesting yourself as a Force Ghost without dying beforehand… That comes after.",https://qph.cf2.quoracdn.net/main-qimg-f00b96541264fe4b90a6336958b2b692
Cade Oosthuizen,What are some examples of well-written female protagonists? What makes them strong female characters?,"Oh, dang; no one mentioned Ahsoka? Well, be ready for a long ride, let’s hit it. Firstly, let’s go over how well written she is. Her development was spectacular! She started as a sassy new Padawan most people didn’t like. Not very mature, and she doesn’t question anything. Then she changes for the better (character wise, and design wise, I might add) With Anakin’s training and Ahsoka’s own new experiences in the war, she’s been to a lot of different places and heard a lot of different stories. She becomes far more understanding of the galaxy as a whole and leans respect. All while not losing the charm of occasional cheeky wisecrack. And when the Jedi show what the war has done to them by handing Tano over to the Galactic Republic to literally be given the death penalty, she wakes up to her largest bias. She realizes the Jedi are indeed flawed and truly understands she’s not with the perfect good guys and there are bad guys in the Order (not just that, but as touched on in a previous episode, she also knows the opposition has good people) So, she does some of the finest boss-ing Star Wars has ever seen (largely thanks to Anakin’s training, which she grew so well into because of her incredible resilience) and escapes to investigate for herself. She doesn’t run away, she wants to prove she’s innocent, that’s important. And she eventually finds that her own friend betrayed her, really solidifying the lesson. Finally, when she is accepted back, she refuses. She sees the Order has given her what it could, but now she wants to see an objective view. The Jedi had a view far too narrow, so she had to leave her master. After leaving, she lives on Coruscant as a citizen, leaning the views of the average person. She finds that not only do many other people see the flaws of the Jedi, but many people hate the Jedi unfairly. Now from outside the war she looks at it and fully develops her view of the galaxy and life in it. That is where she matures fully. And then she is called to fight once more. You know that finest boss-ing record she set? Yeah, she’ll do that twice more with fighting Darth Maul himself! Venamis art And the rest of the Mandalorian siege (where she is helping because that’s what heroes do, not because it’s her duty) And then she survives Order 66, something less than 100 Jedi could do out of 20,000 strong. How’s that for strong? She’s one of the most skilled and powerful Jedi in the Canon! And she even goes on in terms of maturity; in Rebels and Ahsoka, we see her as a grown adult. Where he fights Vader (one of the most powerful beings, period) But also her former master. Wiser than ever, and still kicking butt. She ends up being so fantastically balanced. Like half Anakin and half Obi-Wan by the end of it all. And she’s teaching by Rebels! Full circle from Padawan to Master. She’s no longer cocky, she’s just confident as she should be. Now, what makes her strong? Simply the fact she got through that mess! She survived many dangers, and we’ve already learned about her prowess. And also, her resilience. You may not be thinking, “so, she made it through, big whoop, what was so hard?” Well, let’s just see what she lost (comment if I missed something): That enough? She lost her whole life and had to make a new one, how’s that for resilient and strong? Thank you so much for spending you time on my answer:",https://qph.cf2.quoracdn.net/main-qimg-05a49c9acb2120305f60e2403f49946a
Cade Oosthuizen,What is the cutest thing that your dog does?,"He claws at my legs for me to come down with him so he can lie on my lap. A slightly old picture. My sister’s dog did too sometimes: He occasionally rolls over too, but the above is my favorite cute behavior.",https://qph.cf2.quoracdn.net/main-qimg-3321384fcab59b7466a9cb3e8742371d
Cade Oosthuizen,"Whats the best way to read a story, slow burn or straight to the action? Is character development necessary for a good story? And do you like stories where everything builds up to the next sequence or things happen randomly during a normal day?","Oh, this is nice and loaded. Whats the best way to read a story, slow burn or straight to the action? That’s subjective to your experience reading. Just like consuming other fiction, do you like to watch a series normally or binge? Is character development necessary for a good story? Mostly. Character driven stories need this, and they are what make people like stories, it’s simply speaking to us directly. Plot driven stories can be good, but not nearly as great as character driven ones. And do you like stories where everything builds up to the next sequence or things happen randomly during a normal day? I definitely like a build up. But you can have spontaneous side quests and unseen challenges that take up the chapter like in Percy Jackson. The book needs to build to something, but you still have a lot of freedom to put random, small events things in and still make a good story as a writer.",https://qph.cf2.quoracdn.net/main-qimg-49fd6ed0ed290b65fad5f393ae7ba77f
Cade Oosthuizen,What's the saddest MCU scene?,"The other answers are great, but I’m surprised to see the first scene that comes to my mind reading this has been overlooked! The scene where the forgetting spell is cast in No Way Home is really high up there in the saddest scenes list. Partly due to the surrounding scenes: Before this, SEVENTEEN-YEAR-OLD Peter Parker lost his mother figure (he already grew up without his biological mother) And in the cruelest way thanks to the Goblin. That’s building up the sadness. Then after that he decides to no reconnect with MJ and Ned, the only two friends he had through the mess like this: See that sign? Can you imagine being a 17 and also one of the most hated people ever? All he had left was Ned and MJ, and that’s what makes the spell casting scene so sad. It is the center of Peter becoming truly alone. Just a young teen. Completely, utterly alone after having everyone he loved ripped away. And this was voluntary. It’s incredible how selfless Spider-Man is (in so many adaptations) That also adds to it: such bad things happening to such a good kid.",https://qph.cf2.quoracdn.net/main-qimg-5633ef4c87d5e285448f298696a89a75
Cade Oosthuizen,Was Obi-Wan Kenobi an unfit master for Anakin Skywalker?,"No, but he was not ideal, and that was unfortunately a big problem in his case. Obi-Wan was a perfect counterpart, but that alone was not enough. Anakin needed a perfect master, not just because he’s the Chosen One, but because of Sidious. The greatest evil mastermind and manipulator in the galaxy. If Palpatine wasn’t pulling string and messing up Anakin’s life, Obi-Wan would have served Anakin just fine. Skywalker was trained well and could handle intense pressure, just not Palpatine cranking it up to 12 So, Obi-Wan was fit for Anakin, but not for the full situation and the bigger picture of training the boy. A big reason Qui-Gon would have been better is that he could be a father. What Anakin needed, and what Palpatine ultimately filled in for. Kenobi could only be an older brother.",https://qph.cf2.quoracdn.net/main-qimg-4928cd1f4968e84b8bd64831a2386810
Cade Oosthuizen,How do you view the dark side?,"In the OT and Prequels, I love it. I always prefer the Light Side and heroes, all that stuff. More accurately a love to hate it… something like that. Just an evil perversion of the Force which is displayed through the Sith is amazing. I love the good vs evil theme, not good and evil. Selfish and power-hungry Sith is what I want to see in a villain. The old lore for both Sides is great. But in the new Canon, I’m not a huge fan. I don’t want a Dark Side that’s good in moderation, I want a Dark Side that is pure evil; the mixture can come from Sith or Jedi weak in either side, not strong in both. In the sequels Kylo was tempted by the Light Side and felt a pull to it, but still just wanted to stay on the Dark Side because. That’s something I don’t like at all, to put it lightly. A Dark Side that’s tempting is gold, one that baits with cookies or the like.",https://qph.cf2.quoracdn.net/main-qimg-cdd6cb149c95208062fb6bf88482de8b-lq
Cade Oosthuizen,What are the criteria for being a Jedi or Sith in the Star Wars universe? How do they differ from each other?,"*During the prequel era* The only requirement is being part of either club. If you were part of the Jedi Order, you were a Jedi. And to be a Sith during this time, you had to be one of the two present Dark Lords! Only two true Sith can exist at a time during this period (and some others) And what separates them is… everything. They are opposites in almost everything outside of both wielding lightsabers and using the Force. Behold their codes: The Sith are selfish, the Jedi are selfless. One seeks to gain, one seeks to give. Classic “good vs evil” stuff. Although during TCW, lines can be blurred.",https://qph.cf2.quoracdn.net/main-qimg-8aaa3d452d6e746fc7f4dbeb75c13063
Cade Oosthuizen,"Who would win, Kit Fisto Vs Obi-Wan Kenobi?","Kenobi would win. He outclasses Fisto in most regards. Even though Kit Fisto has shown to be quite impressive. It’s through few and otherwise basic feats. He beat Grievous, but to Kenobi? That’s cute. Obi-Wan is a far better duelist and no one’s Shii-Cho is piercing Kenobi’s Soresu if Anakin’s Djem So barely could. And in Force Power, Kit Fisto’s sadly shown nothing notable, while Obi-Wan is one of the strongest to ever cross the screen. He also sent Grievous flying (and he weighs 159 Kgs) Need I go on?",https://qph.cf2.quoracdn.net/main-qimg-63dff1fca9a25a975f92ccb9ea7c6c8e
Cade Oosthuizen,"Why did Tony Stark say to Peter Parker, “If you’re nothing without the suit, then you shouldn’t have it.”?","It’s what Peter needed to hear. Parker simply didn’t get that. He was enjoying the extra abilities the suit gave him. But not understanding what they are meant to do. We all know how the Super Soldier Serum works, right? The suits -Spidey’s and Stark’s - are just like that. They amplify what’s inside. Stark didn’t give the suit to a nobody; he gave it to level up a small-time/up-and-coming hero. Just like what he did for himself. He wanted to do good, on a larger scale, so he enabled himself to. But Peter wasn’t ready to be an Avenger. He still lacked experience, among other things. And it was way too dangerous at the time for Peter to be an Avenger (it always is, but not this much, and normally Avengers are adults who can make choices for themselves) And lastly, he couldn’t have all that extra power simply because of these wise words: “If you can do good things for other people, you have a moral obligation to do those things. It's not a choice; it's a responsibility.” - TASM’s Uncle Ben, inspired by Peter’s biological father If he had Avenger level power, he ought to be using it to fight Avenger level threats.",https://qph.cf2.quoracdn.net/main-qimg-7cf6ecb6a23d3dccc787f7a0e0bba312
Cade Oosthuizen,How big is a fully grown Rancor compared to a fully grown Krayt Dragon?,"Comparatively, a Rancor is like a small snack for a Krayt Dragon. A Rancor is big… by human standards. (slightly exagerated) But a Krayt Dragon is massive compared to the Rancor. It’s almost a repeating ratio. 100 humans = 10 Rancor = 1 Krayt Dragon. It’s very rough, but you get the idea. Fully grown Krayts are way bigger than Rancor. The smallest of Krayt Dragons are probably bigger than the largest Rancor.",https://qph.cf2.quoracdn.net/main-qimg-90d9dad83bb110d0ff7106ad3298ed5c
Cade Oosthuizen,Why couldn't Hela defeat Surtur?,"Because her attacks did almost nothing to Surtur and he didn’t beat around the bush. Surtur just wanted Asgard gone, and that would take them both down. If he wanted to survive, then there would have been problems (it is possible neither would ever do sufficient damage to the other) Hela’s power on Asgard is incredible, and Surtur actually cannot die until he destroys the place. But we did not have to worry about that; as mentioned above, Surtur just wanted to destroy Asgard, and it is literally what he was born to do.",https://qph.cf2.quoracdn.net/main-qimg-e8fa3627dbb699b534ff954262c990e2
Cade Oosthuizen,Why didn't Anakin Skywalker bleed to death when his legs were hacked off by Obi-Wan?,"Burns, lightsabers prevent bleeding. But the reason Anakin did not die is because he held on to his life through a need for revenge and the Dark Side. The same way Maul survived being cut in half. It’s something a lot of people miss; they say Obi-Wan should have ended Anakin’s pain, but Anakin himself was fighting the end. Really, there is still an obvious argument to be made that Kenobi should have ended Anakin, but he did have to live to become Darth Vader.",https://qph.cf2.quoracdn.net/main-qimg-c54dd6008c0f3185259fcd0f51f10b58
Cade Oosthuizen,Did Obi-Wan hate Maul for killing his master and Satine?,"No. That’s one of the best things about the rivalry between Maul and Kenobi. Obi-Wan hated what Maul did, but knew that hate is what caused the damage in the first place, and that hating Maul wouldn’t help anyone. In the end, Maul died in Kenobi’s arms as if he was one of his own victims. Maul wanted to slowly cut up Kenobi, but Obi-Wan just did what he had to, and protect Luke. Nothing more; Obi-Wan even buried Maul and shared a conversation with him as if they were friends.",https://qph.cf2.quoracdn.net/main-qimg-7f4fb4537acc5b95959539bb76ba8bb4
Cade Oosthuizen,Did Spider-Man ever lose his powers in the Marvel Cinematic Universe (MCU)?,"No, he has yet to lose his powers. But I think it will be soon. Spider-Man has lost his powers for a brief period in a lot of adaptations. I’d bet if there will be two movies starring the character, he’d lose his powers in one of them. They pretty much reset him to be more like the OG comic Spider-Man, the setup is perfect, especially considering he loses his powers from emotional distress often (he’s in a pretty-very-extremely distressful situation) Otherwise, it could be thanks to a villain, but I’m sticking with emotional issues.",https://qph.cf2.quoracdn.net/main-qimg-406eff1b30b97e32da33093ec9bbf1f2
Cade Oosthuizen,"Do you think it was strange for Obi-Wan to call Anakin ""my old Padawan"" instead of his name, especially in Revenge of the Sith?","Think about the difference. “My old Padawan” is not a name like “Anakin”. It’s a relationship between Obi-Wan and his… old Padawan. That’s special, only Obi-Wan can call Skywalker that (it wouldn’t make sense if it came from anyone else at least) It’s his version of “Ani” I guess. A term of endearment. Obi-Wan’s “old Padawan” has a special place in his heart, so I don’t think it’s weird. Anakin knew his master well, I’m sure he took it for what it was: a token of their special relationship.",https://qph.cf2.quoracdn.net/main-qimg-5b823ca8d98adf86c0c672caa2ec58ed
Cade Oosthuizen,How would a team-up between Obi-Wan and Batman go against Joker and Darth Vader?,"Unfortunately, the villains win this one. Force Users are like speedsters: pretty OP and hard to fight if you’re not one of them. Joker and Batman don’t make much of a difference and the gap between Obi-wan and Vader is noticeable enough for most people to put their money on Vader. However, a team up isn’t just a 2v2. If Vader and Joker are on the same team, Joker would probably be the leader. And he’d orient the team. Obi-Wan and Batman are both strategic and might actually be able to neutralize the other team. A very interesting idea to me is Obi-Wan healing Joker’s broken mind. It could make for one good story. Batman, given preparation, could also make something to damage Darth Vader’s suit. If he could get it to affect Vader, Obi-Wan could beat the Sith, and we might just see ourselves a happy ending… sort of.",https://qph.cf2.quoracdn.net/main-qimg-69bc5f25de4b766ae12e5c96acb7c098
Cade Oosthuizen,What is a scene from a movie that made you unexpectedly tear up?,"This one: Peter Parker mirroring his mentor, Tony Stark, in Spider-Man: Far from Home Iron Man was always my favorite character, so seeing the one character I thought worthy of being his successor was great. That’s what I thought when I watched it first at least. I was around 13 at the time. But thinking about it more, I think there’s a reason it hit oddly hard back then and still does: I’ve always related to Peter Parker a lot. Especially the MCU’s version, he’s like my MCU incarnate. And this scene is more than the passing of mantle, this is a young boy becoming his own hero. Becoming the man he never thought he could be as good as. And I could feel myself in that scene; I could imagine my older self rising to the high self-set bar. The dream come true; success in maturing and simply being able to look back later and think “I did it”. I was the person I always wanted to be. And that’s not fictional, that can happen, and I wish everyone could make it a reality in their own lives. I wish we can all grow up to know our younger selves would be proud.",https://qph.cf2.quoracdn.net/main-qimg-1d0f187244aea6cadb860f3fa37d7b9f
Cade Oosthuizen,"If Qui-Gon Jinn had survived, how good of a general would he have been in The Clone Wars? Would he have survived Order 66?","Interesting scenario! I’ll have to go with a bad one. Because I don’t think he would have fought in the war at all. Qui-Gon was very intuitive, and possibly the best listener the Force has ever known. I believe he could have sensed the plot against the Jedi, had he been in the Clone Wars. While being an outcast for planting his feet on the other side of the council, I think he might have been able to reveal Sidious to the Jedi and save them. But hey, that’s just a theory… What’s yours?",https://qph.cf2.quoracdn.net/main-qimg-ff5f968178ddc63a90c5d49503a37f10
Cade Oosthuizen,What are the three most emotional scenes in Star Wars?,"This is completely subjective and based on my personal feelings watching the following scenes. 3: You Have Something - thrilling You can’t change my mind, this is the “I will find you” of Star Wars. Full body chills watching this. As Din came to rescue Grogu like how Gideon came to steal him, Djarin said exactly what the Moff did one season back. Verbatim. “You have something I want. You may think you have some idea of what you are in possession of, but you do not. In a few moments, it will be mine. It means more to me than you will ever know.” 2: Vader’s Redemption - amazement Obviously. This is the peak of Star Wars! THE moment of the SW universe. When the Chosen One fulfilled a prophecy everyone thought he never would. And the message of redemption is just so powerful. 1: Highground - utter misery “I hate you!” This is so emotional! The best of friends, closest of brother fighting to the death. All you could think of is the happy times and realize they’re gone and how it would feel to have someone like that in front of you, intending to kill you.",https://qph.cf2.quoracdn.net/main-qimg-b7e3a3c6005e49fa5cc6640d9cde64e2
Cade Oosthuizen,Why didn't Anakin's force ghost appear burned?,"Because that’s not how the Force works! Your Force Ghost looks like your prime self… Possibly based on your physical prime, or maybe something else entirely. But one thing is for sure, Anakin’s ghost looking burned would be an inconsistency. Qui-Gon’s didn’t have a hole, so we know one’s old injuries do not appear. And Lucas felt the need to swap out Anakin’s Force Ghost from full adult to young adult. But even the old ghost did not have Anakin’s injuries: Arms, hair, no head wound. Yet Yoda and Obi-Wan are both still old. There is a difference though, that older Anakin never lived looking like that, it’s just what he would have looked like without the injuries. So, maybe it’s you healed body around the spiritual prime of your life? Let me hear your theory in the comments!",https://qph.cf2.quoracdn.net/main-qimg-d8423626c9a1a5c1bd2490e44a626b6d
Cade Oosthuizen,What was your least favorite episode of The Mandalorian and why? Do you think it could have been improved or should not have been aired at all?,"Episode 6 in Season 3 O, celebrity guests… so un-Star Wars, so very Disney There was no rescuing it, this should not have aired. It’s the embodiment of every bad thing in Season 3. Just pure filler and laziness. Very unneeded. The Mandalorian’s earlier seasons barely wasted a second. But season three barely had relevant episodes. It honestly felt like a SpongeBob episode with Star Wars character. The only good parts of the episode just didn't belong and should have been saved for a better episode.",https://qph.cf2.quoracdn.net/main-qimg-fbf6da97521734f06c3fd529e8b53c49
Cade Oosthuizen,How did Qui-Gon Jinn discover immortality?,"The details are still a matter of mystery, but it does make sense that he was led to it. He was concerned with an aspect of the Force no other Jedi was. The Cosmic Force. I hear a lot of people say Force Ghosts are part of the Living Force, but that’s not true. The Living Force is what the living Jedi are a part of. It flows through them and everything else. But the Cosmic Force is greater and what you become a part of when you die as a Light Sider. The Living Force is the Cosmic Force bound to and entering the living realm. And because of Qui-Gon’s connection to the Cosmic Force, he was most likely led to the Whills. It makes sense, since he guided Yoda to them. And they are Force Entities, so it would make sense they were born with the knowledge.",https://qph.cf2.quoracdn.net/main-qimg-ff5f968178ddc63a90c5d49503a37f10
Cade Oosthuizen,"Was Palpatine afraid of Yoda before their fight during Order 66, or was he confident he would win their duel?","Oh, Palpatine was absolutely afraid. Remember this: Yoda saw it. This video kicks off right at this scene. Sidious is visibly scared and was trying to escape. And it really kicked off after Yoda’s Force Push. Palpatine felt his power firsthand, and it’s incredible. He was later disarmed by Yoda too, then he was really scared. Yoda and Sidious are very close in power and skill, Sidious was right to be afraid. All those years of planning were very close to being for nothing.",https://qph.cf2.quoracdn.net/main-qimg-ba60453739794fce5b8e84454d43f594-pjlq
Cade Oosthuizen,Can you convince me that the Separatists were the good guys?,"Probably not. Mostly because they were not the good guys! Separatist civilians were victims, but don’t let that fool you. The Separatists were led by Palpatine (Dooku was the figurehead and grievous lead he army) And they ultimately fought for the rise of the Empire and Order 66 Both big no-no’s if we’re talking net-good done. They’re methods of w4r were also just as bad as people claim the Republic’s were. (In reality worse; the droids terrorized billions of people and the CIS committed way more war cr1mes to living, feeling beings than the Republic did) The first season of the Clone Wars shows you the reality of it. Especially the liberation of Ryloth - the ending arc for S1",https://qph.cf2.quoracdn.net/main-qimg-ffb394aa1e7e7aa595bd1688de2bd892
Cade Oosthuizen,What's a tiny detail you noticed in the Bad Batch?,"Vantress uses the Light Side. Asajj using Animal Bond Before, she only used neutral or Dark Side abilities. Maybe I’m looking too far into it, but paring this -something that seemed to be set up as a big deal- up with her incredible reluctance to actually harm the Bat Batch makes me think she is actually dedicated to the Light Side now.",https://qph.cf2.quoracdn.net/main-qimg-740f5bb012196a4dc652044f7c237221
Cade Oosthuizen,What is a Darth?,"A Sith Lord. Or should I say, a Dark Lord of the Sith? The word comes from squishing of the phrase. It’s for every member part of the Rule of Two. Any Master or Apprentice in the current duo. And some exceptions (but none in the Canon as far as I’m aware)",https://qph.cf2.quoracdn.net/main-qimg-850560331886bf5cd75e3893127e246b
Cade Oosthuizen,Did Asajj Ventress ever grow any hair on her head?,"Yes. Most notably, in the Bad Batch. She’s got the ‘ol… okay this cut’s a bit new. That took some getting used to Even though she was seen with hair before, her appearance in the Bad Batch is probably her most popular out of the ones she has hair for.",https://qph.cf2.quoracdn.net/main-qimg-a7929b7f2210e91988e54293cd880c09
Cade Oosthuizen,"Do we really have to consider ""The Bad Batch"" Canon?","You don’t have to, but it is undeniably Canon. But why would you not want to? It’s great! A masterpiece with possibly the best animation Star Wars has seen. It’s like The Clone Wars part 2, but focusing on the CF-99 Yes, a step down from Obi-Wan, Anakin and Ahsoka, but fine in my opinion. We had a lot of that already, I like this new piece that’s from the old. The only part of it that conflicts with anything Canon is… nothing really. It just includes project necromancer, something sequels related. But it doesn't matter; take away the sequels and it still fits into the Canon fine, Palpatine’s plan just failed then.",https://qph.cf2.quoracdn.net/main-qimg-ab8fe8ed39c1d2ffef8807dd23f992d3
Cade Oosthuizen,Can a double-sided lightsaber have two different coloured blades?,"Yup. Think about Ventress’ lightsabers connecting. Both have their own Kyber, yet they can combine. So, it is absolutely possible to have to differently colored Kyber crystals in one double-lightsaber. But even standard doubles need two crystals, so you would not be sacrificing efficiency. In TPM (the first time a double was shown) we also see Maul’s hilt cut in half. Either he was lucky the one crystal was on the side Kenobi didn’t cut off, or there were two. Happy sabering!",https://qph.cf2.quoracdn.net/main-qimg-c04f4bb5f73569181170c5ee003aacbc
Cade Oosthuizen,Did Emperor Palpatine believe he was doing good for the galaxy?,"Probably yes, but the actual net-effect he had on the galaxy was not a huge concern of his. Palpatine cared only for himself, he ruled because it meant he was in charge of all he could be in charge of. He also probably liked pretty much owning everything there is to own. Sith are naturally greedy. But let’s not forget he was a genius. He definitely tried to make sure people were hyper-controlled yet satisfied enough. To make his dream, “perfect”, long-lasting Empire. The incredibly small number of Rebels shows Sidious did a great job at scaring off people from rebelling while also providing enough to make living in utter submission a legit option subjects could see as the best option. He handled the galaxy quite well, but it turns out Star Wars has Captain America’s of its own, and people did want freedom.",https://qph.cf2.quoracdn.net/main-qimg-f3c9bd46784ac9b8fd21d42f52a10e1f
Cade Oosthuizen,What are the reasons for the strong dislike towards the Separatists in the Star Wars franchise?,"The only reason they’re “strongly disliked” would be because they are the “bad guys”, I assume. But they are not disliked. Ask any TCW fan, and you are likely to find the CIS is actually one of their favorite Star Wars factions. The droid army is hilarious, yet also daunting at times; but whenever, it is a very cool addition to a fan-favorite Star Wars era. If you mean inside the Star Wars universe, it’s simple: politics! The leaders of the Republic tried to get everyone hating the CIS and the CIS leaders tried to get all of their people hating the Republic.",https://qph.cf2.quoracdn.net/main-qimg-9082c9428eee59af20fec8e9992d926d
Cade Oosthuizen,How would MCU Thanos (Endgame) fare against pre-Stormbreaker Awakened Thor and Hulk (Age of Ultron) in a 1V2?,"Not amazingly. Thanos could take down the Hulk and land hits on Thor. But that’s best-case. I do not see him winning. Thor is too fast and powerful. Look at that! Thanos is so cooked. Without Stones or anything other than a close-range Uru blade, Thanos has no chance against most versions of Thor.",https://qph.cf2.quoracdn.net/main-qimg-1a4e3ffdcf5fad28e5f9e9bc43883516
Cade Oosthuizen,What would happen if you could use the Force to crush the Kyber crystal in an opponent's lightsaber?,"Nothing, because Jedi already can! Jedi do similar things. Namely, Ahsoka has turned off her opponent's lightsaber mid-fight. And saber throws rely on a similar technique. There’s a switch inside of most lightsaber which turns the blade off as it leaves its owner's hand. You can see the switch in action in most scenes where a lightsaber leaves a hand: So, we have established that Force users can mess with things inside lightsabers (their own and the opponent’s) But here’s why crushing the crystal would not happen. Kyber is tough, so is the rest of the hilt. It would take a lot of concentration, and when you’re dealing with Force Sensitives, split seconds count. Doing that mid-fight would likely give you a loss, and on top of this, you have to break your opponent’s Force Shield to mess with their lightsaber. Every wonder why Force Users don’t always yank each other’s sabers back and forth? Why they don’t toss each other around? Because of the Force Shield! It’s second nature to most Jedi; as the lightsaber ignites or fight starts, the Force Shield starts running. This is an ability that requires concentration, so it’s not always active. But for the most part, you’ll have to be a good bit stronger than an opponent to get past his or her Force Shield while it’s focused on.",https://qph.cf2.quoracdn.net/main-qimg-b1608ea8814da98cca6f733b9ad2923b
Cade Oosthuizen,"Who would win, Mace Windu vs Count Dooku?","Mace Windu. While I think they are both near equals in power and skill, Mace would win. Why? Because of Vaapad, that’s why! Makashi is not made for handling aggressive opponents (we see often how Anakin’s Djem So is problematic for Dooku) On top of that, Sith Lords are Vaapad’s specialty. Mace Windu cooks Dark Siders, which brings us to a valuable reference: Mace Windu out-dueled Palpatine: That’s someone far superior to Dooku. Considering a form advantage and this feat, I become quite confident Mace would win.",https://qph.cf2.quoracdn.net/main-qimg-67e62a64c63820681167efcd6d8f9a50
Cade Oosthuizen,Did Count Dooku ever attempt to overthrow Sidious and become emperor?,"Well, he did plan on taking out Sidious. But he never got around to that part. He was just a careful and smart man (so was Maul) All three were smart enough to see what was going on, and Palpatine’s intelligence in particular is what kept him a safe distance above his apprentices. Both Maul and Dooku looked for apprentices of their own to help overthrow Palpatine. Tryanus asked Kenobi to help, and probably meant to do the same with Asajj (but Palpatine sensed when she was becoming a threat) But if he did manage to overthrow Sidious, I’m not sure he would want to be emperor. Dooku wanted to rid the system of corruption, after taking out whoever he deemed corrupt, I doubt he’d want to stay in power. I think the Count would just set up his dream system… and see it fall.",https://qph.cf2.quoracdn.net/main-qimg-0652bc774d1c4c94dfa7c7f718b98465
Cade Oosthuizen,What is the lightsaber form that Darth Maul uses? Is he considered as a great duelist in Star Wars?,"Firstly, I’ll say he is a great duelist. As for being considered one, that’s debatable. He is not one that comes to mind for most people, but I’d say he’s definitely worthy of being called a great duelist. As for his form, it’s Juyo (and Niman, but that’s because the form is adaptable for his double-lightsaber and incorporates other weapons like the Force and one’s own limbs) It is ferocious and wild; strong, aggressive and tied to feelings. Maul is reactive and can be defensive, but his strength lies in unpredictable and uncontained offense.",https://qph.cf2.quoracdn.net/main-qimg-0846b447008533e84fa1c900f34dbf19
Cade Oosthuizen,Why didn't Stark let Bucky snap? I mean he has a metal arm.,"Metal arms don’t quite cut it with the Infinity Stones. I’d argue Tony’s suit would do a better job at protecting than Bucky’s arm, but regardless, neither could prevent death. I’m not sure if anything shown in the MCU can save a human from the power of the stones. Hulk was hurt with the specialized Nano-Gauntlet, which multiple geniuses worked on (including Rocket, who is well-versed with the stones) The only time someone snapped without being seriously harmed was this time: And Thanos had an Asgardian gauntlet with magical elements on top of his Titan-ness. So, I really doubt Bucky could survive. Plus, he was a very minor character; it would have been a bad choice from a directing perspective.",https://qph.cf2.quoracdn.net/main-qimg-5f776b68fb42ccb2f2c3b634e4219bf2
Cade Oosthuizen,Has a Jedi ever wielded a red lightsaber despite not being a Sith?,"Absolutely. In Canon, there are many instances of Jedi using a Sith’s blade for a limited time. But in Legends, some Jedi own red lightsabers. Most notably, Adi-Gallia. In there, red was a natural color for Kyber. But Jedi would only wield red blades when Sith weren’t around for obvious reasons.",https://qph.cf2.quoracdn.net/main-qimg-9e7379a5cf2bbd95cbb61e9b4ef168f5
Cade Oosthuizen,"How stupid were the Jedi that they never knew that Palpatine was playing both sides? Come on, even a clone found out…","Not that stupid actually. Obi-Wan was the only Jedi who was a little dumb concerning the grand matter of Palpatine’s orchestration. Dooku told him too much but got lucky. Other than that scene in AotC, you must realize the Jedi did not get as much as we did. They weren’t even sure Maul was the apprentice (Dooku was the Sith Lord almost certainly if you look at evidence; Palpatine did a great job at hiding in plain sight and cleaning up tracks) Jedi did not have the information we had as viewers, it’s not even remotely close. I find it very understandable how the Jedi did not find Palpatine out. And that was one clone out of billions, who had the Emperor reveal himself.",https://qph.cf2.quoracdn.net/main-qimg-4d50202ad655734a65d956f57ada781a
Cade Oosthuizen,What does Yoda represent?,"The guide. He is the person that guides the hero. And we all have one in our lives, so this role is incredibly powerful. Yoda is a source of wisdom, one powerful, but ready to help the learner surpass. They’re usually good with people, patient and compatible with any student (showing off the years of living and all that) It’s quite simple. He’s like the Uncle Iroh/Uncle Ben of Star Wars. Outside of the OT, he’s less relevant to our lives. In the prequels Yoda is a representation of the Jedi Order’s peak then and there. “The most powerful and wise, best of the best” Very cool, but less art-like.",https://qph.cf2.quoracdn.net/main-qimg-eac01f53afaf423e35765011f3b83740
Cade Oosthuizen,"What makes 'The Mandalorian' popular among Star Wars fans, but disliked by critics?","I think you should be asking “why don’t Star Wars fans like the Mandalorian as much as critics?” Avg. score is from the combined ratings of each season, both 1 and 2 have a 93% critic score I think what makes it popular among both is simply the quality. It is a really good show. The music, action, slower scenes, dialogue, plot, visuals and acting are all fantastic! (Until S3 of course) And I think the critics appreciate it more because of that combined with the fact a few fans probably don’t like it simply for how there aren't many Jedi in. Personally, its light detachment from Star Wars is part of the appeal. Overall, I’d say only season three is actually disliked.",https://qph.cf2.quoracdn.net/main-qimg-0e69bd872c2f7baca3f6f980237f3726
Cade Oosthuizen,What is the rarest type of lightsaber color? Who has used it (not including force wielders)?,"Pink! In Canon, Cal can have any color + some unique to the game. Now maybe this doesn't officially add it to the Canon, but I was going for a rebellious answer anyway. With that said, the most obvious answers may be the best: purple/orange But one part of the question gives what I think of as the actual best answer! Who has used it (not including force wielders)? There’s only one that could come to mind: The Darksaber is a totally unique lightsaber and has actually only been wielded by two Force users ever! (The Jedi-Mandalorian creator and Darth Maul) The Darksaber is the only black saber and is wielded by a Mandalorian (non-Force-sensitive) at almost every moment. So, there it is.",https://qph.cf2.quoracdn.net/main-qimg-6639e5dd749d0098513dbabdfe692b08
Cade Oosthuizen,"Why is Rey given the Skywalker surname in Rise Of Skywalker, despite the fact that she wasn't said to be related to Luke at all, in The Last Jedi ?","She was not given the name, she called herself that. People absolutely hate it. Although, I must be honest, I don’t really mind. Okay okay okay, I get it, the other Skywalkers are way better, fine. But putting aside how it was received, you’ll see it was meant to be about choosing family. Rey is not like Sidious, at heart, she’s no Palpatine. And in the films, she is meant to be a hero, like the Skywalkers. I don’t love the movies, but I think this whole “Rey Skywalker” thing is unfairly critiqued. Luke and Leia were more like parents to her than her actual ones ever were. I’m okay with the name.",https://qph.cf2.quoracdn.net/main-qimg-c7c54e2394856d5f613fedd0cee94dac
Cade Oosthuizen,What are the most powerful types of lightsabers? Is there anything more powerful than Kyber crystals?,"Not really in terms of what’s Canon. However, there are some special types of crystals in Legends. To be honest, I find them silly and goofy. There’s a lava saber that spews lava out pretty much magically. There’s an acid Kyber, a poison one, etcetera. All with “video-game powers” and that kind of stuff. Other than the Kyber crystals, there are some types of lightsabers that use normal Kyber and seem advantageous:",https://qph.cf2.quoracdn.net/main-qimg-d5f2e46b82305318e268afb23b5b238e
Cade Oosthuizen,Is Marvel reluctant to create new superheroes for people to idolize and admire like their old ones?,"Wha- no, not even remotely! Marvel’s leaning into new characters pretty hard. Ironheart, Shuri, She-Hulk, Sam, Khan, Kate Bishop. Some misses, some hits. Some are old, getting spotlight; some a new coming in for the first time. And if you’re talking about comics… not quite. Old ones are what sell; resetting the multiverse and making a new version is like a cheat code. It works really well, so, it’s just business. Sadly, if you’re looking for new characters, Marvel probably won’t give much because any new character has very little chance of becoming as profitable and popualr as the old.",https://qph.cf2.quoracdn.net/main-qimg-3129561fad3f4fda58909391d8b5391c
Cade Oosthuizen,What if Darth Maul was a Jedi?,"We would have one very interesting Jedi. Design wise, he’s always been one of the coolest characters ever. I imagine he’d still have the double saber. Fun fact: Maul was actually blue with gold hints - like Chuchi - in the original concept art And probably keep an all-round mean look. Which is something I like for Jedi, it’s a reminder about not judging people. Although, this would be a totally new character. Maul represents the Sith very well. Everything about him is perfectly Sith. Only Palpatine beats him in terms of being an ideal Sith (of Canon Sith) I really cannot see him being a Jedi. Although keeping his Midi-Count, I can be pretty sure he’d be a powerful fan-favourite thanks to that and appearance.",https://qph.cf2.quoracdn.net/main-qimg-b741537a3cb36e297613c8035a508998
Cade Oosthuizen,"Can you provide examples of powerful villains who cannot be defeated by heroes, but can be easily defeated by other villains?","Does this guy count? Not really. And the examples are very few and far between because it makes for a bad story most of the time. If no hero can stand up to the villains of a universe, it’s just a dark dystopian piece. Not inspiring, no relatable arc, no classic structure.",https://qph.cf2.quoracdn.net/main-qimg-433576b604fbdd2bd0966dc14c410aff
Cade Oosthuizen,Did Anakin use the force to win the pod race?,"Yup, and he’s done it before. The Force and some abilities very often become second nature to Jedi. But Anakin was special, he had more potential than anyone in the history of Star Wars. So, the most basic ability of the Force (sensing/heightened reaction) came naturally even without training. The only human in the Star Wars Canon known to race pods Anakin was not consciously using the Force, but it was with him and giving him a very heightened reaction speed.",https://qph.cf2.quoracdn.net/main-qimg-e5f43764ab7e82aa26ee9c9fb85a1e68
Cade Oosthuizen,Was it ever demonstrated how much stronger Anakin was compared to Obi-Wan during their fight on Mustafar?,"Yes, behold: Anakin’s prime is far, far greater than Kenobi’s. But during the duel, they were even. In Force power, it was a near tie, same for skill. Anakin just came from doing a lot of “the unthinkable”. So, he was not in ship-shape as far as Vader goes. While Obi-Wan was in his absolute peak, that is for sure. The fight was his to win. Anakin and Obi-Wan have almost always stayed somewhat relative to each other. Implying Anakin was way more powerful during the time is… obviously false. The creators of Star Wars gave us the direct pretty comparison, and it’s also the original. Feats and statements that suggest otherwise would be inconsistencies; but you’re free to have whatever opinion you want, this is just mine. Have a great day!",https://qph.cf2.quoracdn.net/main-qimg-39562b219343a66cd6cca1193cfeb4a0
Cade Oosthuizen,Who would win in a fight between Asajj Ventress and the adult Ahsoka Tano?,"Ahsoka. She could compete with Vader as an adult. Ventress simply has nothing on that. And while I’d say Asajj was above Ahsoka during TCW, after it’s pretty visibly false. Tano just surpassed Ventress through faster growth. Unless Bad Batch Ventress was training hard and just didn’t get the chance to show off, I don’t think any version of her can beat Rebels Tano. If we’re talking about Ahsoka from her own series, I think the answer stays the same. Nothing truly suggested Ahsoka fell off or anything.",https://qph.cf2.quoracdn.net/main-qimg-86d1d8e539f538e27dd3a71ccf42ccb7
Cade Oosthuizen,Why did the creators of Spiderverse choose to have a different person as Spider-Man? Was it for diversity reasons or were there other factors involved?,"One of the main points of the film was that anyone could wear the mask. Having the old Spidey we know and love as the main character would not help sell the point nearly as well. And the plot revolves around Spider-Man’s successor taking up the great responsibility. It was to tell a new and different story (a freaking great one too) So, not only were there other factors involved, but I think the “diversity thing” was not even one minor factor. (Gwen: white, Parkers: both white, Peni: white etc. They didn’t focus on that nonsense; they just made a good film)",https://qph.cf2.quoracdn.net/main-qimg-0fad36dbe6c95f150178c577d2237ec5
Cade Oosthuizen,How did Hawkeye return after being blipped out? Was he not snapped out with any other Avengers like Iron Man or Captain Marvel?,"He was, indeed, safe from the snap. Clint Barton was not on of the people who were taken by the blip, but his entire family was. So, understandably, after that, he went on to fight crime Batman style. But without the no-kill-rule. The brutal Ronin was born. And he was killing criminals at large for a lot of those 5 years.",https://qph.cf2.quoracdn.net/main-qimg-3eb1d331743b79f54c56d43b5679f94f
Cade Oosthuizen,"*Spoiler* at the end of Spider-Man: No Way Home, why did Peter decide to not introduce himself to MJ and Ned or remind them of their previous relationships?","Picture the scene again. Peter walks to the place MJ works at. He sees Ned there too; he walks up to start conversation and keep his promise. But then… Something catches his attention. He sees what little is left of an injury MJ picked up during the intense battles of the movie. And he realizes he puts her in danger. Maybe not for the first time, but he’s focused on it now. Does he really want to drag her back into the mess? It’s not an easy life for her, and not very safe either. So, out of his love for her, he leaves without saying anything to either of his friends. To protect them.",https://qph.cf2.quoracdn.net/main-qimg-16d35966c94bc3f3f6faaee91e7f9268
Cade Oosthuizen,"Which is more powerful, a lightsaber or an Infinity stone?","An Infinity Stone, by far. Lightsabers are common weapons in Star Wars, but the Infinity Stones are the most powerful things in the MCU (which easily scales higher at Canon peaks) Infinity Stones can kill mortals that try using their power. Those things need magical, often Asgardian, artifacts for scientific marvels just to contain their power. Lightsabers just need some metal case. So, power easily goes to the stones. However, don’t buy either at your local store unless you’re a skilled Jedi or cosmic titan of some kind; they’re both very dangerous.",https://qph.cf2.quoracdn.net/main-qimg-f945e5e7834434a4bc0c3dc87765b778
Cade Oosthuizen,Why do you think Ahsoka was so cold and distinct from Anakin in season 7?,"Unfortunately, it just was not the time to be touchy-feely. Mandalore was in defining moments. And Ahsoka has a job to do. Plus, to be fair, she was not that cold. As much as Tano didn’t want to get all involved and what-not, she shared a nice moment with Anakin. She didn’t feel like explaining her choices while people died or taking up debate with the Jedi and her own new views while people died. And the best part is Skywalker knew. He didn’t ask anything of Ahsoka, he simply gave her a warm welcome and two blue, better-than-new lightsabers.",https://qph.cf2.quoracdn.net/main-qimg-a7d7d0fefa802e9dd3451221961c6366
Cade Oosthuizen,Did Yoda have any other fears besides Palpatine?,"Not any I can think of; Yoda was built different; he doesn't get scared easily. In fact, I am pretty sure Yoda had no fear of Palpatine. Yoda valiantly fought the Sith Lord. And was in constant pursuit of him. Fear was no Yoda’s weakness, he was very brave. Yoda’s real weakness lied in a “foolish bravery”. He ended up acting like the Jedi were invincible, he only began to take the needed actions when it was far too late. Yoda obsessed over Palpatine partly because he didn’t think there was anything else to worry about other than ending the Sith and Clone War. Remember things Yoda did, like hiding the fact that their enemies made the clones? Yoda was arrogant in this way, just as Sidious said. He had no idea the Jedi were stepping closer to extinction each day they fought.",https://qph.cf2.quoracdn.net/main-qimg-9ceed99cde7d914e68bbb08ced2d608c-lq
Cade Oosthuizen,What's something only a true fan will recognize?,MCU: A little something special we saw in the first MCU movie ever was floating down the river during Tony’s funeral. Star Wars: Maul’s moves were the exact same in this duel as the moves in TPM (the ones that killed Qui-Gon),https://qph.cf2.quoracdn.net/main-qimg-e8a12266f83e108faee70da86ce62a40
Cade Oosthuizen,Is Anakin Skywalker dumb? He seems to make a lot of stupid decisions in the prequels.,"No, not at all. Anakin is a genius. A tactician beyond brilliant and mechanical wizard! He made C3-P0 from scratch by the age of 10 with limited parts. Mostly. And he’s proved time and time again he’s an amazing strategist. He’s shown making dumb decisions because he let his emotions control him. Anakin knew what he should have done, but just could not bring himself to overcome feelings of fear and desire. The Prequels focus on Anakin’s fall, he’s constantly going through a lot there; other projects better show his actual intelligence. His poor choices were due to lack of maturity in the emotion-control department.",https://qph.cf2.quoracdn.net/main-qimg-37e48f87ab128bfb51a99647868bf0c3
Cade Oosthuizen,How is it that you're so wise?,"I think I was born wise. To be honest, I’m sure I looked like this as a baby: Ok, serious answer: I’m not going to say I’m wise, but analytically, I think this is how one would become wise: By always thinking and questioning, passionately striving for wisdom And the person should truly value wisdom. Not just that, but wisdom should be their compass for value. That’s why wisdom is so important (more so than intelligence, I’ll add; I know a lot of fellow INTJs prefer intelligence, but I must say it’s just not important in comparison) A wise person will also share discovered truth. If you gain some understanding that was difficult to find, you will absolutely want to share it. And the easiest way is to learn from ones who are already wise. I could go on, but I honestly considered having this just be a meme answer, so, I hope this was satisfactory. Bye!",https://qph.cf2.quoracdn.net/main-qimg-165f14384c262f6e4639c9b2e0922d60
Cade Oosthuizen,Why didn't Anakin's Force ghost appear to Kylo Ren in the Star Wars sequel trilogy?,"Outside of the universe, it’s because it didn’t work with what directors wanted. But it actually makes sense in-universe. Force Ghosts do not work anything like most people think they do. Let’s look at some other instances of Force Ghosts appearing and speaking: “I was always there, Obi-Wan, you just weren't ready to see me.” Obi-Wan knew Qui-Gon well, and he did not see Jinn for quite some time. (Obi-Wan has already been on Tatooine for a while before the series takes off) Kylo Ren was not trying to see Anakin, and Skywalker was not trying as hard as Qui-Gon either. And if Kenobi was not ready to see his old master, there is no way Ren was ready to see his grandfather. Yoda was a legendary Jedi and arguable the most powerful Jedi to ever live (only in the Canon, maybe excluding Luke) And when Qui-Gon managed to communicate with Yoda (who has likely fully developed in the mysterious ways relevant to communing with Force Ghosts) he actually doubted himself. Yoda himself was unsure, so, I must say it’s completely sensible that Kylo could not communicate with Anakin.",https://qph.cf2.quoracdn.net/main-qimg-cb6718809c120523f8a4069b93e0acc2
Cade Oosthuizen,How many Jedi and Sith were there in the Star Wars universe? Why was there a significant difference in their numbers?,"During the Clone Wars/ the Prequel era there were about 20,000 Jedi, I believe. And for the Sith, about the same, just divided by about 10,000. Yeah, the Sith follow something called the Rule of Two. It was established long before TPM and goes on and off because some Sith don’t believe in the tradition. At any given moment, there should be one master and one apprentice. No more, no less. Sith don’t work together very well, but this rule forces them to. Why is that beneficial? The main reason is knowledge. If a Sith dies alone, all his or her knowledge goes out too. Because of the rule, each generation of Sith gets stronger than the last (that’s the idea at least) And the Jedi, on the other hand, needed no such rule. They work together just fine, and unlike the Sith, Jedi like to share. That is why there’s a big difference in their numbers.",https://qph.cf2.quoracdn.net/main-qimg-651f69e7f8e68ca2e479b5c0e169a5d8
Cade Oosthuizen,"If Darth Vader encountered Asajj Ventress, could he take her as his Sith apprentice and destroy Emperor Palpatine together with her?","He could try, but it would not end up working. Firstly, because Palpatine would be waiting for betrayal, he always has been, always will be. Paranoia is in Sith nature. But we also have to consider Ventress agreeing. I personally don’t think Bad Batch Asajj would accept the offer. She seems to be done with that galaxy-wide conflict thing. And actually, being an assassin in general. Sure, she still hunts, but I think she grew tired of killing.",https://qph.cf2.quoracdn.net/main-qimg-502b11512e4b64ec1fb3d86cf2293b96
Cade Oosthuizen,What led Luke to believe that Vader was evil?,"I mean, Vader doesn’t exactly look like a teddy bear… And his actions don’t prove him kind either. Darth Vader’s pretty dang evil; Luke had every right to think so. The Sith Lord tears through Rebels for fun and earned the name youngling wreaker for… I think you could guess. The real question is how did Luke see the good in Vader. And that’s up to debate in my opinion. Personally, I think it’s in Luke’s personality, what do you think?",https://qph.cf2.quoracdn.net/main-qimg-431b89c3272cf2f1041886fe5fd1d43f
Cade Oosthuizen,Is it possible that Darth Vader lost much of his potential power to eventually surpass the emperor during his fight and loss to Obi-Wan?,"Possible? That’s exactly what happened! (Old Canon) According to George Lucas, Vader was 80% of what Palpatine was. Four fifths as powerful; and he could have been twice as powerful if he reached his full potential. But that was impossible in the G-Canon, because Anakin did, in fact, lose potential along with his limbs. And as much as I am a fan of Lucas and the older Canon, I do think it makes more sense to have your M-Count determine your Force potential rather than actual amount of Midi-Chlorians total. Because it doesn’t add up with little ones like Grogu, and it would also mean simply getting fat would increase your Force power.",https://qph.cf2.quoracdn.net/main-qimg-d39caa26192bbaad35c26a313157e4ea
Cade Oosthuizen,Are Darth Vader and Anakin Skywalker truly the same?,"It’s a matter of debate in the fandom, but I think here’s a good example: Are Spider-Man and Peter Parker the same? Logically, yes. Anakin just calls himself Vader after RotS, and so do others; it’s just a new name. But artistically, emotionally, not quite. (I’ll write as if the identities are two separate people here on) They act different, they look different… and talk differently. Vader is a Sith, Anakin is a Jedi. One’s a hero with extreme charisma, the other is a villain devoid of personality (mostly) Just like how Spider-Man is confident while Parker is nerdier.",https://qph.cf2.quoracdn.net/main-qimg-e46e0613d7a211cc39e95c17b7b21af9
Cade Oosthuizen,Can you list the most iconic scenes from each Star Wars movie in chronological order of release?,"Episode IV’s moment: The First Scene! Darth Vader’s entrance, the Imperial March. Episode V’s moment: This is probably the most iconic scene of all Star Wars. Episode VI’s moment: Tight one between this and the actual scene where Vader betrays Palpatine. Episode I’s moment: You can do that??? The duel was next level, no disagreesies. Episode II’s moment: I’m not too sure here, but this is probably the most popular among fans. Episode III’s moment: Now, onto the sequels (ones that did not really age, so, these aren't super iconic) Episode VII’s moment: Snowy duel, this moment is quite famous. And the scene that gave the most iconic feel was here - Rey pulling the lightsaber to her. Episode VIII’s moment: Another wobbly one, it’s between Luke’s projection, Snoke’s death and the proceeding fight, Ben’s death, and the soaking duel. Episode IX’s moment: It’s by far the most memorable. And the climax of the entire trilogy: Palpatine dies again!",https://qph.cf2.quoracdn.net/main-qimg-c72070dee1725753e19e8b59956276b8-lq
Cade Oosthuizen,Is it possible to use a vibroblade in a similar way to a lightsaber?,"Not really. They’re just too different. Vibroswords: You can’t move it like a lightsaber, and even if you could, it wouldn’t cut through nearly as much. A lose for Vibroswords Those weapons are best for stabbing and maybe slicing sometimes. Lightsabers are for crazy space wizards swinging them around in every direction at Mach 3",https://qph.cf2.quoracdn.net/main-qimg-8cd63dd701a1658d1f84afb02e616f8f
Cade Oosthuizen,"In Star Wars, does Qui-Gon Jinn ever come back from the dead to return to life?","Of course not! Let’s look at why: For starters, he’s not really all that dead. Qui-Gon achieved immortality, he’s more alive than ever. That leads us to point two: he does not want to get a body again. Being a Force Ghost is cool; it’s calm. Jinn likes it there, it’s where he belongs. And the final point is that coming back to life/a body wouldn’t really make sense. Not to me at least. It’s just a strange thing to think up, “ghosts” are associated with immortality and being unbound by space and time. And there’s zero need for it; Force Ghosts can already manifest themselves if they want to interact with the living.",https://qph.cf2.quoracdn.net/main-qimg-ff5f968178ddc63a90c5d49503a37f10
Cade Oosthuizen,"Who is stronger, Luke or Anakin in their prime? Why does everyone say Anakin was more powerful when they had an equal amount of power and training?","I can’t remember anyone saying they had equal power and training, and I can assure you that’s not true. Anakin had far more training, it was just much easier. Luke fought Vader early on, but Anakin was not offered true challenges often enough grow to his potential. He rose to extreme power quickly, but did not push himself often, not like Luke. And who would win in prime forms depends on what prime means here. If it means we use the strongest version of Luke and the strongest version of Anakin, I’d say Luke. (Excluding Force Ghost Anakin) Luke reached more of his potential than Anakin did his own, and their M-counts are very similar. So, that’s my take, hope it helps!",https://qph.cf2.quoracdn.net/main-qimg-a29dc2aa130152b2d4b08a45a0aab60c
Cade Oosthuizen,Why did Luke choose to search for Yoda instead of Obi-Wan?,"What? That was not an option. Firstly, Obi-Wan came to Luke; Skywalker was not searching for anyone before Obi-Wan came along. Secondly: Luke searched for Yoda because Obi-Wan told him to! Luke did not choose between the two; Obi-Wan came to Luke, then led him to Yoda.",https://qph.cf2.quoracdn.net/main-qimg-ed5c7f53ce703b04c5ec89fdce71fd4c
Cade Oosthuizen,What are some annoying misconceptions about your favorite superhero/heroes?,"“IRON MAN is nothing without his suit” Honestly, I find the claim ridiculous. IRON MAN 3 was about proving how much more Tony Stark is IRON MAN than some suit. Harley Keener: “Is that Iron Man?” Tony: “Technically I am.” The suit enables Tony to actually fight Titans, Asgardians, etc. He even says to Peter, “If you’re nothing without the suit, then you shouldn't have it.” Stark absolutely lives by those rules. His genius and bravery make him a hero, the sui just lets him be a hero that can fight greater threats. And, of course, he’s still a billionaire, genius, playboy, philanthropist.",https://qph.cf2.quoracdn.net/main-qimg-5f90d6494eb7114b220b38001f9b680b
Cade Oosthuizen,Did you like the role of Anakin Skywalker?,"No, no, no; I loved it. Anakin’s role is what makes Star Wars! Now, I don’t relate to him, and he’s not a big favorite of mine. But if there is one main character of Star Wars, it’s the Chosen One. As the title implies. He is brought up as a great Jedi, legendary guardian. He protects, gets manipulated, then falls. He destroys, becomes a monster. Until finally, he is redeemed, and brings balance to the Force by destroying the Sith, That is the main story of Star Wars. Episodes 1–6 To me, saying you don’t like the role of Anakin is to say you don’t like most of SW, more so just bits of it.",https://qph.cf2.quoracdn.net/main-qimg-23c2b45b10995d8dd45abebe4f60296a
Cade Oosthuizen,"What’s with SW fans & calling Order 66 ‘The Fall of the Jedi’, instead of what it was—a horrific genocide? Are fans allergic to the word? Or just believe they ‘deserve what they got’?","When a fan mentions the fall of the Jedi, they normally aren’t just referring to Order 66. Rather, they are referring to the period leading up to that. It was the fall of the Jedi, to be honest. And it’s a part of Star Wars history and the end of a period. Just like in actual history we refer to the rise and fall of empires, kingdoms, etc. However, it was horrific genocide in universe. And some fans to think the Jedi got what they deserved with that. What Order 66 really was Probably just to be different and get some attention; it often seems like these fans think they’ve unlocked secret knowledge no one else considered and was blind to.",https://qph.cf2.quoracdn.net/main-qimg-d145c2f6c2e1ba0ce6ebb2d6ad6cf2a0
Cade Oosthuizen,Why didn't the Jedi Council promote Anakin after he defeated Dooku?,"Defeating a Sith will not get you promoted (by itself) This may be confusing as Anakin was promoted for losing to Dooku. But apparently, the last trial holding him back from being a Knight was the trial of flesh. Which he was argued to have passed when Dooku cut off an arm. As for why Anakin was not made master for winning: The rank was not given for outstanding bravery or skill or power. It was given for understanding, patience, knowledge, etcetera. Anakin never fully developed to round out his impatience and character flaws. The Council saw Skywalker just lacked the wisdom to be a master. Although we do have this…",https://qph.cf2.quoracdn.net/main-qimg-0bc0532f14b6010774834ae709757023
Cade Oosthuizen,"Will Miguel O'Hara have a similar fate to Anakin in Beyond? That is, humiliated, alone, and transformed into a monster without humanity?","This sounds like an indirect, yet effective, way to tell someone you don’t know Anakin or ATSV’s Miguel. Firstly, Anakin’s fate was redemption. The “monster” turned out to still have a Jedi inside. And it only took Luke’s faith to make that monster the great Hero of Star Wars. Secondly, no. Spider-Man 2099 will not meet any sort of end like Anakin’s defeat in RotS. He isn’t even bad. Just hardened by trauma (his character us really well-done, I must say) I think he’ll actually end up on Miles’ side. But even if he doesn’t, he’d probably go out in a heroic way. He’s not been set up as a villain, he’s been set up as a complex character that’s fighting for the lesser of two evils too passionately. And in a way the makes you feel for the poor guy.",https://qph.cf2.quoracdn.net/main-qimg-87e7f97dfda57ae0f5110988764e316b-lq
Cade Oosthuizen,Why do Yoda and Obi-Wan disappear when they die yet other Jedi do not?,"Because it’s not something all Jedi do, it’s a unique and very rare skill. The skill was discovered by Qui-Gon Jinn (Canon) And in the afterlife, Qui-Gon lead Yoda to discover the power. Yoda followed Qui-Gon’s instructions and that lead to these: the Whills Very mysterious Force entities. They taught Yoda the actual power of Jedi Immortality A.K.A. the Force Ghost ability. And then after that - at the end of Revenge of the Sith - Yoda tell Obi-Wan of Qui-Gon’s discovery and then Kenobi goes on to learn from Jinn too.",https://qph.cf2.quoracdn.net/main-qimg-00868989753ee3ea323a85fa9e63341e
Cade Oosthuizen,"Do you think it would've been cool if Yaddle, the female from Yoda's species, spoke like Yoda?","I actually prefer her speaking normally. Yaddle’s normal speech (which is somewhat clipped actually) adds even more mystery to Yoda and the species. They don’t have any set way to speak, no known home planet; we really have very little to go on. And I really like it. On another plus side, it differentiates Yaddle from Yoda, making her more of a sperate character than just a “girl Yoda”. I’d like to see more of her in Canon, she has a lot of potential and in Legends they did a great job at making her unique.",https://qph.cf2.quoracdn.net/main-qimg-034d70a48c9826e0a995625ff1191222
Cade Oosthuizen,Did Obi-Wan ever fight Anakin after the latter turned into Darth Vader?,"Yes, thrice in the Canon. Assuming we are not counting the duel on Mustafar. Anakin was already called Darth Vader at that point, but it’s often overlooked. The 3rd (chronologically) is the first lightsaber duel ever to come on the big screen! And the other two are from the Kenobi series. In the show, their first encounter goes as you would expect. The actual Darth Vader vs out-of-practice Obi-Wan. Obi-Wan gets absolutely destroyed; dragged around and everything. But the next… was controversial. Very much so. Vader walks away thinking he won while Obi-Wan is in a pit, buried by rocks. But Kenobi thinks about what purpose he still has, his reason to live. He lets go of his guilt and becomes the perfect conduit for the Force itself to flow through. That or plot malarkey. You can decide.",https://qph.cf2.quoracdn.net/main-qimg-8d73e3f8dd6e09aabdd2cbfad532c678
Cade Oosthuizen,Do you think Plo Koon is a B-tier Jedi?,"If A is reserved for Sidious, Yoda, and the like, yes. Otherwise, heck no. Plo Koon is an A-tier. And if this list isn’t just based on power and skill, he’s S. Easily one of the top 3 Jedi to ever live! Firstly, let’s tackle skill and power: (Canon) Plo Koon could blitz Aurra Sing, use many Force attacks in quick secession, sense and communicate with Ahsoka through space and much, much more (with 30 mins of screentime, most of which includes him being in the background) And in Legends he could beat Ventress while he had a broken arm (as a practitioner of Form V) As well as communicate halfway across the galaxy. Back to Canon, he’s also compared to Mace Windu by Maul (an expert on the Jedi after years of observation) Now, for things outside of power: Plo Koon has a heart of gold! One of the most pure in all of Star Wars. He provides encouragement and love to all his troopers (which many Jedi do not even recognize as sentient) And they love him back, they spray paint “Plo’s Bros” on their ships and share a tight relationship with the rest of the Wolf Pack. Plo Koon is very humble and cares for all life; he provides help and teaching whenever he can, like when he provided comfort to Anakin during Ahsoka’s capture by Trandoshans. Not to mention his knowledge and wisdom go very deep.",https://qph.cf2.quoracdn.net/main-qimg-6c687e7d60daf4a37fa68cdd24fa52a8
Cade Oosthuizen,Why did Obi-Wan change his name to Ben while exiled on Tatooine?,"In Canon, just for the reasons you’d think. It sounds like his real name, and he had to leave his actual one behind to stay hidden. In Legends, the reason he chose “Ben” specifically is because Satine called him that. So, it brought him some peace and it’s a name he would answer to naturally. And in case you wonder why he kept the surname “Kenobi”: He meant to leave it. But a young girl snoops around at night and eavesdrops outside Kenobi’s hut while he talks to Qui-Gon out loud. He doesn’t even know if Qui-Gon hears anything at that point but switches back to talking in thoughts after he learns about how talking aloud cost him privacy. And ironically, there are many Kenobi’s on Tatooine. This was given when the girl and some diners have a discussion trying to figure out which family he’s from with the new information.",https://qph.cf2.quoracdn.net/main-qimg-a854cfe45321c76d06b9980aea25a36a
Cade Oosthuizen,How did Luke become a Jedi? Did Leia know she was a Jedi?,"I’m going to mix the question up a bit just to set something straight first. Did Leia know she was a Jedi? When she was a Jedi, she did. A Jedi is a title for being part of an order. Like a member of a club. But speaking of Force-Sensitivity, she did not know she was Force Sensitive for a long time. Even by Return of the Jedi, I’m fairly certain she did not understand much of the Force. So, somewhere after RotJ where Luke began training Leia is when she understood Force Sensitivity, and she knew she had it a little earlier. Probably, she knew there was something special about her in that sense even earlier. How did Luke become a Jedi? Luke became one when he accepted training from Old Ben. Once he was told of his potential, and reached the point of no return (the death of his guardians) He set to becoming a Jedi. Then and there, he became a Jedi (a very new leaner, but a Jedi) Luke became a Jedi Knight once he faced his fear and confronted Vader. Yoda told him when he did that, he would be a Jedi Knight. Even though Luke was more powerful than almost any Jedi before him, he needed to show bravery, face his fear that was the last chain holding him back from being a fully developed hero. And he didn’t just fight Vader, he proved to be one of the greats by sparing him.",https://qph.cf2.quoracdn.net/main-qimg-05826142898777546f0b0903cfcc0420
Cade Oosthuizen,Why couldn't Obi-Wan Kenobi sense the good in Darth Vader that Luke did?,"A few reasons. Kenobi had few opportunities to sense anything on Vader. And the few instances where it was possible, the two were in a high-stakes duel. A lot of people think he was, but it’s just a cover up for Obi-Wan beating Vader. (Vader is obviously the more powerful, but he does not lose thanks to confliction) In the series, Obi-Wan was a perfect conduit for the Force; and Vader only really felt conflicted after Obi-Wan’s death, because one of the largest parts of Darth’s life was finally gone. But Luke was the last bit of Padme left in the galaxy (him and Leia) Luke was someone who believed, then looked in Vader for good. And then Vader was truly conflicted, barely attacking Luke, looking confused all the time. By the time Vader was truly coming back to the Light, Obi-Wan had seen too much destruction and misery. For anyone in the Star Wars universe, it would make sense to not see a possibility for redemption. Vader has done many, many horrible things. You can’t really blame someone for not thinking the Sith Lord could come back. Obi-Wan like most others saw no trace of the old Anakin left in Vader.",https://qph.cf2.quoracdn.net/main-qimg-6e2f5a423e6bf64a985bf83f81b71e57-lq
Cade Oosthuizen,What's something you look forward to seeing more of in the MCU?,"I’m looking forward to seeing more origin stories scaled back a bit. (Obviously I also would like more of the old quality) Thanos was great but mostly because of his great build up. We don’t need world-ending threats every movie. Street level heroes like Spider-Man do just fine. Speaking of which, Spider-Man’s next step is what I’m excited for most in the MCU.",https://qph.cf2.quoracdn.net/main-qimg-b8701bf40f8275c7163f90d3fde4d951
Cade Oosthuizen,How do I make an MCU fan mad?,"* DCEU Supes solos the MCU * Thanos isn’t that powerful, Steppy beats him mid-diff. * The MCU’s been getting progressively better (best series is She-Hulk), but GotG 3 was a fail.",
Cade Oosthuizen,What ever happened to the 104th after order 66?,"We don’t know. All we see is that the 104th seems to have joined the Empire like any other squad at first. However, Wolffe does slowly overcome his programing. The commander lets Rex and the boys go free, and a long time later he ends up as one of the three clones on the Void. So, I assume he escaped the Empire, but the rest of the Wolf Pack very possibly went on with generic lives.",https://qph.cf2.quoracdn.net/main-qimg-3ce85a32056c49c4c8747d1845cff61b
Cade Oosthuizen,Who’s your least and most favorite powerscaler?,"Least favorite, I’m not going to name anyone. Just a type of scaler can annoy me at times. The type that believes there’s only one correct way to scale and that he’s the only one scaling right. Spending most of the time ranting on other people’s posts not even related to scaling. My favorite changes depending on the definition of powerscaler. A lot of people I really love here are adjacent to power scaling, but don’t really do it. Number one goes to TheEpicAvenger. For being a definite and professional scaler. Number two is Bill Decipher. He has incredible speed and talent. And then there’s an actual friend of mine: Jared. He did a lot of respect threads, if that counts, he’s number one. Peace!",https://qph.cf2.quoracdn.net/main-qimg-994d608706ef358b7b1967f066628dad
Cade Oosthuizen,Who is considered to have the strongest lightsaber? Is there a difference if both users have equally strong ones?,"Generally, if the average fan had to pick, it would be whoever wields the Darksaber. Because that’s one of the only unique lightsabers. Almost every lightsaber is the same except for color. You get types like the double lightsaber and shoto sabers, but they are still fundamentally the same. And then we have exceptions… In Legends, there are other types lightsabers/kyber crystals. To be honest, I think they are very dumb ideas, but here’s an example anyway: Lava Lightsabers These would spew lava at the opponent in combat. How? Why? I don’t want to know, but it’s a thing and definitely advantageous.",https://qph.cf2.quoracdn.net/main-qimg-991348cc22dfada3d3d7073970ed824d
Cade Oosthuizen,What would happen if the dark side of the force was destroyed?,"The Sides aren't constants. So, nothing cataclysmic. The Dark Side being destroyed would just mean no one is abusing the Force. But the potential would always be there. Sooner or later, someone will come a long and decide “stuff the Light Side, how about my way/more power etc.?”",https://qph.cf2.quoracdn.net/main-qimg-2067fa60e0025fd38658534996c71879
Cade Oosthuizen,"Are you excited for a Wookiee Jedi in ""The Acolyte""?","We’ve already had three. (Maybe 4 and I just don't know about the other) Tyvokka, Gungi and an initiate from the Yoda comics. And since general reception of the show is negative, I must say I am not. Tyvokka, Plo Koon’s master and former Council member. I honestly didn’t have high hopes for the Acolyte, and based on reviews I have read (positive and negative) it seems the shows is not meeting my expectations. Although Wookie Jedi are always fun to see, and seeing one in live-action could be cool.",https://qph.cf2.quoracdn.net/main-qimg-c3076afbcd0d432753922fde4ed38fe5
Cade Oosthuizen,Can you share an example of a clever way a villain was defeated?,"I can share several! First up, a bit of a cheat. It happens a lot, and it’s often in a very clever way. Because Venom is stronger, faster, more versatile and knows Peter, he really has to outsmart Venom to win. Ebony Maw was extremely powerful, and that’s with an inherently powerful ability: telekinesis. Weak telekinetics are very hard to deal with, Maw was next level. Luckly, Peter watched some movies. After Spider-Man gave the idea, Stark very quickly killed Ebony by blasting a hole open for the void of space to suck Maw out. This has to be one of the most iconic “smart ways a villain was defeated” A bit of stretch, but I like it.",https://qph.cf2.quoracdn.net/main-qimg-6ddfec68e46ad41ef0f84ff4f2c87c0c
Cade Oosthuizen,If you didn't care for Star Wars Andor what would be the reasons?,"I am looking forward to watching it some time. But the reception I have seen has made it clear that the main critique is the slowness. A lot of people find it boring; some find it excruciatingly boring. And contrary to the opinions of a couple fans, that is a valid critique. While I think the show will be amazing and find positive reviews to be more reasoned, the objective quality of a show can’t only be measured in what the show in question is good at. A good hook is important to any story, Andor hasn’t exactly been popular for its first episodes, even with fans. So, those are valid reasons to not care for Andor, although it seems like a great show to me, and I look forward to watching it.",https://qph.cf2.quoracdn.net/main-qimg-e023eccd3a6a556b75677be9db24aa05
Cade Oosthuizen,Why is Darth Vader so famous?,"I mean… how could he not be? Darth Vader was the main antagonist in one of the most popular movies of all time, not just Si-Fi. And he just hit really well as a villain. He was terrifying, he was powerful, cold, he had his own theme music to compliment his enterence! That opening scene is honestly one of the most iconic enterences ever. Vader was an untsopable beast that made one question, “can he be beat?” And his design is generally accepted as very cool. Darth Vader is as popular as he is because he was part of a huge franchisee - Star Wars - and is everything you could ask for in a villain. He simply made you feel things when he came on screen. And that unmistakeable presence is what made him an icon.",https://qph.cf2.quoracdn.net/main-qimg-92b6f37b994b4259177a2b4c7ea42601
Cade Oosthuizen,"Where was Ashoka during Order 66? If she was not on Coruscant like Anakin, where was she and what was she doing at the time?","She was flying away from the siege of Mandalore. But to be frank, she was in one really bad position. The ship had few places to run and was absolutely packed with clones. Ahsoka was in one of the worst situations of any Jedi during Order 66. But thanks to Anakin’s training, Tano would survive. Some credit should also go to Maul and Ahsoka’s own wit.",https://qph.cf2.quoracdn.net/main-qimg-ffc6ac050e8fb4bd735695542be19d19
Cade Oosthuizen,Who is the most powerful video game character in your opinion?,"I haven't played every game, so I don't know the objective answer, but I'll answer based on games I've played. Then, it's between ATLAS He is the computer running the simulation of the No Man's Sky reality (the lore is insane there) And the other would be STEVE He can lift trillions of pounds on a bad day; the scaling is nuts.",https://qph.cf2.quoracdn.net/main-qimg-5479efc21e50f351b3e4b1fa7f4427f6
Cade Oosthuizen,What is the difference between a Jedi and a Jedi master?,"“Jedi” is broad, “Jedi Master” is specific. One is part of the other. For example, Obi-Wan throughout all these stages: Was a Jedi. But he was only a Jedi Master between AotC and RotS The Jedi ranks are include These are young children whom their parents sent to become Jedi. They are often referred to as “younglings”. After an initiate has finished basic training, the Jedi will be assigned to a Knight or Master to be trained 1 on 1 and go on missions. After facing trials, Padawans become Knights, an accomplished Jedi that can protect the endangered from most threats they might face. Truly exceptional Knights are given the rank of Master for outstanding performances and acts of heroism. Not just that, but also great display of knowledge, understanding and resolve. When someone talks about a “Jedi”, that person will most likely be talking about some character who is at least a Padawan, while in-universe most people talk about Knights only. But the average person on Star Wars was not so educated on the Jedi.",https://qph.cf2.quoracdn.net/main-qimg-1f7e2704789827ad0aae170f65cad28d
Cade Oosthuizen,What is the Sith Code in Star Wars Legends and what does it represent?,"The Sith Code is based off of the Jedi Code, and it represents the philosophy of the Sith and what they live by. Peace is a lie, there is only passion Through passion, I gain strength Through strength, I gain power Through power, I gain victory Through victory, my chains will be broken The Force shall free me Lots of “I gain”, selfishness and hunger. Also, a beautiful summing up of the Sith life in general. They think the Dark Side will free them, when it is actually the only trap they’re in. And a fun fact: Sam Writer put the Sith Code in the Canon (sort of) Famous voice actor of Maul and massive Star Wars nerd (also actor for The Grand Inquisitor+Starkiller) While Darth Maul was crazy and needed to mumble things, Sam decided to make those mumbles parts of the Sith Code because he wanted it to officially be Canon. Whether or not he succeeded is up to you.",https://qph.cf2.quoracdn.net/main-qimg-fb006ecc355d1d757e454c750f99f3fa
Cade Oosthuizen,"Who wins, Plo Koon or Anakin Skywalker?","Anakin. As amazing as Plo Koon is, he is not enough to match a prime Skywalker. With some specific versions, Plo could definitely win, but overall, I must say Skywalker is the more powerful of the two. And more skilled. Plo Koon barely has any feats in the Canon, while Anakin probably has more screentime than anyone. Not just that, but it’s filled with very impressive feats. He was a constant match for Kenobi (who could fight Savage + Maul in a tunnel) While Plo Koon lost to Savage alone (through less direct methods, but the point stands) Anakin Skywalker is a legendary Jedi, one that accomplished almost every impossible task he was given. He matched Ventress, Dooku, and much much more.",https://qph.cf2.quoracdn.net/main-qimg-266e6892140d5a451c1cdffd05e1094a
Cade Oosthuizen,What are some tips for writing good answers on Quora?,"There are so many great tips in the answer, so I do recommend checking some of those out later. But there is a lot missing. The big tips are covered, but for one problem, there are smaller things left out. You’re writing changes naturally throughout your Quoran journey, but it actually also needs to. Sometimes you hit a speed bump, sometimes you hit a stop. You will need to adjust sometimes. I know it sounds stupid; it is if you always do it. But even if it’s once a year, I think it’s a good idea to challenge yourself to write a long answer. Can you write something so engaging and helpful that it keeps attention for long? Because what’s not said often is that great long-answers are often what make people follow, and it’s a good test of a writer. Even good answers can be boring. Honestly, there is so much of the same stuff everywhere. Good grammar, phrasing, images, paragraphing; all of that can be done and leave a reader unsatisfied. Do not let your answer blend in if you can avoid it. One defining quality of a Quran legend - to me - is some unique quirk. Even if I can't place my finger on why I can, I want to be able to tell who wrote what answer without seeing a profile. Let evidence say that. Be right, don't say you are such. Reading someone be so sure of themselves makes people wish there was a “subtract a follow” button and want to disagree. Be humble and on the same level as the reader. And then the big thing that’s left out: There’s no one way to write. Quora writing is not making a novel, it is a unique form of writing, contained in a fascinating social media platform. Sure, the algorithm might favor a way, but a well-known tip is to be passionate and write what you feel like writing. You must be comfortable with going off script sometimes. Consider advice, but know when you can’t apply it and stay true to your form of writing. Not everyone loves to write medium-length answers on fiction, not everyone loves to write two-liners. If you aim to dominate a field (like the MCU) look at top MCU writers and answers. (Example: more scaling -like answers on how powerful people are do quite well) If you want to dominate Star Wars, look at top Star Wars writers and answers. (Example: there, comparing Star Wars to other parts of itself is popular) There are undeniably many parts of Quora. You will find readers who don’t like fiction, some who want politics, and some who love DC. Know which part you want to be in and apply relevant tips. Not only that, self-teach yourself some. That answer is brilliant, by the way, I recommend reading that too. For people who know what they’re doing - like Crantzer, The God Butcher and Nathan Stanish - how was this?",https://qph.cf2.quoracdn.net/main-qimg-c6ad439e877a7a04f2550f8ff6ca4045
Cade Oosthuizen,"Do Jedi and Sith use energy shields? If not, why not?","Energy shields? Not really. Almost all Jedi use Force Shields; and since the Force has been described as an energy field, you could say yes. Although I think it’s misleading. Force Shields are mostly to protect from Force attacks but can also be manifested as a bubble. When I think of an energy shield in Star Wars, I think of a Mandalorian combat shield, personal shields (like on Destroyers) Or these huge things: And they don’t use such shields because they don’t need to. Jedi can sense attacks and move at incredible speeds. With a lightsaber, they have a meta-shield. Remember Ahsoka during Order 66? That and some of the best dodging skills in the galaxy. Jedi are such good shields, in fact, they cover up for more than themselves! They are often in front lines, before any clones, deflecting bolts that might come for their fellow soldiers.",https://qph.cf2.quoracdn.net/main-qimg-d633fdb6da11f3484f63227c1dbad762
Cade Oosthuizen,"In a hypothetical battle, who would win between Thanos with the Infinity Stones and Grand Admiral Thrawn from Star Wars?","Thanos wins with no Infinity Stones! This is a grand mismatch. One of the most powerful beings in the MARVEL universe up against a strategist. Sure, Thrawn’s impressive; even in physical aspects, he’s fit and trained. But he’s a match for humans, not a Titan! Throw in the Infinity Stones and you have a super obvious winner who will actually win with no difficulty whatsoever. The only thing Thrawn has going for him is intelligence. Knowledge is power and all, but it’s not infinity-stone kind of power.",https://qph.cf2.quoracdn.net/main-qimg-bc13c988e4c7b4410376a5cbb3bf8402
Cade Oosthuizen,Is the Thrawn trilogy considered part of the official Canon in the Star Wars universe?,"Unfortunately, it is not. It was removed to make room for the sequel trilogy, like a massive chunk of Legends. In my opinion, one of the worst parts about Disney’s separation of Canon and Legends is that they removed some things for no apparent reason. Why on earth remove comics that take place just before TPM when it conflicts with nothing?",https://qph.cf2.quoracdn.net/main-qimg-2d1990166d9ba5c1a9c3afd2f79b7c0f
Cade Oosthuizen,"If you could be best friends with any fictional character, who would you choose?","This guy: Tom’s Peter Parker, from the MCU. I just find him so relatable. Most people do (talking about Spider-Man overall) He is made to be relatable. And this version specifically really sticks with me. He is fun, friendly, does well with school (specifically science) and is just someone I’d love to be friends with personality wise.",https://qph.cf2.quoracdn.net/main-qimg-64982f146d93e3b00676592a07c49bdc
Cade Oosthuizen,Why does Peter Parker not want to be Iron Man?,"It’s not all fun and games being Iron Man. Peter is still a kid. He’s been through a lot, a lot a lot, but still. Iron Man was an adult and one of the greatest superheroes ever. He fought off the Chitari in New York, he helped save the world against his own creation (after it chose to skew its creator’s vision; Tony made a mistake, but it’s not all his fault) Tony Stark also ended up giving his life to save the universe from Thanos. Not just that, but he was also incredibly good at keeping his reputation squeaky clean. Well, as clean as possible; the people loved him. Now, is a broke teenager like Peter Parker really ready for all that? No. Spidey just is not ready and may very well never be. Tony was special (as Peter is special, in a different way) If Peter does make “Iron Man” a mantle, and it’s done well, I’ll be all for it. But as of now, Peter’s just not ready. He knows it, and he knows being Iron Man isn't all money and parties.",https://qph.cf2.quoracdn.net/main-qimg-12862876570fecaea97eb5e71896120c
Cade Oosthuizen,Who was Tony Stark's best friend in the MCU?,"I must go with Rhodey over Happy. While both were close, there’s an important thing missing between Happy and Tony: They are not equals, or to put it more clearly, Happy won’t give a slap to Tony when he needs one. Rhodes, on the other hand, would. He truly cares for Tony and will do what’s best for him. These are real brothers. Tony wouldn’t sacrifice for Happy on the same level he would for Rhodes. And their relationship has proved strong through much tribulation. Yes, this is Tony Stank",https://qph.cf2.quoracdn.net/main-qimg-0bd93d9f991f43d5fd9bf548887a3979
Cade Oosthuizen,What are your thoughts on Earth-17628?,"Main thought: very underrated. No, extremely underrated! It’s one of those new shows with a more basic art style than the previous show, which was more basic than the first, and these shows are often bad, but Earth-17628 is different. The first season of MARVEL’S SPIDER-MAN going nowhere justifies much criticism, but it gets progressively better, seriously, way better. And you know what? This series takes gambles few do these days. Quite a few of my favorite versions of characters come from this verse. Earth-17628 has given many awesome designs, character adaptations, and plots better than many originals. And even if they’re not all better, the fresh take is just so… refreshing! Examples: Personally, I found this version decent. New enough, nice great design. My joint-favorite MARVEL character. They did him justice. Even though he was not a focus, the bits we see are amazing, and they show how formidable and smart Tony is. What I love about him most is the suit diversity. In the MCU, we see improvement, but no specialization outside of the Hulkbuster. The designs are so awesome, and the functions are unique and exciting. My favorite Harry to date. He’s not like the originally, but I honestly prefer this one. This Osborn feels like someone Parker would be friends with. Great match. And he’s just more interesting and cooler in my subjective view. So fresh! I loved his role in the closing arc. So much mystery sounds him, but he proved to be a hero. I wish it were more likely they would continue work on this verse. “Great shoes” is all I’ll say. And outside of those who came first to my mind, look at these other designs: Makes me wish they tried harder at the art.",https://qph.cf2.quoracdn.net/main-qimg-6cda96fc06a698240726d99635d35313
Cade Oosthuizen,"Can time travel be achieved like in the movie ""Doctor Strange""?","… Magic? Time travel wasn’t even really in Doctor Strange, there was just the manipulation of time on certain objects and people. But either way, that type of time-”faffing” is not achievable here. Time travel overall though? It’s highly debatable. (Let me know your thoughts on it) Personally, I don’t think we can build any time machine. I don’t think anything physical can manipulate the dimension of time. We are very accepted as beings limited and bound by time. We can only make things bound by the three dimensions we’re comfortable with, hence I do not think time travel is possible. + the time paradox is something I think would stop us from changing anything through time travel.",https://qph.cf2.quoracdn.net/main-qimg-f002c069deee5fc8b044dd929be1711c
Cade Oosthuizen,What happened to Luke after the events of Return of the Jedi? Are there any books or other sources that discuss this topic?,"After Return of the Jedi, Luke’s journey splits. In Legends, he founds a great new Jedi Order and becomes the most powerful Jedi of all. he fights and protects the galaxy from Sidious, “The Mother”, Vong and much more. In Canon, we have a bit less of Luke post-RotJ He appears with a new order in The Book of Boba Fett, and shows his CGI’d face in the Mandalorian. Other than that, all we have of post-RotJ Luke in Canon is from the sequels.",https://qph.cf2.quoracdn.net/main-qimg-b3845f4da2837ce783e8d61b81807421
Cade Oosthuizen,"I don't understand power scaling, what is the appeal?","LOL, same here for a while. I think the main appeal of normal scaling is about the following two things: That makes scaling a fun way to practice school. And it’s a flex for some people. So, that must seem useful and make it look like the best way to do anything related to assessing the power of a character (that is why it’s called “scaling”)",
Cade Oosthuizen,What is the age difference between Luke and Grogu (Baby Yoda)?,"Grogu 50 during The Mandalorian’s first season. Which takes place during 9 ABY So, Baby Yoda is 41 by A New Hope, whereas Luke is only 19! That Makes Grogu 22 years older than Luke Skywalker. Very strange, very strange indeed.",https://qph.cf2.quoracdn.net/main-qimg-bd0e6c35cca53997e0a61f3cc92c0a5f
Cade Oosthuizen,Are Sith Lords and Dark Jedi Masters the same thing? What is the difference?,Here’s my take on the main distinctions: Dark Jedi: Sith:,https://qph.cf2.quoracdn.net/main-qimg-a01ae9d5748db0a5fd6b122a2f7fb428
Cade Oosthuizen,Was Luke Skywalker the last of the old Jedi order?,"I think Order 66 killed the old Jedi. Luke was taught by Jedi from the old Order, but Luke himself was more like the first Jedi of the new Order. He wasn’t taught like other Jedi were, the temple was gone, he was never a real Padawan, just sub-Knight. His whole experience was unique, and it definitely did not resemble the experiences of Jedi from the old Order.",https://qph.cf2.quoracdn.net/main-qimg-a9fefcf2e6690564df3d424fbcaf924b
Cade Oosthuizen,Why did Luke Skywalker die in Star Wars: The Last Jedi?,"He drained himself past the point of exhaustion, and felt he had completed his story, done all he needed to do, and thus surrendered to the Cosmic Force and became a part of it. And I think it was handled very well, ignoring previous films. Luke’s sacrifice was of perfect importance: very needed, but not overly flashy. This way he didn’t outshine Rey, but still met a dignified and meaningful end.",https://qph.cf2.quoracdn.net/main-qimg-38a8f5c5f2a4328b99b487ec262333a5
Cade Oosthuizen,Why didn't Anakin just come clean and tell Obi Wan about his inner turmoil? Wouldn't Obi Wan have help him since he cared about him?,"This is a very sad and complex topic. Wouldn't Obi Wan have helped him since he cared about him? Absolutely. In fact, I’m sure Obi-Wan would have helped Anakin in whatever way was needed, even if it meant leaving the Order. Anakin was by far the most important person in Kenobi’s life. Anakin was made about not being a master for two reasons. One was because the rank granted further access to the library. Obi-Wan could have shared anything Anakin wanted. And if Anakin did come to Kenobi, there is absolutely a chance that he never would have fell. But: Why didn't Anakin just come clean and tell Obi Wan about his inner turmoil? Anakin has long been rolling downhill. It hard to confess, and he did not see Obi-Wan for what he was. Palpatine worked hard to make himself the father figure of Anakin, the go-to for wisdom. While Anakin thought Obi-Wan was jealous, and too strict. Sidious was the only person Anakin felt safe with (aside from Padme) And Obi-Wan had systematically lost influence over Anakin. With Kenobi, I genuinely think Anakin could overcome the extreme grooming of Palpatine. Anakin almost let Mace kill Palpatine and had many other moments of confliction. If Obi-Wan was accepted more by Anakin, it is very likely that the tragedy of Vader could have been avoided. I personally think George tried to convey the message with some scenes.",https://qph.cf2.quoracdn.net/main-qimg-e9cfb7fb7f76911217d76c8f26b08a5d
Cade Oosthuizen,"We all know that Sidious is the Chancellor, but why did he become the Chancellor in the first place?","Well, aside from much shady business, Palpatine seemed to be the perfect candidate. He’s an elderly, apparently wise, royal from Naboo and previously successful senator. Palpatine hid his true colors very well. And played his cards even better. The timing and set up were perfect.",https://qph.cf2.quoracdn.net/main-qimg-a1a3c394d0a217ac848a680335ee5c96-pjlq
Cade Oosthuizen,How incomplete was the training of Luke Skywalker in Star Wars? Why?,"In A New Hope Luke’s training barely started. And it showed; all he did was sense basic things initiates could sense. By the time of ESB, after a week or so with Yoda and more training beforehand, Luke was a skilled Jedi. Not up there with the best, but thanks to his instincts, determination, and ridiculously high midi-chlorian count, he was definitely above most Jedi and capable of escaping Vader’s trap. Which is very impressive, even though Vader was being held back, it’s still Vader we’re talking about. So, his training was decent. And by Return of the Jedi, Luke is a very formidable Jedi. By that time, his training was complete (in terms of combat; all he had left was to finalize the strengthening of his character by confronting his father) And then we get a glimpse of GM Skywalker, which seems to be the peak of the character.",https://qph.cf2.quoracdn.net/main-qimg-d258745c3fbc43888998cde8a5d051a2
Cade Oosthuizen,Did Anakin's arrogance contribute to his loss against Obi-Wan? Did he have any chance of winning the fight?,"Contribute? It was the main cause of his defeat. Anakin had a huge chance of winning, that much is clear! Multiple times throughout the fight, Obi-Wan came very close to losing. At one point, Skywalker was the only one with a weapons and Kenobi was slowing the blade coming for his neck. And Obi-Wan had Anakin in almost the same situation. It was not just a close fight; it was the closest in Star Wars history. The fight was back and forth, 50/50 throughout, waiting for someone to gain an upper hand for real. And that deciding disadvantage ended up being a foolish tactic from Anakin.",https://qph.cf2.quoracdn.net/main-qimg-96001bb5998db0eb3eab66ed8ddb93af
Cade Oosthuizen,"Can Luke, at the time of Return of the Jedi, beat an Inquisitor?","He could probably wreck an inquisitor by the time of ESB. Actually, not just probably. In a comic he defeated the Grand Inquisitor right after ESB (a good while before RotJ) You may be thinking, “but he was dead!”, in which case you would be a very knowledgeable fan and right; but after the Grand Inquisitor said there are things worse than death, he sadly got to feel it first-hand. Vader bound his spirit, and that’s how he could fight Luke.",https://qph.cf2.quoracdn.net/main-qimg-6f9492d944424a1ece8dc49644be5d86
Cade Oosthuizen,How did Luke know where to find Yoda on Dagobah?,"In regard to the specific location on the planet? We don’t know. The fans only hear Obi-Wan’s Force Ghost tell Luke to go to Dagobah for training. Maybe Luke just sensed the perfect spot, maybe it was fate, we may never know for sure.",https://qph.cf2.quoracdn.net/main-qimg-3405fd900a16aa035a34c71e6baaf6bf
Cade Oosthuizen,Does Luke ever learn about Ahsoka Tano being Anakin Skywalker’s Padawan?,"From Ahsoka herself! In the Book of Boba Fett, she even mentions how similar Luke and Anakin are. (Questionable, I know) While it is not totally confirmed, it is far more than likely that Luke knows Tano was Anakin’s Padawan. As for when they met or when it might have happened, we are still in the dark. I, for one, am very excited to see more of GM Luke Skywalker in the Canon. That era is honestly a really good one in-universe; and one I find very interesting.",https://qph.cf2.quoracdn.net/main-qimg-38dca15ec03856753a000b3c5ef67f1d
Cade Oosthuizen,Did Luke Skywalker utilize Vaapad to defeat Darth Vader in Return of the Jedi?,"No, Luke did not even know what Vaapad was. Dang, he didn’t even know Force Lightning existed! And really, Luke “utilized” nothing to beat Vader. Saying ‘Vader lost’ is more accurate than saying ‘Luke won’ in my opinion. By RotJ Luke Skywalker was an absolute legend of a Jedi, very powerful. But Vader is in another league; Luke could only walk out alive because papa Darth was conflicted (so conflicted that his character arc was about close with a U turn)",https://qph.cf2.quoracdn.net/main-qimg-78ecf74ba4dcae4f8659b4f4d5411bae
Cade Oosthuizen,"What do jedi do with a defeated enemy when there is no organization behind them to take the foe prisoner? If a jedi himself is in hiding, and the enemy is too dangerous to set free.","Oh, now that part about hiding makes this very interesting. If I think the prisoner would get Mace Windu’d. What other solution is there? Just let the criminal run free all by his dangerous self? If he can’t be held, unfortunately, the threat must be neutralized another way. But if the Jedi is trying to hide, but still somehow engaged in combat and ended up disarming a dangerous threat, my best guess is still this happening:",https://qph.cf2.quoracdn.net/main-qimg-4db6e81603235e9b1979879e7b571077
Cade Oosthuizen,What kind of emperor would Anakin have been if he'd won against Obi-Wan on Mustafar and gone on to overthrow Palpatine?,"A really terrible tyrant whom someone else (most likely with an understanding of politics) would eventually overthrow. It would not happen quickly; Vader is far too powerful and intimidating. But millions of subjects wanting you gone? While it is not exactly irrecoverable, the only way you’re staying on top is by knowing how to manipulate hoards like that. Anakin just lacked the political ability necessary to be the tyrant he envisioned himself to be. Well, to stay the tyrant for long. There’s even a chance of removal by force. In the hypothetical, there’s a room for anything to happen; Yoda could fight Vader, Luke, Ezra, etc. Not to mention that where would probably be more people inspired to become rebels. I see this “Empower Vader” having even more enemies than Palpatine, to be honest.",https://qph.cf2.quoracdn.net/main-qimg-34b2d960f3343e49172005d415900e97
Cade Oosthuizen,Why did Star-Lord choose to hit Thanos instead of taking the glove from him with his free hand in Infinity War?,"He was angry. Like how Thor was angry. The difference is one of them can actually match Thanos. Star-Lord was totally blinded by anger, and it is completely reasonable. Thanos took Gamora from Quill; I don’t really blame him one bit.",https://qph.cf2.quoracdn.net/main-qimg-d539cda8fe7da651f137f9b90dbb0b5d
Cade Oosthuizen,What happened to General Grievous after Revenge of the Sith? Where is he during A New Hope? How come we never see him again in any other movie after that one?,"Well, It would make sense that we don’t see him after this: Kenobi got him with multiple blaster bolts straight to vital organs (the last he had left) General Grievous was as dead as dead could be.",https://qph.cf2.quoracdn.net/main-qimg-1b3d1a484ad2d0e36e3fad4ec86c4f1c
Cade Oosthuizen,Is General Grievous pure evil?,"No, he’s broken. In Canon, there was an orchestrated accident (I’d say that’s not enough for him to be broken, but it does make “pure evil” a slight stretch in my opinion; we have Palpatine in SW, the standards are low, very, very low) And in the EU this guy is undeniably, utterly broken. (After that, he becomes almost as evil as evil can be, but I assume “pure evil” in this context means evil for no reason from the get-go)",https://qph.cf2.quoracdn.net/main-qimg-bc0c0bd527477aba16c01c9c04e03ee3
Cade Oosthuizen,"Who is better, Commander Gree or Commander Wolfe?","I must say Commander Wolffe. Gree was great in the Bad Batch for a bit, but so did Wolffe. They both resisted the Empire for friends. While neither provided resistance to Order 66 at the time it was sent out, Wolffe didn’t have a chance to. I think he absolutely would not have shot down Plo Koon if he was given the chance. Wolffe and Plo Koon were arguably closer together than Ahsoka and Rex! Plus, I just find Wolffe more interesting in terms of history, character and relationships. He has more screentime too. I really think a lot of General Koon rubbed off on Wolffe. He’s also one of the 3 we saw in Rebels. One well-fed wolf",https://qph.cf2.quoracdn.net/main-qimg-e52c707115c15dabb3e1dcf071b849bb
Cade Oosthuizen,Why do people say that Kylo is weaker than Vader if he had killed off an entire Jedi Temple and caught a blaster bolt in midair something Vader couldn't do?,"Because Kylo’s power isn’t shown well, and a lot of people hate anything related to the sequels. And Kylo Ren froze a bolt by using Force Stasis (an ability Vader did not use) Simply knowing the ability does not put Kylo above Vader, the latter could react just as fast. And Vader is Canonically the most powerful Sith of all time in the Disney Canon. I know Kylo is not a Sith, but do you really think Kylo is more impressive than Palpatine? But feats are greater than statements. Ren has his fair share of feats, but as cool as Kylo is, I honestly think he’s outclassed with this one.",https://qph.cf2.quoracdn.net/main-qimg-e83fa53818d61c8ff39805830cc86d14
Cade Oosthuizen,"If Quorans were Star Wars characters, who would they be?","Ok, this may not seem flattering, but believe me I mean this in the best way possible: Jared → Jocasta Nu He won’t admit it, but if it is not in his records, it does not exist. And he’s a just a calm and kind soul. Secondary: Grandmaster Yoda or Plo Koon for his perfect and beautiful balance between a lively child and wise elder. The God Butcher → Obi-Wan XD sorry, Maul. But yeah, he is a Kenobi. No one I could find quite matches TGB, no one and no character is truly like him. But Kenobi is close. He’s a boss that can fight, even though he doesn’t want to. They are both kind, wanting to help others, selfless, patient and extremely humble. Crantzer → Luke Skywalker Maybe it’s because of the profile. But we I think Luke fits the bill perfectly. A well-matured, simply good soul that’s the best of the best. (Seriously, he’s the Magnus Carlson of Star Wars and champion of MARVEL right now) I hope to reach that height in the SW community. No. 1 in topics unnumbered. The Wraith → Mace Windu I was thinking of someone else because Mace has a rep for being mean, but that honestly made it better because this man doesn’t give 1 cent what you think about him. And honestly, he can look mean when other clowns start it. And that’s probably just Windu’s situation. This guy is a boss and one of the coolest people out there. And have a way of striking people as “edgy”. But my goodness, this man is sharp, precise and actually quite fun to interact with. (Mace has a side like that too, he just shows it less than TW does) If you’re in my following, I can add you to the list, I just didn’t add much because these guys came to mind first.",https://qph.cf2.quoracdn.net/main-qimg-cd3fc7192c1046c586c666f3b50b6c72
Cade Oosthuizen,Why didn't TIE Fighters have a hyperdrive and shields to begin with?,"Because TIE fighters were not meant to be good. This is what happens when politicians are in control of things they have no business with. Tarkin thought “numbers” was the answer. “Let’s have 1,000 blunt arro- no - let’s have 10,000 bubbles!” TIEs were not quite that bad, but they were horrible and some of the worst fighters ever made in Star Wars. Bad view, no shields, no hyperdrive and more. The Empire already had ridiculous numbers, the idea behind TIEs was stupid. That thing didn’t even have life-support, the suits had to have those functions. In fairness, the Empire had to do dumb things like this for the Rebels to win; the writers were forced.",https://qph.cf2.quoracdn.net/main-qimg-29c178198ed6465c0a9825099c689571-pjlq
Cade Oosthuizen,"If Peter Parker was gone for 5 years due to the “blip” in Infinity War/End Game, why weren’t his classmates older in Spider-man: Far From Home?","A couple were. Well, not exactly because it’s not possible. It they aged while he was away, they would no longer be his classmate. But a few moved into his class, like this jerk: Brad Davis Ned and MJ didn’t age separately because that would really mess things up for writers. MJ and Ned couldn’t be written off just like that! Although they did end up going away, which may leave room for Harry and Gwen to enter the MCU (if that’s what people want)",https://qph.cf2.quoracdn.net/main-qimg-50e0c69a796d6cbf409a8be7a59b8790
Cade Oosthuizen,Why can Thanos pick up Thor's axe?,"Because Stormbreaker has no enchantment about worthiness. Stormbreaker is just an incredibly powerful weapon with the power to summon the Bifrost and better channel/amplify Thor’s power. Mjolnir was enchanted by Odin to make it that only the worthy can lift it. The only thing that stops a random person from lifting the Axe is that Thor said their minds would fall to madness while their bodies collapse (not direct quote, but close) And I emphasize that it’s only a character's statement because Cap could lift it. (While he was not holding Mjolnir, it was in Thor’s hand)",https://qph.cf2.quoracdn.net/main-qimg-cb7e1d973cbecb0e03e86a4e99b39137
Cade Oosthuizen,"What is your unpopular opinion about the main characters in The Clone Wars series, aside from Anakin and Ahsoka?",I have a few for each! Ahsoka Tano: Anakin Skywalker: Obi-Wan Kenobi:,https://qph.cf2.quoracdn.net/main-qimg-2adf8e0aece29a340369fd474a8f18b3
Cade Oosthuizen,"Which is more powerful, the dark saber or the lightsaber?","I guess the Darksaber. Normal lightsabers and the unique Darksaber seem to have equal cutting ability, so there I think they are tied. But what makes the Darksaber special is its responsiveness. To someone untrained, it fights, it becomes heavy, but to people who know how to wield it, the Darksaber evidently becomes an amplifier. And there is another advantage: the Darksaber pulls lightsabers, this will be natural for the one holding the Darksaber, but throw off the opponent.",https://qph.cf2.quoracdn.net/main-qimg-208f4484562758101288af166ea778bd
Cade Oosthuizen,Is Obi-Wan Kenobi's power and skill underrated?,"Overall, Obi-Wan is not underrated. He’s too popular for that. But skill-wise, people often forget just how astounding he is. Kenobi could fight Maul and Savage, in a 2v1, and in a cave! And not only that, but he survived and walked away relatively fine (Savage lost an arm) Obi-Wan also consistently proves himself comparable to Anakin (and most of us know how powerful he is) While, in terms of dueling and Force power, Anakin may be superior to Obi-Wan, it is never enough to beat him quickly, and it’s never enough to cover up for one mistake he always ends up making. Simply surviving Anakin’s offense is the main feat I am pointing at here. Obi-Wan Kenobi has beaten Ventress (TCW movie), General Grievous (RotS) and he also forced Jango Fett to retreat. His skill is also very incredible. Kenobi has mastered his form (Soresu) so well that he is undisputably its best practitioner; few can penetrate his defense. Obi-Wan only seems weak sometimes because he’s very humble and even more brave. The people he faces are people few others are willing to fight.",https://qph.cf2.quoracdn.net/main-qimg-48bbaf457c1da68a073e513ffed1a91c
Cade Oosthuizen,How successful would the rebels be in a battle against Thrawn?,"In a battle? That is beyond vague. How many Rebels? How many Imperials? Where? What is each side’s goal? We need to know at least a bit more to decide reasonably. If it’s anywhere near even, I see Thrawn’s team winning. But never say never: The Rebels often have aces up their sleeves.",https://qph.cf2.quoracdn.net/main-qimg-2d1990166d9ba5c1a9c3afd2f79b7c0f
Cade Oosthuizen,What characters would you like to see in Tales of the Jedi Season 2? Personally I’d love to see Baylan Skoll or Plo Koon get their own arcs,"Honestly, same here. Baylan and Shin are begging for backstory and Plo Koon simply needs more material. Greatly set up canvases and a hidden gem, what combination could be better to explore? Otherwise, I would like to finally see Luke Skywalker handled by people who made TCW and other prequels era projects so we can finally compare properly.",https://qph.cf2.quoracdn.net/main-qimg-84b13eb19fd9f0893c5f9ba41dcd8c8e
Cade Oosthuizen,Did the separatists ever really have a chance of winning against the Republic in Star Wars?,"Despite what people think, no. Not naturally. People forget how much was done just to set up a half decent position for the CIS. Palpatine had to throw hyperspace lanes and a good economy (not just away from the Republic, but to the Confederacy) If Palpatine didn’t pull strings with the banking clans and mess with the money in other ways, the droid army would not have been possible. And he also purposefully ran the Republic economy into the ground (mid-war) which led to fewer clones than there would have been naturally. But it is all about speculation with what if questions.",https://qph.cf2.quoracdn.net/main-qimg-50f0b47414aec7227be764b6734354a8
Cade Oosthuizen,What are the primary forms of light saber combat utilized by the Jedi Order?,"Cool There are seven classical form of lightsaber combat. # Form I: Shii-Cho This is the most basic form. It is taught to all Padawans and contains simple, long strokes (predictable to more experienced duelists) Most notable user: Kit Fisto # Form II: Makashi Makashi was made when Sith and Jedi both had lightsabers. It is for intricate, efficient and elegant dueling (mostly done with one hand) Most notable user: Count Dooku # Form III: Soresu This was made for deflecting and redirecting blaster fire, but it doubles as a very defensive combat style. Most notable user: Obi-Wan Kenobi # Form IV: Ataru This form is the most draining, and most dangerous. It’s all about movement, jumps, flips, rolls etc. Most notable user: Yoda # Form V: Djem So/Shien This is the style of two halves. One is about strong, powerful blows: good offense. And the other is defense and counterattacks (mostly about blaster bolts to be extremely well rounded) Most notable user: Anakin Skywalker # Form VI: Niman Niman is also known as the diplomat’s form. It is a jack of all trades, master of none. But it has focus on one thing: the Force As you can tell, it’s questionable in terms of lightsaber-to-lightsaber combat. Most notable user: Qui-Gon (debatable) # Form VII: Juyo This is super aggressive and tied to feelings/instincts. It is powerful, random, and hard to deal with. But also dangerous to use; the Jedi did not teach it regularly. Most notable user: Mace Windu (with his own variant: Vaapad) or Maul for plain Juyo",https://qph.cf2.quoracdn.net/main-qimg-a298197f0d5cbaff9b85a6b2f710e1d1
Cade Oosthuizen,"Is it possible for Anakin to defeat Yoda in a lightsaber duel? If not, who would win in a match between the two?","Ok, easy part first: If [it is not possible for Anakin to defeat Yoda], who would win in a match between the two? In the case that it’s impossible for Anakin to win, I must say I’d place my bet on Yoda. Now for the harder one: Is it possible for Anakin to defeat Yoda in a lightsaber duel? Yes. In Legends, Plo Koon beat Yoda in a duel, and as much as I hate to say it, Anakin is definitely Plo’s superior. And they use the same form. While Anakin is very unlikely to win, it is absolutely possible. So, I still think I’ll place my bet on Yoda.",https://qph.cf2.quoracdn.net/main-qimg-d51b76495a6a29eb3c29ccb56f73acc4
Cade Oosthuizen,How do I begin with the Star Wars franchise? I’ve never seen a movie of it or any books about it. I have no knowledge of Star Wars. What are some tips for being a beginner?,"In chronological order, like a professional. For tips, I would recommend not watching everything in order, just the main bits. And definitely to keep the following in mind: Star Wars is many things. The main thing I mean by this is that you will dislike some Star Wars projects and love others. We have the originally trilogy, which is an old, classic masterpiece and one of the greatest examples of the hero’s journey. And then we have the prequels which was made to be expansive and somewhat experimental for George’s own way of storytelling (and since George wasn’t good with dialogue, it’s definitely not flawless) but nonetheless, it’s more complex and action packed, so it’s my favorite. Then we have the Mandalorian, a more western masterpiece. And Andor, a show with powerful dialogue, but less action. And the clone wars, a balance between the originals and prequels in the form of a series. So, don’t expect shows and movies to be similar. Now, if you’re wondering about the order, here it is. The legend of my “map”: Now, what did I miss?",https://qph.cf2.quoracdn.net/main-qimg-b765d4e960db3133ab52c5b5347f4f26
Cade Oosthuizen,How important are strong female characters in the Star Wars saga?,"Very. From an out-of-universe view, you just have to have them. Why limit such a huge universe to a smaller audience? But from an in-universe point of view, it gets wild. So, an obvious one is Rey, she is arguably the most important character ever. (It is not my opinion that she is, but it’s arguable) Then we have Hera, Jyn, and a few more women who played huge roles in the rebellion. We also have Padme, whose role in Star Wars is beyond massive. She was the mother of Luke and maybe the biggest part of Anakin’s life/fall (other than Palpatine) But my main pick is Leia Organa! Imagine the OG team without her; it's not pretty. I think her role in Luke’s life (the main hero overall in my opinion) and her role in the rebellion are absolutely vital to how things played out. The Rebellion and OG team relied a lot on Leia; she is undeniably one of the most important characters in Star Wars.",https://qph.cf2.quoracdn.net/main-qimg-ba87665a756f16d099306fa4c46132da
Cade Oosthuizen,"In Star Wars, how do you use “the force”? Does it use your life force or stamina or can you use it infinitely? Do you recharge it by sleeping or eating or even meditating and such?","Using the Force requires different things depending on what the desired ability is. It ranges from focus to unhinged emotion. And I think - as unprofessional as it sounds - it is safe to think of it as a video-game style bar. Something like a “Force tank” does exist. The Force can be exercised like a muscle, and it drains its own kind of stamina. And you can recharge by laying off using it for a while or meditating!",https://qph.cf2.quoracdn.net/main-qimg-ef88384a7e500a9ad4d39f795572c24c
Cade Oosthuizen,Why did Luke Skywalker have to go through training if he was already powerful? Could Yoda have trained him from the beginning?,"He was not already powerful, he had potential. Natural affinity, but no knowledge of how to use his gift, nor any experience using it. His high potential from Anakin made the training faster and easier, but without training, Luke would not have gone far.",https://qph.cf2.quoracdn.net/main-qimg-f4cc0b8ee0835eb860ecc07db5c573ad
Cade Oosthuizen,Do you agree that Anakin Skywalker seemed to turn to the dark side a tad too quickly in Revenge of the Sith?,"If it was just about becoming evil, Anakin definitely turned way too abruptly. We all know Palpatine was manipulating Anakin and setting him up for years. (Most of his life by RotS) So, Anakin’s fall makes sense, but the speed? That seems a little out of proportions. But it happened so incredibly because of how the Dark Side works. Anakin wasn’t just turning on his ethics, he gave in to the Dark Side. And The Dark Side consumed most of Anakin in the instant he decided to fall to it; that changed his mind, his perspective, his nature. Anakin turned so massively because that’s how the Dark Side works in Star Wars. It consumes like a fire, twists so quickly because the Dark Side is a trap. Not something you can just tap into. Once the Dark Side lured you it, it snaps shut, and doesn't let go.",https://qph.cf2.quoracdn.net/main-qimg-ca7af570b86c1f6cc50ded09bac346a9
Cade Oosthuizen,What happened to Ahsoka after she escaped Order 66? Did she ever reunite with Captain Rex again?,"After Order 66, Ahsoka became “Ashla” and went into hiding. Ahsla was almost the name of the Light Side, and then also almost Ahsoka’s original name She becomes as simple as she can be, she tries to stay lowkey, but it doesn’t work out so well. After this period of her life (which lasts quite long) She becomes Fulcrum! One of many informants for the Rebellion. It is during this period of time that she reunites with Captain Rex. And if you haven’t seen the scene, it’s definitely one you should watch. What a heart warmer. Ahsoka goes through even more phases of life (like the one we see in her series) When destiny calls, heroes never ignore it for long. And Ahsoka Tano just happens to be one of those heroes.",https://qph.cf2.quoracdn.net/main-qimg-371a51e55e70a7e2ab1e15254de2ec20
Cade Oosthuizen,Which Star Wars TV show do you think has done the best job at expanding the lore of the franchise?,"Expanding? Interesting question! And the answer simply must be The Clone Wars. Come on, seven full seasons worth of content, filling up the big gap between AotC and RotS; how could that be topped! The Clone Wars added tons of lore and characters. It added planets, schemes, extra story for existing characters (Dooku, but mostly Maul!) And it did not stop at normal side characters, it made some massive ones. Like Ahsoka, one of the most beloved Star Wars characters ever. And we also have Ventress, Rex (it’s also responsible for almost all of Plo Koon’s screentime) But another huge thing it added was classic story telling and action to the prequel era. (We all know George was feeling spicey when he made those; TCW really helped the prequels be more well-received, and it did great things for Star Wars in the sense)",https://qph.cf2.quoracdn.net/main-qimg-d39ea88e4ff9eef68680d35f5b757b58
Cade Oosthuizen,What is the rating for Star Wars and why is it not higher than PG?,"Because most of the time, Star Wars is not just for the men, but the women, and the children too.",https://qph.cf2.quoracdn.net/main-qimg-132e9cb4ca7ffb40ed141c57a5c08158
Cade Oosthuizen,Why are sequels never as good as the original films?,"Even though sequels can be better, original films are very often better than follow ups, and here’s why: The example film Now, think about some sequels that were better than the earlier films. In my opinion, Captain America: The Winter Soldier, Spider-Man: No Way Home, and a few other MCU movies would come to mind. You know what sets them apart? Planning! When a movie is made with a clear future in the minds of developers, they set up those movies to come. But this is very rarely the case. Most films do not have planned sequels, and the lack of planning for a next story is the root of the main problem: the characters arcs Great stories are almost all character driven. You have a hero, he has an arc. And that arc will define the character. Take Miles, for example. His arc finished, the defining period of his story was covered in Spider-Man: Into the Spider-Verse. Miles became Spider-Man, the other characters came with internal conflict, and left victorious. Now, why could Across the Spider-Verse not hit as hard as the first film? There can only be one main arc. Miles’ story ended (for the most part) His main arc was defined, you cannot just make a new one; that would rewrite the character you’ve defined. The next arc must be smaller, and in a character driven story, that means the film overall will have less internal conflict/impact. I think this is why sequels rarely outdo originals. The Spider-Verse team hit it out of the park with the first and second. But with this answer in mind, I expected exactly what I got with ATSV It had to have more plot, less drive. And because of the amazing team, it was near as good as it could be.",https://qph.cf2.quoracdn.net/main-qimg-418caea6fab314e6572aa6337485f81b
Cade Oosthuizen,"Is the Dark Side truly part of the Force, or just a perversion of it?","In most new parts of the Canon, the Dark Side is a natural part of the Force. Disney made the duality of the Force like a Ying and Yang. But in lots of the Disney Canon and almost all of the old Canon, the Dark Side is a perversion of the Light Side. An unnatural creation of corrupt Force-Users corrupting the Force inside themselves. Sith Code vs the Jedi Code, simply to add some information to this Quora short.",https://qph.cf2.quoracdn.net/main-qimg-fe0eaee2fd015c570e6eb33a1f8ca806
Cade Oosthuizen,"In your opinion, was Luke's character ruined in Star Wars: The Force Awakens?","I would say the Sequels did nothing too unreasonable with Luke on surface level. Is it wrong for a character to change after many, many years and huge, life-changing disasters? No, that is absolutely fine. But Disney did break my favorite part of Luke: he cannot be broken. In Return of the Jedi, I left thinking Luke faced his trials, he withstood pressure and came out stronger. In my head, he went on to be the perfect Jedi (or close) Like a teen matured into an adult, ready to face anything life throws at him. But apparently, he gave up after something I think a lesser Luke would not have given in to. And - as the great redeeming of Star Wars, the guy who saw good in Vader - the way he handled his vision of Ben was pretty much the nail in the coffin for the version of Luke Skywalker I loved.",https://qph.cf2.quoracdn.net/main-qimg-74d81a089cdca7429d341b9593be495b
Cade Oosthuizen,Who would win: Plo Koon or Ki-Adi-Mundi?,"Plo Koon. In Canon, Ki-Adi Mundi has the epic feat of existing. While Plo Koon (while he has very few feats) at least has a couple of good achievements. Like his encounter with Aurra Sing. And in Legends, Plo thrives. Let Master Jared show you!",https://qph.cf2.quoracdn.net/main-qimg-695f143e2b831b934f9c0fd7b183f1b9
Cade Oosthuizen,Who would win: Rex or Cody?,"Captain Rex, most likely. Sure, Cody has a higher rank, but that’s only because Ahsoka took the place of commander for the 501st. Also, Cody was more long-range based. In one-vs-one scenarios, I don’t think that will help very much. Rex also has way more to show. Feats-wise, Cody has very little.",https://qph.cf2.quoracdn.net/main-qimg-901737b2abaa262da4af2ce963927d11
Cade Oosthuizen,Which of the lightsaber forms of combat counter each other?,"There are not many advantages and disadvantages between forms. Each was developed for a need existing forms did not fulfil, and they were all made by Jedi (who did not plan on fighting each other) So, they are not intentional or large in number, but here: Djem So > Makashi (Vaapad also works great against it, maybe even more so) Makashi was made for dueling, but it was made before Djem So. The intricacy of Form II gets completely disturbed and disrupted by the massive strikes of Djem So, which force “surviving”. Soresu > Djem So (Ataru works much worse than Form V against Soresu, but I’m getting to a circle) Soresu is a pretty basic form at surface level. Honestly, I do see a conserving defense beating a draining offense when the styles are used by equally skilled fighters. The passive Soresu is the environment the artful Makashi thrives in. I think the definitive example of this form-vs-form matchup is in AotC where Dooku could expertly pick through Obi-Wan’s defense. So, the rock-paper-scissors of forms in my eyes is the above! Makashi > Soresu > Djem so > Makashi",https://qph.cf2.quoracdn.net/main-qimg-162774658f68764f711f5f6fa9fa6aab
Cade Oosthuizen,Why is Samuel L. Jackson's lightsaber purple?,"The reason is pretty funny, actually. It’s so he could spot himself easily in the Battle of Geonosis. At first, George did not want to change the Canon and add another colour, but he posted about it and that blew up, so, you could actually thank the fans for purple lightsabers. SLJ started it, but we ended it.",https://qph.cf2.quoracdn.net/main-qimg-78e9948fd2d0ea88eb04df83c9ff5423
Cade Oosthuizen,What is the worst thing George Lucas did to Star Wars?,"Sell it. “Movie making is not a business, it’s an art form” He’s not the only person who could have it, and if he chose a successor, that successor may very well have continued to make even better things than George. George failed at important aspects of the moviemaking proses, but he invented Star Wars and largely pioneered CGI in movies. He loved his creation; and with his endless, amazing ideas, he just would not have done the kind of damage Disney has. Giving in was a mistake, even if he really wanted out. Lucas made and would have made mistakes, but I honestly think Star Wars would have been off far better sticking with its maker. Disney brought great things too, but overall, I’d say it did more damage (and Dave Filoni is laregly responsible for that good bit Disney has done)",https://qph.cf2.quoracdn.net/main-qimg-09b71a4a52a041cbff213ca02202309a
Cade Oosthuizen,"What weaknesses did the TIE Defender have, and how did the Rebels exploit them?","There weren’t enough yet. I know what you’re looking for, but honestly, whatever weakness it had, it was small and going to be ironed out. The TIE Defenders were absolute masterpieces. And it’s obvious they would be! They were made by the Empire’s greatest military genius! The Empire’s choice to not listen to Thrawn (the one who knows the art of war best) for its military affairs was one of the main choices that lead to its demise. Thrawn knew project stardust was just a flashy way to lose trillions.",https://qph.cf2.quoracdn.net/main-qimg-398a0b51b6267423c2128419b1128fe2
Cade Oosthuizen,Would Ashoka have turned to the dark side if she had been trained by Yoda instead of Anakin?,"Ahsoka would probably be more firmly stuck to the Light if anything. But it would cost her. While Yoda’s training may have been better than Anakin’s in many ways, Yoda would pass down the ultimate weakness of the Jedi: a narrow view. She would not develop her own view of the galaxy like she did in the Clone Wars. Her arc was largely based around her overcoming her own biases and learning to look from more angles (“Heroes on both sides” and “The Wrong Jedi” greatly show this part of her arc) If she was blind to the Jedi’s stubbornness, she would have not been half the character she is. And Yoda’s training would not prepare her for Order 66 like Anakin’s did.",https://qph.cf2.quoracdn.net/main-qimg-b891105b02e099a4ceb37f4129625600
Cade Oosthuizen,"Did Palpatine truly care for Anakin, despite saying otherwise to Vader in Revenge of the Sith?","Not at all. Palpatine is very unfeeling. He actually hated Vader (that’s how he could use Force Lightning on him) This absolutely crooked villain loved no one (except for himself, maybe)",https://qph.cf2.quoracdn.net/main-qimg-b8ed9f03bf29f091e59b4e86f2911e11
Cade Oosthuizen,What are your favorite and least favorite species in Star Wars?,"Top 3: Kel’Dor Butchered the anatomy, but still a nice picture. Kel’Dors have good culture, look amazing, and my favorite Star Wars character is Kel’Dor. (Can you guess who?) The Yoda Species The name is unknown and so is the species home world (even their origin) But all members of the species have been abnormally powerful in the Force and inclined to the Light Side. Togruta There are so many cool species that could take third place, but I decided on Togruta because they have a strong sense of togetherness and overcome obstacles. Now, bottom 3: Dug Despicable. They look nasty and are nasty. Neimoidian Only the greedy survive. The people of this species only look after number one. A bunch of cowards and scoundrels. Hutt These guys were probably literally made to be hated. They look exactly what they’re like. Just purely selfish and completely lacking of any self-control.",https://qph.cf2.quoracdn.net/main-qimg-ec4eb22c3a66c58a5d11ab816ea642ba
Cade Oosthuizen,What are your hot takes on 1v1 matchups (SW and Marvel)?,MARVEL: 1 Strange (Infinity War) beats Thor (Infinity War) 2 Iron Man beats Spider-Man (in general for both) 3 Spider-Man beats Cap (MCU for both) Star Wars: 1 Obi-Wan beats Anakin (Both TCW) 2 Plo Koon beats Fisto (Both Legends) 3 Yoda beats Palpatine (RotS rematch),https://qph.cf2.quoracdn.net/main-qimg-7401c3d4140fd762ccae645160206ee8
Cade Oosthuizen,How does Palpatine's raw power compare to Thanos's without using Force abilities like lightning or telekinesis?,"Palpatine’s raw power if the Force. Without it, he’s just an old man. Thanos could flick Sheev and he would be done. But with Force power, Palpatine no diffs too. He’s way above Wanda (Endgame) and she could definitely 1v1 Thanos.",https://qph.cf2.quoracdn.net/main-qimg-35f9455a0b87e2b3d0f5e26c38ef68c7
Cade Oosthuizen,What do you think are the best comic book series of the Star Wars franchise (both in Canon and Legends continuities)?,"While I’ve almost consumed all of the Canon, I am new to Legends. I have not read a lot of comics, which is the main bit of Canon material I’m missing. But I’ve read a few, and the best so far is the Canon comic run, Yoda. I really did enjoy this. It took place little before the Empire Strikes Back, but had lots of flash backs to the Clone Wars and before. Great adventures, action and wisdom. The themes were great, the art was absolute fire (nothing tops that style for me) And it was simply a lot of fun to read.",https://qph.cf2.quoracdn.net/main-qimg-f826812bfd999494103559f3dc32cca4
Cade Oosthuizen,What is the theme in the Star Wars movie?,"For each of the first 6: 1 The Phantom Menace So, as for a theme, I would say there was not much of the theme. George didn’t want another OT, he wanted to make new types of movies. Hence the prequels were additions, not standalone. But aside from the most important part of the film that is - in my opinion - Anakin’s father figure/the road he will go down, I would say the movie has a focus on destiny. Can it be stopped? Does anything need to happen for it to come true? 2 Attack of the Clones This was where all the pieces fell into place for checkmate. Whereas TPM was the set up. If I had to pick a theme, I would go with “small seeds, massive trees”. Tiny little manipulations and events violently shaking the galaxy’s fate. Small things in Anakin’s life shape him while large moves are made also. (This was way more focused on the Star Wars universe than sending messages to ours) 3 Revenge of the Sith Dread it, run from it… The theme was about a hero’s fall. No one is truly immune to temptation and that, sadly, emotions can lead you to a dark path if you let them control you. 4 A New Hope This was classical storytelling! It followed one of the best executions of the hero's journey. The theme also revolved a little bit around destiny, but mostly never judge a book by its cover. Any farm boy could become a galaxy’s hero. 5 The Empire Strikes Back Facing your fear. That’s my takeaway (in hindsight) Even though Luke lost the fight with Vader, I’d say Luke walked away with a victory as well. “A coward dies a thousand times before his death, but the valiant taste of death but once. It seems to me most strange that men should fear, seeing that death, a necessary end, will come when it will come.” - Shakespear’s Julius Caesar 6 Return of the Jedi This one had the strongest theme in my eyes: redemption. It doesn’t matter what your past was if you’re willing to put it behind you, where it belongs. Someone will always see the good in you and it will always be there. And it will always be ready to take over.",https://qph.cf2.quoracdn.net/main-qimg-32fe02c20fa479755fc6514b05254dd7
Cade Oosthuizen,Do you think Anakin could have taken the Jedi master's in duels?,"Oh, absolutely. I mean… 99 percent of the time…. There was only one Jedi that could evenly match him (Obi-Wan) and only 2 that could and would beat him (Yoda and Mace Windu) And even that is highly debated. But Anakin Skywalker would pretty much school most Council members. And if we count every Jedi Master, he’d reck almost everyone. Kit Fisto, Shaak Ti, Adi-Gallia, Ki-Adi, etc. All of those Jedi do not stand much of a chance.",https://qph.cf2.quoracdn.net/main-qimg-4bbeb26f1fbb8804b5043c9bcf41a739
Cade Oosthuizen,Is Palpatine more powerful than Darth Plagueis?,"Depends on the time. By the time Palpatine overthrew Plagueis? Absolutely not. Sheev was very scared of his master and was probably even terrified as he came to attack his master while he slept. But a few years after? Palpatine definitely surpassed his master. The Emperor was the most powerful Sith of all time in the old Canon, and he’s not far off in the Disney Canon. I highly doubt Palpatine - in his prime - is less powerful than Plagueis in any Canon. It is the nature of the Rule of Two for the apprentice to slice and surpass the master.",https://qph.cf2.quoracdn.net/main-qimg-0a5ab18c66b8964e582f62eb8611127e
Cade Oosthuizen,"What is the meaning of ""BBY"" in the context of measuring time in the Star Wars universe?","Before the Battle of Yavin There is also an ABY (A for “After”) As far as we’ve seen, this is not an in-universe way of measuring time. The people in Star Wars don’t use the BBY/ABY system, but it’s helpful for us (and even more the Goerge and other creators since it’s based around the time on the first movie)",https://qph.cf2.quoracdn.net/main-qimg-dc7f1186c318241745772866eacf0d05
Cade Oosthuizen,Who is the main protagonist of the Star Wars saga?,"The entire thing? I would say it’s split. Because Anakin’s story is a tragedy and by no means a classical hero’s tale, but still the most important, I give him the “main” and Luke the “protagonist” Turning good at the end doesn’t quite make Vader a protagonist; lots of movies end with the main antagonist turning good. Luke Skywalker was a classic and amazing protagonist/hero, while Anakin fell and became the main antagonist. But ultimately, Anakin’s choice to redeem himself was the pivot of the galaxy’s fate. The most important moment in Star Wars, and being honest, we all know Anakin’s life is the focus of Star Wars. Rey was the ending protagonist, not the main in my eyes. But Luke was the hero for the time around the turn. And arguably the main hero overall.",https://qph.cf2.quoracdn.net/main-qimg-5fb5b32aca4a9cbf72d92a6e7142a70f
Cade Oosthuizen,"Which Jedi saw clones as numbers and numbers only? I know Pong Krell had a big problem with Clones, but there must be others that didn't saw Clones as people.","Absolutely. In fact, most Jedi saw the clones as numbers, or sub-sentient. We don’t really get to see “average Jedi” though. So, it’s hard to tell. We see people like Anakin, Yoda (see s1 ep1), Ahsoka, Obi-Wan etc. But the normal Jedi did not care much for their clones. Most people in general certainly did not, as we can see in the Bad Batch. Pong Krell was actually quite esteemed for his victories, even though people knew he had extremely high casualty numbers. At least the Jedi who did respect their clones respected them a lot. In my opinion, Plo Koon loved his clones enough for 50 generals. The Wolf Pack’s (104th battalion’s) gunships had “Plo’s bros” written on them, which I think is really cool.",https://qph.cf2.quoracdn.net/main-qimg-c5a22303a898e5d092a8381900821edb
Cade Oosthuizen,"Why is it said that Darth Vader/Anakin Skywalker brought balance to the Force in RotJ if he killed the last Sith, and for there to be balance there should be both Light and Dark/Jedi and Sith (theoretically)?","It would sound like it! But you have to know what it means to be a Sith, and what it means to be a Jedi. The Jedi are agents of balance. They fight to have the Force in its natural state (good Jedi do, at least) But Sith only serve themselves. They are the unbalance. Sith want all the power to themselves and twist the Force. Otherwise, if we look at another part of the Canon where the Sides must mix for there to be balance - because there most certainly is that part - then the Jedi and Sith are irrelevant. The fighting is the balance, the waves must come and go. Even though it is redundant in a few cases.",https://qph.cf2.quoracdn.net/main-qimg-ed4b3e06136d90716100b98e1aadfe9f
Cade Oosthuizen,Which Star Wars faction is your favorite and why?,"The Galactic Republic of course! Its grand army (the clone army) is one of the coolest in all of fiction! They are part of one of the best plots in Star Wars in my opinion. Plus, they are powerful, advanced, they have heart, and they look really cool.",https://qph.cf2.quoracdn.net/main-qimg-e9f2e1fc6a72a54978125954cee9264e
Cade Oosthuizen,How much damage could the Rebel Alliance do if it managed to get the remaining CIS subjugator class starships (assuming they were still around)?,"They would absolutely help. But less than it seems. The Rebels had one main problem throughout the Age of Rebellion. Lack of members… is how I’ll put it. The Rebels needed hit-and-run tactics, and it worked out pretty well. Fortunately. But they did not really have much choice. This thing would not really work with hit-and-run at all. The Empire had more than enough power to take out a force of ships like that. It’s like the Empire’s an angry human and the Rebels are a bunch of mosquitos. They’re far harder to hit than a pecking bird. Even though a bird’s bigger and can do more damage, it does not compare to a punch or mega-slap from a human. The bird would probably just end up getting hit. While the mosquitos could most likely cause some real misery and live to haunt another day. The inevitable event of losing those ships would cost the Rebels men they could not afford. And what the Rebels had ended up being just enough.",https://qph.cf2.quoracdn.net/main-qimg-38217af93f52f4f99aacaf1c88a8d10b
Cade Oosthuizen,What is beskar and why do Mandalorians need it to make their armor?,"Beskar is the metal of Mandalore! It is only found on the planet of the Mandalorians (naturally) And it is very important to them. The mineral is a very big part of their culture and the Mandalorian people believe all Beskar belongs to them. And the most iconic part of their culture relates to their Beskar armor. No Mandalorian armor is truly Mandalorian or traditional if it lacks any beskar. But it can be an alloy. Beskar is the strongest of all Star Wars metals, but it’s also incredibly rare. I’d say there isn’t enough to go around for every Mandalorian to actually have pure Beskar armor. So, most sets just have a little bit of Beskar for their culture.",https://qph.cf2.quoracdn.net/main-qimg-c7f732b205606bdf55a4465f23bc9910
Cade Oosthuizen,"In your opinion, what makes the original Star Wars movies better than the sequels, prequels, and spin-offs?","I have two answers for you. #1: Nothing. In my opinion, there are Star Wars spinoffs and movies better than the OT movies. Even though I love them. But here’s what I think the OT does better and why one might prefer the OT to anything else Star Wars has to offer: #2 The Hero’s Journey. For one. No other piece of Star Wars focusses on one young man who has confliction, reaches the point of no return, faces trials, overcomes the climax and makes it back to celebrate. Well, no piece does it as good a way. Star Wars was a perfect example of the classic storyline/plot we all love. And then in the Empire Strikes Back we get incredible scenes, directing and emotion. As well as a little spice where we see the good guys don’t always win. Which is good, it adds layers to the intensity of the battle between good and evil. And finally, we have an amazing climax with a focus on redemption. One of the best things out there. These are arguably the most “classic” and influential movies of all time.",https://qph.cf2.quoracdn.net/main-qimg-2c75dfb0049d54b2b137b3fd6e15ad0a
Cade Oosthuizen,Is it possible to draw power from the light and dark side of the Force simultaneously?,"It sure does sound like it. The Bendu and “Father” mention balance in the Force, and they speak of using both Sides. But I doubt even they would say it’s possible. Because in every Canon, every piece of Force lore I’ve seen, the Sides are always opposite. So, while you can argue they are meant to be used in harmony, and both equally, saying it’s possible to use both at the exact same time is a tough sell. The Dark Side primarily runs on uncontrolled emotion: passion. The Light Side primarily runs on Focus and controlled emotion. It would be paradoxical to use both at once.",https://qph.cf2.quoracdn.net/main-qimg-37b0d35125f53365369f61a357b4b780
Cade Oosthuizen,"Who is your favourite villain of the prequel trilogy? Personally, I loved General Grevious the most.","They were all absolute fire in my eyes. In fact, it took me minutes to come up with a ranking! But I’ve decided with this: From the prequels alone, using nothing but the movies: I have to hop on the Grievous bus with you. It is so extremely close, but Dooku needs a bit more depth for me to love him. I needed to go a bit deeper. But with General Grievous the short? Not at all. He was instantly a hit. The absolute beast has on of the coolest designs in all of Star Wars, he has FOUR LIGHTSABERS! (I sound like a casual, but it’s hard to get over how cool they are) And he’s just so unique. The Jedi-hunter who was “fixed” to be a mechanical monster. He is the essence of cool villains. And in Legends, there’s great depth too. As for my very close second, it’s Dooku. From AotC alone, we see an absolutely incredible performance from Christopher - as per usual. And he takes out our two favorite Jedi with an elegant, one-handed form. It was simply an amazing reveal of the mysterious aura that surrounded the antagonist throughout AotC. And the last becomes the first counting extra material. Maul was also awesome like Grievous, but in the Phantom Menace alone, we got half a character… Counting Rebels and The Clone Wars, he became my favorite. But still, with stiff competition (he’s not always number one; my list changes)",https://qph.cf2.quoracdn.net/main-qimg-1f329f51ede9eb34c5cee08063706e3d
Cade Oosthuizen,What other species in the Star Wars universe are known to use the dark side of the Force?,"I have 2 for you. First, from the Canon, we have the Dathomirians! The females, specifically, are more likely to be Dark Siders. “Nightsisters” are people of a Force-using faction other than the Sith and Jedi. They use the Dark Side, and are particularly adept at Sith Alchemy And as strange as it sounds, the other species of Dark Side users is Sith. They - members of the species - were called Sith before the Sith we know. The “anti-Jedi”, let’s call them, adopted the name Sith from the species. The Sith race had a genetic inclination towards the Dark Side (and being left-handed) (EU only)",https://qph.cf2.quoracdn.net/main-qimg-33b88f6ed9a7a13a7d37984382c08e9a
Cade Oosthuizen,Which of MCU Iron Man's suits looked the best?,"Personally, I like the one in Civil War: MK 46 Looking good, Tony. I can only describe it as “pure coolness and crisp” I don’t know why “crisp”, it just comes to mind. But it was the most advanced suit that stilled had a classic feel. And that’s the best of both worlds in my mind. I loved the nano-suits, and some days I prefer them, but in terms of looks, I’m pretty consistent on loving Mark 46 the most.",https://qph.cf2.quoracdn.net/main-qimg-8575f8af7622adfb5463c9bb8ed4d484
Cade Oosthuizen,Which model of the Iron Man suit does Tony Stark use in Avengers: Infinity War?,"Mark L (50 in roman numerals) It was a huge step up from the last suit we saw. This one was capable of creating anything Stark could dream up. Well, almost. The nanobots’ functionality only goes so far. While any shape can be created, utilities are limited to: (Ignore the quality) And the durability is incredible: Overall, the suit definitely put Tony is the next league.",https://qph.cf2.quoracdn.net/main-qimg-9f4a327eb418493f4be8dc958969786f
Cade Oosthuizen,What was Thanos' ultimate goal in the movies and comics?,"They are two different goals. In the comics, Thanos just wants to obliterate everyone because of his creepy crush of the female embodiment of death (“lady death”, not Hela) In the MCU, he was deeply hurt by seeing struggling people. The MCU Thanos was a genius, a visionary and a man with a strong will. After predicting the fall of his people and seeing them ignore him and face the consequences that could have been avoided, Thanos thought it was in his hands to save the universe. MCU Thanos though he would have to save everyone and be fought every step of the way because the necessary solution was not pleasant. While he’s certainly no real hero, I think he’s an amazing villain with a compelling motive, unlike his comic-book counterpart.",https://qph.cf2.quoracdn.net/main-qimg-8aa35c5dbf1f27ea5dca35fd7a12e11f-lq
Cade Oosthuizen,"Is it possible for Dr. Strange to defeat every villain in the Marvel Cinematic Universe, including Darkseid and Galactus, on his own?","Only if he’s powered by the green sun of Krypton. Dr. Strange is obviously tied for first place. He only stalemated Dormammu because he felt like dying a few times. If Strange didn’t, he would have destroyed the Dark Dimension. But Darkseid and Galactus are tied with the sorcerer for the first-place trophy. So, he’ll need an amp, and there’s only one amp for the job:",https://qph.cf2.quoracdn.net/main-qimg-4faa4376a375053b1b5dbc3601b8d45b
Cade Oosthuizen,Why does Spider-Man: Far From Home keep talking about replacing Iron Man when none of the other movies in the MCU had the public talk about Iron Man in such high esteem?,"Well, it makes sense they would talk about a hero in higher esteem once he’s dead. But it’s really not like Tony wasn’t popular before. By the time of Homecoming, Iron Man was already a very popular and well-loved hero. Of course, since he had not yet proved he was a hero (by giving his life to save everyone else) he was still a controversial figure, but all the Avengers were. Honestly, despite his history, Tony was one of the less controversial figures on the team. Sadly, I say it’s because he was wrong. The right thing is not always the popular thing:",https://qph.cf2.quoracdn.net/main-qimg-a02667620ecd26fb81f501c288b554e6
Cade Oosthuizen,How did Thanos determine that he had won during the fight on Titan?,"What fight do you think he was aiming to win? Thanos didn’t want to kill anyone that he didn’t need to. (In his mind, killing half the population is okay as long as it is random) He didn’t come to fight; he came for the Time Stone. Once he had it, he achieved all he wanted to on Titan. So, Thanos did, in fact, leave with a small victory. After he went to Earth and collected the Mind Stone, his victory was complete.",https://qph.cf2.quoracdn.net/main-qimg-5b4fb2c8699285ef548e7a49d667411b
Cade Oosthuizen,"Are you excited for Star Wars: Outlaws, a game that isn’t about Jedi, Sith or any of that?","Not particularly. But that is because I don’t generally like RPGs like that. Even Jedi Survivor doesn’t appeal that much to me. And it looks like a good game. As for Outlaws, all that can be said is that there is potential. The main is a blank canvas, she can be as amazing or terrible as the devs wish. A commando droid sidekick has to be cool… right? Personally, I think no Jedi will not hurt at all. In fact, it could appeal more! People who aren't Star Wars fans could see it (not obviously Star Wars and all) and get into Star Wars through it. That’s my optimistic view. But from what I’ve seen, the fans in general are not excited. Will it do well? I think it will do okay, maybe a bit less. In the end, no one knows yet.",https://qph.cf2.quoracdn.net/main-qimg-cbbbc884a4beaef2b053b7d44762bc04
Cade Oosthuizen,"Do Sith ever use the term ""May the force be with you""?","Never ever! Well, maybe if they’re being fake. But the Sith don’t believe in being with the Force, they believe in bending the Force to one’s own will. You know what? Sith probably wouldn’t be wishing anyone well at all. I don’t think there is a counterpart.",https://qph.cf2.quoracdn.net/main-qimg-796cb146a93a3cf1f35d21bbb7b35b2a
Cade Oosthuizen,What does Kessel run in 12 parsecs mean?,"It means great navigation and possibly timing. While a parsec certainly sounds like it measures time, it’s actually a measure of distance! And the Run is a 20-parsec course, so what he did is very impressive. But better yet, it shows that Han takes risks and plays by his own rules.",https://qph.cf2.quoracdn.net/main-qimg-285b8d440a3a5f5a1e7cbac3304db30a
Cade Oosthuizen,Why do Mandalorians use jetpacks?,"To counter the mobility of Jedi. Fly Obi-Wan, fly! The Mandalorian kit is built around taking down Jedi. They jump high? Let’s fly! They block blaster bolts too good? FIRE! Force pull? rope Grapple! You get the point. The Mandalorians mix copying and countering to become the perfect Jedi hunters. Honestly, they do really well. Taking down a Force sensitive as a non-Force sensitive is really impressive. And the Mandalorians do it quite often, so I’d say they did a pretty good job at this whole “gear-selecting” thing.",https://qph.cf2.quoracdn.net/main-qimg-8a2b76f616e79f6e3bca6a38c0f821c0
Cade Oosthuizen,Is Grand Admiral Thrawn higher than Tarkin?,"He should be, he really should be. Simply being in the Empire gives Thrawn bragging rights. You know why? The Empire was very xenophobic. Only humans! But Thrawn was the best of the best. Really, if he was leading any offensive or defensive situation the Empire has been in, the Rebels would have been toast for that said round. His military genius is beyond Tarkin’s and the Emperor’s combined - by a lot too. Other than plain stupidity, there was one reason Tarkin was higher up: he was really good at governmental issues. Tarkin knew how to control and organize the ridiculous number of people under the Galactic Empire. He paid attention to the Outer Rim and enforced law very well throughout the entire galaxy. However, he forgot that there are always people willing to fight for freedom, and that they never give up.",https://qph.cf2.quoracdn.net/main-qimg-2d1990166d9ba5c1a9c3afd2f79b7c0f
Cade Oosthuizen,"Who would win, Obi-Wan or Jango Fett?","Jango himself would say Kenobi! Why do you think he was running? Fett was scared the moment he saw Kenobi. I think by the time of AotC, the gap between them wasn’t too substantial; Fett put up an excellent fight, but I don’t think Jango expected to win. As deadly as the bounty hunter was, Kenobi was better. His defense was too great for Fett’s blaster (even with a little help from Boba too) Obi-Wan has this in the bag.",https://qph.cf2.quoracdn.net/main-qimg-c3bf70374d813326ae3f1d673057cf09
Cade Oosthuizen,"During the Duel of the Fates, what could Obi-Wan Kenobi have done differently to save Qui-Gon Jinn?","Calm himself. Like how Qui-Gon did. Jinn meditated through the chaos and revitalized himself through the Force. If Obi-Wan did too, he could have used Force Speed (as seen earlier in the film) And then with an energized Qui-Gon and Kenobi, Maul very well could have fell without taking a Jedi with him. But Obi-Wan couldn’t concentrate, he was distracted and stressed. It would not be in vain though! In the very moment Qui-Gon fell, Obi-Wan decided he would be more focused and calmer for the rest of his life. That he would be more like his master, and that patience was the way to go. We actually can see his style change; in the end of the duel, he is far more reactive and precise, and less aggressive. Honestly, I do not think Obi-Wan tapped into the Dark Side there. Obi-Wan seemed surprisingly composed to me.",https://qph.cf2.quoracdn.net/main-qimg-d4ce3fd02fd7752214f79014adb823de
Cade Oosthuizen,"Who would win, Maul vs Grand Inquisitor?","Maul, low difficulty. The Grand Inquisitor is deadly, but Maul is in the next league. Maybe more like the one after that. The former Darth could hold his own against 3 inquisitors and I very much think he could have beat them all The best of them should not be a challenge. He could also match Ahsoka and Obi-Wan (both on multiple occasions) Let’s not forget both Kenobi and Tano could challenge Vader. And I don’t need to explain how superior Vader is to the Inquisitors, right?",https://qph.cf2.quoracdn.net/main-qimg-3e452243acc2c888088800df27cfd7f9
Cade Oosthuizen,"Who would win, Plo Koon vs Kanan Jarrus?","Plo Koon, all while keeping his tea in the cup. I really think Jarrus is underrated, but it’s fair when he loses in these matchups. Plo Koon is one of those legendary Jedi. While handicapped by a broken arm - as a practitioner of Form V - he could beat Ventress. And even Yoda in a practice duel (both from Legends though) But even in the Canon, Plo had enough to put him above Kanan. He could effortlessly blitz Sing (someone who could match S2 Ahsoka) Sadly, we don’t have a lot of Plo Koon screentime, but there are also some statements.",https://qph.cf2.quoracdn.net/main-qimg-33b3b30de6b791ae0c49765bfe5a6790
Cade Oosthuizen,How did Snips become so powerful that she could beat Darth Maul in a duel (Ahsoka vs. Maul)?,"She had a good teacher. The perfect teacher for her, really. She helped Anakin grow in pretty much the best way. Tano was just like him, but younger and less experienced, so when he saw something in her that needed correction, it’s likely he found something in himself too, and then they both grow. Plus, Anakin was a freaking beast. He was a master duelist (easily top five Jedi) and very powerful in the Force. And because Anakin stayed close with Kenobi, she would still have his wisdom every now and then. So, when the apprentice of Anakin Skywalker came to fight in the prime of her life, it makes sense that she’d perform so well. (For hypotheticals, I’d bet on Maul, but I do think his defeat was very reasonable)",https://qph.cf2.quoracdn.net/main-qimg-e381ca485d276dc250b0321b83fb127c
Cade Oosthuizen,What Star Wars shows do you expect 'The Acolyte' to be better than?,"Maybe none. It could very well be the worst SW show Disney made by its release. My reasons for thinking so are: 1 It looks exactly like the sequels In a few ways. A new time-period for the Canon, new characters and yet another “first time a female takes charge in Star Wars” 2 Lore Creators have already shared some of the retcons. The most despicable (in my mind) is that the new Canon Force works like this: “The Force will only protect you if you are balanced” Which - in the context - means using both Sides of the Force equally. And that’s stupid and paradoxical in every interpretation of the Force as far as I’m aware.",https://qph.cf2.quoracdn.net/main-qimg-2f0e46d86d76ad386466b472892af079
Cade Oosthuizen,Can Yoda's tutaminis power be used to absorb force lightning from Siths? What is the exact definition of this power?,"That’s like its main thing! Yoda’s only used it for absorbing and redirecting Force Lightning, in the Canon. But it can do more. The definition is as follows: A Force power that grants its user the ability to absorb, dissipate or redirect energy. So, it can do things like this - if the user is a master at the ability: Shan blocking a lightsaber thrust with her hands through Tutaminis And it can also block blaster bolts! Most forms of energy really.",https://qph.cf2.quoracdn.net/main-qimg-7ec3ce66f6519afddd12f138f4a988dc-pjlq
Cade Oosthuizen,What exactly is that blue and white headdress on Ahsoka Tano?,"It is part of her. The actual headdress is a small “crown” that hides the fade from face to montrals. Montrals are the peaks on top, the three, less-stiff pieces that fall are Lekku. And both can be found on other species (Twi’Leks have Lekku and Kessurians have Montrals) Lekku are more like hairs, but Montrals are sensory organs too. Back to the actual headpiece though: As far as I’m aware, it has no name. But it’s a traditional piece of clothing almost every Togruta can be seen wearing. Ahsoka has one on for all of her screentime with the exception of one scene from her Disney+ series and a few scenes from Tales of the Jedi, where she is a baby.",https://qph.cf2.quoracdn.net/main-qimg-11d800e03882cd22829c76ec059b47b3
Cade Oosthuizen,"What is your overall opinion of Ray Park's portrayal of Maul in ""Solo: A Star Wars Story""?","The performance was mind-blowing. How he stood up during those 3 seconds was breathtaking. Peak acting. If I was playing that role, there would be no chance of me acting nearly as well. It made me laugh and cry, very emotional. And how could you forget Sam Writer was voice acting! That was also peak Maul right there. One line that’s so forgettable I must assume it was too legendary to remember. Definitely Maul’s best Canon appearance.",https://qph.cf2.quoracdn.net/main-qimg-87cd97031e6ddaf12e334d1eead91503
Cade Oosthuizen,"Is Yoda truly the best Jedi ever? If not, who is better than him (Canon only)?","He could be. It depends on the criteria. He was the best duelist and most powerful, but there are 4 strong contenders: 1: Qui-Gon Jinn He is what all the Jedi should have always been. The Force as his guide, his only guide. If he had to break rules to do what he sensed right, he’d do it in a heartbeat. Not because he was rebellious, but because he was so loyal to what all the Jedi should have been loyal too. The Jedi lost their way, they made many rules when they just needed a judge and some guidelines. But the worst part was that everything became about their way, not the Will of the Force. It became about text for them, they forgot why they had rules and where they came form. 2&3: Obi-Wan Kenobi and Plo Koon Both very close. They were perfect Jedi outside of what was mentioned earlier. Loyalty to the Republic and the Order is what put them below Qui-Gon. If they were a little more tuned into the Force and put it above the Order, they would be the two best Jedi. They are so deeply compassionate for everyone, so level-headed, calm and wise. Not to mention powerful and skilled! Both Jedi Masters developed past most of -if not all- their personal flaws and honed their strengths. They were ideal mentors and guides. (If only Obi-Wan had more time with Qui-Gon before training Anakin) 4: Luke Skywalker He is the hero that sparked the flame of the galaxy’s redemption. By Return of the Jedi, he wasn’t the perfect duelist, nor most powerful Jedi ever. But he had the heart to become such. He wanted to do what he was destined to, and through it was hard, he managed. To put it simply, he had guts. In the way I interpreted RotJ’s ending, you’re meant to think Luke goes on to be the G.O.A.T.",https://qph.cf2.quoracdn.net/main-qimg-ff5f968178ddc63a90c5d49503a37f10
Cade Oosthuizen,Was Yoda present at Sifo-Dyas' funeral in Star Wars: The Clone Wars (TV series)?,"In The Clone Wars, there was no funeral. Sifo-Dyas died… mysteriously. During the Clone Wars, Plo Koon found the dead Jedi’s lightsaber. And then other Jedi masters worked to find out more. In conclusion, they found Count Dooku was the killer and that he really did not want anyone tracing it back to him.",https://qph.cf2.quoracdn.net/main-qimg-4edd97e93bbbe30b1ea9aeff9ed5b448
Cade Oosthuizen,What is your opinion of Padmé Amidala?,"Honestly, “mid”. She’s a good person, strong character. But that’s it. Maybe it’s a lack of depth or development (which is acceptable in many cases when storytelling) but I just don’t find her super interesting or relatable. But she plays a huge role, and she’s a really well-rounded character. It’s quite possible George never meant for her to have depth.",https://qph.cf2.quoracdn.net/main-qimg-eeb9980634eb54f0c714f40397ca080b
Cade Oosthuizen,What is the saddest clone death in the Clone Wars?,"The death of ARC Trooper Fives. First, they get us attached to him by showing us how cool he is (should have known better, attachments are forbidden) And that goes on for a while. We keep seeing him overcome impossible odds, see him be vulnerable, we see his heart. And then, Tup’s chip malfunctions. Fives needs answers. After incredible operations, he manages to uncover Palpatine’s plot! The tension and stakes are so extreme and felt all the way through. If he can share this, the Jedi are saved, Anakin is saved, everyone is rescued from the Emperor! But no one believes him. And he’s drugged to look mad and eventually killed. Palpatine got his greasy little fingers into Anakin’s life too much for Skywalker to believe innocent old Sheev could do anything wrong. Fives was directly attacked by Palpatine, but no one believed him. He died utterly alone, and with him died the Jedi’s only hope.",https://qph.cf2.quoracdn.net/main-qimg-473a7619b67362b2e498d5ca0f092135
Cade Oosthuizen,"What are some ways that Star Wars lore has changed throughout the years? (Retcons, additions, etc.)?","So much has been retconned. 1 Lightsaber Lore Lightsaber color used to be very important.’ If it was green, it showed the user was a consular, if it was blue, it would show the user was a guardian. They showed what roles were played and what was in the hear of the wielder. At one point color was dependent on what angle the Kyber's at! Tilting it would change its “frequency” and color. 2 Palpatine’s Death He canonically died, then it was retconned in Legends, then Legends was retconned, then he was brought back in almost the exact same way in the new Canon. Why can’t the moment of the prophecy have an impact? 3 Vader’s the G.O.A.T.? In the G-Canon, Vader was 80% of what Palpatine was. And Palpatine was the strongest Sith. But in the New Canon, Vader is the most powerful to ever have lived, he just had Stockholm syndrome. … Yeah… 4 Shaak, you good? Shaak Ti died about 4 times. So there. That’s all for now, but I hope you enjoyed!",https://qph.cf2.quoracdn.net/main-qimg-67462bd53ae8f5f9652e52d3174b7dd1
Cade Oosthuizen,Which other Marvel superheroes that don't have a movie or series would you like to get one?,"Superheroes? Hmm, I would have to go with: Nova Just becuase he’s cool. The MCU is doing a lot of things in space as it is anyway, so I think they have interesting options with Nova. Last of Xandar Can you see it? And… uhhhh. The Sentry I’m sure he’d be nerfed righ- I mean I’m sure he’ll fit right in.",https://qph.cf2.quoracdn.net/main-qimg-1c25db73a4afd8081aaa5ce8965d1b42
Cade Oosthuizen,What is an important detail from an MCU movie that most people miss?,"I don’t catch a lot of visual details from the MCU, but I’ve learned of a few: 1 this isn’t actually a detail, it’s my theory on why Thor didn’t go for the head. Personally, I don’t think someone thousands of years old would miss a finishing shot or not think of doing so. I think Thor was aware going for the head could save everyone, but he purposefully aimed for the chest. Because it would hurt Thanos. Like how Star-Lord wanted to hurt Thanos for taking Gamora, Thor wanted to hurt Thanos for taking the last person alive he truly loved - Loki Even when Thor reached Thanos, he could have taken the axe and swinged it, but he chose not to. 2 Ross gives Wanda the Accords This is to make her feel more guilty than she already does. Rhodey was the one best suited to read them and they get passed to him almost immediately. 3 Zemo was part of EKO Scorpion A secret squad that committed war crimes. I guess this was to show his moral compass has long since been deactivated.",https://qph.cf2.quoracdn.net/main-qimg-2dc56e877c1729c3c48579450e2c90d7
Cade Oosthuizen,Why would force lightning not badly burn Luke? It seemed underpowered in the originals. Possibly the line ‘unlimited power’ stuck with me. For Palpatine to ditch his lightsaber I would have thought his replacement would be at least as deadly?,"Force Lightning isn’t meant to kill, it’s meant to hurt. On the level Sidious operated on, it could kill, but in a less efficient way. Now, you may think “but that’s despicable!” And you would be right, it is despicable; welcome to the Dark Side. For Palpatine to ditch his lightsaber I would have thought his replacement would be at least as deadly? The main answer here is that his replacement was not just Force Lightning, it was the Dark Side in him. Force Lightning is just so representative of the Sith philosophy that it’s a big favorite for ‘ol Palpy. Even during the Prequels, Sheev did not really want to fight with lightsabers, he though the Dark Side should be the only weapon the Sith need, but it was handy to have a lightsaber and it mocked the Jedi. But during the reign of the Empire, Palpatine was so secured by his underlings -especially Vader and the red guards- that he could confidently discard his sabers. Nothing could hurt him! …",https://qph.cf2.quoracdn.net/main-qimg-84c0ec63c8c48d056bf2e456a3326171
Cade Oosthuizen,Why didn't any of the 6 Star Wars movies made by George Lucas include montages of prior events or brief flashbacks at key moments of the plot?,"There were never “prior events”. Not far prior, at least. George Lucas didn’t make the episodes in order. He released episodes 4, 5 and 6 before 1, 2 and 3. And while making episodes 1, 2 and 3, he had not even really planned a before. Not enough to make a story of it yet.",https://qph.cf2.quoracdn.net/main-qimg-1f7e2704789827ad0aae170f65cad28d
Cade Oosthuizen,"If Dooku (ROTS) fought Maul (Rebels), who would win, and why?","This is a very good match up. And it’s very close, but only one can be the winner. In my opinion, Maul wins. I actually had a debate on it, and The God Butcher managed to change my mind: The God Butcher's 1st, My 1st The God Butcher's 2nd, My 2nd The God Butcher's 3rd, My 3rd I believe Dooku is, overall, still Maul’s superior, but if Maul really is not as formidable as Dooku, Maul’s advantageous form would negate the Count’s advantage. But only if Rebels Maul is prime Maul. Which is very debatable. Personally, I could see this being true. Maul showed great feats during Rebels while limited by very little screen time. But Maul would absolutely need to be at least near his peak to overcome RotS Dooku.",https://qph.cf2.quoracdn.net/main-qimg-7c04b3f194632e74aa1d918768eba162-lq
Cade Oosthuizen,What level of power would be necessary for someone to resist being conquered by an empire like the Galactic Empire in Star Wars?,"The power of will. Resisting is as simple as refusing to cooperate. And then there’s the next step of taking a stand against the oppression. Which is a step every last one of the Rebels has taken. Additionally, the power of brains and knowledge could make you invisible. If you were someone like Plo Koon, you could probably go undetected on Coruscant!",https://qph.cf2.quoracdn.net/main-qimg-19d6b3ab6b1cf47cfdce56974ed1ca11
Cade Oosthuizen,"In addition to Count Dooku, what other Jedi and Sith used the Form 2 style in lightsaber combat?","Not many duelists focus on Makashi. For Jedi, it’s because the Sith were “extinct” and there was no need to focus on lightsaber-to-lightsaber combat. And Sith aren’t normally intricate in their fighting… When they are, it’s normally not to the extent that they main Form II. But they are some good ones: Ventress The most obvious pick, in my mind. Ventress was trained by Count Dooku and he taught her the style of Makashi. She even had what I would call a unique version of Makashi tailor-made for her duel-wielding. The Grand Inquisitor He’s definitely underrated. It’s fair to say he’s not match for the likes of Vader, but we’re talking about Vader! The best of the best, obviously he won’t compare. But on the main point: he’s a pick that won’t show up often because most people don’t know he uses Form II But when he can often be found using only one blade and elegant strikes, toying with lesser opponents. After them, no one really focuses on Form II, but many have mastered it! Including these four who have mastered all 7 forms: And Cin Drallig, but he’s almost non-existent in the Canon.",https://qph.cf2.quoracdn.net/main-qimg-ab797755dbcecdbb029b379d74496554
Cade Oosthuizen,Who is the highest ranking clone trooper in the Star Wars universe? Is there anyone ranked higher than Captain Rex?,"Oh yes, there were a lot of clones ranked higher than Rex. There are a few odd “ranks” like commandos, specialists ARC troopers, etcetera, but in general the highest rank was commander. Some famous clone commanders include Cody, Wolffe and Fox (thought infamous may be a better word for the last) Rex was only a captain for most of the time (one rank below commander) And that’s actually because of Ahsoka! There can only be one commander, just as there can only be one general. And since Ahsoka was Anakin’s Padawan and also part of the 501st legion, she took the position of commander, holding Rex back. But he did not seem to mind.",https://qph.cf2.quoracdn.net/main-qimg-62ee014974904bba1544b78691b1c1a8
Cade Oosthuizen,How do blasters work in the Star Wars universe? What makes them powerful weapons?,"In a word? Gas. Blasters charge gas from carriages with enough for hundreds of shots. The color shows the quality. Green is the most powerful, red is strong, but not as good, and blue is great for taking out non-organics/machines, which is why the clones’ blaster bolts are blue.",https://qph.cf2.quoracdn.net/main-qimg-176a4dd87134bc202a050e4967cec403-lq
Cade Oosthuizen,Can the Jedi have red lightsabers?,"Yeah. In the Canon, no Jedi keeps a red lightsaber, but some have used red sabers for a little while. But in Legends, red was actually a natural color. Adi Gallia had a red lightsaber which was not bleed. She only switched because of the Sith reappearing. I guess it was something of a philosophy, because few people really conscious of the Sith would mistake a Council member for a one.",https://qph.cf2.quoracdn.net/main-qimg-d5da35e596d35d3b9573b5f70baf24db
Cade Oosthuizen,"Since Dagobah was a dark side planet, what if Mace Windu, Obi-Wan, or any other Jedi were to be exiled on that planet? Would they eventually become corrupted?","Absolutely not. Not for the Jedi you mentioned; those are three of the most incorruptible Jedi in all of Star Wars. But in most cases, a Dark Side nexus doesn’t actually corrupt Jedi. So, if a Jedi were to fall to the Dark Side there, it wouldn’t be directly caused by the planet’s aura. Yoda knew it was a nexus planet, he actually picked it for that reason. It would hide his incredible presence. He felt safe there, and I think any high-end jedi should be able to also.",https://qph.cf2.quoracdn.net/main-qimg-06ca5dc4c08f90a69e8f3276bf5d5149
Cade Oosthuizen,Why did Captain Rex's phase 1 armor look like phase 2? What kind of armor was it because you don't see it on any other clone?,"It was custom! While phase II armor was made to be better than phase I armor, Rex had some problems with it. He preferred the vision of the old, perhaps because he didn’t mind less peripheral vision. And the material was better in phase I, even though it was less comfortable. Those marks stretching downwards on his helmet are from welding two helmets together.",https://qph.cf2.quoracdn.net/main-qimg-6959f63615f83b69d1c1b1dbc504a4f5
Cade Oosthuizen,Why is MJ back in Spider-Man Far from Home? I thought she moved away in Spider-Man Homecoming.,"The one who moved wasn’t actually MJ That was Liz Allen. She’s also from comics and has been adapted into other shows. But she’s far less popular than MJ Fun fact: she was actually in No Way Home In some way, at least. Seems like she’s lying for fame… Someone is. I doubt we’ll see more of her in the MCU, I guess she was just meant to be a minor loss for Parker.",https://qph.cf2.quoracdn.net/main-qimg-f9138ee2bd2a90fce0b31dd847e81864
Cade Oosthuizen,Why do clone troopers and Mandalorians look similar?,"Nice spotting! They look similar because the Kaminoans took inspiration from Mandalorians. And it’s fitting because, if you’ll remember, Jango Fett was a Mandalorian. He was the person the Grand Army of the Republic was cloned off of. Plus, it’s a cool design and it was right in front of them. So, it makes sense they went with what was there and already confirmed to work. But it’s not the exact same for multiple reasons. 1 Kaminoans don’t have enough beskar for even ten true Mandalorian set of armor. 2 Clones were not meant to fight Jedi, they were meant for droids. And then after a while, we end up with phase II Which was mainly invented to remedy a lack of vision and poor fitting (Kaminoans don’t exactly make armor for humans often)",https://qph.cf2.quoracdn.net/main-qimg-8204e2b4aac20b70c279115b1267f405-lq
Cade Oosthuizen,What makes you follow a Quora writer?,"I asked a few of my homies this question, and I conveniently received a request back! It reminded me it's probably a good idea to share my answer because it's pretty unique. The main reason I follow is for connection. I don't care if you are a total noob at writing, if you're a friendly person or even a not-so-friendly person I respect and or admire from a few answers, I'll follow you. And then you have a while to return my respect and make an effort to connect, in which case you get added to the list of homies, or you share with me that you are not willing to return effort and respect, in which case my follow flees to someone else. If you are trying to connect and I'm not, it's probably because you have beliefs you would soon find problematic to me. You don't have to be Christian, but you have to respect my faith and recognize what's unacceptable to me. But yeah, I just look for homies who range from atheists with 1K+ followers to a brother in faith with 60… and later becomes the best SW writer on the platform.",https://qph.cf2.quoracdn.net/main-qimg-5f22d3239886b6f533488e7d263b7d1e
Cade Oosthuizen,What is the best Star Wars Jedi and the best Sith?,"All things considered, the best Sith just has to be Vader. He’s iconic, intimidating, powerful and undeniably one of the best villains of all time. Many fans will argue he is the greatest. And most Star Wars fans will agree he’s the best, even if he’s not the favorite. But for Jedi? We are totally split. Sticking to the most popular Jedi, I’d have to pick Obi-Wan. He’s an ideal Jedi; he lost just as much as Anakin, but never fell. Kenobi stayed strong through the ages and always helped anyone in need if he could. And he was a powerful, wise and skilled master on the Council; what more could you want? But that’s my opinion, Anakin, Luke Yoda Qui-Gon and Plo Koon (underrated ones in bold) are all great picks too. And there are even more than that! Ahsoka’s one example. So, tell me what you think down below and don’t forget to drop a follow and have a great day!",https://qph.cf2.quoracdn.net/main-qimg-eaa710b8a089a47bea095bb5f9b98f99
