Name,Question,Answer,Image
Corrin Lakeland,Should I start a relationship in high school or in college if I plan to marry?,"I think the more experience you have with romance, the better partner you'll be. As an analogy: I'm planning to have a dream job one day; should I get some work experience first, or should I save myself so I can share those first-time mistakes at my dream job? The more times you try to be a good friend, the better friend you'll be. The more times you try to be a good lover, the better lover you'll be. Let's say you screw up the relationship, inadvertently saying something deeply hurtful, do you really want that poisoning the marriage you hope to last the rest of your life? What kind of person would want a less experienced partner? Would you really want to be with someone that values inexperience?",
Corrin Lakeland,"Now that Biden is out, will you support Kamala Harris?","You can tell how must people will vote without needing to know the candidate. Democrats will vote for their nominee, while Republicans will vote for theirs. We already had that election: Biden vs Trump. Biden won but it was a close thing. I remember reading a comment by a Democrat that if they put up a dead fish against Trump then they would vote for the fish. The question you want to model isn’t who will vote for Harris, its: Of the people that voted for Biden last time, which of them will not bother voting (or switch to Trump) now Harris is the nominee. Basically you can ignore everything except swing voters. Not so much voting Democrat some elections and Republican in others - I think the parties have diverged too much for that. But instead people that care enough to make the effort and vote in some elections, and don’t in others. Will Harris in 2024 do a better job of mobilising occasional voters than Biden did in 2020, or worse? One thing in Harris’ favour is that Trump is seen as old by comparison, also the occasional voters are less tolerant of his illegal activities compared to the party faithful. One thing she has going against her is she’s a woman and sexism is on the rise. I personally think it’s too early to guess. Trump is a maverick, and we have literally months to see whether he appeals to the occasional voters or whether he derails his own chances. Just as Biden was a bit of a nothing candidate who neither appealed or annoyed, I haven’t seen people getting particularly excited or annoyed by Harris. 2020 is also different to 2024: we’ve had Covid, the war in Ukraine, the recession and a felony conviction. I don’t know what the net impact of all that is.",
Corrin Lakeland,"So many innocent Palestinians are dying in Gaza. Why is the international community not putting more pressure against Israel for not wanting a 2 state solution, and accept a permanent ceasefire in Gaza?","“Why is the international community not putting more pressure against Israel” My experience is the international community does not put significant pressure on any state, ever. Further, the international community almost never criticises a stronger country. I’m hoping this will slowly change. I’m hoping that Russian invasion of Ukraine will teach the world that sitting on their hands is dumb, and we need the united nations to have teeth. I’m not holding my breath. Take Gaza for example - you call for a permanent ceasefire, but what does that even mean? As soon as one side attacks the other, we no longer have a permanent ceasefire. Let’s say the international community demands Israel pulls back so forcefully that Israel listens. Fine, now what? You can all but guarantee that the Palestinians who survived will hate Israel for the rest of their lives, and many will turn to terrorism.",
Corrin Lakeland,Is Israel commiting genocide in Gaza?,"Let’s start with something that I’d hope would be obvious. It’s obvious that Hamas is a criminal organisation, or phrased differently, it’s obvious that the leadership in Gaza strip are a bunch of terrorists. People that have dedicated their lives to destroying Israel, regardless of the cost. “Is Israel committing genocide in Gaza?” Well, let’s see. Is Israel bombing hospitals, schools, shooting children as they run screaming? Shooting missiles into ambulances? Killing civilians by the thousands both directly and indirectly as they’re deprived the literal necessities of life? We’ve all seen footage proving that Israel is doing all those things. So yes absolutely, Israel is committing genocide. Or the IDF is anyway. I’m not sure how much say the average Israeli has in their military’s actions.",
Corrin Lakeland,"Some Quora users claim that all finite state games, like tic-tac-toe, chess or Go, if played optimally by both players, would end in draw. Is that so? In particular, what's known about chess and Go?","I play Go using New Zealand rules, where the komi is 7.0. That means it’s entirely possible to get a draw - you simply need a score of 177 to 184 on the board. Now that might only happen 2% of the time with human-level opponents but you’re talking about optimal play. Given the top AIs think 7.0 is about right, I’d frankly be surprised by anything other than a draw under perfect play. New Zealand is unique in having a whole number of points for komi, with 6.5 and 7.5 both popular in other countries. It is technically possible to share an single common liberty in a seki and so create a draw, but I’ve only seen it once and that was on 9x9. Another possibility is that one player, seeing the situation is hopeless, could create a triple ko and invalidate the game. That wouldn’t work in NZ which uses the superko rule, but we’ve already eliminated NZ rules. My guess though is that under perfect play, Go would be a forced win for white assuming over 7 points komi, a draw with 7 points, and a forced win for black if komi is under 7.",
Corrin Lakeland,How do people still not realise what a monumental fraud Elon Musk is? How do you think he is in any way 'alternative?',"I'm old. I remember EVs before Tesla, and space launches before SpaceX. Heck, I remember international payments before PayPal. I don't like Elon. But fraud is the wrong term.",
Corrin Lakeland,How green is an EV?,"It’s a car. Even if it’s the most environmentally car ever developed, that’s like saying you have the cleanest-burning bonfire; it’s still burning wood and producing smoke. You’ll find oil companies do creative accounting to make claim an EV is worse for an environment than an ICE car. The lesson I take from this is that it’s an awful lot harder to get suckered by nonsense claims than I’d like it to be. Just like some proofs that 1+1=3… they require many hours of careful hours to unpick. If I had to guess, I’d say an EV is about as green as a large ICE motorbike, something like this",https://qph.cf2.quoracdn.net/main-qimg-2c3e6c44b3126896eb7190442724a5f6
Corrin Lakeland,"Why do so many people fear EV's as ""the government being able to remotely shutdown your car?""? I just bought a new gasoline powered truck at Chevy and they gave me an app that can turn it off and on remotely. Can't the government get into that too?","It applies to any vehicle with an internet connection. ICE vs EV is irrelevant, it’s more a ‘modern’ vs ‘old tech’. The thing people are worried about is not so much the government accessing your vehicle specifically but your vehicle being collateral damage in a government-level shoving match. Let’s say America does something to really annoy China, to the point that the Chinese government chooses to show America just what they’re getting into. China responds by remotely shutting down every car they can. It seems very unlikely to me, the kind of thing that people with too much time come up with. China needs sales of its products. It’s entire economy and future depends on it. Pulling a stunt like this would destroy them, and … I can’t see China willing to self-destruct just to teach America a lesson, I think they’d take a route that hurt them less. People don’t talk about your Chevy so much in this hypothetical because the software inside it is not owned by the Chinese government. If China shut down every vehicle they could, yours would likely continue unaffected. Just because the argument is weak doesn’t mean you should dismiss it entirely. I think it’s useful to ask yourself ‘what happens if the car company goes bankrupt and taken over by someone without morals’. This is perhaps less applicable to cars, but for example I own a smart gym that will essentially turn into a brick if the company stops paying its AWS bill. Try disconnecting the internet and see what else breaks around your home.",
Corrin Lakeland,Is Hertz's decision to dump EV's including Teslas for conventional ICE ones an indication that EVs are not as good? https://driving.ca/auto-news/industry/hertz-electric-vehicles-gasoline-sale-ev-rental,"No. One of the fascinating things about business, especially bigger business, is that the economic formulas are very different to a private owner. From Hertz’s perspective, Telsa is a maintenance nightmare. Repairs are expensive and slow. They’re also common, because people ‘rent a Tesla’ to try it out, and then screw up on things like regenerative breaking. From an owner’s perspective, Tesla is a maintenance dream. Repairs almost never happen because you learn how the car operates. This isn’t just true with EVs, you see it with almost everything. The economics of buying a new car vs second-hand. The cost of a computer or a phone. Accounting and tax rules complicate business decisions too without affecting home users. You’ll see many businesses choose to lease even though it’s clearly worse value, because the full cost of the lease is a business expense, while the business can only claim the depreciation rate on an asset.",
Corrin Lakeland,How is AI killing software engineers? What can we do to stop it?,"i work across a number of companies in different industries. When one of the companies I work with could benefit from a small software utility, I choose between: writing it myself, doing without, or hiring someone. That dynamic is always shifting, especially based on what other useful things I can do with my time. Recently, I've noticed that whipping up a small program is so much faster than it used to be, that I've started several projects I'd previously ruled uneconomical. I had a job management app developed for me. The app works, but it is so slow to use that the team rejected it. That would previously have meant paying the developers for enhancements, but now I can make those tweaks myself. As for stopping it, I guess you would need to start by explaining why we don't want the world that is being created. From where I stand, it looks pretty good.",
Corrin Lakeland,How fast do programmers really code? Is it as fast as we see in the movies? Is that possible?,"I once wrote over 5,000 lines of code in a single day. It was for a database assignment and the programming language we were using was not very flexible (Pro*C) coupled with the fact I wasn’t a very good programmer. To get the flexibility I needed, I ended up copy/pasting huge chunks of code and writing tweaked versions. It’s horrible and unmaintainable, but I mention it because if you watched me that day then I’d have looked pretty much like those programmers in movies. Churning through page after page of code.",
Corrin Lakeland,"Has anybody on Quora read the entirety of the published volumes of Knuth’s ‘The Art of Computer Programming’ (TACP), which (as of 2024) would include volume 4B? Is reading - or at least attempting to read - TACP a worthwhile pedagogical endeavor?","There’s read, and there’s read. I’ve read TAOCP because it was described as some sort of holy grail. I learned assembly (6502) as a child and had picked up a couple other architectures before starting uni, so MIX was well, just another instruction set. Job done, box ticked. But… well, when I was doing my PhD, I would devour a paper every day just to keep up the breadth of my knowledge. These were typically conference papers of eight pages and it would take me a little under an hour. At the same time I was writing my literature review with a deep dive into a couple areas and for this I would take the same conference papers I was reading daily and truly understand one. Implement it from scratch, reproduce its results, read its references. Think (and experiment) with how it could have been done differently. I’d often contact the authors and bounce ideas off them. The point I’m making is you can read a paper and get something out of it in an hour, or read exactly the same paper for a month. Knuth’s work… it’s dense. It’s easy enough to skim read, but to truly master it… would be a lifetime of work. I also strongly disagree with Knuth on the use of MIX. THere was a study of teaching arithmetic to children after calculators became commonplace. One school of thought was kids should master arithmetic, and then be allowed a calculator. The other is they should be given a calculator from the start, and with encouragement they’d learn what the calculator does. I believe the second school of thought has it right here - you make things easy to get started and enable people to dig deeper. Knuth makes every step a slog, on the logic that if you get through it then you must have mastered the material. Also I came to the books comfortable in assembly. A younger programmer from a different generation… would spend half their time just learning basic coding. They’d be getting nothing in terms of abstract ideas because their brain would be too busy with the mechanics. So no, if you want to deeply master fundamental algorithms, then I wouldn’t go that route. If you want to push yourself out of your comfort zone… and force yourself to do something the hard way, then sure, it’s probably a good choice.",
Corrin Lakeland,"By the time you pay off a mortgage with interest, do you end up paying double what it was worth?","Plan A: you buy a house with a thirty year mortgage and pay it off over many years, eventually paying twice the cash price. Plan B: You rent a home and save as well. You can't save much since almost all your income goes on rent. After perhaps twenty five years you have enough to buy a home with cash. The biggest difference between these plans isn't the saved five years, it's that you spent your entire adult life in a rental. You got married, had kids, and watched them grow up and leave home all in rentals. About the only time this is a meaningful question is if you're retired and working out when to pass on your inheritance. Provided you can trust your grandchildren, passing the money over early and then relying on them to fund your retirement leaves everyone except the bank better off compared to passing any leftover money over after you die.",
Corrin Lakeland,Should I ask my fiancé for a prenup? And how should I go about that? I am a 34 y/o woman with a stable career making 3x his salary. I own my home (purchased w/o his financial help prior to engagement) while he is trying to get out of debt.,Absolutely. I’d start with asking him if he wanted his lawyer to draft it. Everyone has heard horror stories of a rich person springing this on their fiance. There are two issues to be navigated and both are fairly easy:,
Corrin Lakeland,"If Donald Trump did inflate the values of his properties when applying for loans (as Letitia James contends), who was hurt? I would genuinely like to know what specific person or business was harmed by this.","Me. I was hurt. I own shares in the banks he uses. Not a lot, but I have a stupidly diversified portfolio, which means I own a token amount of shares in everything. If you want someone that was hurt more, then look for someone that is less diversified. Coming back to the question. The bank judges risk based on value. A $1m loan on a $5m property is essentially zero risk. It'll sell for over $1m even in a fire sale. But a $10m loan on a $5m property? Those are the kind of deals that cause me to lose sleep. You might not count the quality of my sleep in your hurt. So let me quantify it in dollars. I own some risky investments and some safe ones. The risky ones pay a LOT more. Roughly double. Trump snuck a risky investment into the safe column. That means I'm getting half the interest I should. Add that up across all the investors and you are talking a very large amount of money being illegally stolen.",
Corrin Lakeland,Will a brain-computer interface bring a revolution to mental health?,"I've worked in brain computer interface projects. I don't know how to say just how early we are in the journey. Perhaps… we are so early that I dream of reaching baby steps. Yes, there is potential… but it's like talking to someone in the 1890s and asking whether electricity will help the ordinary home. I can extrapolate and see where this graph is going, but I have no idea how long it will take, or what roadblocks it'll hit along the way.",
Corrin Lakeland,"If only EVs were sold, would existing ICE vehicles eventually not require smog tests sooner than later?","You’d think so, wouldn’t you. However laws tend to cater for the majority, and quirky things are simply disallowed or made extremely inconvenient. In a world with only EVs, the laws would be written on the assumption that the car is an EV. Trying to register an ICE car in such an environment would hit all sorts of snags such as ‘the battery must be …’. You simply would not be able to comply. You’ll find laws often have workarounds, such as ‘this may be waived at the discretion of DMV’. Apart from being horrifically expensive, you’ll be dealing with a person rather than the law and so they’re likely to spot details such as pollution. I suspect the answer would be a blanket no. Much like if alcohol was invented today then it would be considered a Class A drug.",
Corrin Lakeland,My neighbor is pregnant. She believes Wi-Fi has some kind of radiation and will harm the child. So she asked me to turn off my Wi-Fi. How should I respond to her?,"You have to understand that you're not dealing with reality, but with her perception of it. You can see numerous answers here telling you how she's wrong and suggesting how you could explain that to her. I can assure you that none will be successful. I had an almost identical conversation with my neighbour when I was away on holiday. The compromise we came to was that I agreed to hang a signal catcher in the window. It looked ok and having it up kept her happy enough.",https://qph.cf2.quoracdn.net/main-qimg-c52eafdc87bcb09bda8d01f00c5d7fa1
Corrin Lakeland,"Is Trump correct when he claimed ""Biden’s vision of all Electric Vehicles, which require far fewer workers to make each car but, more importantly, are not wanted in large numbers by the consumer, and will ALL be made in China”? Will EVs end America?","“Is Tump correct when he claims…” I don't need to keep reading. Trump is a pathological liar with less grasp of the world than the average kindergartener. We’re talking about the guy who says magnets stop working if you put them in water. I know criticising the messenger is bad from in a debate, but life is too short. If someone with a brain wants to read what Trump wrote and give it a bit of credibility, then I'll take a look.",
Corrin Lakeland,Why is BYD valued so low compared to Tesla in the stock market despite being able to dominate the whole ecosystem in electric vehicles?,"The market cap is investors opinion on how much future profit a company will make. BYD is making spectacular growth and it's easy to imagine a world where it's revenue dominates Tesla. But people buy a BYD because they're good enough and cheap. They can't make a high profit per vehicle or someone else will come along and sell much the same car for less. That means no matter how big BYD gets, it will always just have a modest profit. Tesla is following the same model as Apple. It might fall, but if it succeeds then they're going to make bank. Enough investors think they are going to succeed that they have a high market cap.",
Corrin Lakeland,Why do so many people hate the self checkouts?,"I’m not very good at scanning and stacking groceries. I did a few minimum-wage jobs as a kid, but working in a supermarket wasn’t one of them. So if I’m only buying a dozen things then I’m quite happy using a self checkout. Any more, and I’d rather have my groceries scanned and bagged by someone that actually knows what they’re doing. Recently I’ve observed that the local supermarkets have shifted from a couple self-checkouts to almost exclusively self-checkouts with a couple standard lanes. The consequence is that as I approach checkout my choices are between having to do the whole lot myself, or waiting in a long queue. Neither option appeals.",
Corrin Lakeland,"For EVs to succeed you need charging infrastructure, batteries, and competitive pricing. Are we asking a mission impossible for G7 to overcome?","It will hopefully not surprise you that all of the G7 nations have electricity. There is an issue for people that park in big parking garages, since retrofitting electrical outlets is a pain. Sucks for them, but not really a significant issue.",
Corrin Lakeland,"Given the rapid pace at which AI is advancing, how close are we to reaching the singularity?","I had this conversation at work recently. LLMs are substantially better at generating text than they were just last month… the pace of change is spectacular. While LLMs can only generate text, we already routinely pair them with the ability to execute code. If you ask: what is 123 + 456, then a modern system will calculate it rather than predict the next token. We use LLMs to help with programming all the time. We also spend a lot of time developing enhancements to LLMs. Put those two together and of course we are using LLMs to help us develop better LLMs, including the ability to execute arbitrary code. Can you imagine a scenario where a system drops the human entirely, and shifts to developing itself? It's clearly beyond current tech, but seems technically plausible. How far away are we? I'd guess still quite a way. Maybe ten years? More?",
Corrin Lakeland,Abortion is not healthcare. Can you change my mind?,"You owe me a million dollars, can you change my mind? I'm happy to listen to any argument but if you fail to convince me then I'm taking my money. I don't believe in your financial autonomy.",
Corrin Lakeland,"Why, philosophically or mathematically, if the chance of something occurring in any given year is 1%, is the probability of it occurring within 20 years not 20%?","The chance of it not occuring in one year is 99% The chance of it not occuring in twenty years is 80% The chance of it not occuring in a hundred years is 0% The chance of it not occuring in a thousand years is -900% My favourite thing about proof by contradiction is you don't have to calculate the correct answer, you just have to show the provided answer is wrong and that's far easier. As for why it's wrong…. You'd agree there is some chance of it occuring more than once in twenty years. Some nonzero probability? We know probabilities sum to 100% so that small chance must come from the 20% and/or the 80%. Once you accept those cannot be twenty and eighty, all that's left is the detail of whether 20 is too high or 80. Basically you've fixed your mental model well enough now that I've lost interest. Calculating 20% requires simple arithmetic which kids learn at about eight. Calculating the correct answer requires exponents, which I think get taught at about 13. While essentially everyone in developed countries would have been taught both and more, people start to forget what they don't use and the harder stuff goes first. A proof involving exponents will be beyond many more people than one involving only multiplication.",
Corrin Lakeland,How can a machine be more intelligent than you?,"People get very hung up on the definition of words. They assign almost mystical properties to some, such as ‘consciousness’ or ‘intelligence’ while very few people would be concerned by a question ‘How can a machine be stronger than you?’ One definition of intelligence is the ability to play chess, and machines have been better than me at chess most of my adult life. I remember scoring a couple lucky wins against the top readily available program back when I was eighteen, before they left me far behind. Another definition of intelligence is how well you score on an IQ test. I think we’d all agree that you could write a computer program to crush an IQ test. My personal preference is not to define the term at all. A machine can be better than me at driving, drawing, creative writing, playing board games, and nobody would be too bothered. I’d rather focus on building those machines, and leave intelligence to philosophers.",
Corrin Lakeland,"If data scientists couldn’t get you rich, why does the society promote it so much?","Society always lags reality. People suggest stuff that they heard worked, or that worked for them. Right now there's an excess of DS relative to jobs, especially since most of them don't have experience with deep learning. That said, data science is absolutely awesome. If you're interested in understanding how things work then if highly recommend it. Also there might be an excess which makes getting a job hard, but the pay after you get a job is still pretty good.",
Corrin Lakeland,Can you open a bank account for business when you already have one?,"Yes, but it’s less useful than you might think. With a personal account you can sort-of budget by setting up accounts for different things. That just isn’t realistic with a business, even a small business. You have to use accounting/budgeting software (or have your accountant use it for you). It’s too hard to be compliant with taxes otherwise. Accounting software largely works by taking the money in all your bank accounts and putting it into one big pool. So the only reason to open a second account is when the bank offers different rates/fees that you want to take advantage of. For example you might have an account in each currency you trade, one for general savings, one for savings you know you won’t touch in the next twelve months, and one for day-to-day. Note also that business bank accounts have many features that personal ones don’t, including APIs and multiple authorisations. For example if I’m paying a supplier then I do the whole thing in the accounting software, which talks to the bank via the open banking API. That way all of the controls limiting the amount a staff member can spend or requiring approval for invoices are managed by the accounting software rather than the bank. One upside of multiple accounts, at least where I live, is that transfers between accounts at the same bank are in real time while transfers between different banks occur hourly. We will not release finished jobs for new customers until the money has landed in our bank account and at times that hour delay can be a real problem. PS: Just wanted to give a brief acknowledgement to Wise (formerly TransferWise). Back when I started it was an absolute nightmare dealing in other currencies. It was easy enough to hold cash in order to hedge against exchange rate transfers but they were not real bank accounts in the other country. If you wanted a real bank account then you had to deal with an international bank (we used HSBC) and have at least a nominal legal entity in each country. Transferring money between your bank accounts typically cost $50 plus the exchange rate was lousy for small transfers, so you’d need at least two accounts (a holding account that gets topped up when it is low and a trading account). With Wise it’s about five minutes work to get a bank account in another country, plus they have excellent API support.",
Corrin Lakeland,"As a pro-choice individual, how do you refute the claim that since women chose to have pregnancies, they don't have the right to choose an abortion since it's their fault that they are pregnant? This is from a pro-choice perspective.","People have the right to choose what to do with their body every day of their life. Your argument is like saying ‘sorry, you decided not to have an abortion two weeks ago so you’re not eligible now’. Having the inalienable right to choose means you always have the right to choose. They can say ‘I’m never getting an abortion’ today and they still have the right to get one tomorrow. Not only can politicians or men not take this right from them, but they can’t even take the right from themselves. PS: There’s also the whole not all sex is consensual side, but I think that’s a side-issue.",
Corrin Lakeland,What is the best AI (artificial intelligence) stock to invest in?,"Not a clue, but if you give me a year I'll come back and edit this answer with the benefit of hindsight. If I had to guess, I'd go for someone with a chance to unseat NVIDIA. They're in an incredibly envious position right now, but giants always fall and it's just a question of when. Another point is that startups typically take almost ten years before suddenly having a breakthrough in public awareness. Whichever company it is probably exists now, it's just that I don't know them.",
Corrin Lakeland,How can laptop rental services in Australia benefit startups and entrepreneurs looking for cost-efficient ways to access high-quality technology without the long-term commitment of purchasing?,"Yeah nah. I've seen plenty of dirt broke startups. They simply ask people to BYO laptop. Also, once startups start getting revenue and hiring people rather than relying on sweat for equity, laptops are really cheap. Let's say you're paying someone A$80k, spending A$2k on a laptop is one week's wages. I'm sure there's a market for rented laptops, but I don't think it's with startups.",
Corrin Lakeland,My wife and I bought an investment property. I put in 85 percent and she put in 15. Is she entitled to half of this property?,"I guess you’re trying to get a response ‘that isn’t fair’. You do realise it’s not just marriage which works that way? My business partner and I cleared half a million in revenue. Except… I brought in $440k while he brought in $60k. He still gets half the profit and still owns half the company. We signed a contract to create a joint entity, something that is the creation of the two of us rather than just me. If you don’t want to create a joint entity then don’t form a legal partnership, many people happily go through their own lives running separate finances.",
Corrin Lakeland,"Why can’t you get a loan/work with with a bank for millions of dollars and buy those super expensive penthouses, then wait a few years and split the money with the bank that loaned you the money?","Let’s see… it sounds like a fair deal, I mean… you’re going fifty/fifty right? You make $2m, you get $1m and the bank gets $1m You make $4m, you get $2m and the bank gets $2m The problems creep in if the property market crashes and you lose money. It would only be fair if that loss was split fifty/fifty too, right? If you agree and you have the money to cover that loss, then you will find lending institutions that will agree to a deal along these lines. Zero-money-down investments are perfectly valid and normal. You won’t get fifty/fifty since you’ve denied them the use of the money in the interim is all.",
Corrin Lakeland,"Why does the bank ask my ""net worth"" when I request to open a new account (saving account)?","They want to know how much they should wine and dine you. Let’s say you are opening a savings account and putting $5k in, while someone else is also opening a savings account and also putting $5k in… The two of you have a lot in common except you own a $20m company which has accounts at a different bank, while they other guy doesn’t. You’ll get some VIP treatment even though you have minimal assets with the bank because they hope doing so will tempt you to bring more banking to them. The other guy won’t - the bank’s profit on a $5k deposit is maybe $50/year. It’s just not enough to even pay someone to check in on him. I actually did a project not long ago trying to identify customers with investments elsewhere based on their transactional behaviour. It’s not particularly accurate, but then neither is asking people their net worth when they open a new account.",
Corrin Lakeland,"What is the significance of the Turing test in the field of artificial intelligence, and how does it contribute to our understanding of machine intelligence?","We’ve had AI systems since the 1950s and technically even before. They were primitive but every year they got a little better and not just because computers got faster. When I got into the field in the 90s, you’d see a computer doing something such as playing chess and say ‘wow, that computer is intelligent, it has artificial intelligence’. Then you’d learn how the algorithm worked, how it was: a bunch of handcrafted rules to turn a chess position into a score, coupled with making moves at random really quickly. You’d say ‘bah, that’s not intelligence, that’s just very fast search’. Often we’d devise a tricky edge case to highlight how stupid the computer is. People would say ‘ah, that computer is not intelligent because it had to be supplied with handcrafted rules to score a chess position’. Now if it worked out those rules for itself that’d be different, I’d call that intelligent. Then a few years later someone would develop a new algorithm which could do that, and they’d review it and say… ‘well now, yes it can do Chess but see how it basically has the rules built in? Try giving it Othello and it can’t cope. The cycle would repeat every few years as increasingly generalised algorithms came out. Turing was unbelievably brilliant. He saw this all playing out all the way all the way back in the 40s. He said ‘let’s all agree now on something that we all think is intelligent, and when a computer can do that we’ll all be forced to accept that computers are intelligent’. The test itself was poorly written and has a lot of (justified) criticism. Firstly conversational text wasn’t a great choice, secondly it’s poorly phrased in terms of ‘convincing a judge’, and thirdly people effectively cheated by pretending to be non-native speakers of English or similar. But whatever, we’re not here to criticise the test, we’re here to admire that this guy saw in the 1940s that the goalposts were being moved and so nailed them down some seventy years before the test was passed (at least to my satisfaction). how does it contribute to our understanding of machine intelligence? My gut reaction was that it doesn’t, but thinking more… maybe. I remember reading criticism by a guy called Searle and what it boiled down to is ‘computers aren’t intelligent because even if they perfectly imitate intelligence, they are just imitating it’. I really disliked this criticism because it felt too self-fulfilling. “You’re not playing go intelligently, you’re just looking up a series of rules in 500 million parameter dictionary which tells you what to play in certain positions. You’re not conversing intelligently, you’re looking up a series of rules in a 20 billion parameter dictionary which tells you what token to output next”. Meh, whatever. what’s the use in such thinking? Turing’s test bypasses this. If it looks like a duck and it quacks like a duck then it’s a duck. If it looks intelligent and it acts intelligent then it is intelligent - you can’t go defining intelligence in terms of some impossible-to-measure spark.",
Corrin Lakeland,"What are your thoughts on the ethical considerations surrounding the use of artificial intelligence in various aspects of society, and how do you think we can address these concerns moving forward?","I was really disappointed by the latest EU act. Rather than create a framework that ensures AI should be used ethically, they instead simply banned AI from a bunch of use cases. Further, the ban will eliminate numerous beneficial applications of AI. The whole thing struck me as incredibly naive, like… why are we letting these people make decisions about our future when they don’t understand the technology at all. It’d be like putting a computer programmer in charge of the legal system, I’m sure they’ll try their best but you can guarantee they’ll make a hash of it. AI gives scale, nothing more and nothing less. You can write a blog post yourself without trouble, and using AI you can write maybe a hundred in the same time. Ethics comes up at least three ways: If I was developing a law to keep AI deployments ethical then I’d take a three pronged approach with each prong tackling one of the above points. You need to directly address bad actors; you need to enforce governance safeguards are in place before systems scale; and you need to respect that people cannot cope with change beyond a certain pace. Instead what we got was a bunch of application areas being banned, as if say ‘AI in the workplace’ is inherently dangerous, while ‘AI for relationship-based selling’ is all good. I’m not saying it’s easy, but the approach has to be about governance of implementations rather than banning use cases. There shouldn’t be any banned use cases, there should be requirements to check safety nets: The thing about these are they’re exactly the same protections you’d put in place if you were making a major change that doesn’t use AI.",
Corrin Lakeland,Do you think artificial intelligence will replace doctors?,"Wrong question. AI doesn't replace anyone, it makes people more efficient and that in turn means fewer are needed to get the same work done. Let's apply that to doctors… How much faster is a doctor with AI compared to a doctor without AI? My guess is not much faster at all. Far better perhaps, and a few opportunities for saving non-clinical time, but nothing huge. So I don't expect a big change in the demand for doctors, at least in the near future. Give it ten more years and things might be different as nurses’ scope increases. Why bother getting all those years of education when your primary role is empathy? I was involved in a telehealth programme using AI where primary care came from managers at work. The idea was that while service would not be as good, it was a lot better than seeing nobody. Improve the AI and use a nurse rather than a manager, and I think it could be just as good.",
Corrin Lakeland,When Woman say things like “ you’re too good for me and deserve better” are they serious or what? * if you read my profile post it goes into more detail about what happened.,"There are many ways to say no. I'm not sure if there is much benefit to you in learning why she chose this way. You ask if she's serious. She might be, or she might be deliberately saying the wrong reason. Perhaps she's lying to protect your feelings, or lying to protect herself. It really doesn't matter, you're not her psychology. She said no.",
Corrin Lakeland,Can artificial intelligence assist in early detection and prevention of global health crises?,"AI does best on very well described problems, and ‘global health crices’ is just too vague/ambitious. I think if you hired an AI team and asked them to assist detecting and preventing of global health crises then you'd get a lot of interesting ideas but very few results. Google published something a while back that they can see infection breakouts long before the public health system by monitoring search queries about symptoms. You could couple that with triggering a public health response and achieve your goal. Both Google and Apple have incredible data on where everyone has been. In fraud there is a term ‘point of compromise’ for where and when the hacker steals credit cards. Infection spreading events are much the same, and the same graph algorithms can help enormously. A cynic would argue these examples aren't really using AI and that's my point. You want something to work, then you are best to make a very small step relative to standard practice.",
Corrin Lakeland,"What do cons hate more, Critical Race Theory, or people trying to stop man-caused global warming?","Neither. I see both as symptoms of something that bothers me far more: people that would rather believe what they're told than reasoning for themselves. Actually, it's even worse than that… during Covid we saw people craft the most insane stories rather than accept an inconvenient truth. CRT or climate change deniers… Did you ever notice how strong the overlap is between these groups? Or between them and flat earthers? Something has gone very wrong with the education system worldwide. It's like we have encouraged people to think for themselves without giving them the skills to do so?",
Corrin Lakeland,"Since ""Q"" has been discovered as an artificial intelligence, what is next?","I was going to suggest R but we've had the for quite a few years now, and it itself is a natural evolution of S. So…. I'm going to go with P. On a more serious note, I think this is a pretty big step. Generative deep networks such as LLM are pretty awesome at a token-by-token level. They kinda suck for anything large though. If Q* allows planning… well, that's a very powerful combination.",
Corrin Lakeland,How many pro-life men would willingly accept an artificial uterus with a fetus to prevent that fetus from being aborted? Researchers are working on this technology.,"I’m struggling to work out why a pro-life man would care. Are you asking him to pay for the operation to transplant the foetus into an artificial uterus? I expect his response would be that he isn’t responsible for that cost any more than he has to pay for someone’s surgery after they get shot. The point of an artificial uterus is to enable someone to have a child that is physically incapable of carrying a baby. For example a couple with fertility issues, or a gay couple. I think if you offered pregnant women the cost of this procedure in cash to carry the baby and give it up for adoption, then I suspect many would accept.",
Corrin Lakeland,Why does New Zealand have 2 time zones?,"Some thirty years ago when I first started using the internet, I was quite confused to discover NZ had two time zones. There was one called NZ which was obvious, and another called NZ-CHAT. I was confused why we had a special timezone just for chatting but I just rolled with it. The internet at the time had a lot of in-jokes and I just assumed I didn’t know this one. I was particularly confused by the timezone being 45 minutes off - I mean who ever heard of a 45 minute timezone difference!? My assumption was the joke was something like “NZers chatted before starting a meeting, so if you arrive 45 minutes later then you’ll skip the chat”. I was really quite naive at the time, but also the Chathams was less well known. At 800 odd kilometers east of Christchurch, it was almost another country. Since then Air New Zealand decided to pull out of a bunch of small regional airports and Air Chathams has stepped in, so I suspect they’re much more recognised now. They even have their own check-in counter at Auckland Airport. There’s actually quite a few islands in NZ. The North and South are obviously the most well known and largest, but then you get Stewart Island, Great (and Little) Barrier Island, Waiheke, D'Urville Island, and obviously the Chathams. Population drops off fast, with roughly 80% of people on the North island, followed by the next 80% on the South island, and so on. There are 730 people living in the Chathams, so they’re doing pretty well to have both their own airline and timezone.",
Corrin Lakeland,"What do think of Joe Biden signing into law a $15.00 a hour federal living minimum wage increase bill from the previous the previous $7.25 a hour unlivable federal minimum wage which was last raised back on July 24, 2009?","I think it’s mostly a non-issue. The federal minimum wage is not the minimum wage. The minium wage is the minimum wage in whichever state you happen to live in. The federal minimum wage sets a baseline, because if one state allows essentially slave labour while another doesn’t then you end up with problems in interstate commerce. Let’s take Hawaii as a random example, where the minimum wage is $14. Biden’s new proposal is $15 which is higher than $14. Hawaii would have to raise their minimum wage from $14 to $15. Yes that’s an increase, but it’s about a 7% increase, not almost doubling the minimum wage like the question implies. Also there’s a bunch of nuance here - Biden is saying ‘any federal worker must … rather than every state must’. I don’t think that’s especially important but I’m mentioning it just in case. We know what happens when the minimum wage is raised because there’s a bunch of research on it, so there’s no point me speculating. The only point I’d make is that there are a bunch of sound-bites trotted out on right-wing media whenever it happens such as it causing inflation or unemployment.",
Corrin Lakeland,"Are electric vehicle owners actually gassing up for free? In high-end parking lots and parking garages, you oftentimes see EV charging outlets for use by electric vehicles owners.","Free charging is more of a gimmick. A way to tempt someone to pick one parking garage or mall over another. For an analogy, imagine if the local gas station started offering free $2 of gas provided you leave your car there for an hour. Would you bother?",
Corrin Lakeland,What assumptions did you make to determine how much startup capital you’d need before you launched your business?,"I built a little computer simulation which embedded the assumptions. I looked at cost to acquire, retention rate, spend on first purchase, spend ongoing, and referral rate. I had a bunch of estimates for each number based on other similar businesses, and so I simulated different random settings and looked at the distribution of outcomes. This outcome distribution was effectively the startup capital needed. If I was going to lose $30k in the second year then I'd need an extra $30k of startup capital. I really didn't want to run out of money if the business was going to ultimately succeed so I looked at all simulations that succeeded and made sure I'd saved that much before starting. In hindsight I think it was mostly a waste of time. I'd put too much time into simulating the parts I understood and not enough into the things I didn't. I had staffing issues and I was so busy between working in the business while trying to deal with them that I could see we were missing targets but not what to do about it. Two mistakes I'd fix if I were to ever do it again: firstly borrow less, go cheaper on fitout and stuff. I went with what the simulation said was best, but that meant that when the simulation turned out to be wrong, I was in with very high stakes. Secondly withdraw a personal market salary even when the business is losing money. It's very easy to prop up a business by donating your time, and forcing the payment would have made this much more obvious.",
Corrin Lakeland,"What percentage should I earn if a friend is investing into my business idea with $100,000? I will be the one managing the entire business, just that it’s my idea and a friend’s money.",How much would you earn if you got a job on the open market? How much will you earn in this venture (outside any percentage share). That difference is your investment in the business. Compare that to the amount your friend invested ($100k) to get the percentage split.,
Corrin Lakeland,"How do I cover the cost when offering benefits to employees in a small business? I have a service based business but I'm not sure how to cover the costs of insurance, vacation days ect if I have to pay out at least 70 percent as an owner.","The business model for a service provider is dead simple. You get a percentage from each dollar billed, and you have some fixed monthly overheads. To use real numbers, I get 25% of every dollar earned, and my fixed overheads are $30k/month. Some simple arithmetic shows that I hit breakeven at about $1.5m in revenue. If we gross $2m then I make $140k, and if we gross $1m then I lose -$110k. Of course reality is more nuanced. For all your expenses such as insurance, vacation etc you need to work out if they are closer to fixed or to scaling with revenue. My guess is both insurance and vacation scale with revenue - double the staff and you'll double your insurance and vacation costs. So, you'll need to include them in your gross profit percentage. If that means you lose money, well that's too bad. You get to take home the profit at the end of the day, even if that means you work full time for the privilege of losing $110k. One of the more painful realisations I had was that that the setup I most enjoyed, where I managed a team of six, was uneconomic. It was too big for me to work as a consultant as well, while not being big enough to afford me as a manager. The universe doesn't care.",
Corrin Lakeland,What is the more financially prudent choice: saving money month to month or taking on debt from a bank to invest and pay the interest?,"Prudent (adjective): acting with or showing care and thought for the future. Borrowing money to invest can leave you with a massive loan and no investment. Also, almost every single rich person got there through leveraging someone else's money. Both statements are true, you'll have to decide which shows more thought for the future.",
Corrin Lakeland,What would be a great business to start? I have about 200 grand in stocks and I'm worth about 500K not including 401K. Mortgage is paid off with less than 1K/month in expenses.,"Have you considered looking after pets? It sounds like your finances are under control, with a minimal profit needed to cover your living expenses. Walking dogs will clear that easily with minimal startup costs, plus getting out and about will be good for you.",
Corrin Lakeland,Why does everyone need so much money in this century?,"I come from a family that tend to live long, plus I am not so young myself, so I have a lot more first and second hand experience of life over a hundred years ago. There are many differences of course and I think the two biggest ones are a shift from independent to interdependence, and simply expecting more. A millennial employee of mine is on a very high salary yet constantly struggles with money. She is very good at her job, but seems to have never learnt what I'd call basic life skills such as home maintenance. She spends a phenomenal amount of money doing stuff like replacing clothes with a tear rather than mending them, and then naturally needs to work long hard hours at a high wage to pay for it. Consumption has gone up significantly. The house my grandfather grew up in is about the size of my bedroom. That generation had and did stuff, my father often talks about the cruise ship he took to England, but people at a similar socioeconomic situation seem to do that stuff every few years now. Having champagne goes from only at weddings to every Christmas. This extra consumption, essentially keeping up with the Jones's, requires a constant influx of money.",
Corrin Lakeland,I hate Hamas because they killed civilians. I also hate Israel because they are killing civilians. Is there something wrong with my logic?,"Broadly I would agree with you. Two things that might be worth clarifying: We agree that killing people is evil. What else does Hamas do? Is a high proportion of their actions evil, or is it a tiny exception? How about Israel, is a high proportion of their actions evil, or is it a tiny exception? Hate.. doesn't sound especially useful. How does your hate lead to making the world a better place? Does it lead you to taking action that ultimately results in fewer people being killed?",
Corrin Lakeland,Does Hamas deserve what destruction they are receiving back from Israel?,"I feel this is the wrong question. What can we do to reduce the chance of it happening again? Nobody is excusing the actions of Hamas. Deserve though… I feel that is a word better used by children that believe bad people get punished. If a baby steals another child's toy, the normal response is to distract the thief and return the toy. A baby just doesn't have the emotional maturity to understand what they did was wrong or self control to stop themselves doing it again. I believe that beating Hamas up will be about as effective as beating up a baby to prevent toys being stolen. Israel has done a good job of keeping themselves safe. The recent failure of that security should highlight just how few such attacks got past. I believe that is not for lack of trying. Where Israel and the world have failed is in slowly healing the emotional rift between the people. I personally believe that the attacks happening now will ensure that hatred of Israel continues for another generation. The only purpose of punishment is to change future behaviour, and I don't think this will result in the behaviour change that Israel wants.",
Corrin Lakeland,"If Tesla is the best electric vehicle, why doesn’t everyone buy only a Tesla?","Where I live, the government EV subsidy is a fixed amount regardless of how expensive your EV is. That's created some very interesting dynamics where the cheapest EV gets an effective discount of 20% while a Tesla gets an effective discount of under 10%. Even if you agree that Tesla is the best value and can afford it, that discount being unequal in percentage terms means you may be better with a cheaper option.",
Corrin Lakeland,"Is it legal for an insurance company to cancel a policy, and then solicit you for a replacement policy at twice the previous cost?","My cousin just went through this. His business was wiped out in the flooding, destroying hundreds of thousands of dollars of stuff. Insurance covered a lot, although well short of all the lost revenue and goodwill. As soon as they'd paid, the insurance company terminated the contract and then they said they'd change double for a new policy due to his claim history (one large claim). Ultimately he had no choice. He needed new maxhery and only had enough from the settlement for hire purchase. The supplier would not deliver until they'd seen the insurance certificate.",
Corrin Lakeland,"What’s a good income per week as a single man with a kid (after tax), if you're living in Auckland, NZ?","Given you have a kid, you are effectively a (small) household. The difference between a single person and someone with one child is huge, while adding a partner or second child only makes a small difference. I'd be looking at the census household data for Auckland. I believe the average is around $120k gross and so I suppose good is somewhere north of that. The big challenge is housing. People are usually in shared flats before kids but very few people with kids also have flatmates. Most households have two or more adults contributing and housing is priced accordingly. I remember renting a flat in Auckland. It was forty minutes drive to work, had no AC and the power meter frequently overloaded, plus the place stank from all the nearby stray cats. That was $800/week.",
Corrin Lakeland,"Do data analysts use R or SQL more in their daily lives? I’m currently learning R in college, and SQL on the side.","Day to day you'll find SQL is used more, but the point of R is that without it you can't do the harder, more interesting work.",
Corrin Lakeland,What is the time in which #16840 will earn #2947 of simple interest at 5% per annum?,"Since you've asked the same question twice and nothing else, I'm assuming you have a genuine (homework) question rather than just wasting everyone's time. Quora is not a effective place to answer homework. It's slow, and people will spot what you're doing and find a way to sabotage it. My suggestion is that instead you go ask a large language model such as chat GPT exactly this question, making sure you ask it to show it's working. LLMs are infamous for their hallucinations where they confidently report the wrong answer. They especially have trouble with symbol manipulation which is required for many things including arithmetic. That's why you add the cue around showing the steps. You don't need to be handed the answer on a plate because because being reminded of the steps makes the problem trivial. “To calculate the time it takes for #16,840 to earn #2,947 of simple interest at 5% per annum, you can use the formula for simple interest: \[Simple \ Interest = \frac{Principal \ (P) \times Rate \ (R) \times Time \ (T)}{100}\] …” (Remainder cut). The neat thing about this is it mirrors how people use computers in the real world. People forget little details but all they need is a scaffold to get going again. Oh and save Quora for questions that require human experience.",
Corrin Lakeland,Should I support Israel or Palestine?,"Israel has been shitting in Palestine as long as I've been alive. The vast majority of the population have spent their entire lives under Israel being assholes. Stealing land, unreasonable impositions on people trying to live. The definition of evil is treating people as things, and Israel has been evil to the people of Palestine for over fifty years. Is it any wonder that the people of Palestine hate them? Palestinians have hardly been saints over the last fifty years. Whether it's been rocks, homemade rockets or kidnapping, the only reason that Israeli deaths has been low is the alertness of the IDF and technology imbalance. There is a cartoon showing a cute Australian marsupial with the caption: “not everything in Australia wants to kill you. Then in smaller letters… he wants to, he just can't” Point is… I think both sides have behaved appallingly. “Should you support Israel or Palestine?” I personally think the answer to that question is a clear and emphatic no. My suggestion though is what you are asking is the wrong question. I'll attempt a better one… “imagine it's 2043 and the people of the Gaza strip are at peace. What happened over the last twenty years to cause that?”",
Corrin Lakeland,It is so annoying to go through job interviews without a solid number for salary compensations. What stage should it be brought up or even right away maybe?,"I agree, spending a long time establishing fit only to get an unrealistically low offer is an annoying waste of everyone's time. I've had it happen to me a number of times over the years, and have developed a method to avoid it. I bring up money as soon as the discussion shifts from general work talk to sounding out hiring me. This is a simple screen rather than a negotiation. Something like “I realise it's too early to talk about the rate when we haven't worked out if I'd be the right person for the job, but I am pretty happy with my current work and would not consider anything paying less than $x. I just wanted to check that you would pay at least that for the right person.”. It's a little rude, and you might miss opportunities as a consequence, but you will save yourself more than enough time and energy to justify it. It's easier if you're negotiating through a recruitment agent. Ultimately though, the offer will increase as they know more about you because you are reducing their risk. You do have to save the final negotiation for the end or you'll be leaving a lot of money in the table. That does mean that sometimes you put a whole lot of effort in and end up with nothing.",
Corrin Lakeland,What do you think of people that are hoarders?,"My MIL had a mild form of hoarding so I got to see it firsthand. I'd start by setting the scene: she grew up in the post war years as a Prussian refugee. She had nothing, and so is it so surprising that she treated everything she got as precious? Most acquisitions were from things that were going to waste. Perhaps someone was throwing out an old oven? How could she let that go to the dump? What about an old dress of hers? Surely it would be useful for rags, or at least the lace unpicked and repurposed. It was psychological, after so many years of having so little, she had internalised the need to guard everything that came her way.",
Corrin Lakeland,Are you still eligible to get the first home grant and use your KiwiSaver if you do not plan on having a mortgage? I am wanting to buy land and build but I don't know if I have to have a mortgage to be able to get the $10k new build contribution?,"One of the nice things about government schemes is they’re real sticklers for the rules. The website doesn’t say anything about needing a mortgage, and so while your situation is unusual, I would be shocked if they try and interfere. Note there are a bunch of rules and it pays to be careful. For example: “It's important to know that if you already own land you are not able to withdraw your KiwiSaver funds to help build your first home.” So if you were to buy the land with the intention of building in the future once your finances recovered, then you would not be eligible to make that second withdraw. I also don’t know if you can withdraw more than the total cost from your Kiwisaver but my guess would be that you cannot. So in practice you’d have to have enough cash to do the land and the build all at once.",
Corrin Lakeland,Are there enough battery recharging facilities to recharge your Tesla electric car across the length and width of a country?,"My parents live in a small town that serves the local farming community. It’s not ‘on the way’ to anywhere. As a consequence, the road to them is not exactly well populated. Your choice is either to detour via the motorway which over an hour, or to head direct and drive through small town after small town. I lost count of the number of chargers on the route. I’d guess maybe ten? Roughly one every 40–60 minutes. Now none of these chargers are official Tesla chargers which is a bit of a pain because the car doesn’t know about them so it doesn’t precondition the battery or plan the trip around them. Otherwise though, there’s more than enough choices of where to stop. Most towns have a single charger near a cafe or supermarket. The app will tell me whether it’s in use before I arrive, and if so then I can either wait ten minutes or carry on to the next town. This seems to be pretty much universal now, every small town wants people with EVs to stop so there’s always an option. There are Tesla chargers both where my parents live and where I live but I don’t go to them as a slow charger at home is far more convenient. There are exceptions still, if you want to go tramping in the middle of nowhere then you would need to plan your trip. Let’s say your tramp is a two or three hour drive into the middle of nowhere, plus the same on the return trip, and you’re right at the upper limit of the car’s range without recharging.",
Corrin Lakeland,"I want to create a personal library with the best 1,000 books ever. Can you tell me the best books you've ever read?","We live in a world where public libraries will send you any book you care to read, as will online book stores such as Amazon. Further, eReaders give virtually instantaneous access to millions of books. Back when I was a kid, library interloan systems were clunky and discouraged, and book stores were small. Having a large library of books guaranteed that you could always find something interesting to read. I remember going q long way out of our way to get to specialist bookstores, and stocking up for years to come. At the time a large personal library was mainly for your own benefit. Also when I was a kid, it was standard for every family to have a music collection. Each purchase told a story and the combination expressed their eclectic taste. Nowadays that's rare, and it's more common to share Spotify playlists. The role of a personal book collection in 2023 is similar but a little different to the role of a personal music collection. It serves the same purpose of expressing your personal taste and focus. Houses don't have much space and using some for say Pratchett is a way of saying what is important and meaningful to you. Books can also be loaned to visitors and friends. We often have people come to stay that read one of our books while they're here. It's a social thing; you can talk about the book together afterwards. Some people like to show off. Put say Chaucer, “Gödel, Escher, Bach”, Hawking, “Anna Karenina”, “Finnegans Wake” and Asimov on your shelf and we'll, you create an impression of someone that likes to read books that require thought, or at least who is pretending that is the case. You can find lists of “The greatest 1,000 books of all time “ in various places in the internet. You can even buy collections of them since most are out of copyright. The trouble with doing this is that people will ask you questions and, having not read the books, you will look like an idiot. Get books the moment before you want to read them, and either return or donate them afterwards. Keep those that have a big personal effect on you, and that becomes your personal library. I'm exaggerated slightly, it's pretty standard to have a stack of books you are about to read. For example you might preorder your favourite author’s latest, keep books loaned by a friend and pick up books based on recommendations. What I'm trying to highlight is the role of a personal library is the opposite of what it was when I was a kid. It uses to be that you would collect books you'd like to get around to reading, whereas now it'd be odd to have books which you haven't read.",
Corrin Lakeland,What good does it do the environment to have Tesla EV charging stations powered by diesel generators?,"This question has been asked and answered literally dozens of times before you decided to repeat it. That leaves just two options and neither speaks well of you unfortunately. Either you're a troll, hoping to get a cheap thrill out of wasting people's time, or you couldn't be bothered checking the accuracy of a barb before repeating it. The actual answer to your question is simple. Firstly, it helps because we now have millions of cars driving around without polluting, the air in cities tastes better already. Secondly, a multi million dollar generator used in a power plant is far more efficient than the hundred dollar one in your old car. Thirdly, most power is not produced by diesel. That wasn't so hard was it? I bet you could have worked out the answer to this question without my help. I don't know whether your question came from a place of malice or ignorance, but either way I have the same challenge for you: do better.",
Corrin Lakeland,"Why do so many people think they can make easy money from a side hustle, instead of focusing on their actual job?","Obviously there are a lot of scammers promoting side hussles and a lot of dreamers buying. Outside them, I don't see it as people expecting easy money so much as a way out. One of my employees makes $34/hr. There's a chance that he can increase that to $37/hr but really he's almost at the top of his role’s pay. Now he could: go the rest of his life at $34/hr (+inflation); abandon the career he's spent twenty years in; attempt to step sideways; or create a side-gig. Changing careers is risky, plenty of people do it and after years of retraining end up no better off than they were. If instead he tries to create a side gig then there are two possibilities: either it doesn't really take off and becomes an adult equivalent of running a cake stand, or it does and makes a material difference to his financial future. TL;DR: not every career can be developed by focusing on it.",
Corrin Lakeland,"Can someone (a thief) lower a car's electric powered window with their hand? If it's barely open, could they push it down?","All doors, for safety reasons, have a simple mechanical release. Stick a wire through the window gap and you can unlock the car. Detaching the window sounds like a much harder route, and likely to break something.",
Corrin Lakeland,"Statistically speaking, to what extent does locking your car prevent it from being stolen?","Statistically, this is very hard to measure. You'd think it would be easy, since we have lots of data points, but failing to lock your car is so correlated with other things that you can't build a causative model. To do that you'd need to cause locking to randomly fail and track the results. Anecdotally it doesn't make much difference. The kind of people that know how to break into a car also know how to start it. Virtually every car has an immobaliser, and since bypassing that is harder than bypassing the lock…",
Corrin Lakeland,"What (if any) is the logic behind gun bans? Is it better to be beaten to death, or stabbed to death? Take London in the UK for example, 2019 stats show 152 murders. Are those people less dead because a gun wasn't used?","Banning drinking and driving reduces vehicle accidents. Banning unlicensed people having guns reduces deaths. It helps with murder, halving the rate as you've noted. It also helps with armed robberies and a bunch of other crimes. Perhaps most important it helps with accidental firearm deaths and suicides. Always remember that buying a gun makes your children more likely to be killed, since accidents are far more common than murder. Lastly, guns aren't banned in England. There is just a simple process to vet and track gun owners.",
Corrin Lakeland,Does a poor white man still have more to privilege over a rich black man ?,Try comparing the stories of rich black men walking around their neighbourhood to the stories of rich white men walking around their neighbourhood.,
Corrin Lakeland,Is paying $3000 a year for car insurance for a car I drive 100 miles a month a lot?,"Yeah. You are paying several dollars per mile for insurance. Insurance companies work on averages, and driving 100 miles a month is far below average. You're effectively subsidising someone that drives above average. There are special policies aimed at people who don't drive much. That would fix the insurance, but not the fact you're paying for depreciation etc too. At your usage you're almost certainly better calling an Uber rather than owning a car.",
Corrin Lakeland,Hi. Any computer programmers out there? I have a specific question. I’m writing a story about an experienced programmer who has been out of work for four months. Would it be hard Tor him to find freelance programming gigs?,"There's a lot of difference between a bad coder and a good coder. A good coder has virtually nonstop offers of work. A bad coder…. Well, not everyone is willing to pay for a good coder and so some companies compromise. Coders who work freelance have extensive networks to help them find the next gig (or a recruitment agent doing this). As a consequence they can finish a job Friday and often have another one on Monday. It's different for permanent employees who have often not bothered to maintain those connections and don't have an up to date CV. If they're made redundant then it can be very tough. It's completely different if they choose to move, where they'll be seen as attractive based on their current job. My point is that your story has someone without work. That person is either a permanent employee that stopped playing the game, or a contractor with some downside (eg ADHD). Either way, yes, IT loves popular people and shuns people that are struggling. Breaking back in after a hiatus is totally different to getting a better role. I think you'll need to work out why your programmer doesn't have a job. But yes, would you trust a critical project to a freelancer who can't land a gig? My bet is you wouldn't even if that person offered to work for half rate.",
Corrin Lakeland,Is it impossible to work two full time jobs? I have a full time job at a daycare and I only make $14 an hour. I have two kids. I need more income.,"It's possible, it's just brutal on your body. During my early career I often stayed late because I had too much work. I remember feeling sorry for myself since I was putting in more hours than any of my colleagues. Anyway a side effect of often being there late was I got to know the cleaners working the night shift and all of them were doing it as a second job. Professional cleaning is hard physical work and poorly paid. Talking to them, there were no easy solutions to their finances. They needed a house for their family, and so creative ideas such as jobs which provide accommodation would not help them. Also sometimes they would see a job that paid slightly more but was incompatible with their second job. One interesting thing I observed was the cleaning contract was routinely won by a different company but the person that turned up to clean the building was always the same. They'd be made redundant and have to reapply for their old role with a new company, frequently losing conditions in the process. Coming back to you… Partner? Flatmates? Getting a raise to a better paid position at the daycare? One of the more creative second jobs I saw was the overnight shift for someone on 24 hour care because you were allowed to snooze on the job.",
Corrin Lakeland,"I’m going to continue my father’s business. I know college is less important than experience for business, but I’m going to college so I want to make the most of it. What do you recommend I study at college to prepare me for this endeavor?","Perhaps a BA? You don't need specific skills, you'll get them during the time working on the business. Equally a degree in business is all but useless for a small business. So that leaves college for general education. Are you more attracted to the arts or the sciences? Personally I'm passionate about science and would study that if I didn't need to worry about details like career, but my anecdotal experience is that more people got lasting value from the arts.",
Corrin Lakeland,How do I calculate effective rate of interest if I take a loan of Rs. 5 Lacs at a flat interest rate of 6% pa for 3 years?,"Method one (recommended): Ask the bank. Banks are legally required to provide you with the effective interest rate inclusive of all fees. (Or at least they are where I live, YMMV). Method two: Ask ChatGPT exactly this, plus add ‘show your working’. The reason I’d recommend the first method is that the bank may have other expenses you missed when copying down the interest rate. Getting a written copy from the bank means that if at the end of three years you have paid more then you can present the bank with their own calculation and they’ll be in trouble. Also make sure you ask about penalties if you miss a payment. One popular non-bank lender I know provides cheap loans with crippling penalties if you pay even a day late.",
Corrin Lakeland,"How do you get a 20,000% increment in your salary in the last 25 years?","We say that an increase in salary from $20,000 to $40,000 is fundamentally different to an increase from $120,000 to $140,000 and you really need to use percentages. This question highlights the need for two further rules: Percentages start to become unwieldy at 100%. A 20000% salary increase is close enough to multiplying salary by 200. With three numbers rather than five it's considerably easier to understand. The second rule is that any time period over about five years should be adjusted for inflation or else the reader is left trying to work out whether the percentage increase is meaningless. We know the normal range of salaries is say $20,000 to $200,000. There are people outside this at both extremes, but for practical purposes the point is that salary can only increase by 10x. Any more and you are talking about something with such an extreme that the insanely high or low salary is the interesting story rather than the change over time.",
Corrin Lakeland,"When buying a computer, why in the 90s were CD-ROMs included as a package but not anymore?","Remember CDs were originally popular for music and their immediate replacement, DVDs, were popular for movies. You don't buy music or movies on physical media anymore because downloading is faster and easier. It's the same with CD drives. I remember a time in the early nineties when we used to rent a CD drive for the weekend along with some shareware discs. You'd get literally hundreds of diskettes worth of games on a single CD. I can't overstate how incredible that data density was. Even compared to early internet connections it was still a pretty good choice. Downloading in CD quality over a modem would take over a day, plus your phone line was tied up. Eventually though internet connections got so fast that you can download the contents of a CD faster than you can get a physical CD out of its case. The last holdout for optical discs was backups. I remember maybe 2010 or so when you could buy a stack of quality DVDs pretty cheaply and back up by swapping the discs out every four or so gigabytes. It was a hassle but the cost per gigabyte justified it. Then stuff like Dropbox came along with similar cost per gig and much less hassle.",
Corrin Lakeland,"Out of all the low-risk investment options, what provides the highest growth potential?","When I was a kid, I was gifted $20 of something called a bonus bond. It was a government backed bond so almost no risk. Every month there was a lottery and a lucky bondholder won a million dollars/units. There were also a thousand prizes of $1000. You get one ticket per unit. Anyway it seems to perfectly match what you're looking for in terms of no risk and the potential for a huge reward. That particular product has been discontinued, at least when I live, but perhaps you can find something similar.",
Corrin Lakeland,"What should I do if my online girlfriend just asks if she can deposit a cheque for $1,000,000 into my bank account? Should I let her?","I was curious how this scam worked, since I couldn't work out how depositing money can cost you money. It turns out the next step is getting a payment authorisation or processing fee. For example the funds are seized but a few hundred dollars to apply for a release application.",
Corrin Lakeland,I recently had a growth talk with my manager. He is pleased with my performance but said that I can come off as a know-it-all sometimes. What are some actionable steps I can take to improve my behavior?,"Listen to people around you. Repeat what you've heard in your own words to demonstrate you heard. Experiment a bit by trying their suggestion. Talk with them again about the parts of their suggestion that worked. You're surrounded by people with more experience than you. For example yesterday I was talking to an engineer at least ten years younger than me, I'd solved similar problems before and he hadn't so I was feeling pretty confident. Then I realised he had far more relevant experience than me with a couple key specifics. Together we came up with a much better solution than I would have on my own. Nobody likes working with a know-it-all. People do like working with a competent colleague. The difference is easy to articulate but hard to sustain.",
Corrin Lakeland,How do different financial advisors make a difference to your retirement funds?,"Consider these two alternative strategies: You should own a single rental that you look after yourself, you will save heaps on a property manager plus you will do a better job. Versus You should put your money into an index fund. You'll do well in good years, poorly in bad years, but mostly you'll get average returns Both these strategies have the same expected return (or at least they do in this hypothetical). However one has a small possibility of disaster mixed with a high probability of good returns, while the other has almost a fifty percent chance of a disappointing result Neither option is wrong. The rental might suit someone intending to live off the rent, willing to take the tiny chance on disaster. Index funds might suit someone who can cope with a more variable income. A decent financial advisor will work out what return distribution best suits a client. Plus they'll explain it using language the client understands.",
Corrin Lakeland,Who made the universal rule that men and women must have different types of names?,"One of my fun little projects was building an app that takes a list of names and produces demographics: gender, age and ethnicity. What you find is the car majority of names have some ambiguity. Take my wife's name: Andrea, most Americans would immediately pick it for a female name due to the vowel at the end but it comes from the Greek for ‘strong’ or ‘manly’ and is closer to 50/50 in Europe. Equally you will find names go in and out of fashion so you can build a educated guess at a person's age based just on the name. On a large enough sample, you can all but guarantee the age distribution of the database will be highly correlated with the age distribution of the names. Ethnicity is much the same - Steve Kim might be French or Chinese, but Korean is substantially more likely. My own name is quite rare and so more evenly split by gender than most. The top hit on Google is for a non-binary character from Fire Emblem. Before that I grew up in a small town that was pretty monocultural and people really struggled with a name where they couldn't immediately identify the gender.",
Corrin Lakeland,Eventually AI & robots will be able to replace nearly 100% of jobs. What is the general consensus among experts as to what will the future be like?,"General consensus among experts? You're kidding right? Also experts tend to specialise in very small domains and “The future” is far, far too broad. The term you're probably looking for is futurists, and I'm afraid it's a field with lots of speculation and very little science.",
Corrin Lakeland,Will AI generate an AI professor and an AI researcher?,"Well, obviously. Same reason there are a disproportionately large number of programming tools, or that many architects have cleverly designed homes. People create tools where they see a need, and any AI researcher will see you he need for more AI research.",
Corrin Lakeland,How can I become a Formula 1 Data Scientist?,"A friend of mine is a Data Scientist for a Formula One team so… based on a sample of one… He is much stronger at domain knowledge than at DS. He was always obsessive about racing cars, and the engineering involved in making them go faster. Long before he got the job, he was very active in highly technical forums, looking at how to tune performance for different environments. I have talked to him a bit about his work, but bot being a car guy I'm sure he gave me the dumbed down version. The cars have stupidity large numbers of sensors on them sending data at insane rates. Also the sensors are pretty unreliable so a lot of the modelling is trying to work out the signal in a sea of noise. His work was all low level engine optimisation models.",
Corrin Lakeland,"What's the short route to become a Data scientist? I don't know it, but I love coding.","Don't. While there is some coding involved, it's not a major part of the job. You've identified that you love coding so do that. If you really want to be closer to data science then you could get a job as a data engineer. Saying you want a job in data science because you love coding is like saying you want to get a job as a professional translator because you love reading.",
Corrin Lakeland,"Disregarding the environmental factor, how are electric vehicles justifiable, when it takes an almost 90k cost to meet the same range as my 2004 Chevy Trailblazer?","Disregarding range, how are ICE vehicles justifiable when they cost nearly four times as much per mile? Seriously. Is range all that's left? Are EVs better at everything else?",
Corrin Lakeland,"If I plan to retire in 6 months, how much of my savings should be in the stock market and how much in interest bearing accounts?","The conventional wisdom is that it should all be in interest bearing accounts since you can no longer recover from a market crash. I'm starting to wonder if this is misguided now people live so long after retirement. My thinking is that it hardly matters if the share market crashes now, because you aren't going to sell most of those shares for another twenty years anyway which is enough time for the market to recover.",
Corrin Lakeland,What are the best stocks and industries to invest in to get very rich?,"If you truly want to go for getting very rich, then your only real option is to go for things that almost nobody else believes in. For example if you invest $100,000 in Bitcoin and it increases by a trillion dollars then you'll roughly triple your money. By contrast if you invest in IjustMADEthisUP and it goes up by a trillion then you've just made a trillion dollars. Basically to become very rich you need to own a sizeable percentage of whatever you're investing in, and also for it to go up by a sizable percentage. Assuming you're a normal person investing thousands rather than millions, then by the time a company is big enough to register on the stock market, it's too big to make you very rich. Of course the risk you're taking is that anything that can make you very rich is virtually guaranteed to lose all your money. An investment that can make you very rich is the investment version of a lottery ticket. Let's do a hypothetical though and try to answer the question. You have maybe $100k to invest and want to go “rich or broke”. AI is going to change the world, we all know that. You can't afford to buy a significant percentage of “AI companies”, they are already priced in the billions. You can however make an educated guess as to which field AI will disrupt next. Further, with every disruption there are big winners. Pick a field, maybe ‘personal training’. Then find a little company that will take off if AI revolutionised PT. Maybe they are a virtual network of trainers. Then buy it, or as much as you can. Guess right and your return could well be a thousandfold. This is essentially angel investing. I read the average return is about 20% which means they're expecting around 99% of their investments to lose money.",
Corrin Lakeland,I'm looking for a serious relationship that will last forever. What should I do?,"Sodium and Chlorine. Both are pretty deadly on their own, while the compound is relatively benign. Furthermore the compound is extremely stable and not at all inclined to separate over time.",
Corrin Lakeland,"A trader had 48,000 in a bank. After 5 years, the money had amounted to 600,000. At what rate per annum was the bank paying simple interest?","This is a trick question. It’s tricking you into saying: “we don’t know the rate of interest since the change in the trader’s bank balance comes from trading rather than interest.” It’s true that we don’t know the rate of compound interest, but that wasn’t the question asked. The question was “… simple interest”, and we know rate of simple interest was: Zero. Banks shifted from paying simple to compound interest in about the sixties. People writing trick questions like to include a false clue (a red herring) so that students skimming the question respond to the clue rather than reading the question carefully. Note that I did a quick google search before answering this and it seems some banks still use simple interest for their savings accounts. If you happen to be reading this somewhere that doesn’t do compound interest, then you’ll have to go with the ‘we don’t know’ answer.",
Corrin Lakeland,"If you live in an apartment and you're employed at a job 50 miles away where you have to be there on time without fail every day, isn't owning an EV and dealing with costly public battery chargers and their availability issues a little stressful?","You live in apartment. So…. Where do you park at this apartment? What's the feasibility of charging there, or at work? Any modern EV will effortlessly do a 100 mile round trip. The only question is how you can arrange charging. Relying on public charging is possible, but I don't think the business case would stack up myself.",
Corrin Lakeland,I want to earn $50k a year in salary or business. What should I study right now or how can I start?,"Business is not a smart way to earn a target like $50k. Most businesses lose money in their first years, and in subsequent years are highly variable. A business averaging a net profit of $50k could well have returns of $120k, -$20k, $30k, $70k. Go into business because you're passionate about it. Set it up so it returns enough money. But don't do it with the primary goal of earning an average salary. A waged job is a far easier and safer route to achieve that. My experience is that cool, exciting jobs have more people wanting to get into them than boring essential jobs. The plumbers of the world will always be in demand, both literally and figuratively.",
Corrin Lakeland,"After 1, 2, 3, & 4 shots of vaccines, you can still get covid. So what will make people realise that vaccines don’t work?","I'm about fifty. I've had a lot more than four shots of flu vaccine in my life, and yet I'll have to have another next year. Even that might not be enough, they try and guess the prevalent strain and sometimes they get it wrong. More people get Covid than the flu so it mutates faster. That means you don't get an annual booster, at least not yet.",
Corrin Lakeland,What salary is needed to afford a 1.5 million dollar mortgage?,"None of the people I know with $1.5m in mortgages have salaries. They're property developers and the bank accepts their business’ past profit as evidence they can handle paying more interest. Occasionally this blows up spectacularly and they go from a high flying lifestyle to bankrupt almost overnight. Presumably the banks have run the numbers and calculated the risk is worth it given the reward. I suppose a high flyer would make enough to get a mortgage that big. Most of them are smart enough to work up to more expensive houses, and so while they might live in a $1.5m home, they got it by selling a $1m home and taking a $500k mortgage.",
Corrin Lakeland,"If you are tired of this world, and the politics, the social injustice and hatred that is expressed in our societies, where else do you go to?","Sometimes I feel this way. When I stop to reflect, I realise that his hatred is all coming from people that are quite distant to me. News and social media are the worst culprits. So I go offline, delete Quora and add the local news to my blocked sites. I find a few weeks with real people and I'm ok again. I never miss hearing about what's going on nationally or internationally, it doesn't end up impacting my day to day life at all. I don't think the world is actually that bad a place, it's the coverage which gets filtered down to me which is the problem.",
Corrin Lakeland,"In the UK a senior developer can get short term contract at £600/day, compared with £80,000/year salary for fully employed senior devs. Is that the same in other countries, can developers get such high day rates?","That sounds normal. Standard for IT contracts is double the full time salary. Be aware there are downsides to contract work, although I feel the downsides drop every year as companies get more mercenary with their employees. Standard list: Sick leave, annual leave, insurance, tax work, gaps between contracts, superannuation, no HR rules, etc.",
Corrin Lakeland,How many will keep their Teslas after the batteries need replacing?,I suspect I'll be too old to own a car by then. Batteries last a long time.,
Corrin Lakeland,Are you in favor of ordering takeout and not cooking at home?,"I've actually tried this, during a period where I accidentally had far too much work. It doesn't go well. There is a trick in commercial cooking where you can make something taste better by adding salt, sugar, or fat (or all of them). That's great for making a nice meal, but really unhealthy for a diet. What I found is that I was desperately craving basic vegetables and home cooking. Greens in particular are just not served in healthy quantities unless they're drenched in flavour enhancers. Personally I think there's a great little niche in the market for healthy takeout. Sales people that are away from home half their lives, or people who don't have a kitchen so depend on externally cooked food. Consultants working hundred hour crunch weeks.",
Corrin Lakeland,"If teeth can withstand 30,000 pounds, then how come you can lose your teeth when you get hit from sports like basketball?","Same reason an egg shell is strong if you push on the pointy but and breaks easily from other angles. Teeth are designed to withstand force in exactly one direction. A baseball doesn't simply break teeth, it more twists them in their socket. Simply breaking the root connection is enough to kill the tooth. We had something similar at work. We have a very expensive machine called a press brake. It's strong enough to bend steel up to an inch thick. You'd think it is indestructible given how much force it can withstand, but it cracked simply because someone hit it.",
Corrin Lakeland,"If everybody in America switched to an electric vehicle tomorrow, and there were ample charging stations, would the grid be able to handle the load?","A couple years ago the demand for Tesla was so much higher than supply that some people were selling their year old car for more than they bought it for. EV manufacturers were ramping up production as fast as they could to try and satisfy this demand. During this time, we didn't have too much trouble building charging stations at the rate one per ten thousand cars sold or whatever the actual ratio was. So yes, if everyone woke up tomorrow and said: “you know what, my next car witbe an EV”, we would be able to build charging stations for them before we could deliver the cars. The power usage by electric cars is relatively minor, at around 10kWh per day. It's also conveniently at a time that has historically been a lull in demand. That said, decades of underinvestment in the grid have left it prone to breaking, to the point that even a modest increase in demand could be too much. Since electricity use is clearly going up rather than down, and power plants take many years to build, there is an urgent need to build more now. EVs aren't the problem there much more than say electric toothbrushes, both are basically rounding errors in demand. Also both would be largely unaffected by the odd power cut since they both have enough battery to easily wait for power to come back on. That's not true of AC units, or the laser cutter I just bought at work. We need to build more power plants because otherwise we won't being unable to turn on the AC, manufacture, produce steel, or use LLMs … those things matter regardless of your political persuasion.",
Corrin Lakeland,"If you're an owner of an electric vehicle, do you enjoy an out-of-state long-distance trip with the car?","No, not really. I would prefer it to the same trip in an ICE car, but anything over six hours and I'd rather fly. I'm not some evangelist that will do whatever is best for the environment. I use an EV because it's far nicer to drive, but a plane is still better than sitting in a car for a day.",
Corrin Lakeland,"How much has your electric bill increased since your purchase of an all electric car? How many miles driven, etc.?","The average car goes 30 miles per day. The average kWh per mile in an EV is 0.34 So that makes it 10kWh per day Since you asked about me specifically, I changed electricity provider to one that provides cheap overnight charging, specifically I pay $0.13/kWh. There are even cheaper overnight plans available but they’re more expensive during the day and so this works out best for us. 10 kWh * $0.13/kWh = $1.30/day Basically it’s negligible at around 20% of the price of an ICE car. Across a year that will save $2k ($2,500 -> $500). Electricity usage is significantly higher when you go on a trip. I went on a two day drive a few weeks ago, and the AirBNB said it was fine to plug in there overnight which saved me going to a public charger. I took it from just 5% to around 50% using a regular wall plug, and would have cost almost $10 assuming they didn’t have an overnight plan.",
Corrin Lakeland,Can we use a home electricity socket to charge a Tesla car?,"Yes. If you only do a small amount of city-driving most days, then a regular home electricity socket will be enough to ‘refill’. Depending on the amperage of the socket you’re talking about, you might be able to add 5 miles of range per hour, or roughly 60 miles overnight. That’s enough for most people’s day to day needs since the average person does 30 miles a day. I personally get about double that using a 240V socket, which is more than enough for my day-to-day needs, and enough to slowly recharge my car after a long trip.",
Corrin Lakeland,"Can I use a GMRS radio in New Zealand? I want to buy a Baofeng GM 15 GMRS Radio, but I'm not sure if I'm allowed.","From the very first hit on Google UHF CB radios UHF (ultra high frequency) Citizen Band (CB) radios from the USA (FRS or GMRS), UK and Europe (PMR446) are on frequencies that will cause interference in New Zealand, so you can’t use them here. However, UHF CB radios that are acceptable for use in Australia can be used here",
Corrin Lakeland,What should we do for our email list’s growth?,"Firstly, email list size is a terrible metric. Just like forecasting company revenue by the number of customers, it completely missed how engaged those customers are. A better metric is the number of emails that are clicked through on. That way a member that stops clicking is just as painful as a new one is helpful, and artificial methods to grow your list size such as partnering with an unrelated company generate members but no clicks, highlighting that they didn't work. Hopefully from this it is obvious that the only method that works is organic growth. Put yourself in the shoes of a member. What would cause them to tell their friend about your list, so that the friend signs up and starts engaging? The answer is obvious. You link to content that interests them. They will naturally share the interesting content, and you make signing up easy.",
Corrin Lakeland,Is there an AI bubble now?,"I’m going to answer this in a roundabout way by looking at index funds and the dotcom boom. Obviously just my personal opinion, not financial advice, etc. During the 90s we went from the internet being something most people had never heard of to something widely expected to completely transform the world. A lot of fortunes were made as people bet big on the likes of pets dot com, or this funny online CD store called Amazon taking on the big music retailers. This was followed by the dotcom crash, where numerous overinflated startups were brought back to reality (along with a bunch of good companies). That was over twenty years ago. Looking back, the total market cap of those dotcom companies was about right. The revolution they promised has happened, and it’s been at least as big as they claimed. The poster child of the dotcom boom and crash is pets dot com. Now twenty five years later I subscribe to a pet food delivery service and don’t recall the last time I physically walked into a pet store. At the same time the individual stocks which succeeded back then have largely all failed in future years. I mean sure, we can easily spot the ones that didn’t, but let’s look at the NASDAQ from 1999: Amazon, eToys, Pets Dot Com, Qualcomm, BroadVision, Metricom, Ortel, VeriSign, Cisco. Let’s say though that you’d invested not in these specific stocks, but in an index fund covering all of them. You hadn’t believed in eToys specifically so much as the dotcom boom in general. You’d have done very well for yourself You might have worried a little when your index went from $8000 to $2000, but just twenty years later and you’re back to $12,000. The underlying fundamentals were good: ‘the internet will revolutionise business’. It did, though picking winners is really hard. That brings us to AI. Can you guess which AI technology company will dominate in 2043, because I certainly can’t. A couple years ago we might have said the biggest and best AI company is Palantir. Now we might say it’s OpenAI. I’m sure some people will guess right and make a crazy amount of money. My bet though is that most will go the way of pets dot com and crash to almost nothing. Will NVidia still be the chipmaker of choice in 2048? Actually I’d go further and hypothesise that so many will crash to nothing we will have an AI bust, a bit like the dotcom bust. Fundamentally though AI will deliver on its promise: ‘People using this tech will do far better’ A bubble is when people invest only because they know another investor will buy it off them for more. What I think we have now is that technology has completely changed how we’re going to do business, nobody knows who the new set of winners will be, and so there’s a lot of guessing going on. I don’t think it’s a bubble because I think the total market cap attributed to AI is about right… I think a better term would be ‘an extremely volatile market’. I would expect that even an index fund of AI companies will be a very bumpy ride.",https://qph.cf2.quoracdn.net/main-qimg-e0c947a240c4581acde6e3486aa8e6b7
Corrin Lakeland,Can you charge an electric car at home with solar panels?,"My parents do this. They have a really cheap system, where the solar panels don't have a connected battery pack. It charges the car, runs the pool or dryer, or whatever happens to be drawing power. If nothing needs electricity then they sell it back to the grid at a miserable rate. Another downside of this is the power comes during sunlight hours. Most people are away from home during the day and couldn't take advantage of this. A benefit from being retired. You can use a more expensive system with batteries of course, but I wanted to highlight that cheaper options are also available.",
Corrin Lakeland,"Why can't every single parking lot in the car park be an EV charging point, so that drivers will not have to fuss about people hogging it after it’s done charging?","I can see this making sense for the kinds of lots that people use overnight. The average car drives 13,000 miles a year. However about a third of those are on long trips where people would use fast chargers regardless. That gives 10,000/year or 30/day. That takes about 10kWh or $2/day. That's not really enough to need precise billing. It's ‘close enough’ to add perhaps ten dollars a week to the cost of renting a park and skip billing entirety. This also means the total draw of the lot is manageable. You've got say ten hours to add 10kWh to each car. A power draw up to 250kWh is possible without too much infrastructure, so a lot can recharge 250 cars overnight with commonly available infrastructure. Malls and the like are a different story. I don't see there ever being significant demand.",
Corrin Lakeland,I'm doing organic marketing letting people know that I offer makeup services. I have a problem with converting them into a booked client. What's your advice on converting someone into a booked client?,"Talk to them, ask them rather than us. Three possible reasons: They would never book. They are not right for your service. You're wasting your time trying to get them in. They don't live anywhere near you. They might be interested, but email goes much further than a car. Going straight from a passive email to in person booking is too much. You need an intermediate step. Don't guess, get in contact with a dozen or two until you can roughly put percentages into each bucket (or a bucket I missed). The strategies for each are completely different, so there is almost nothing you can do without more information. Plus this step is free, and always good practice.",
Corrin Lakeland,I told my husband to keep his ring on at all times. Can this stop him from cheating?,"As I see it there are two possibilities: you have the kind of husband that cheats (or not), and you're considering laying down a rule (or not). If your husband wouldn't cheat anyway then your rule will just cause pain. Your demand will only cause pain. If your husband is the kind of man that cheats on his promises, then your rule is a waste of time.",
Corrin Lakeland,How do I quickly catch up with an experienced data scientist?,"I'm experienced. Which means I'm all but useless in a quick catch up, because practically by definition that means my experience is useless.",
Corrin Lakeland,How many miles does one hour of charging produce for the Tesla Model 3?,"A supercharger can fill roughly half the battery in fifteen minutes. The last little bit of charge (95% to 100%) takes a long time and I can imagine going from 0% to 100% taking a full hour, but that's not how you're supposed to use it. If you're going on a long drive then you stop when you're below about 20% and charge it up to say 70% which should take as little as fifteen minutes. So a long trip that includes an hour of charging should have roughly filled the battery twice over, essentially giving you three times your starting range.",
Corrin Lakeland,Would you date someone else if your husband/wife died?,"I don’t think so. I’m a quirky individual and over many years my wife and I have learned how to fit with each other. I think I would really struggle adapting to living with someone else. The issue is bad habits; I’ve addressed the ones that annoyed my wife, but those that didn’t bother her are now deeply ingrained. I can’t imagine anyone else having exactly the same set of things that bother them. It’s not that I wouldn’t want to date again. You know how you can look at a relationship and see how there is a heartbreak coming long before it happens? There’s some irreconcilable difference such as children, religion or similar. Well, I think I’d be in that position with anyone.",
Corrin Lakeland,How is sitting at a Tesla charging station for 75 minutes to fully charge the electric car better than filling up a gas car in 5 minutes?,"You see gas cars on the road all the time right. Same with Tesla's. You see gas cars filling up all the time right? Yet you don't frequently see people sitting at a Tesla charging station for an hour. When your observations don't match your expectations, the problem is almost always that your mental model of the world is wrong. Really it's that or your observations are wrong.",
Corrin Lakeland,Is a $339 USD toothbrush really needed for proper teeth health?,"No. My wife picked researching the effectiveness of electric toothbrushes for her undergraduate project and I got to review the stats. Everything about these fancier bricks is designed to make it easier to do a good job: oscillating head, 3D tracking, timer, pressure sensor, Bluetooth. For example Bluetooth answers how often you forget to brush. The killer chart for me was a study of twenty people where half were given a manual brush and the rest a fairly fancy electric one. Treatment was training on proper brushing. Results were clear: there was no significant difference between the two groups after treatment but there was before treatment with the electric toothbrushes winning.",
Corrin Lakeland,Will charging an EV eventually be as expensive if not more than gasoline ever was?,"Will electric lights (flashlights) eventually be as expensive if not more expensive than gas lanterns? These newfangled batteries seem good now, but what are the downsides? This flashlight costs $700 while this lantern is only $40. Clearly flashlights are more expensive than lanterns. I'm being factious because this is exactly the sort of twisting of facts that we see so often when people are pushing an agenda.",
Corrin Lakeland,"Why would someone pay the extra cost for a Macbook if they could get a Windows laptop with equivalent hardware for much less? I really want to understand, why would a standard user choose Apple ever? Your ego aside, please.","The place where a windows computer saves money is in having more choices so you can pick your compromises. For example my main work computer is what's affectionately known as a luggable. It's technically portable but both too heavy and too little battery life to use for more than an hour away from a desk. It cost around $1500. The only apple with equivalent power is the MacBook Pro 16″. For $3099 you can get that with the same storage and almost as much RAM (32 vs 40 GB). You're literally paying double. That Mac is a far better machine. Rather than a luggable, it weighs just four pounds and has a twenty hour battery life. Why would you choose the Mac? Because you don't want to compromise. Lousy battery life and heavy, or double the price. Or… notably inferior specs for the same price. Some people are willing to pay for things done properly. Others prefer to save by taking shortcuts.",
Corrin Lakeland,Is sleeping with a guy or a girl before getting married considered normal in your country?,"New Zealand. Yes, that's normal. Not doing so will get you strange glances. Like: “what's wrong with you? You are about to make the biggest decision of your life and you're turning down knowing more about what it will be like together?”. There's a TV show called Married at first sight. The reaction is similar, although more extreme.",
Corrin Lakeland,How many of you were in debt in your 20s and what did you do to be more financially comfortable after your 20s?,"I had student loan debt throughout my 20s but that was it. Mostly I earned some money tutoring, and then spent down to roughly zero by the next pay period. I remember monitoring my bank balance being my primary method of budgeting. That worked fine until I changed jobs from one that paid every two weeks to one that paid once a month. Financial comfort didn't come until my forties. I traded a low income, low expense lifestyle for a decent income and a huge mortgage. I needed to get better at budgeting for that transition, as previously I would simply spend nothing when things screwed up, but now with monthly, quarterly and annual bills I couldn't get away with spending nothing.",
Corrin Lakeland,"Being a housewife sounds like a good deal to me because your husband's income is your income, and the workplace is a war-zone. Why do feminists call it patriarchal oppression?","When my wife went back to work I noticed we had a drop in quality of life. All those little things she'd been doing around the house generated more joy than we could get from the extra income and I encouraged her to stay at home. She didn't for two reasons: Firstly she enjoyed the work better. It was much harder mentally required attention to detail in a way that running a house does not. Secondly she was worried about her independence. If we got divorced or I was unable to work then the labour market for long term housewives is poor. As for why it's called patriarchal oppression, that relates to both points above. I would prefer she stayed home because that would make my life easier - her preference doesn't register. The second one is more about control - if she's dependent on my income then I could demand she does things and her choices would be comply or be out on the streets. If she's independent then she'd simply tell me to shove it. Earning the money means I'm in a position to control the money.",
Corrin Lakeland,How do those pushing for EV explain how the vast majority of the cars will be charged while people are sleeping when solar and wind are normally unavailable or reduced capacity?,"This is true. I explain it by saying: “The vast majority of cars will be charged while people are sleeping when solar and wind are mostly unavailable”. Seems clear enough? Presumably the implicit question is… If EVs can only be charged using non-renewables then they're not sustainable. You're quite right, EVs are not sustainable. They're massively more sustainable than dinosaur cars, but still we'll short of carbon neutral. Cars will likely never be sustainable. Hopefully in a hundred or more years, our great grandchildren have worked out something better than we have. I was doing some rough numbers yesterday and realised that an ICE motorbike is slightly better for the environment than an EV car.",
Corrin Lakeland,Are all EV charging stations used a standard plug for all car types and models? How about the voltage and current control among the various types of EV?,It used to be a bit of a wild west when they first came out. Now it’s pretty much standardised for all new car sales but there’s still a number of legacy cars on the road that need adaptors. North America has standardised on the North American Charging System (invented by Tesla). Places where 220V is standard have tended to pick CCS2. Basically it’s fine as long as you don’t ship your car from one continent to another.,
Corrin Lakeland,Why has the news been blocked about the government trying to figure out how to tax electric cars?,"The news hasn’t been blocked. Governments are always thinking about how to adjust the tax system as technology changes things. You can read proposals on how the government might change tax based on AI, wealth, capital gains, blockchain, … For example if business becomes more efficient through the use of generative AI then it can produce just as much with fewer workers. That means increased unemployment but more money to pay for it. What’s the right way to handle that? The increasing use of digital currency means that people can buy and sell goods and services without ‘money’ changing hands, skipping both sales and income tax. The increasing use of EVs means fuel tax is pretty useless and if you want to encourage lighter EVs to reduce road maintenance then you might want to charge more for heavier vehicles. All of this is fully public. It’s not on the news because most people find discussions of tax optimisation to be incredibly boring. But if it floats your boat then you’re in luck - the proliferation of the internet means you can listen to specialist podcasts or blogs without worrying that it isn’t covered by the mainstream press.",
Corrin Lakeland,How do you feel about a tax system which taxes only land owned? It is a flat tax. It will tax it in perpetuity and the only way to free yourself of the tax is to sell the land.,"The first thing that I always think about when someone proposes changing the tax system is… how will this be abused. Always remember the anecdote about English manors without windows due to the tax. In this case two obvious things spring to mind. Rich people can suppress their desire to own a big house and live somewhere modest, essentially avoiding tax. Secondly, food needs space to grow and high density farming is not good for the soil. This will push up the cost of food. Most likely this tax only applies to this country, so everyone will abandon farming and import all food. You better hope the supply chain never breaks. Two suggestions: firstly, rather than inventing a new system and working out why it doesn't work, instead work out what you don't like about the current system and make a small tweak. For example taxing income rather than wealth strongly encourages hiding income. Decreasing income tax and introducing a wealth tax addresses that. Secondly there are a lot of things where everyone knows it would be better, but nobody knows how to make the change. The metric system, universal healthcare, etc. Focus on a concrete change that could be introduced now. Perhaps a register of assets. Something that even incompetent governments will achieve.",
Corrin Lakeland,"Can you use your EV electric vehicle battery as a solar house battery (house with solar panels), by having a connection from the house to the EV?","Some have this feature, but it's not particularly good for the battery. Car batteries are optimised for the load a car places. Using it to run a house will likely cause more depreciation than you'll save.",
Corrin Lakeland,What is the #1 best city to live? What is your favorite city?,"When I left home I moved to Wellington (NZ). It was pretty cool - everything was within walking distance of my flat. The city was roughly ten times bigger than the small town where I grew up. It had a university, government buildings, skyscrapers, etc. There were bars and theatres. I left to be with my then girlfriend. Midway through my PhD, my now wife and I moved to Wellington. I hated it; we had no money and couldn’t afford to do anything. Flats were expensive and people were unfriendly. We left after a year. It was cold, windy and wet. After graduating, I found a job and we moved to Wellington. It was ok, though the city really felt geared up to support government workers. I had to fly to other cities regularly for work. I hit a glass ceiling because I didn’t want to get a job in government but there were very few senior roles outside government. Most large businesses had abandoned the city some years before. The city didn’t change much in this time - I did.",https://qph.cf2.quoracdn.net/main-qimg-f5ca628c8567cf804fd9e1f8c9bbc02b
Corrin Lakeland,"Does anyone ever prefer to work two part time jobs instead of one full time job, not because they have to, but so that they can work in two different fields and have a more flexible resume? Is it ever advisable to do this?","I kinda do this. As a consultant I work across multiple clients and industries. Those clients pretty universally want 100% of my attention for the duration of the engagement. I've had to push pretty hard to get part-time. I've found a number of benefits though. Firstly it really helps my sanity. Every workplace has a bunch of good stuff and dumb stuff. I find if I stick to one place then the good stuff becomes expected while the dumb stuff becomes increasingly obvious. Moving between the two really helps to keep perspective. Secondly it helps with my income security. Clients end contracts for all sorts of reasons and going from charging to not is never fun. Because I effectively get half my income from each, I don't ever go down to zero. This also helps with contract negotiations since I can afford to walk away. There's lots of downsides too, but I find that it's slightly better overall intend to keep doing it.",
Corrin Lakeland,How do I become a data entry worker?,The most important step is the time machine. Large language models have effectively made all data entry workers redundant. You'll still find the odd job at slower moving places. LLMs have really only hit the public eye in the last year. I'd guess it'll be another four years before they are ubiquitous.,
Corrin Lakeland,Would you rather drive your car than have an autonomous driving car?,"Would you rather have a dryer that senses how dry clothes are than setting a timer? Would you rather use a robotic vacuum cleaner or vacuum yourself? Smart systems mean I can put my mental energy into things I care about. Now the odd person is passionate about driving, and so they should use robots in other areas of their life so they have more energy to focus on driving. Personally I hate driving and am really celebrating even small steps towards automation.",
Corrin Lakeland,"If only 14% of Americans had a home computer in 1995, does that mean most people would go to the library if they needed computer access? Could you access chat rooms on a library computer?","The internet was still not such a big thing in 1995, most people with a computer did not go online. If you went and used a computer at the library then it was either to search the catalog or to look things up in the shiny new digital encyclopedia ‘encarta’. Connecting to the internet required either a modem (home users) or an ISDN line (businesses). I remember in 1996 dialing into my local library. They had a stack of modems so you could dial directly without needing an internet connection. This was great as internet connections were expensive but local phone calls were free. I could essentially turn my computer at home into a terminal at the library.",
Corrin Lakeland,"Is Switzerland really placing a ban on electric vehicles, or is this another myth circulating?","Very few things are modern life are complete fabrications. Gross exadurations are far more effective since they take longer to refute, and long refutations sound weak. As an analogy, someone from the state department put out a bit of a joke paper on how to prepare for a zombie apocalypse. It actually makes great reading, and is full of sensible advice. Consider the headline: Federal reserve prepared for mobilisation to quell zombie apocalypse. There's truth to it. That is part of how the paper says the zombies will be dealt with. Just… not a lot of truth. About as much as the truth to this claim.",
Corrin Lakeland,I just started a tech company that would focus more on technological innovation. What are some tips on how to make my company a success?,"Work out how you're going to make money. Start with visualising the money turning up in your bank account and work backwards. Make sure your plan includes more money coming in than out. I'll Illustrate with an example of where I failed to do this. About ten years ago, CME was scaling from being an awesome customer engagement platform for one client to supporting multiple clients. The system needed to identify how interested each customer was in every message we could send, and I felt that being by far the best in the world at this would be out competitive edge. We implemented deep learning from scratch, reading research papers and translating it into code. It was a monumental amount of work and we went head to head with Google on tech when they released tensorflow. It was pretty awesome for a startup with eight people. I even looked at buying one if the first commercial quantum computers to help with the simulated annealing. That's how I saw it. Now let's look from the perspective of one of our clients. They were using the software with a somewhat antique interface (pre-web). It had only basic asset management and the strong focus on ‘segment-of-one’ meant setting up a simple message was a lot of steps. Now in addition to eligibility criteria, the system was scoring messages so audience counts were jumping all over the place. Compared to the old method where every message had a propensity model, this new one was just that much more complicated. Users tolerated it. Maybe they even liked being on the bleeding edge, or just liked our enthusiasm. Anyway we earned maybe $5,000 a month from extra sales due to the smarter message selection. Clients got slightly better messages/ products in front of customers and sold a little more so it was probably fair. The trouble is we'd invested several hundred thousand dollars in developing the tech and were spending around $10k/month maintaining it. This technology innovation was cool, but monetizing it by adding it to an existing product with just five clients? It's painfully obvious that won't ever cover costs. You need scale to benefit from innovation and we didn't have scale. If we'd owned SFMC with many thousands of clients. Coming back to you… I'm sure you know that nobody buys ideas, they buy execution. Equally, nobody buys technological innovation. You need to apply that innovation in the market at scale yourself.",
Corrin Lakeland,"My car, a Toyota Avensis 2010, is making 9.3km/l. Is this a good economy?","We had a similar car and worked out we were spending so much on fuel that we could replace it with a brand new fuel-efficient car and save money. The arithmetic is pretty simple. 9.3L/100km vs a hybrid at say 3.3L/100km saves 6L. How much is six litres of fuel where you live? How many 100km do you drive per year? We did this back when hybrids were pretty new and not yet widely available on the secondhand market, a bit like the situation with EVs now. You can make the numbers work much better by getting a three or so year old fuel efficient car. Some people do the calculation and use it to justify getting a new EV. That works, but only if you ignore that a three year old car would score better.",
Corrin Lakeland,Why aren't electric vehicle batteries easily swapped for a fully charged one? They could be in a separate standard trailer. You stop and just swap batteries instead of waiting to charge.,"Sounds good in theory, been tried, didn't get market traction. One downside of this idea is that for every car sold you will have to build more than one battery. That's a massive amount of depreciation which will have to be passed on. Would you rather spend $200/month on your car payment, or $250/month on your battery lease. You'll also lose innovation as all battery packs will have to be standardized, and lose range as you need to increase insulation. Otherwise there is a lot of appeal to this. The tech is relatively easy. First you save heaps on the purchase price, and second refilling the battery is as simple as driving up to a robotic swap unit.",
Corrin Lakeland,Is Cathy Woods wrong on her stock predictions as Tesla going to 2000 a share? Wouldn't that place the company at a ridiculous valuation in the trillions? Bitcoin going to 1 million isn't Bitcoin just gambling ?,"They're are literally millions of people voting on what Tesla is worth with their wallets. The consensus is $265. If someone thinks it's worth $2,000 then they can buy shares at the current price, sell them for $2000 and make a great profit. The only reason to talk about it is if you plan to influence others.",
Corrin Lakeland,"If Jeff Bezos and Elon Musk evenly distributed all their wealth, what would be the effects?","Bezos and Musk are rich but they’re not rich enough that redistributing their wealth would make a material difference to the average American. Bezos is estimated to be worth $150B and Musk $250B for a combined $400B but a lot of that is tied up in Amazon and Tesla respectively. Realistically what we’re taking about is everyone being given a tiny share in these big companies. The population of America is 340m so in round numbers you’re talking about giving every American $1,000. We’re talking the same order of magnitude as the covid stimulus checks. As for the effect, it is mildly inflationary. It helps your standard B2C businesses, especially the discretionary ones, as people go ahead with a few purchases that they previously would have deferred. Walmart would probably be the biggest winner. Far more interesting would be trying to guess what happens to Amazon and Tesla. Without a single large shareholder having an outsized influence in the company’s direction, I would expect both to turn into more regular large corporates. My gut reaction is that will cause Amazon to very slowly fade away, while it might actually help Tesla. I can’t think of any similar experiment we could use as a baseline.",
Corrin Lakeland,"If someone invented the cure for cancer, how wealthy would they become compared to Elon Musk or Jeff Bezos?","Let’s pretend that despite the legions of past research into cancer by innumerable brilliant people, it turns out that a simple magic pill is able to cure cancer by flagging cancerous cells for recycling. Let’s assume that this is dead-end research, the magic pill is perfect so cancer is such a perfect fit that cancer is no longer an issue but the whole approach cannot be applied to anything else. I’ve created this scenario because most major advances have knock on effects that can be as big as the initial achievement. For example nanobots that rush around your body curing cancer could also rush around your body doing infinite other useful things. One in six people die of cancer. The total worldwide pharmaceutical spend on all drugs is $1.5T, so I’m going to estimate $250m as the market opportunity. By comparison the current pharmaceutical spend is $150m, so I’m assuming this will almost double due to the new treatment being so much better. However almost none of this revenue goes to the scientist that makes the breakthrough. My guess is they’ll make their employer obscenely wealthy, and that employer will give them a bonus in the tens of millions of dollars as a way to say thank you and encourage future staff to dream big.",
Corrin Lakeland,Why don't police just drop people off at home when they pull over a drunk driver? Why waste time and tax dollars arresting people for DUI? Just take them home if they get pulled over within 5 minutes of their home.,"I can save even more money. Why bother driving them home when they were already driving themselves home? Just take the reading, log it against their ID, and let them continue on their merry way.",
Corrin Lakeland,"Why do marriages in the past endure the test of time, but today marriages end up in break-ups despite the increase in education and civilization?","I’ll use an example from the parents of a friend of mine who were born in the 30s. They got married when she was 20 which was pretty normal in the 50s. She had worked a few jobs since leaving school at 16 but of course she had to stop the moment she was married. A couple of kids later and her job was obviously to ‘make home’. As a cabinetmaker he never had a lot of money but it was enough for an honest working-class life. The marriage was certainly not happy at this point, but well, they got by. A curveball was thrown when their daughter had a baby at 16, which they adopted - but I’m not sure it really changed the outcome. The husband retired about the point the youngest child left home. The parents hadn’t liked each other for a long time, but they’d tolerated each other’s company and well, they hadn’t needed to see a lot of each other. After this point though they were both at home full time and could no longer escape each other’s company. The trouble was they had no money - she simply couldn’t leave because even though she hated his guts by this point, she hadn’t worked in thirty odd years. They were just scraping by financially because they had two pensions and only one house. There’s absolutely no way she could have afforded even a modest rent. So they stayed married for over fifty years until he finally died. She’d raised the three children, and he’d provided what he could in terms of money and discipline. “… despite the increase in education and civilization” Have a look back over the anecdote above. Had she been better educated then she would have been able to get a job. Increases in civilization would also have provided her with more support if she’d left. Without either of those things, she had no option except to stay in a miserable marriage.",
Corrin Lakeland,Why is there a female to male wage gap for the same job?,"The short answer is there isn't. The wave gap comes up when comparing different jobs (eg labourer vs childcare worker). It also comes up in a large company when you look at who gets promoted. I had a friend that did a detailed statistical analysis of pay for a large organisation looking for bias. It's extremely hard to measure just the effect of gender, for example women tend to work slightly fewer hours per week in salaried roles, and working longer hours is associated with getting bigger raises. Also men are, on average, more likely to ask for raises during annual reviews. Women are paid less for equivalent work (same level of qualification and experience), but they are paid roughly the same if they are doing the same work.",
Corrin Lakeland,I’m a 28-year-old female. Should I continue lecturing or start a PhD?,"Why not do both? Surely your institution will be supportive? Note I'd give the same answer regardless of gender, I really don't see it as relevant here",
Corrin Lakeland,Why do you have to choose a good company?,"I'll give an anecdote related to pa, but before I begin, I want to emphasise that this applies across the board. It's less important with pay than other things, that's just the only example I can give from first-hand experience. Imagine the same job at two companies. Both are equal in most ways, but one proactively gives raises based on merit and changing market conditions, while the other is strictly reactive. Employees start at similar wages at both companies since they have to complete. However over time, pushy employees get raises while more trusting ones do not. Occasionally a more trusting employee hears how much they've underpaid and quits. Now , imagine what the culture is like - the active place has employees that concentrate on their work, while the passive place is more like a free market, with employees constantly pushing. Where would you like to work?",
Corrin Lakeland,Is community college a waste of time for pathetic people who don’t have money to attend university?,"I grew up with a bit of predujice about community college. Perhaps a little different to yours in that money was never part of it, but just as bad. After my wife graduated from uni, she found a job in a small town, too small to have a university and so I found myself a job teaching at the local community college. That was a massive eye opener for me, neither the teaching staff or the students were anything like I'd imagined. The teaching staff were awesome, most were former school teachers, and many were active in what's now called the maker community. Yes, they weren't publishing international research on ray tracing, neural models of sleep, constrained sorting or the like. Instead their focus was more on student achievement. They were also publishing their findings on the effectiveness of different teaching techniques. I don't know if you've been to uni, but the standard of teaching is well pretty poor. The staff are all professional researchers and they've been asked to squeeze in some teaching despite minimal training. Kinda like grabbing the best mechanics you can find and telling them they're to teach a class on car repair. Results were highly variable. The students were also anything but lazy. Most had left school, got a job and realised that path would not give them a good career. My class had mums juggling education and childcare, people working full time, an athlete trying to build skills while competing, and numerous people that had got a job as a dockworker and were now completely retraining. My point is that none of them were slackers. They were there to learn and get a good job, not because their parents told them to go to uni so they did. Yes they were not academically gifted, but they sure made up for it with proper time management and hard work. I'm telling this story because it was a crazy confluence of factors that led to me being there. Most people in my position would have gone through their whole life without having that prejudice challenged. I was wrong about community college, so how many other things am I also wrong about? That experience has made me very cynical of people, especially reporters and politicians, talking about things where they have no first-hand experience.",
Corrin Lakeland,I'm writing a fantasy novel. Is it okay to spend over 100 pages to world build the themes and vibes without mainly focusing on the main plotline?,"I've enjoyed books that did this. Not fantasy, but I don't see that as a major difference. It's hard. Those first hundred pages need to really grab the reader and well, plot is the obvious way to do that. I'd consider anyone who pulls this off to be a true master.",
Corrin Lakeland,Why is Mark Zuckerberg copying Elon Musk?,"This is the smartest thing I've seen from Meta in a long time. Firstly an important distinction: they're not coping Musk, they're copying Twitter. As for why, it's because Musk’s personality has driven many people away from Twitter. There are literally millions of people that like and want Twitter, but without Musk. Social media is weird, the app itself is trivial, it's the fact other people use it which makes it valuable. If you launch a social media platform, you need to somehow convince a lot of people to use it at the same time. Here, Meta was handed that on a plate.",
Corrin Lakeland,Is it normal to have debts at the age of 25?,"Yes, much as I might disapprove, most do have debts. Most twenty-five year olds have essentially nothing, neither saving or incurring debts. They have developed their careers a bit, but outside a few outliers, most people are barely making ends meet. In terms of debts there are three main sources. Heaps of people go into tertiary education and take on student loans, and afterpay services are extremely popular, lastly car loans are so popular people sometimes forget they are loans. Thinking of myself, I was a bit unusual in that I'd bought a (very cheap) house just before my 25th birthday. That was unusual at the time and prices have risen since I was that age to the point that is completely unrealistic now.",
Corrin Lakeland,What are the most effective ways to save money on a tight budget while living in one of the most expensive cities on Earth?,"One creative method is live-in jobs. Even if you're only paid minimum wage, you're getting free board in a nice house. In practice you can save almost all of your income. Another similar idea is house-sitting. You'll be paid rather than paying rent. Plenty of people get a six month or so trip overseas and want to keep their house lived in so the lawns stay done and similar.",
Corrin Lakeland,Will electric cars - due to their significantly increased weight due to their batteries - cause more potholes to appear on our roads? Wear goes up as the fourth power of weight.,"The fourth power of weight? That’s incredible! A semi weighs 80,000 pounds, while a car weighs 3,000 pounds - The semi is 25 times the weight. So, since we’re working in the fourth power for pothole development, that means a single truck will generate 25^4 times more potholes than a single car. That’s 400,000 times as many potholes. So one truck doing a single truck causes as much damage as almost half a million cars. Since our roads seem to survive this, a few slightly heavier cars are not going to cause them much trouble.",
Corrin Lakeland,"Are 1,000 mile car batteries a game changer for EVs?","Remember each mile of range is another pound of batteries to carry on every trip, and the smart money is on not taking on more weight than you need. Let’s say 95% of your trips are under 300 miles, would you rather have a car that’s tuned for that 95%, or one that’s tuned for the 5%. There’s two obvious exceptions: Firstly the road warriors proud of their long trips without stopping. I had an all-day meeting about 100 miles from home. That’s fine because my car can drive 200 miles without charging. But if that meeting had been 200 miles away then I’d have been late getting home because I’d have to stop and charge. That would’ve sucked - I don’t want to stop and charge on a two to three hour trip! Do that with any regularity and you can bet I’d buy a 500 mile car. Secondly the people who park somewhere without electricity such as the side of the road. They might only be able to charge up conveniently say once a week, so they really need plenty of range for the full week. Lots of parking garages are currently not set up for EVs and I’m sure building owners are trying to put off expensive retrofits. One thousand mile batteries will be a game changer for both those groups. You’ll find the rest of us are much more interested in getting the same range at lower cost/weight. Having a thousand mile range appeals about as much as putting a spare fuel tank in your trunk.",
Corrin Lakeland,How do I invest a million dollars?,"Fee-only investment advisors typically charge around $150/hour. Unless you have a really tricky and somewhat contradictory set of goals, an advisor should be able to give you a sensible plan in less than two hours. $300 is 0.03% of your investment. That’s money well spent. It gets harder and more ambiguous when you’re talking about a smaller amount of money. Let’s say $10k - I’d love to simply say advisors are always the answer, but spending 3% of your capital on advice is very expensive.",
Corrin Lakeland,What drives the passion of the anti-anti-vaxxers? I am fully vaccinated but recognize the right of others to be cautious and skeptical. What drives the vitriol that I see online against vaccine skepticism?,"Imagine if the moment you contracted Covid you turned bright purple, and as soon as you were no longer infectious you went back to normal. I expect then that anti-vaxxers would do a pretty good job of not spreading the virus. In this hypothetical I really wouldn’t care whether you’re anti-vax. it’s not your denial of basic science that upsets me, it’s that you are playing russian roulette with the lives of people I love. I’m scared that you’re going to get Covid and transmit it to someone I care about despite that person being vaccinated. In that scenario it doesn’t matter how well you recover from Covid, what matters is the recovery of the people you infect.",
Corrin Lakeland,I put in my 2 weeks resignation notice a week ago and my manager is assigning me so much work during my last 3 days. How do I address my concerns?,"Any advice you read on the internet about leaving a job will tell you to avoid burning bridges. You’ll be remembered more by your behaviour during these two weeks than anything up until this point. What these people remember about you will matter: perhaps the new job doesn’t work out and you need a reference from them? Perhaps one of them becomes a key client to your new role? I start with that preface because it’s now the most important thing, and so working out how to handle unreasonable requests, you should view that through the prism of leaving a good impression. One option is of course to work your ass off. Do sixteen hour days for the remainder of the notice period. Will that leave a good impression? Perhaps it will annoy them that you didn’t work that hard during the rest of your time there. Personally I’d go for having a cordial conversation with your manager. Something like “Boss, what you’ve asked me to do in the next three days is more than I can get through. Would you like to sort the tasks by priority, or are you comfortable with me judging their priority?” The impression this leaves is someone that’s aware of their own limitations and is deliberate about working within them. It also avoids you arriving at your new job feeling frazzled. Mostly I’ve seen this come up because the manager has screwed up for a long time. For example a friend of mine resigned recently after complaining about being overloaded for months. Suddenly the manager realised that would leave an in-progress project and desperately pushed him to hit a logical milestone. He’s been cheery and helpful, and he’s also been stopping on the dot of five.",
Corrin Lakeland,I have a business idea which I believe has a huge potential to grow and will have a good impact in Finland. What is the best step to get funded for the idea and start a business here?,"Step 1: Set up a company with a equity setup that is fair for both workers and investors, e.g. slicing pie’s sweat equity. Step 2: Turn the idea into reality on a small scale. Accept help from people (using equity as per the first step). Use your own money if you have to but largely avoid stuff that costs money. Step 3: Do a little bit of mathematical modelling to show how well it will work when it’s larger. Be realistic. Step 4: Set things up so that you will slowly grow larger organically. That all investors gain by waiting is a smaller share. Step 5: Accept investment",
Corrin Lakeland,"As the USA has special relations with NZ, why is this not entered inside their passports? Exempt from the 90 day NZ visa waiver programme. Automatic entitlement as per eligibility requirements to six month visa free stay in NZ & its territories.",It's a fair question. Certainly Australians don't require a visa for a six month trip. Let's look at the reverse: The Visa Waiver Programme (VWP) permits New Zealand citizens to enter the USA for business and tourism purposes for up to 90 days without a visa. My guess is that is why. It wouldn't be fair if it wasn't reciprocated.,
Corrin Lakeland,How will Tesla convince old people to buy their cars? Older people sware by legacy automakers because they didn't grow up with Tesla. Mercedes already has cars that go as far as Tesla's do in EVs.,"Tesla is still mostly constrained by supply. They can't meet current demand, so it's utterly pointless generating more If an old person wants to buy a Mercedes EV then I really can't see the Tesla rep doing any more than shrugging. I do have a couple issues with your question: Older people give their loyalty in return for the company looking after them. The legacy car makers all spewed masses of lies about EVs. A good chunk of people will not forgive them. A Tesla can drive comfortably for about four hours before you want to recharge. Older people don't do marathon six hour drives without stopping, they stop to break up the journey regardless of the car. They already do that in gas cars. Frankly, the range of a Tesla is already more than they need. The autopilot in a Tesla is substantially better than any other car. That makes it significantly safer and easier to drive. That really matters when you're older.",
Corrin Lakeland,What percentage of the people on the planet deserve a slap?,"Wrong question, a better one would be: What percentage of people would live a better life if you give them a good slap. I’d guess just about zero, but I’m open to counter-evidence.",
Corrin Lakeland,Are there any high paying entry-level jobs with no experience or degree required?,"No. Let's take sales, which is the classic “high paying job with no degree requirement”. Would you hire someone to be your accountant manager and responsible for millions of sales if that person had no track record? They are the single most important part of your brand, you absolutely cannot take a risk on them. Or independent laboring, which pays pretty well. Would you hire someone with no track record of being reliable and careful? For both, you need to be seen as a safe pair of hands to be considered.",
Corrin Lakeland,Would it be possible to live in a glass house?,"It wasn't completely glass, but there was a ‘church-inspired’ glass house in Dunedin, NZ. It was… disconcerting. I could watch the family sitting down to dinner or walking upstairs. It did look really cool.",
Corrin Lakeland,What happens when your electric vehicle loses power in the middle of nowhere?,"The number of places in the world without electricity is much lower than the number of places without a gas station. That said, a friend of mine had exactly this. They had just bought a brand new Atto 3 and took it away for a camping holiday. They tried stopping a couple times on the way to the camp ground for a charge but nothing seemed to work. Finally they arrived, plugged in and went to sleep. Their car was totally dead in the morning, literally even the screen wouldn't turn on. So what happened? They called BYD, got an Uber back to town, and BYD arranged a tow truck. It seems their car's charge port was bung, and somehow that got missed during the QA. Having major faults in a brand new car is actually pretty common so I don't particularly hold that against BYD. I am curious how they charged the car with a faulty charger. Anyway I guess the answer to your question is you call a taxi.",
Corrin Lakeland,What's your opinion on general relativity?,It is too complicated for me. Better left to the experts .,
Corrin Lakeland,"What are the differences between ""universal healthcare"" and ""socialized healthcare""?","Universal healthcare is something that exists, warts and all, throughout the world. Socialized healthcare s a bogeyman. It doesn't actually exist. It's used by conservatives to scare people.",
Corrin Lakeland,How would universal healthcare in America save taxpayer money overall?,"It's pretty simple. Nothing much would change except the health insurance industry would no longer exist. They made a profit of $42B last year that would bo longer have to be paid by taxpayers. Roughly ten percent of people choose to stay with private insurance so let's say $37B. That's roughly $100 per taxpayer. There will be further savings, since much of their operating expenses is now unnecessary, but let's start with the irrefutable money. Note that a lot of the work coding procedures is needed regardless as the government beancounters will demand the same cost transparency that private insurers do.",
Corrin Lakeland,Why do they use billions to search for one submarine and don't replicate the same when Africans drown in the Mediterranean every day?,One of the things I find interesting about human nature is that we will do anything to save someone when it's in our face but we won't spend the same money to save anonymous people or on a preventative measure. I think empathy is a big part of it. It's hard to empathize with an anonymous refugee.,
Corrin Lakeland,What's the difference between Indigent Care and Universal Health Care?,"Indigent care is a little like food stamps. Some members of the public are able to shop in a private business for free. They’re only allowed to purchase certain products - couldn’t have them using food stamps to buy condoms after all… Universal health care is a little like voting. The government runs it and pays for it, not the people using the service. Sometimes the service is better in some areas than others, and sometimes the service really isn’t good enough. Universal health care covers all citizens, just like all citizens are eligible to vote. Rich or poor, young or old. Universal health care covers most medical treatments: cancer, dialysis, MRIs, etc. If your healthcare professional says you need it then it’s covered. By contrast Indigent care only covers the poor, only covers some services: “Benefits are limited to participating administrators who provide primary, preventative and some specialty services”. Earn a lot of money but are transferring between jobs so don’t have healthcare for a few days? You’d be covered under universal healthcare but not under Indigent care. Broke your leg for the fifteenth time because you won’t give up dangerous sports? You’d be covered under universal healthcare. Really, really want a CT scan but your doctor says no? You can’t get one under universal healthcare - the medical profession prioritises who gets treatment.",
Corrin Lakeland,How is it even possible that someone can be obscenely wealthy yet have terrible credit?,"Credit scores are built by a very simple algorithm. Don’t do what that algorithm wants and you’ll lose points, it doesn’t really know very much about you at all. For example be hopelessly disorganised and pay all your bills late.",
Corrin Lakeland,"Sorry if it's a stupid question - (we aren't taught about taxes in school). Hypothetically, if a business's annual income is $500,000 AUD but they have to pay $200,000 AUD rent to lease the property. Is their taxable income $500,000? Or $300,000?",The term you probably need to learn is revenue. A business earns some revenue from sales Then it pays the supplies That gives it a gross profit Then it pays operating expenses like rent That gives it a net profit. It's this net profit that counts for company tax. Note that GST is different.,
Corrin Lakeland,"Why do some professors force Ph.D students to pressure research work in a slave way and steal from them their practical efforts for a professor's personal, until he is promoted to a higher position, in the end, the doctoral students are expelled?","For the first year of my PhD, I had a supervisor that had a very different approach to the whole degree than me. His approach was that I was kinda his research assistant and I would do anything he said, and yeah, he’d be primary author on anything. In exchange he would ensure I would get a PhD, taking an very active hand if necessary. That’s not what I was looking for and we had a somewhat acrimonious falling out over the year, which ultimately lead to me getting a different supervisor. From his perspective though, he was absolutely doing the right thing for me - he was doing his best to force me to do the work that would ultimately form the thesis. I wanted a coach rather than a manager. It’s a cultural difference and part of ‘make sure you get the supervisor you need’. That’s me - I wanted to learn how to do independent research, which fundamentally required me to be independent (with trainer wheels). Lastly there’s millions of professors, I’m sure there’s some bad eggs out there.",
Corrin Lakeland,At what age should children take away the car keys from their parents?,"My FIL is fiercely independent. He's also at a stage where…. Driving has gone downhill a lot. Fortunately he's been pretty sensible about it and gets a friend to drive him anywhere more than 15 minutes. That's really luck because there is no way I'd win a confrontation. I don't think you can give an ‘age’, it comes down to health. But for reference he is in his early eighties.",
Corrin Lakeland,What do you usually keep in your Tesla frunk?,Sports stuff. The indelicate smell of sweat is fully isolated from the rest of the car.,
Corrin Lakeland,Why do so many Americans think that free healthcare is 'Socialist' or/& one step away from Communism?,"When you buy something with cold, hard cash and then proceed to give it away for free… well, you can understand it right? We are not talking about a little freebie either. We are talking about the American government taxing everyone $4,000 or so more every year, and then spending that money on a service they are literally giving away. They're not stupid. They can intellectually see that it stacks up, that every other developed nation (and most third world nations) do it and it works for them. It makes me wonder… if they owned a small business, would they give their employees unlimited sick leave?",
Corrin Lakeland,How can we make health care available for everyone? Is there a country that has better health care than in the U.S.?,"There’s two areas where healthcare in the US is the best in the world. Firstly if you have enough money. Thow more resources at a problem and usually you get better outcomes. If that problem is your health, and you (or your insurance) have the money available, then there are no real limits on the treatment available. Sure, you're being prioritised these resources ahead of someone that needs them more, but that’s hardly your fault. Secondly you can get lucky with testing. In an attempt to avoid being sued, doctors in the US order lots of tests even when they’re pretty sure they won’t find anything. These tests are a drain on the health system and push up insurance for everyone, but occasionally they turn up something that would never have been spotted in another country. “Oh, you’ve got a sore foot, let’s just run your bloods just to be safe”.",
Corrin Lakeland,I’ve never sold my house before. Why is it deemed inappropriate to be present when potential buyers are looking?,"The previous owner of our house is a real estate agent and she decided to sell her own home. We didn’t realise at first and said some embarrassing stuff. After we realised, I felt like hiding and not going to look at the house again. Her presence just about cost the sale. We got to know her a bit through the process and she turned to be really nice, and went well above and beyond to help. We mentioned our initial faux pas and she laughed it off, saying she hadn’t even noticed. I’d note that even in this situation, she got her business partner to do most of the interactions with prospective buyers rather than doing it herself.",
Corrin Lakeland,"If electric cars take more than an hour to charge, how will electric stations work? Will people have to wait this much time?","Let’s say you’re driving home from a trip away. It’s 300 miles, and your car’s range is 275 plus nobody wants to risk rolling home on zero. So you schedule a stop on the way home. Maybe you add 75 miles of charge to give yourself a comfortable 50 mile buffer. That’ll take what… 15 minutes? Repeat this scenario but make the trip 500 miles and you’ll probably best stopping twice for half an hour each time. Yeah, you grab a bite to eat and stretch your legs. Nobody wants to spend eight hours in a car.",
Corrin Lakeland,Why is it so important to become the owner of a house?,"There are downsides too, but some of the benefits: I’d note that these vary a lot from place to place, for example some areas provide renters with more rights in making alterations or staying. Those places tend to have a healthier rental culture were it’s socially acceptable to rent your whole life.",
Corrin Lakeland,Are electric cars worth their price? Why?,"My business owns a number of trucks that I literally never see. They’re out for deliveries when I’m there, so I pretty much take the perspective of an accountant, except that I also care about the staff being happy. Right now EVs don’t stack up for us. We’ve always bought second-hand, and the second hand EV market sucks, especially for trucks. So no… right now it’s cheaper for us to continue buying older second-hand cars and leave EVs to people that are willing to pay a premium for shiny and new. That’ll change in five to ten years as cars being sold now hit the second-hand market. EVs offer a significant saving at a day to day level, both on fuel and repairs. They cost more upfront, and right now the depreciation is higher for me than the savings.",
Corrin Lakeland,"Why are Italian sports cars (e.g., Ferrari, Lamborghini) at least 5 times more expensive than the 2023 Chevrolet Corvette Stingray, if the latter is not necessarily less powerful and arguably even prettier than most, if not all, Italian rivals?","It’s the cost of being hand-made, and spreading the design cost over very few cars. Shortly after Covid we had someone come in to buy what was essentially a latch. They sell new for about thirty euros or or Maybe double that with shipping. Anyway they needed one urgently and asked us to fabricate it. I think it ended up being around $500 for the same thing. We’re a jobbing shop. We design and fabricate every job individually. Want five of something and we’re probably the cheapest. Want five hundred and other places will work out cheaper. If all you’re looking for is raw power then you’d be buying a Tesla. I think what you’re buying is the energy that was put into the product.",
Corrin Lakeland,I was offered a job. I tried to negotiate salary. The HR person spoke with the hiring manager and came back with a dollar LESS than the original offer. Can anyone give me insight as to why any employer would do this?,"It would have been extremely easy for them to respond that unfortunately the offer is not negotiable so coming back is designed to insult you. The easiest thing to do is assume they are assholes and walk away. But I'd take the opportunity to ask them how I insulted them; not because I still want the job because that bridge is already burned, but because I don't want to insult people in the future. There is a chance that you need to change your behavior, and so you might as well ask.",
Corrin Lakeland,"How is employee engagement really important, or is it just a new buzz phrase?","Why are so many questions written in the either/or format when the answer is never just one option? Employee engagement is critical; think about how productive you are when you really believe in the importance of your work and contrast that with how productive you are when you’re being paid by the hour, you hate your job, your boss doesn’t understand what you do and simply needs to see your seat being kept warm. The difference is so huge it’s hard to articulate. Perhaps similar to how productive you are when you’ve got a particularly nasty virus versus when you’re feeling awesome. Even just a tiny increase to employee engagement makes a massive difference to productivity. As per the standard quote: Culture eats strategy for breakfast. And yet, when most companies talk about employee engagement they’re normally talking about some new HR system designed to increase engagement. Just like customer engagement platforms before them, employee engagement systems rarely increase employee engagement. What’s the first thing that comes to mind for you when you think about a “employee engagement system”? For me it’s those weird corporate events where you do team building, the ‘shout outs’ during meetings. These don’t increase employee engagement in any meaningful way. I’d describe it as giving the company a facade of having engaged employees. So when I hear about how a company is going to focus on employee engagement, the first thing that comes to mind for me is cynicism. Employee engagement is absolutely critical, and it’s mostly used as a buzzword. Do the staff absolutely love their jobs - they’re working there because they’re passionate about it and the difference they’re making? Are you paying them because otherwise they’d have to go get a job to support themselves and their family, but if they were independently wealthy then they’d keep doing this? That’s employee engagement. Everyone needs money: You need a roof over your head, food on your table, and clothes on your back. Most people would earn about the same money if they changed jobs, so saying they’re going to work for the money is technically true but misses the point. Why are they going to this job rather than another one that pays the same. As an employer you need to meet the market rate for the job, and pretty much everything else you do beyond that will impact employee engagement one way or another. How interesting is the work? How much difference does they get to make? Are their colleagues fun to be around? Are there silly rules that make them feel like a child? Is the company rewarding slackers or is everyone working equally hard? Is the company underpaying slightly ‘because it’s a great place to work’? Employee engagement is the reason you go to work besides money and it is both the most important determiner of a company’s success and a meaningless buzzword.",
Corrin Lakeland,Do owners of electric cars get excited when there is free charging available?,"No. It costs me an order of magnitude more to charge using a commercial charger rather than at home where it's essentially free. Charging at home is also far more convenient: I plug in, sleep for the night, and the car is full the next morning. I don't care whether recharging took one hour or ten. As a consequence I almost never charge away from home. It happens maybe once or twice a quarter. I'm also not doing full charges away from home, because lbreakfast or unch only takes so long. It's a little top up. Whether that top up is free or charged at a hefty premium makes a big price difference in the moment, but very little difference to my monthly budget. It's like chilli paste. It should really be free since it's so cheap to produce, but even if it's sold at an outrageous profit, it just won't make any real difference. Still, I dislike paying a premium. Last time I was away for the weekend there were two charges in town: one was free at one restaurant complex, while the other was full price. I went with the free option.",
Corrin Lakeland,"Do Teslas learn specific roads? If previous Teslas have swerved to avoid a pothole, will other Teslas be aware of it?","No The idea is that stuff like potholes are too transient. It's better to have a car that can adapt to their presence without advance notice. There is the ability for the cars to learn, but it's much more controlled than that. For example Tesla might observe that they have a lot of complaints about cars mishandling potholes, so they put software on the cars to monitor them and send back pothole footage. Then Tesla train their software using that footage and send out an update.",
Corrin Lakeland,Is it worth investing in a classic car for its nostalgic value?,"Just like with wine or art, investing in cars is best left to hobbyists There’s two problems from a strictly commercial perspective. Firstly the cost is far higher than claimed because they quietly omit the storage cost. Secondly there’s a handful of cars produced to be collected (e.g. the Carroll Shelby Centennial Edition) but regular plebs won’t be offered one to buy. Regular people will have to buy dozens of cars that don’t appreciate much in order to get that one nobody expected to appreciate. Note that hobbyists breaking a market is surprisingly common in businesses too. A huge number of people dream of owning a vineyard or a restaurant one day, while very few people dream of buying a rubbish tip if they ‘make it’. As a consequence you can sell a vineyard for a lot of money even if it isn’t particularly good, simply because there’s a lot of fools in that market.",
Corrin Lakeland,How far do you think electric cars will go in the future?,"When I was a kid, our computer had 128 kilobytes of storage capacity. My latest computer has literally more than a million times as much. As I was growing up, it felt like capacity was doubling every 18 months or so but then about fifteen years ago I noticed capacity growth had tapered off, not for technical reasons but because the demand for more just isn't there. It's the same with EVs. The first ones had crap range, barely enough for a short commute. My car has a range of about 280 miles. I want to drive further than that maybe once every two months or so. If you offered me more range for free hen I'd seriously consider turning you down. Why add extra weight for something I use so rarely. I think we will see continued modest increases in battery capacity and range, but they will have limited market success. I'm sure someone will sell massive batteries for towing or people with no convenient access to chargers. But for most people, I think today's cars strike the right balance between weight and range. I'm guessing that in ten years, most EVs will have similar ranges. As battery tech improves, we will be able to deliver that range at lower cost and less weight. I believe that is the future.",
Corrin Lakeland,What is the notion of opportunity cost? What is an example?,"You could have used my time to help you with any question, and you chose this one.",
Corrin Lakeland,Should I buy a hybrid or EV or wait until Hydrogen cell? I'm in no rush and no need to sell my current car.,"If you’re in no rush and have no need to sell your current car, then don’t buy a new car!! Cars are the biggest money sinks in most people’s lives, depreciating from say $30k to almost zero in just a few years. When your car finally goes to the great scrapyard downtown then you can look at what cars are available now and pick one that suits.",
Corrin Lakeland,You have a choice between two EVs. They are the same size and have the same specs except one has a range of 150 mile and costs $20k. The other has a range of 280 miles and costs $35k. Which would you purchase if you had to choose?,"Which would you purchase if you had to choose? I hate artificial choices. In the real world, I have a choice of several dozen EVs. I also have the choice of waiting a few more months when many more EVs will be available. Your question pretty much is “Should I buy a Nissan Leaf or a BYD Atto 3”. There are people for whom the Leaf is the better choice, people for whom the BYD is better, and many people that wouldn’t be happy with either. In my personal case, I drive over 150 miles every month or two. I’d now have to swap cars with my wife for those trips which would be annoying but we’d manage. I almost never drive over 280 miles, and I’m happy to stop and charge mid-journey for something that rare. So if there was nothing different about the cars then I’d go for the cheaper one. It serves my day-to-day needs, and a once every month-or-two hassle isn’t worth an extra $15k. In the real world though, the BYD has far more boot space than the Leaf. It’s got more height and is generally more comfortable to drive. If I was choosing between the BYD for $35k and the Leaf for $20k, I’d go for the BYD because I take the dogs to the park every week and that’d be a pain in the Leaf.",
Corrin Lakeland,How can I know which stocks I should invest in?,"here’s only been twice in my life where I was certain what stocks to invest in, and both were frauds where I was an expert in the field and could see through it. That’s over twenty years. Note that even if you know for sure that something is a fraud, to make money you still need enough that the broker doesn’t force your hand before the market catches up with you. The reason it’s hard is that every stock is owned by someone that’s done their homework and believes that stock is worth more. Every stock for sale is someone that’s done their homework and believes the stock will drop. There might be a lot of investors that haven’t done very much homework, but they are all pretty small time. The investors you end up betting against are all professionals that study this stuff all day, every day. To me, that gives two options: stick to private companies that the professionals can’t touch, and/or invest using a formula. Something like an index fund means that rather than picking a stock, you instead by a tiny slice of every single stock in the market and therefore are all-but guaranteed to get the market average performance.",
Corrin Lakeland,"Is 100k a good offer for a ""Senior PHP developer"" in Chicago? I got an offer to relocate to the US from a medium-sized company (they will sponsor my H1B) and I'm wondering if I should consider it or try to negotiate a better compensation","As with the answer by Joshua, I prefer to make safe and deliberate steps rather than jump at good deals. What's your plan? Are you looking to move to Chicago? Do you like the line manager at this company? If so then this seems a reasonable stepping stone; if your time is worth more then you'll be in a far better position to negotiate that after six to twelve months here. Personally I'm not sure I could move to Chicago. I love a temperate climate with warm winters and cool summers. I'm mentioning this because the next step is less to do with this job offer, and more to do with your life plan.",
Corrin Lakeland,"In all seriousness, just how easy/difficult is it to bribe a judge? Is it more likely that they'll just accept the bribe and judge you accordingly anyway? Say if someone decide to try to bribe a judge with 10 million US Dollars, would it work?","I am not familiar with judges, but I am familiar with a few other bribery scandals. Two main things: Firstly there is nothing so crude as a transfer of money. It's things like being invited on exclusive conferences, you or family members getting unrelated jobs or contracts. There is no 'because you did this, I'll do that’. More, spending time together and listening to their point of view. Even if you were somehow able to record every interaction, you won't find a smoking gun. Secondly everyone knows and more importantly trusts one another. You are receiving favours from your college buddy you've known for decades, and people introduced to you through this trusted connection. Basically don't think of it like bribery in the movies, but more like lobbying of politicians. That brings me to another point, it's often legal or at least not obviously illegal. The close contact let's you understand what they're thinking. At least, that's how the business ones operated before they blew up. I'm assuming judge's are similar.",
Corrin Lakeland,"What would happen if I went to a free charging station while no one was there, without an electric car, and used their electricity to power something in my car?","This seems unlikely. As EV charger uses a non-standard connection that also transmits data about the vehicle. What would yours report back? That aside, I can't see much problem with it. You park for a few minutes while you power something…. Vs you park for a few minutes while you charge your car. Both involve you using electricity and being physically present.",
Corrin Lakeland,"If you were about to start your dream career at 29 with no kids, less than $5000 in debt, and a tax free salary of $140,000 CDN: what would you do to become financially successful long term? (Will be starting a 4 year contract, looking for advice)","At 29 I wanted to be a university professor. You get to teach and research fascinating things all day, be surrounded by loads of bright people, and the pay is plenty to support a family. That's not a career I'd describe as financially successful. The two ways of being financially successful long term are having enough money invested to live off, or skills that remain in demand (nice to be around, productive). I'm not sure which of these is more important so perhaps work towards both? The other key point, at least for me, is keeping your expenses low. If you cook, do your own maintenance, and don't need much space, then you'll have more than enough money at a much lower income. I remember feeling like a millionaire as a student when I got a stipend AND paid for tutoring.",
Corrin Lakeland,"Is there ever a point to ""debtor's prison"" if it just prohibits people from paying off debts?","The purpose of debtors prisons was to terrify debtors into making sure they paid their bills. Take myself. I borrowed money to start a business. Before borrowing that money I looked at my likely reward (i.e. how much money I expected to make), and what risks I was taking on. For me the consequences of failure were that I’d lose my family home as well as all other savings. Then I’d basically be let go, I wouldn’t lose my job, I wouldn’t serve time in prison, that’d be it. Imagine if instead the consequences were that I’d be put in chains and paraded around. That I’d work in indentured servitude to the bank for the rest of my life. I wouldn’t have dared start the business, which means that the bank’s money was safe against me borrowing and then losing it. So the point in debtors prison was not really to get people to pay off debts, it was to terrify them away from taking on a debt that they might be unable to repay. As a consequence, money lenders and money borrowers were supposed to feel comfortable trading at low rates since lenders were very confident in being repaid.",
Corrin Lakeland,What are some tips to manage personal finance better?,"The big thing for me was a mindset shift. I’d always viewed budgeting as spending less and depriving myself. A bit like ‘eat your greens’, I’d viewed it as spending on the things I should be buying at the expense of things that I wanted to buy. The shift was to eliminate savings, and instead budget on spending money in the future. Now I wasn’t choosing between ‘saving’ vs ‘grabbing some quick food on the way home so I don’t have to cook’ , but instead between ‘going on a winter holiday’ vs ‘grabbing some quick food on the way home so I don’t have to cook’. This is big, because it means the purpose of spending money is now to enjoy myself, to “create beautiful memories”… I’m deliberately not spending on that quick meal because I think I’ll get more out of something else.",
Corrin Lakeland,How do I save $1k+ per year (while earning minimum wage)?,"With free board this is relatively easy. Live with your parents or fully supported by a spouse. You can save virtually every dollar you earn, with just a few small expenses (health insurance, clothes, etc). This is actually quite common - for example farm hands. My wife used to work when the kids were young and we employed a live-in au-pair. She ended up earning about the same as my wife, but we didn’t really have a choice as taking years off would have affected my wife’s career too much. Anyway, the au-pair ended up being able to spend thousands on fun tourist holidays because she hadn’t had any expenses. You can also save if you can get free rent (e.g. house sitting, or staying in a friend’s spare room or couch). That’s much harder as food will use most of your income, but $1k/year is still possible.",
Corrin Lakeland,"Okay I know I’m a bit young to think about this but I’m 15 and I turn 18 in 3 years. How will I work and make a small amount of money in a month and find a house and still pay rent, do I look for a cheap house?","The vast majority of 18 year olds that leave home live in shared accomodation. Apart from saving on rent, this also means you need less furniture and the chores can be shared.",
Corrin Lakeland,Why do many people call me stupid when I say I trust my private insurer more than the US government to administer my healthcare?,"I live in a country with national healthcare. There are oddballs like you in my country too, choosing private insurance instead. That's cool, it's their money to spend however they like. I don't have a problem with you trusting private insurance, bartering, charity or anything else over government funded healthcare. What I have a problem with, is you trying to stop the government funding healthcare. The numbers have been known for decades now, government funded healthcare gives better value for money than anything else. So why are you so opposed to the government spending money on saving lives? Nobody is asking you to change how you pay for healthcare. In fact, you staying private makes it cheaper for everyone else since we get to spend your taxes helping others. Please, continue!",
Corrin Lakeland,How will the staff on a three star Michelin restaurant act if you let them know you don't drink wine?,There is an upmarket local restaurant that has solved this well. They offer both a wine pairing and a non-alcoholic pairing. The non-alcoholic drinks taste amazing and the pairing is priced accordingly.,
Corrin Lakeland,I had a nice job once and I was using the money to build a house but now I am out of job and I want to sell the unfinished house to start a business. Am I making the right decision?,"Almost certainly not. I've been involved in the starting of three successful business. Two of them went substantially over budget before making a profit, and by substantially I mean hundreds of thousands of dollars. One of those businesses is in a well established field with literal books on how to start one successfully. You're not talking about high risk startups, just regular small business. Yet I still managed to spend $250k more than forecast before breaking even. That could be because I'm not very good at business. But then, maybe you aren't either. If you start a business and it doesn't go profitable on schedule, what are you going to do? Unprofitable businesses are worthless, no matter how much you sunk into them.",
Corrin Lakeland,How important is having a standardized electric vehicle charging system for the future of EVs?,"Much like Apple with lightning vs Android with a mix of Micro USB and USB-C, the current state is annoying and wasteful but not fatally so. I expect it to be fixed by regulation and for the loser to complain bitterly. Another side of this which I haven't heard talked about is the software interaction between the car and the charger: plug a Tesla into a Tesla charger and it already has your credit card which saves a bunch of time and is a common point of failure. There is no good reason for this to be specific to Tesla.",
Corrin Lakeland,Why is the Bank of Canada increasing rates again and again?,"Every bank around the world is doing this, we are living in a global economy. A more interesting question is how it has changed compared to other banks",
Corrin Lakeland,"Is it wrong for me, a 16-year-old guy, to go after a 19 (almost 20) year old girl that I feel really strongly about?","One concern is you already feel really strongly about her when you barely know her. If you did, you wouldn't be describing the situation as “going after"" her, which frankly sounds a bit creepy to me. Something like 'Hey, I like you and I'd like a chance to get to know you better. Would you like…’. I'm guessing she'll say no because she views you as a kid still, but the only way to find out is to ask. Two suggestions: Ask now because delaying will have many more downsides than upsides. Also if she says no then accept it and move on.",
Corrin Lakeland,Is it good or bad to date a 39-year-old while I'm 54?,"I know a woman who was 39 and dated a guy around 54 Everything was good for a bit over ten years. Then he wanted to retire and travel, while she was stuck working. The relationship soured as shed come home tired from work and he hadn't cleaned up or made dinner. Fast forward another five years and he had reduced health and mobility, while she now wanted to do stuff and travel. She ended up missing out on retirement because she had to become a geriatric nurse. To be fair this is a risk with any couple. You never know where or when I'll health will strike. I never asked her, but I can't help but wonder if she regretted the relationship — ten good years for twenty bad ones.",
Corrin Lakeland,Is an electric car worth it if you don't drive much?,"If you don’t drive much then your primary cost is depreciation. You basically want the cheapest car you feel safe in and isn’t too expensive to service. Most likely that’s a ten year old old ICE vehicle. Whatever was particularly popular where you lived about ten years ago. Being popular will also make servicing cheaper and easier. As of 2023, that’s unlikely to be an EV. I’d say you’re a good ten years away from them being more ubiquitous on the secondhand market than ICE vehicles.",
Corrin Lakeland,Do you think electric cars are the future? Do you prefer them over conventional cars?,"Electric cars have already won. I’d highlight that even the alternatives we see such as hydrogen and PHEV cars are regular battery electric cars plus a way of recharging the battery. There is no significant innovation happening with internal combustion, every single manufacturer from Tesla to Tata to Toyota is going all-in on electric motors. The only open question is whether significant onboard battery capacity will win, or a method to recharge the more modest battery. Personally I have no skin in the game and don’t really care what the outcome is. I have a current car (BEV) and because I think that’s the most practical technology for me right now. I have the luxury of being able to recharge at home. If someone makes something better before I buy my next car then I’ll get that instead. I’m not holding my breath: using hydrogen for example requires astronomical amounts of cheap energy (probably nuclear fusion is the only practical way to get enough), some sort of awesome distribution network, and some way to make hydrogen vehicles safer than BEVs in a collision. That’s three massive hurdles.",
Corrin Lakeland,I'd rather have 5 million dollars than 1 billion because 5 is more than 1. Do you agree?,"I'd rather have $5m than $1,000m but not because 5 is more than 1,000. It's because with $5m I can live a comfortable, invisible life doing what's important to me. Five million is enough to generate an income of $200k for the rest of my life. I'm not really going to stand out spending $200k/year. I'm also not going to fall into stupid hedonistic choices because $200k wouldn't find that kind of life. One billion by contrast would pit me on rich lists even if I tried to stay quiet. The money would take over my life because even if I could somehow keep a cool head, it would change people around me. I was at a party a couple years ago and people started whispering about a billionaire that was there. Imagine how shit that was for him? You can no longer go out to a normal party with normal people, because people freak out at the sight of you like some sort of star.",
Corrin Lakeland,What are the reasons why people hate electric cars?,"Finances The hate on electric cars started because people's livelihood depended on them failing. Tesla short sellers are the most well known, but virtually everyone working in the industry will lose money. Gas stations are screwed, as are car dealerships. Lots of mechanics will be out of work. Anyone with a job in the oil industry has gone from 'yeah, fossil fuels are bad, but what can you do?’ to 'oh shit, my career is heading for a cliff’. These people lose a lot of money as EVs become popular and so they did the logical thing and commissioned hit pieces. It's a bit tangential to the answer but one thing I found especially interesting was the short sellers. They didn't care about EVs one way or the other, they simply wanted the price to be low on the day their bet came due. This lead to lots of fake news such as EV fires. They'd sold their position by the time it was debunked. Sheep The propoganda creators had to influence a large group of people. I'm not sure why conservatives were more receptive to their message than liberals. Perhaps because of conservative association with big oil or liberals with silicon valley? I don't think it's because EVs are better for the environment or because conservatives dislike change. I also don't think it has anything to do with government support because there were many years where the government propped up manufacturers without conservative backlash. Perhaps it's because conservatives are more influenced by propoganda? Too many liberals have woken up and question what they hear. Something else You asked for a third reason but I'm not sure there is one. EVs are just cars. It's hard to imagine why someone would hate a car. That's a lot of emotion to invest in how someone gets around. I think it's purely because it's been turned into a political football and the products itself is incidental.",
Corrin Lakeland,Isn’t it amazing that all the unvaccinated people aren’t dead right now and that they are going about their lives with no Covid related illnesses?,"I’ve got another for you that’s even more amazing! One of those unvaccinated people caught the virus and went to work where she passed it on to my MIL, who subsequently died. The person in question is going about her life with no Covid related illnesses, just like you said. But her selfishness killed a person I care about. She knew she was at low risk from Covid being young and fit so she didn’t bother.",
Corrin Lakeland,What percentage of your wealth should be spent when buying a car in cash?,"The phrasing of this question is really weird. If you spend more than you earn then you'll quickly end up broke no matter how much you start with. Let me try and give a more realistic example: Gen is a solo mom. She finally dumped her boyfriend after he would never contribute fairly to household chores. Fortunately she has a $2m trust fund to live off. Gen decides she needs a new car to get her kids to daycare, do the shopping and go to dance class. Being the analytical sort, she works out she spends five hours a week in the car out of 112 awake hours and so the car should get about five percent of her income. With two million in her trust fund she will get a stipend of $80k per year. From this she first has to pay tax and health insurance 1/3 which leaves her $53k. Five percent of that is $2650 but note this also has to cover car insurance and maintenance so leaving maybe $1500/year. Gen can therefore afford a $7500 car every five years. She pays cash of course, and it happens to be about 0.25% of her wealth.",
Corrin Lakeland,"If you're not spending any money on advertising, etc., how much can you really make with online businesses?","Tesla has a total revenue of around $25B. Without an advertising budget you need to create awareness of your product through some other method. If you can do that then why would you waste money advertising? Customers will leave no matter how good your product or service is. The only way to have a sustainable business is to get new customers, but that doesn’t necessarily have to come from advertising. Word of mouth is free. Also basic customer engagement, such as a phone call or email, is very cheap and often all a customer wants.",
Corrin Lakeland,Why is Toyota not enthusiastic about the transition from fossil fuel vehicles to electric vehicles?,"Toyota was very early to EVs with the release of the Prius hybrid in 1997. That was wildly successful and Toyota was sitting pretty until Tesla came along. Furthermore it wasn’t until very recently that the majority of people realised EVs were going to take over; you have had fans of Tesla since the start but for a long time they were outnumbered by detractors, who pointed out (correctly) that Tesla only produced luxury vehicles in tiny quantities. Imagine you’re in the boardroom of Toyota. Your company dominates many segments including the key consumer segments with your hybrids. This funny EV startup who doesn’t even use dealers is gaining a lot of momentum, but they’re still selling as many cars a year as you sell in a good week. Is it really so surprising that Toyota bet on the trend fading like so many previous trends? It was far too late for Toyota once EVs got enough momentum that it’s painfully obvious they’re going to be the future. Changing their supply chain to make EVs cheaply will require almost reinventing the company, and they’ll be literally years behind most competitors. At this point they’ve got two choices: become a minor player, or bet everyone else is wrong and hope to get lucky. Again, I can understand them taking that risk. Maybe nuclear fusion will become commercially viable in the next five years, at which point hydrogen fuel cells or similar become the logical choice. Maybe they’ll surprise everyone with a crazy-fast transition. Maybe there will be enough people left that can’t charge overnight to keep things going. To me it sure looks like another Kodak moment.",
Corrin Lakeland,Why do bars and restaurants lose money?,"Rent is brutal; bars and restaurants need to be in popular areas with good frontage. Do something wrong so your patron numbers drop off and the rent will put you straight into the red. Look at a random bar and take a guess what the lease is per week. If you’re more used to residential property then perhaps imagine getting a penthouse apartment in this location and of this size. Now let’s assume the gross profit per drink sold is $2 or so, how many drinks will you need to sell per week to cover that lease? Realistically most bars only have a couple busy nights a week so don’t judge them by sales during peak times. This is why you sometimes get weird restaurants clinging on in out-of-the-way locations. If they own the building or are operating somewhere with modest rent then there’s much less commercial pressure on them. They might not run at a profit but they also don’t cost money. This is especially true where staffing is flexible, such as a bar at a conference, which can simply redirect regular staff to the bar when they want to open.",
Corrin Lakeland,"Would you pay a freelancer $3,000 per month to create unlimited content for your social media pages?","ChatGPT will create unlimited content for my social media pages. Is this freelancer better than ChatGPT by enough to justify $3,000? My business has a gross profit of 25%, so to justify a $3k/month expense it would need to generate at least $12k/month of revenue. Will the freelancer beat ChatGPT by that much?",
Corrin Lakeland,Would you post your property for sale on a new property listing website for free or pay for costly advertisement on an established website?,"There is a concept in advertising called CPM, or cost per 1000 people seeing your ad. Imagine you're buying a house, would you bother to look for properties listed on more than one or two websites? Would you have even heard of this new site? Where I live there is a local auction site, like a local version of eBay. They decided to get into car auctions and spent a bunch of time/money offering dealers free listings. Eventually they got so big that locals don't go to the dealer pages any more. They did exactly the same thing with job listings, offering them very cheaply, and then again with houses. If you're a large real estate agency, why wouldn't you sync your listings to another site for free? The little guys, listing a single house, they will come eventually.",
Corrin Lakeland,"Is saving in a bank a safe way to earn money with an interest rate of 8-10%, but if you are willing to risk a little you can, the interest rate can be up to 50-100% with RBIF?","Imagine you're a bank. People are depositing money and demanding 8–10%. You also see these RBIF things returning 50–100%. Wouldn't you take their deposits and invest in RBIF? Sure, sometimes it doesn't work out, there is a little risk after all, but mostly you get back 75% and have to pay the depositor 7.5% for a cool 67.5% profit. Even if 25% of your investments blow up, that's still a roughly 40% return! So, why don't banks do this?",
Corrin Lakeland,If we have a billionaire father who puts 10 million dollars in an interest-bearing account when they are born for his kids and he will give it to them at 21. How much money would be in the account? 10 million 21 years later?,"Assuming this is an arithmetic question, you can calculate 1.03^21 and get a number like an 86% increase. In real terms, regular interest-bearing savings accounts traditionally track below the rate of inflation so the young adult will have less than $10m in today’s money. Note that this is crazy-unrealistic, as a billionaire, the father would not be managing his finances directly. He’d have started with his accountant, and that person would have worked with his lawyer and the bank to set up something sensible. That might involve creating a trust for the kid rather than simply an account in their name, so that if the trustee can choose to withhold the money if appropriate. It might not too - for large amounts of money it’s worth being aware of the laws and structuring things appropriately. The $10m investment is much more likely to involve shares than a savings account. Even if it does involve cash, term investments give a better return than high-yield savings accounts. Then you have to subtract tax, inflaton, and the fees charged for managing the money.",
Corrin Lakeland,How much money do I need to make a month to buy a $90k house?,"There thing this is missing is that location determines price. Back when my wife and I were looking for our first home we felt the market was really expensive but that we could just push ourselves to $350k. For that we could either get something ok, or something close. The house we settled on had a view over a graveyard and was less than an hour's walk from the CBD. Then my wife was turned down from the promotion shed previously been promises, we got cold feet and pulled out of the deal. We looked at our lives and decided to move back to the town we went to uni. Within a few weeks we had bought a house for $95k. We earned the same while living in both cities. in the first market we were going to push ourselves to 100%, while in the second we could manage the mortgage comfortably. We could have spent $350k in the second market too, but why bother? My point is you can't map income to a house. Income serves as a cap, that you simply can't spend over a certain amount, but sensible people spend less than that cap. Someone buying a $90k house might earn $25k and they might earn $120k, or anything in between.",
Corrin Lakeland,Why aren't all the EV charging stations using the same chargers?,"Annoying isn’t it! Just a few weeks ago I went to use a public charger, only to see that it had the wrong connector for my car. I’m assuming it’ll be fixed in the next few years. My bet is the EU will mandate a particular standard and vehicle manufacturers will grumble but comply.",
Corrin Lakeland,How big a solar panel and battery do you need to fully charge an electric car like the plug-in Range Rover?,"My parents ran a similar calculation. They put in solar panels and no battery. That power is used to charge the car, heat the water or whatever else is using electricity, or sell it back to the grid. They calculated how many kWh their car uses in a regular day, as well as the same for hot water per day. They then purchased enough solar panels to produce this on an ordinary cloudy day. From memory it worked out to ten 400W panels for them, but you'd really need to work it out for yourself. How far do you drive the Range Rover on a typical day? Convert that to kWh, not the car's range. One thing that tripped them up and will likely be a problem for you is the Range Rover (and their Mitsubishi) is a hybrid rather than an electric vehicle. The ICE motor can't handle months without use and the fuel in the tank degrades. You have to do a long trip at least every couple months or you'll damage your car.",
Corrin Lakeland,Why isn’t profit sharing more common in businesses and corporations? Should it be required?,"My experience is that most employees don't want to be in business, they're there to work hard in exchange for some cash. Sure, they'd love a bonus if the company does well, but they are not happy with having their income docked if the company does badly. Offer an employee $5,000 or a 70% chance of making $10,000 and most will take the safe money. There is nothing inherently wrong with a profit sharing model, but at least in my experience the owner giving up the profit values it much more than the employee getting it. There is a business around the corner from me where the owner retired without finding a buyer willing to pay enough. Rather than drop his price, he ended up gifting the business to his long term staff and effectively creating a co-op. Athat worked and the company is still operating but again, I suspect that if he'd demanded a nominal payout then the employees would simply have got jobs elsewhere instead. Mandating it would certainly be interesting since it would level the playing field. You'll no longer have employees choosing the safer all-cash job since they all include the profit share. Yeah, I can see that working… I don't think it would ever happen organically because I don't think employees value it as much as they should, but it could come in if it was mandated by the government much like minimum wage. You would need to work out how you compensate shareholders when you introduce it since you're effectively forcing them to gift shares to staff, or more precisely probably to unions.",
Corrin Lakeland,Why are the rich judged as filthy rich?,"Let’s say you’re really into cars. You save up for many years and buy a McLaren. It’s your pride and joy, you tell everyone about it (often at length) and are frequently saving up to buy track time or cover repairs and maintenance. There’s nothing wrong with this - you’ve got something that’s important to you and you’ve prioritised it in your life. Let’s say your rich friend sees your car, says ‘that’s kinda neat’ and buys one for himself. He then lits it sit at the dealer for months at a time when he’s not using it, and frequently even forgets he has one. He does the same with everything - not only ignoring the price but not really engaging either because that level of opulence is routine. Filthy rich is where you swap from having enough to having more than enough. When money loses meaning it becomes much harder to appreciate the value of hard work.",
Corrin Lakeland,Everybody talks about how much they are saving with an electric car. What about the time it take to charge it?,"In the last six months I’ve had to wait for my car to charge twice. The vast majority of the time I plug in when I get home which takes almost no time; the vast majority of the rest of the time I’m on some sort of trip and I coincide recharging the car for when I need a rechard too. Once I stopped for breakfast and plugged my car in to charge. After breakfast something had gone wrong with the charger. That day I had to actually wait for the car to charge before I could continue my trip. I sat in the car watching youtube for half an hour which was fine, but I’d rather have been home with my family. Another time I had enough charge to get to my destination but I wanted to play it safe, so I stopped about an hour out for twenty minutes or so. The best analogy I have is to imagine that your gas car really didn’t like being filled up twice on the same day. If you need to do that then it can only be done at a mechanic rather than a regular gas station. That’s roughly what it’s like with an EV - a minor waste of time once every blue moon.",
Corrin Lakeland,"Hey, I need a bit of advice. Can I hire a maid to help me finish going through the rest of my moving boxes? I am handicapped and need help moving things around. I will pay, I just don’t know if a maid or someone else?","What I've found is that the more senior someone is, the less tolerant that person is of doing jobs they consider outside their job description. Maids clean and to some extent tidy up, but I suspect you'll find that lifting heavy boxes or working out where things should belong will not be seen as ok. Back when my kids were much younger we looked at getting help around the home. What we found was nannies are not willing to walk the dogs or do the washing, while cleaners are not willing to entertain kids and were not keen on tidying either. I found this weird. If someone wants to pay my hourly rate for me to make coffee, run errands or clean the office then I'll do it to the best of my ability. You're probably better with a home assistance service, or posting the requirements to a generic job board such as the one for students.",
Corrin Lakeland,"If an electric car (EV) under warranty catches fire and burns down a building, is the EV manufacturer responsible for the damage to the property?","There was a real EV fire near me recently, so I can no longer say that I’ve never seen it happen. A woman had, ahem, consumed some restricted substances in large quantities before deciding to drive home in her Tesla. This wasn’t the smartest idea - what she’d consumed had a significant impact on her driving. She had several moderately significant crashes on the way home. That didn’t stop her, it turns out you can bounce off a concrete wall and just keep driving as long as you don’t care about minor details like damage. Anyway, as she was driving over a bridge the car finally decided it had had enough and forced her to come to a stop and get out, and shortly afterwards it burst into flames quite spectacularly. In this case her car probably would be under warranty, but blowing up when you’ve kept driving after a crash is not covered by warranty. I also don’t believe the woman’s insurance will be useful due to the substances she’d consumed beforehand, so I think she’ll be on the hook for all damage. Hypothetically a car with a manufacturing defect which causes it to burn down a house while charging? My guess is that first insurance would kick in, and the insurance company would talk to the car manufacturer… and I’d guess the EV manufacturer would cover it.",
Corrin Lakeland,Does charging a Tesla raise your electric bill?,"Intellectually it must. However for my household we literally never noticed. Doing some rough numbers, I drive about 200 miles in an average week (30kWh). I charge on a cheap overnight plan ($0.07/kW). So it costs me roughly $2 per week, or $10/month. If I was paying a more normal amount for electricity then my costs would double. My parents don't pay anything, they put in a really cheap solar system (no batteries) and that's enough to charge theirs.",
Corrin Lakeland,"Should gas-powered vehicles be banned completely in the future? If yes, is this a violation of people's freedom, especially those who are fond of internal combustion?","Personally I really dislike bans. As much as electric cars will dominate, there will always be niches they fit poorly. Maybe hydrogen will close those and maybe not. However outright banning? Why bother. It'd be like banning horses after the introduction of the car. I do think the tax on gas is insufficient to pay for the health and environmental problems it causes, and I think that should be increases, but perhaps not yet while it's such a political hot potato.",
Corrin Lakeland,What are the main motivations for buying a BYD electric car?,"My aunt bought one. She chose it because it has most of the benefits of a Tesla model Y at a substantial discount. It's a true electric car from an electric car company, not some bastardized transition. It has plenty of space. It's no frills.",
Corrin Lakeland,How does EvGo compare with Tesla's superchargers?,"Firstly I’d like to highlight Steve Baker’s excellent answer. There’s three downsides to third party charges that I’ve noticed: This is mostly Tesla’s fault but they are not integrated into the GPS. If you navigate somewhere and need a charge then it won’t go via a third party charger. This is particularly annoying when a third party charger is simply the only option. Related to this, your car won’t precondition the battery when you’re approaching a third-party fast charger. This makes the first five minutes of charging almost useless. Tesla already has my credit card details and it auto-detects my car. Third party chargers require me to launch a special app, choose the charger and click start. Perhaps it only takes a minute but it’s still annoying. The failure rate of third party chargers is (anecdotally) far worse. I’ve had a charger where I’ve rocked up only to see that it’s reporting a fault. I’ve had several that I simply couldn’t get to work and had to notify the company. I’ve had one that was behind scaffolding so it might be fine but nobody could use it. I’ve had several where they just assumed you’d have your own charging cables. I’ve never had an issue with Tesla chargers.",
Corrin Lakeland,Was anyone happy after selling their Tesla?,"Sure, I was reading the story about someone yesterday. They had a high paying job which required them to do a lot of driving and they got a Tesla Some months later, the stress of that job proved too much for them and they took a different one which paid $30k/year less. They were far happier in their new job but unfortunately the pay drop was making the $1,700/month car payment unsustainable. They just couldn’t do it - even with skimping in other areas of their life. So they sold their Tesla. They got a lot less than they’d expected, they’d heard stories about Tesla not depreciating at all or even increasing in value but the final sale price for them was $20k less (note, the drop was mostly the FSD software but that’s a different topic). Anyway they were happy. No more $1700/month.",
Corrin Lakeland,Do Tesla owners own another vehicle for times when they need to take longer trips?,"Generally Tesla owners do own another vehicle because most are coming from two vehicle households and the Tesla is the last car they purchased. It’s more interesting to look at the car they purchase next - will they replace the second car with a second Tesla? That’s certainly the scenario we’re in, having replaced my car with a Tesla while my wife is still driving her older car. I only have a sample-of-one to go off here, my parents purchased a Tesla and later replaced their plugin hybrid with… another plugin hybrid. I was really surprised - I had expected them to get a Tesla Model Y for a bunch of reasons, probably the biggest is that driving a Tesla is different from driving a Mitsubishi, and why have the mental effort of jumping between two different ways of driving. I strongly prefer to take the Tesla on longer trips because the autopilot is awesome on the open road. Note that a Tesla on a long trip is just as expensive as a gas car (at least where I am) because supercharging is really expensive. I’m taking the Tesla because I like the autopilot enough to justify the hassle of planning where to recharge.",
Corrin Lakeland,"As a software engineer, how do I build up my career so I can start my own company?","Firstly I'd strongly encourage you to think about exactly what you're trying to achieve. For example I'm a data scientist and after starting my company I get to: clean toilets, shop for office supplies, manage the cloud infrastructure, write HR policies, review contracts, manage accounts receivable, provide financial reporting, sell the team's skills, deal with any concerns or complaints, run payroll… Notably absent from that list is doing data science. You're a software engineer, do you want to spend your time doing the things I listed above or software engineering? Be extremely careful what you ask for, because when most devs say they want to start their own company, my experience is they mean they want to own shares in a startup while still doing software engineering. Also are you sure you want to own the company? My company doesn't do internal software development now, so I'm going back a few years for this story. We had delivered a major project by working like crazy. We had built up a good profit doing so and that money was sitting in the bank. We had a choice: disperse this money, or follow the plan and use it to fund the next phase (turning our service into a SaaS product). We did the latter and hired a bunch of devs. You will already be familiar with the management stuff, but I want to focus on how every week I was running payroll using money that would otherwise have gone to my family. When an employee spent say 30 minutes complaining to another employee that we should be using JS rather than C#. Again, you're a dev so you already know that intervening would be stupid micromanagement. Nobody works welk when their boss forces their nose to the grindstone, but it's really hard to watch and not think: 'I just paid $100 for that rant’. Ultimately the savings were spent and I'd done a lousy job of selling the product. We were nowhere near breakeven. We decided I should move away from the product and leave it to the developers, instead spending my time consultant and using the profit to fund the product development. Every month I'd bust my gut, just to watch all the income go to someone else. Month after month you do this mental calculation: look at how much I chose to invest from my personal funds into the business this month. If I'd never started then look how much money I'd have. Every month my co-founder said we are really close and I should be patient. I'm sure as a dev you've worked for free before, maybe with other people that were also working for free. But I'm betting you've never paid people to work on your project. Devs are expensive. Ultimately I pulled the plug, never knowing if we were 'just three more months from a breakthrough.’ all that money was gone. You say you want to start a company. Again, the company owner is the one on the hook for the financial impact of every decision. Is that what you want? Do you have enough personal savings to provide the company with sufficient runway? This answer is already too long and I haven't explicitly answered how to do this. If the above has not dissuaded you then you're welcome to message me. Briefly though the two main skills you need are general management, and sales. I got my experience running a small business unit. You could work on getting promoted to a similar role in a company that does software engineering. Basically any role with P&L responsibility.",
Corrin Lakeland,How do I create a resume when the last 5 years my income has been from non-contractual freelance work for cash?,"People reading your resume care about what work you did, not how you got paid.",
Corrin Lakeland,Are all the shills of the world in danger of losing their jobs to AI bots?,"Not all of them. Someone has to direct the bots and continually fine tune their behavior. There are however far fewer people needed to do that. It was always minimum wage work, I guess they'll find a different minimum wage job.",
Corrin Lakeland,I have been trying to get into a freelancer job in the past 5 months but it seems impossible. Can you put me through?,"It’s circular. If you have a reputation as being successful doing freelance work then you can get more. If you don’t then very few people are willing to take a risk on you - a bad freelancer can cause a lot of damage, even if for example they were working for free. Broadly the free market works and there are about as many freelanders as people wanting that work. It’s hard to break in because there is not a massive amount of unmet demand. As a consultant I’m quite often given jobs that would otherwise go to freelancers and you can bet those companies would have much rather hired an internal at a fraction of the cost. One way to break in is to get a job at a successful contracting company. These have already developed a reputation, and so can sell your time in situations you wouldn’t be able to sell it yourself. Pay attention and after a few years there you should have both the skills and reputation to do it without their help. Also pay attention to your contract, most will not allow you to get a freelance role at a company they’ve contracted you to, but for example if your main contact at that company moves to another company then they might be keen to hire you over there too.",
Corrin Lakeland,"An official public university website is ""unencrypted"" according to my browser. Is it still unsafe to apply for a course there? Even if the university says it's fine?","I've worked in organisations where the IT change control process, which is ostensibly to reduce risk, is so onerous that most people just give up actually making meaningful changes. I can absolutely imagine a real and valid university operating like that. They are one of the slowest moving organisations around. There are also many fake universities around, and personally I wouldn't use their SSL certificate as the main way to differentiate them. Google maps is a good start, since few fakes have a proper campus.",
Corrin Lakeland,"I think my chemistry teacher is gay. He let one of his students kiss him and he just smiled, should I call him a rainbow ranger?","Any sexual contact between a teacher and student is grossly inappropriate regardless of gender. If this is true and not just a troll, then you should notify the authorities, rather than start name calling.",
Corrin Lakeland,Are college professors paid handsomely?,"I tried to get into academia after graduating. At the time I was living in a university town, and the pay for an associate lecturer was plenty for a comfortable life. I was unable to get a permanent role and the pay for the various fixed term contracts I got was substantially lower, but enough to live a modest life. I moved to a city for work and my house here costs literally five times what we paid back in the university town. It's also impossible to sustain getting to work every day without a car whereas previously we walked, and everything else is just more expensive too. Academics here are paid exactly the same as they were back in my quiet little university town. That is, a junior academic is not paid enough to live independently. Two living together would be ok, or someone that has been promoted to a senior level. A senior lecturer would just have enough income to afford to buy a modest two bedroom unit near the university over about 25–30 years. To be fair, the work is awesome. Preparing for and giving lectures to adults that are mostly interested and keen to be there. You'd have to pay me to not do research, and even applying for grants isn't that bad apart from the stress. It's understandable that more interesting jobs pay less.",
Corrin Lakeland,What are some good paying jobs that you get to work with children?,"There basically aren't any. People talk about how important kids are but parents have a lot of things demanding time and money, so each only gets a small slice of the pie. The highest paid job I've seen was a friend of mine who got into private tutoring. He's absolutely an expert plus I think he'd be a good teacher. Anyway he discovered two things: He was getting a crazy amount per hour, although it was very hard to build more.",
Corrin Lakeland,How do I discipline myself when it comes to saving?,"The way I do it is by not using the word saving. I spend every dollar I earn. Just… some dollars get spent a little later than others. For example this month I spent $500 on buying a new car, and $618 on replacing the house roof. Think of it as like having a payment plan for absolutely everything. The reason this works is that it makes it impossible to take money out of savings. Every single purchase has to come from somewhere in the budget. Yesterday my wife spent $100 on some books for my daughter to continue encouraging her reading; that wasn’t money we had budgeted, and so I had to pick a category such as our upcoming trip and suck $100 out of it. The one (arguable) exception is retirement. I treat every $1,000 saved as buying a $4/month. Every month I compare my monthly budget to the amount of retirement income I have saved, and am slowly working on getting them closer. Again though, it’s not some vague nebulus savings, but a concrete target with a clear chart of progress.",
Corrin Lakeland,Is studying computer science in college worthwhile with AI like ChatGPT replacing programming jobs and evolving rapidly each year? Should I explore other fields to avoid job market struggles and potential difficulty in job retention after graduation?,"We had a similar discussion at home currently. I did CS when I went through, and my son is choosing which course to enrol in now. One of the things we talked about was whether a slightly different degree would be more or less impacted by upcoming improvements in AI. Ultimately he decided to do the same course he was planning to do before the discussion. Every field is going to have substantial upheaval over the next few years - I was reading a post on Quora from eight years ago on what fields would be affected last by AI, and every one of them was currently being substantially impacted. My point is that we cannot predict what the future holds even looking forward eight years, let alone for an entire working career. One advantage of studying CS is you’ll have a better understanding of how AI works, and therefore will be in a better position to adjust what you do as AI advances. A CS major comes out of university with a good understanding of algorithms, while a biology major will come out of university with a good understanding of biology. AI will change both biology and software engineering, but at least the CS major will see more how the AI is integrating, and be able to shift focus to where it is weaker. RIght now (May 2023) tools like ChatGPT suck at software development because they don’t ask for clarification when they’re unclear, and so you get code which doesn’t work. It’s called ChatGPT, there’s nothing stopping it saying ‘Hang on a sec, I’ve got no idea what to do in this edge case, how would you expect me to handle that?’. Stochastic parrots and all that… it currently outputs even when it’s lost, but this is a fixable deficiency. Once this happens I expect it to be an enormously valuable programming assistant. Software development is going to change massively in the years after you graduate. That might be a reason to stay away from CS if it were the only field going through this, but it’s going to impact every single field. I’m not confident that I can correctly predict which fields will be more or less impacted, and therefore where you’d be better off if you’re looking for a safe career. Two possible suggestions would be to consider the trades, which I personally think will be the last/least affected, and to really focus on learning how to learn rather than what the market demands now. If you’re adaptable then you’ll be in a much better position to get through this. A proper university education should give you this. I mentioned the trades briefly above. Robotics and AI are entering the trades now, and people with the skills to work better with them will do better in the future than people who ignore them and treat AI as a white-collar disruptor. The same thinking applies to every field - get a job as a teacher and your role will increasingly be about whatever aspect AI doesn’t do well. Currently that’s motivating and re-engaging students.",
Corrin Lakeland,"Gwyneth Paltrow's website, Goop, is selling $90 prenatal vitamins. Doctors say they are the same ones from the drugstore. Do you think her website's aim is to be aspirational, like she claims, or do you think she is a charlatan?","Your question makes it sound like aspirational is the opposite of being a charlatan. Everyone selling vitamins is a charlatan. You just poop them out again. There is a reason they aren't called medicine and managed by the FDA, and that's because they are very safe — much like sugar pills. There are situations where vitamins are good for you, but the vast majority of people having them would do just as well with a placebo. These vitamins are clearly aspirational. Gwyneth Paltrow's fans aspire to be connected closer to her. These vitamins are expensive because they are branded. Most of what you are paying for the brand. I was at the dealership of my old car some years ago and saw a device for sale to find your car keys. I'd recently bought a chipolo for this exact purpose and like to buy genuine things. After a bit of digging I found I was being sold a regular chipolo in the shape of the car's insignia, for four times the price of a regular chipolo. It's exactly the same thing, you are paying for the brand.",
Corrin Lakeland,"Who are these globe trotting digital nomads? Do certain nations in the world accommodate them with visas, so they can live there & work on the laptop? Are Canada & Australia far stricter & would not introduce that type of visa, & do they contribute?","I have employed two and am going to assume they are representative for this answer. Firstly they are both young, highly educated and with skills that are in very high demand. They are exactly the kind of people that every nation is trying to attract, some other country has done the hard work educating them and now they have a long productive career ahead, so they can get a visa essentially anywhere. Secondly, they are often working for companies in different countries to where they are living. This means that, from the perspective of the country they are living, they are essentially on holiday. The criteria for a six month holiday visa is much less strict than for a 'working’ visa. Tourists are walking ATMs.",
Corrin Lakeland,"I've heard that car dealers don't make much money selling new vehicles. Somehow, I find that hard to believe. Are they not making money? And if not, why stay in the business?","Let's say you sell a shiny new Mercedes for $80,000. You had to buy that car from Daimler, how much would you guess they sell it to you for? Further, you have to pay a substantial lease in the land and building, and every month you don't sell a car it's value goes down which you'll have to wear. Pay for car sales is normally commission on profit, so I'll ignore it here. It's easy to think of the $80k, but take away those costs and there will not be much left, or even a loss. The profit comes because customers rarely pay just the sticker price. Whether it's finance, add-ons or service, you have an almost captive customer and so the margins are very high. It's very similar to the razor blade business model. Note that Tesla does not use dealers, and EVs in general need less service, so the whole business model is being upended. Its not clear yet where we will end up.",
Corrin Lakeland,Are Tesla vehicles suited for the rental market? Is there a learning curve or could a customer just hop in and drive off?,"I personally think a five minute tour of the car is pretty much essential if it’s someone’s first time. Here’s how you put it in drive; push twice for cruise control. Here’s the voice assistant - you can use that whenever you forget where something is such as opening the glove box. Also taking your foot off the accelerator is like pressing the break, you need your foot on a little if you want to cruise. I remember my wife commenting when I first got my car that I was a bit jerky, and a few weeks later that I’d improved significantly. That’s more comfort than safety, although the speed at which it takes off takes some getting used to. Without a tour I’d expect someone to manage to drive away but I think there’d be significant safety risks.",
Corrin Lakeland,"Does Tesla have an edge in the EV world anymore? Considering they don't have longest battery range, nor best autonomous driving, nor fastest accelerating car?","Range is not why people choose a particular car, at least beyond the very bottom end of the market. The ‘fastest acceleration’ is a marketing game, and again irrelevant to most people buying a car. Tesla continue to have the best autonomous driving, but like your previous two points, most customers don’t really care. The real reasons people buy one brand over another are confusing and contradictory. A lot comes down to price of course, and beyond that there’s a nebulous concept of how closely you match the brand. Do you feel like a Tesla person, or like a Rivian person? If you’ve always bought Ford then the F150-lightning will naturally appeal. People that identify with wanting value-for-money will like the Kia EV6. Does Tesla embarrass you with Elon’s eccentricities, while BYD’s ‘cheap and functional’ is right up your alley? Think about the difference between the Volvo XC40 EV and the Polestar. One is classic Volvo - solid, safe and reliable, while the other is designed for “the desire to explore how racing technology could be applied to the performance of Volvo street cars”. What’s Tesla’s brand identity? Minimalist; Sexy; Edgy; Technology led; Disrupting. I think Tesla’s attempt to remove parking sensors is particularly telling: “Include only what’s necessary, even if everyone else has it and our customers demand it”. Let’s go back to your ‘fastest acceleration’ comment - nobody actually uses this, but it still sells cars. People like to be associated with crazy fast cars. It’s all weird psychology stuff. From a technical perspective the hardest part for other manufacturers to copy is the autonomous driving. I know a lot of people talk about the billions of hours of footage Tesla has and how no other manufacturer is close, but time makes everything easier in tech, such as the three billion dollar human genome project in 2003 becoming a $200 test in 2023. I think this will hold out as a unique selling point for Tesla over the next few years, but it will be impossible to sustain in the long term.",
Corrin Lakeland,Are there any disadvantages in using robots?,"I know a number of dairy farmers that decided to go robotic rather than hire a contract milker. Their reasoning was more about privacy than money. Robots are expensive. Even amortized over a number of years, they cost about as much as a salary. Having a contract milker means having someone else wandering around your farm every day. Someone that does things their way. Employees always cause headaches. Robotic milking reduces the workload to the point an older farmer can keep going for a few years rather than being forced into selling and retirement. They're still a lot of work. One person I was talking to described it as trading 5am starts for a couple hours fixing machines. They require constant maintenance, you're effectively becoming a mechanic.",
Corrin Lakeland,What’s having a Tesla like?,"After the first couple weeks where it is novel… it's a car. You use it to go places, just like whatever car you had before. Never stopping to refuel is nice. Numerous times in the past I was running late for something and ended up ten minutes later. Trips away require slightly more planning, such as checking the place I'm staying has a charger, or finding a supercharger near a nice breakfast place. I like the minimalist interior. I wish it had a HUD (I've ordered a third party one but it's not here yet). I wish there was a button to open the frunk. I think the flat door handles are a gimmick with no benefit. The interior is spacious. I'm still kicking myself for adding a roof rack rather than a tow bar. The cruise control is probably the best part. Driving is substantially less mental energy. OTA updates constantly make the car a little better. Being able to remotely see around the car and getting video footage of any near miss is awesome. The car stopping for every red light or disabled traffic light is really annoying but not quite annoying enough that I've disabled stopping for red. The hill assist and park assist is noticably better than other cars. Summon has the potential to be great but in practice rarely delivers. I love not having services any more. With my old car I felt like I was gambling; sometimes the service would say nothing is wrong and other times they would say that'll be $2,000. Overall I'd say: 75% — it's a car. 10% — EVs are far more convenient than ICE 5% — the exclusively EV manufacturers are better than the old guard 10% — Tesla specifically is good. That's why I have trouble getting excited about a debate on Tesla vs Rivian or similar, at most you're debating the last ten percent.",
Corrin Lakeland,"What do I do if I don't want to graduate college? I’m scared I will miss meeting new people, being surrounded by people my age, partying, everything. I really think this is the best time of my life and I’m actually terrified to graduate in spring.","Heh, yeah, I get that. You’re right. You will meet people in a workplace but it’s much harder. There’s much more variation in people so you’ll find far fewer are your sort, Additionally many already have their circle of friends and are simply not at a stage of their life where they’re looking at expanding it. More important, people have far less time. You’ll struggle to spend time with them because you’ll be busy with work, and they’ll struggle for the same reason. People tend to commute for longer to work than they did for college, and there’s a lot more housework too. Plus looking after kids is a massive time sink. You’ll make it happen because the alternative is being lonely. But yeah, I agree, it probably is the best time of your life. You can always do what I did and try and become a permanent graduate student, and/or join the staff. One thing I found doing that though is that I’d make awesome friends and then a year or two later they’d bugger off into the workforce and changing cities.",
Corrin Lakeland,"New EVs are installing ""reversible"" systems that would allow you to charge the vehicle and, during a power outage or peak rates, be able to supply power to your home. Why doesn't Tesla have this feature?","It’s a free market, if customers want this then Tesla will add it. I personally am glad they leave it out for a few reasons: I can see a few edge cases where it would be useful such as camping. Beyond that it just looks like the a gimmick. A party trick much like Tesla’s Ludicrous mode that’s designed to generate sales rather than be used.",
Corrin Lakeland,"I blocked Fox News at my work and my boss can’t figure out how to turn it back on and said he will fire and press charges on who did it when he finds out who, can he legally do this?","I’m going to answer a slightly different question. Would I fire someone for bringing their politics to work? The short answer is yes. It’s the prerogative of your employer to set the kind of workplace they want, including any political or religious affiliations they have. There’s some limitations on this such as religious speech but less on political speech. In short, if your employer wants to make their business pro-Fox, then you can choose to get a job elsewhere.",
Corrin Lakeland,What Personal Computer (PC) software you were familiar with before Microsoft got into the business?,"I was just a kid when Microsoft started. Their MS-DOS quickly took over, to the point that I’m having to think of my earliest memories for experiences on a computer that predate them. I do remember the release of MS Windows, which was a DOS application you launched by typing the command. At the time I used a competing graphical interface called ToyBox, which seemed less resource hungry that Windows. Mostly though I didn’t use a lot of MS products at first because I was using a 6502 rather than a IBM PC clone (80x86). I don’t remember the operating systems I used being any better or worse than DOS, they all seemed much the same and it came down to price. The only real outlier was the Commodore Amiga which was just incredible for the time, but again I believe that technically came after MS-DOS by a couple years.",
Corrin Lakeland,Why does a man think of earning money even though he has unlimited money?,"My friend has had enough money to retire ever since I met him. His net worth at the time was around $10m, so invested modestly he could generate an annual income of $400k. He’s one of the hardest workers I know and is a little obsessed about money, always chasing more. Unlike me he has ambitions to increase his net worth significantly and is tackling projects that could double his wealth or bankrupt him. This makes very little sense to me; my focus is always around having enough, and there is virtually no benefit in having more than enough. I really struggle with the idea of risking enough in the pursuit of more. I think there’s two things going on: He went through a most of his adult years trying to grow a business that gradually became worth a lot on paper but wasn’t paying him. His whole adult life until shortly before I met him had required him to actively seek out ways to make money, so he had literal decades of developing this habit. His attitude towards accumulating money is very different to mine. He treats it as part of the game of life and the pursuit of happiness, so if he’s accumulating money then he’s doing well with that facet of his life. Mine is that money buys stability, and once you have that then deeper foundations are pointless - your focus has to shift. Anyway this is obviously sample-of-one stuff and I don’t know how representative he is. I find it useful to remember because it highlights that my attitude towards money is not the only valid option. When I look around at the big projects that happen, I realise both that it’s good many of them happen, and that there is absolutely no circumstance that I would have started that project so the world clearly needs people with different attitudes.",
Corrin Lakeland,"Among the political left, who wins arguments and elections better? The social left (pro-minority, pro-women) or the economic left (unions, workers rights, free education)? I want both factions to win 24/7 but the right always wins making me angry.","Rephrased, which arguments are more effective with swing voters: social fairness or economic fairness? I don’t think this is the right question. What makes an augment effective is not the topic but how the argument is made: And so on… but the point I’m trying to make is highlighting something which isn’t on the list, which is whether you talk about social or fiscal issues. You can talk about either with empathy, conviction and sounding reasonable.",
Corrin Lakeland,Those of you who are pro-choice on abortion rights: Do you also agree that men should have the right to control their own body too? And that Ukraine is Wrong to ban men from leaving the country?,"Hitting is wrong. If someone is attacking your son then should you stand there since you wouldn't want to do something wrong? Ukraine is at war. They have stripped a number of rights because doing so is the lesser of two evils. Presumably you're trying to argue that preventing women having an abortion is also the lesser of two evils, that a woman's right to body autonomy is real but lower than a proto-human's right to develop. I don't buy it myself, I view a bunch of random cells without a consciousness as having very few rights. Far fewer than an adult woman. There is a criminal charge where I live “failing to provide the necessities of life” for people failing in their duty to look after a young child. For example a mother that abandons her child in the rubbish rather than taking it to a hospital. It is something to watch. Ukraine's response seems measured under the circumstances, but laws have a dangerous habit of hanging around after their best before date.",
Corrin Lakeland,"I'm looking for a sponsor. When I finish my travel, I will pay back his money. What can I do?","Some years ago I used to invest in P2P loans. The local government has since made them illegal but this story is why I personally stopped. The platform I was using provided the stuff you'd expect such as credit risk and the interest rate I'd get, and also why the person wants the money. I'll try and reproduce the quote from memory: Hey, I'd like the money to shout my mom a holiday back home. My mom and I don't have much money and she's worked really hard for two years to pay for my apprenticeship. Now I've graduated I want to give her the money back with this surprise gift. Sweet right? The guy who posted this was obvious not that into arithmetic but I am. Because of his low wage he was given a low monthly payment and long term. Add in the application fee and high risk insurance policy and he was borrowing almost $2k at 35% interest over three years. His payments were going to cripple him financially for three years, plus thanks to interest he is paying for the trip almost three times. She busted her gut for two years to get him an apprenticeship and he's going to do the same to get her a $1200 holiday and make me some money. By the time I read his story, the algorithm had already arranged for me to lend him the money, I was reading it after the fact. I couldn't cope with the idea I was screwing over people's future and left but of course someone would have taken my place. Coming back to you, my advice is simple: don't do it. Don't borrow money. Save up and pay for your own holiday. Borrowing divorces the hard work from the benefit, making it really easy to overspend because you can't judge the cost. The guy in my story got one holiday and paid for three. I bet his mom would have preferred a holiday a year for three years. There are a handful of situations in life where you need something now enough to justify paying extra. You can hardly come a few months late to a funeral when you don't have the savings. For everything else, there's patience.",
Corrin Lakeland,What makes you financially free?,"I have low expenses. Or more accurately I have average expenses on a high income. I have no desire to spend money on luxuries. My main hobbies are playing go and frisbee, both of which are essentially free. I own my house and car. I live in a country with decent universal healthcare. I read a post criticising the FIRE movement as basically living like a pauper: Is The F.I.R.E Movement A Scam? Ignoring the inflationary headline, I find that all those expensive things are fun when you first try them, but they don’t ‘spark any more joy’ after the initial novelty. Make being frugal a hobby, and living efficiently becomes fun rather than a chore. I think part of it is that I really enjoy my work. A lot of people hate their job and use fancy purchases as a mix of reward and distraction. I read a post I wrote on Quora five years ago where I was stressed out by the huge debt/risk that I’d taken on buying a large (to me) business. At the time I knew I would need to maintain my high income for five to ten years for the debt to be repaid. I’m not there yet, but I’m close enough to see the light at the end of the tunnel. I certainly have problems in my life but none of them can be helped by spending money.",
Corrin Lakeland,Does everyone who has a PhD degree (in any subject) have above average intelligence?,"I saw a study that the mean IQ score of PhD graduates was two standard deviations above average. Assuming this is correct and nothing else is going on, that means about 97.5% of PhD graduates will have average or higher intelligence. 2.5% isn't a lot, but it's also far from zero.",
Corrin Lakeland,"How can I get my employer an annual salary adjustment in the employment contract to compensate for inflation, increasing professional experience, and avoid salary negotiations? What number should I use, and how can I convince the employer?","A good employer will do this. They know that underpaying employees leads to resentment and quitting so they proactively monitor and update. A bad employer pays as little as they can get away with, only giving raises when their hand is forced. Realistically almost all employers are somewhere in the middle, missing when you achieve performance improvements and not noticing changes in the market. Given how much difference salary makes to the employee, it is in your interest to keep your employer on track, gentle pointing out if they fall behind. Many recruiters will provide this information to you freely since they know that if the employee fails to act then you'll go to them looking for another job. That's the other part of what you should do. If your employer doesn't step up with a little prodding then find a better one.",
Corrin Lakeland,"If I always invest 10% of my salary from age 18, is there a calculator for how much I'll have aged 55?",There are many calculators. To be accurate the calculator has to take into account the variation in your income and in investment returns. What you're looking for is not so much an estimate but a probabilistic distribution of possible returns.,
Corrin Lakeland,Are fruit pickers qualified to apply for residency after 6 months of working in New Zealand?,No. Check out the casual agricultural worker visa and working holiday visa. Neither has a path to residency. You have to apply for a different (points-based) visa if you want to stay longer.,
Corrin Lakeland,"I’ve been offered a position that pays $40k more. I love my current position and the company, but I do more work with less pay. I am afraid of leaving and not being happy just because the company pays more. How should I approach this?","You've been offered a position. That means you searched for suitable jobs, brushed off your resume, applied, went through the interviews, and negotiated a salary. The time to check the new company's culture was during the interview: “have you got any questions for us?” was your opening. If you love your position and company then don't apply elsewhere. There are numerous ways to baseline your salary and now if you don't accept the new job then you will burn bridges. The recruiter will remember how you wasted their time. Also, unless your salary is in the hundreds of thousands, a $40k difference is huge. You wouldn't get that through a market rate review. Take the new job and learn two lessons. Firstly if you want a raise then make a case at your current company, and secondly if you are worried if another job is good, then check during the interview process.",
Corrin Lakeland,Do people have to pay to have electric cars charged?,"Where I live, the cost of electricity between 11pm and 6am is so low that it's effectively free. Power plants can optimise their output for peak times but they can't be shut down entirely, so much of this overnight power is wasted Those seven hours of extremely cheap electricity are enough to charge my car 70 miles. So provided I didn't drive more than 70 in the previous day I can refill essentially for free. If course there is no such thing as free electricity. It's currently a waste product because supply exceeds demand but that will change as EV adoption grows. I've also been toying with buying batteries for the house that I charge overnight but haven't because I expect the bargain price to be gone in a few years.",
Corrin Lakeland,What attitude do atheists have toward a hesitant atheist? He sometimes believes and doesn't.,"Atheists do not believe in gods. That it. It’s not some special club where they’re trying to get more people to join. If someone wants to be ‘half-atheist’ (aka agnoistic), then I don’t see why that would bother an atheist because such a person is not going to go around proselytising. The normal atheist attitude is that a person’s beliefs are their own personal thing, and they don’t cause any harm as long as the person keeps it to themselves and out of sight.",
Corrin Lakeland,My boyfriend has been financially unstable for years. I have ran out of savings and gotten into credit card debt trying to help him. I love him and want to be supportive but the situation isn’t getting any better. What can I do?,"Being supportive does not mean giving him money. Supportive means being there to give him a hug when he screws up. Think of a parent on the sideline cheering on their kid - they don’t run out into the field and help directly or criticise the kid for making mistakes. It means being the one that says “I know you’re trying so hard“. Your boyfriend will make mistakes and run out of money again. It’s up to you to say ‘I’m sorry but I won’t contribute to your share. I’m here to support you doing this, not to do it for you’. You’ll need to make sure that your finances are separate, that your name is not listed as guarantor on any of this stuff such as the lease. You will need to work out what your share is. For example if you’re in a high paying job then the two of you might decide your share might be all of the food, utilities and lease. His share is then limited to things like his phone, clothing and other incidentals. For example if you can’t afford the rent without his contribution then you’ll need to move, because it’s clear that you can’t rely on him financially. A lot of people break up over finances - it’s a big pain being the stable rock for someone else, and it’s over to you to decide if the relationship is worth it. You’re basically parenting him, and people want an equal partner in a relationship rather than a child. My assumption is that he’s a decent adult in other areas of his life to justify this.",
Corrin Lakeland,Is a reverse mortgage a good idea if you have to cease working?,"I love the idea of reverse mortgages in theory, but in practice the lousy rates offered by all major players make me hesitant about ever recommending them. If you own your own home then you can live in it, rent free, for as long as you like. Then when you die the house is included in your assets and can be sold. You don’t need the money from the house sale when you’re dead, you need it when you’re still alive… and reverse mortgages are a way to tap into that equity. The trouble is that people often live a really long time, and reverse mortgages have a provision guaranteeing you can stay in your house rent free. Put those together and the only way to make the numbers work is to charge you a high rate of interest on the reverse mortgage. Essentially you continue to live there rent free, but rather than selling your house for say $500k when you die, you instead get $200k upfront.",
Corrin Lakeland,Should people in big cities use the EVs and people in the more rural areas drive the ICE vehicles?,"That was how it worked about ten years ago when the first EVs came out, back when they were only suitable up to a range of maybe 50 miles or so. Plenty of rural people travel further than that daily, but almost none travel more than 250 miles most days. Nowadays the only two large group of people better buying a new ICE car are those with no home charging, and those that routinely tow a long distance. My guess is the first group will shrink as chargers are put into more apartment garages, while the second group will remain poorly served by EVs.",
Corrin Lakeland,When will electric vehicles be automatically rechargeable?,"Ah yes, the robotic pump, as seen at gas stations across the world. These exist you know, the tech to recharge a car (gas or electric) is the same and it’s been around for years. Give me $20k and I’ll even arrange an installer for you. What’s missing is consumer demand. Would you pay $20k to have your car recharge itself? Would you even pay $2k? Think about what’s needed - A number of servos to hold and move things tidily, and some simple vision to spot where to go. “The cost of a robotic arm varies depending on the type of arm, its capabilities, and the accessories and peripherals needed to operate it. Simple single-axis robots can cost as little as $3,000, while more advanced articulated robots …”. Charging a EV would require movement on two axes, which would put it at around $10k, but it would also benefit from massive economies of scale which I’d guess would make a 10x difference and bring the final price down to $1k eventually. Every technology goes through a phase where early adopters pay a premium, and then everyone else gets it for cheaper. Right now the early adopters are staying away because it’s too expensive. Right now, autonomous charging would save typical owners maybe ten seconds a day and very few people are rich or geeky enough to make that trade. My guess is this will change when parked vehicle summoning becomes much better. Imagine your car coming out from the parking garage and picking you up. Once the tech to achieve this is available, who would want to go into a parking garage ever again? Get dropped off at the entrance and the car sorts out parking. At that point charging goes from being a ten second task to a major inconvenience and my bet is these garages will be the early adopters. I’d give it five years.",
Corrin Lakeland,"Are Canada & Australia mainly uninhabitable, or could they build it up & develop it more like the USA throughout if they wanted to?","You mean… could they develop it more like the flyover states? It’s possible to build a city in a desert. Check out Vegas for example. It’s hard, and it is expensive, and it requires a constant inflow of new money to sustain it. So yeah, Australia could do that… and to some extent it does with Camberra. Could it happen in Canada? The capital of Northwest Territories is Yellowknife with a population of just 20k. The climate looks brutal, getting a little too warm in summer and incredibly code in winter. It would grow if you put money in, it’s far more a case of people not wanting to invest the money. Development like America would really require farming. The thing that keeps all those small towns going is that they’re supporting a local (farming) community. I’m not sure what you’d grow that only thrives in deserts or extremes of temperatures, but work that out and you should see growth.",
Corrin Lakeland,Why is Auckland so populated compared to the rest of New Zealand?,"Mostly I think it’s circular. Want a job in a city with more than half a million people in it? You have one choice. From a company’s perspective, want to be where the vast majority of skilled labour is and again you just have one choice. Get born to someone that moved to Auckland for work and you’ll have family in Auckland. Moving away will be that much harder because you’ll also be losing easy access to family. There was a serious attempt to counter this way back in the 70s, with the government deliberately funding infrastructure projects outside Auckland. That was a long time ago. Also the weather is nicer in Auckland than a lot of the country.",
Corrin Lakeland,Why are we considering AI as a threat?,"Improvements in AI will change things. Change might be good overall but there will be people caught in the middle. Say I use AI to make a call centre more efficient, and the bank decides to retain all staff and simply spend longer with customers / reduce wait times… that’ll lead to more customers staying and that in turn will lead to staff being made redundant at other banks. We all live and work in a word with minimal use of AI. We’re all joining a world with much higher use. Things are going to change, and that’s scary.",
Corrin Lakeland,Why are some people going back to petrol cars?,"Name anything and you’ll find people doing it. The more I study data, the more I realise that nothing applies to everyone. People with EVs were surveyed a few years ago to ask if their next car would be an EV. The answer was overwhelmingly yes - even more people are sticking with EVs than iPhone users stick with iPhone. Digging into those that are planning to change, the most common reason is they thought using a public charger would be fine but they have found the reality to be a hassle. EVs are quiet, reliable, fast to accelerate, etc. but it’s very rare nowadays to hear someone say complain their car is too loud, breaks down too much, too slow to start, etc. i.e. there are many things that EVs do better than petrol cars which people don’t actually care much about. What people do care about is never visiting a petrol station again, and paying far less for fuel. Take those away and EVs lose much of their shine.",
Corrin Lakeland,Why is math so hard and boring for me?,"Why is math so hard? Perhaps you’re working at the wrong level? We tend to push people at a fixed rate, and if you fall behind then it’s almost inevitable that you will continue to fall further behind. Another possibility is your boredom is making it hard for you to concentrate. boring? The two most likely candidates are bad teaching - nobody likes rote learning, and that your personality is to enjoy things only where you can see the immediate application. Do you enjoy brain teasers? If so then your issue with maths is likely to be bad teaching. If not then maybe you are more suited to practical things where abstract thought is unnecessary.",
Corrin Lakeland,Why do people want to emigrate to Australia? It's mainly desert.,"Er… yeah, sure. It’s mostly desert. So what? Virtually nobody goes into the desert. You could double the size of that desert, or shrink it by half, and it wouldn’t affect interest in immigration. Australia might be mostly desert, but everyone that goes there is focused on the little bits that are not desert. This same logic applies to most countries in the world - take Canada for example, it’s mostly wilderness. You could double or halve the size of that wilderness and it would barely affect Canadian immigration. What matters is what you see, not the great big empty area few people pay attention to.",
Corrin Lakeland,Why do so many kiwis choose to live in Australia? New Zealand is such a beautiful country,"Money. Pick a profession that both countries are short of - say nurses. The starting rate for an enrolled nurse in Australia is, on average, $62,789 (all Australian figures have been converted to $NZ) - nearly $9000 more than in New Zealand. They max out at around $73,930 - almost $17,000 more than in New Zealand. Registered nurses and midwives in Australia start out on average at $71,260 - already more than many with a few years' experience here get - and max out at around $100,000. Most states don't offer quite that much, but the average is skewed by massive pay packets for nurses in ACT ($131,670) and the Northern Territory ($145,300). When I decided it was time to leave Wellington, my wife and I looked seriously at whether we’d be better in Auckland or Australia. Airfares were cheap at the time so visiting family was similar in cost, and the pay in Sydney was substantially higher. We ultimately chose Auckland, but I remember wondering if we’d really screwed up when we first arrived and the best place we could to live find was crappy rental at $800/wk. I was earning double the median wage ($120k) but my wife wasn’t working as she was at home with our youngest, so our household income was pretty typical. After tax, superannuation (Kiwisaver) and student loan repayments I was taking home $72K and paying 55% in rent, to leave $32k for everything else. That compares to Australia where we’d have had over $50k of disposable income. We were ok and being in NZ was important to us but run the same formula on a $100k income and you’re left with $22k spending money per year, compared to $40k in Australia. At that point you’re seriously tight, and well, Australia starts to look pretty good.",
Corrin Lakeland,What do you think about people using food stamps to buy fresh seafood?,"There’s two ways to answer this: pragmatic and moral. From a pragmatic perspective, every attempt to artificially affect the market always backfires. Food stamps that can’t buy certain groceries will push up the cost of what they can buy and down the cost of what they can’t. Further the admin required to enforce that is nightmarish, can you imagine the software system which goes ‘ah nope, transaction contains seafood, so we must reject that payment’. What you’ll end up with is the large supermarkets supporting it and the smaller grocers saying ‘that’s too hard’, so effectively the person is banned from the smaller, cheaper grocers. The closest I’ve come to experiencing this firsthand was when I was an undergrad at uni. The government decided students might take their student loan and I don’t know… spend it on hookers or something, so they stopped giving out money and instead only allowed you to buy from the university bookstore. As a consequence I had to spend $1k on textbooks rather than maybe $200 buying second-hand. Morally, how does limiting what can be bought make the world a better place? I guess you’re worrying the person will buy expensive seafood and then not have enough money to eat, requiring a second handout? If someone is eligible for support then how about trusting that they work out what’s best for them. Maybe a little treat of seafood is how they maintain sanity in their life? I find the pragmatic argument is more effective when talking with conservatives. They seem to ‘get’ that the government bureaucracy will screw up any guard rails and that the free market will be more efficient, whereas I find arguing that gifts should be unconditional to be ineffective.",
Corrin Lakeland,"Is Australia has both skill shortages & jobs that the locals don’t wish to do such as fruit picking, why don’t they just let me in to do that? Always happy to start out on an orchard or in a vineyard to get a foot in the door. A warm & relaxing job.","You’ll find specialist immigration visas that allow you to get a job helping with harvests and nothing else (Australian Agriculture Visa). You can work on the vineyard, and yeah it is very hot work, and then you’ll be sent home. It’s not a bad choice - the pay is reasonable. It’s not a foot in the door though. Often the people who go are younger and fitter, and they send the money back to their family. In terms of why this isn’t a foot in the door, it all comes back to the visa. Immigration run different tiers of visas with the lowest being for specific events such as fruit picking, followed by unrestricted but time-limited visas, followed by visas that track you through to citizenship. The criteria for one are very different to the criteria for others, and so if you’re not eligible for the ‘critical skills shortage’ visa then getting the agriculture one isn’t going to help much. You could maybe do an amazing job helping out on the farm and get them to sponsor you for a better visa. That route feels hard but at least theoretically possible. Part the problem is you’ll need the farm to sponsor you and if you’re flat out working on the harvest then you will have very little contact with the farm owner.",
Corrin Lakeland,My new job offered me $14 and even said that was how much I would make in text message. I check my paychecks 2 months later and it is revealed I make $13.85. What should I do?,Talk to HR. My guess is it’s a technical deduction and the company truly is paying you $14. It’s just not worth a company lying over 1% - the bad impact it has on employees has far more effect than the 1% costs them.,
Corrin Lakeland,Is it possible for a 35 year old man to land himself a 19 or 23 year old lady or would he be far too old for such ladies?,"When I was 22 I had a friend of mine (also 22) move in with an (almost) 40 year old man. So yeah, it happens. Personally I thought it was really creepy. I mean, he was nice enough, but to my 22 year old he seems old, with the male pattern baldness really not helping. But also having a proper professional job and a house and stuff. It was weird. Talking to her she said his age didn’t bother her - he was just him, and he’d falling for her because she was heaps of fun to be around rather than because she was almost half his age. Anyway my point is anyone with any sort of pattern of dating younger women would be waving a massive red flag. See if you’re 21 and he’s 35 then you might be right in his sweet spot now, but in five years you’ll be 26 and you just won’t look or act like 21 any more. Starting a relationship with someone that dates much younger women feels like starting a relationship that comes with a built in time bomb. Why go through that risk.",
Corrin Lakeland,My wife is a young dentist. But I don't want her to treat men. Only children and women. I just feel uncomfortable about her treating men. Is it ok?,"My wife is also a dentist. I’m going to ignore the controlling nature of your question and focus on the business side. Could a business that only treated women and children succeed. Yeah, I think it could work in a large enough city. One of the things my wife mentioned is she has some muslim patients who love being able to take off all of the extra headwear since there are no men in the building. Advertise the practice as ‘strictly no men’ and you’ll get women who want a break from guys, as well as women who have weird controlling partners. As much as your question strikes me as weird, I can imagine random weird guys asking similar ones: “My wife is beautiful. I don’t like the idea of her ever being in a room with a man unless I’m there, so how can she go to the dentist?” There are a few ‘women only’ businesses around. I was looking at a taxi service the other day in response to someone whose Uber driver kept hitting on her. It’s an odd niche and excluding half the population is always going to be dubious from a business perspective, but the key for business is to be the best provider of the service for enough customers rather than appealing to everyone. One complication your wife would have is that most good patients come from referrals. With only seeing women you’ve not just eliminated half the potential customers but more important, you’ve effectively eliminated half the potential referrals. This means the practice will have half the growth rate. Note, I’m assuming she is setting up a brand new practice which she’ll own. I can’t imagine any employer tolerating this, or any existing practice surviving the change.",
Corrin Lakeland,Would you rather have $2 million in 1850 or $750K today?,"One of the things I’ve discovered about myself is that I prefer being in a similar position to the people around me. Two million dollars in 1850 is an almost incomprehendible amount of money, enough to live life like a king with a large team of servants. Yet I wouldn’t have a washing machine, fridge, car, phone, computer or any of dozens of modern conveniences. Daily life wouldn’t be so bad with servants looking after your clothes, preparing your meals and your bath… but those things are pretty easy with a washing machine, induction hob, and shower. Have I mentioned healthcare yet? The big thing that puts me off though is that I’d be surrounded by people with far less than me. I’d have to assume that every overture of friendship was someone wanting to get at my wealth, and that I’d be one big screw-up away from a life in the gutter. I like being normal. I live in a country with universal healthcare, a (mostly) decent minimum wage, and loads of free activities such as sports grounds and nature walks. Less than a million dollars today is enough to provide a $30k or so ‘income top-up’. Not quite enough to live off unless you’re really frugal, but enough to turn a regular job into a comfortable life. More important is that I’d be hardly worse off if I somehow lost the money. Also the $750k would barely be visible between me and people I interacted with. It seems an easy choice.",
Corrin Lakeland,"Would you rather have 100,000 in stocks, 100,000 in Gold, or 100,000 in Bitcoin?","Without any requirement to hold the asset, I’d go for the crypto. Selling stocks that you’ve been gifted isn’t too bad, but you need to prove ownership and it’s a bit of a pain. Selling gold is a big pain, at best the gold is in an exchange and you’re essentially selling stocks. At worst you have to physically take the gold somewhere to be valued. Selling crypto is easy, you just enter the private key and provide your bank account details. This was the original purpose of Bitcoin - it can be transferred from person to person very easily.",
Corrin Lakeland,Are you willing to sacrifice your civil liberties for universal healthcare?,"I find it fascinating how when people want to criticize something they make these vague, overgeneralized assertions. Are you willing to sacrifice your liberties for… Which liberty? The right to bear arms? To silence? To the pursuit of happiness? Under universal healthcare I don't have the right to walk into a public hospital and demand medical tests and treatment. Those choices can only be made by my doctor. I'd have to walk into a private hospital to demand that. So really I haven't lost any rights at all. If I want to bankrupt myself then I have the right to much the same medical system as America. I also have the right to another one, where in exchange for slightly less control, I get free healthcare. My bet is that if a free healthcare system opened in America, paid for by tax, then most Americans would happily use their service. I suppose I don't have the right to opt out of paying tax. But again that right is not available to Americans. If they think the government wastes money on pork barrel politics and pointless military then I can't simply refuse to pay.",
Corrin Lakeland,"Did you hear about Elon Musk's statement on Bill Mahar's show on April 29th that AI, that is, intelligent computers will show people how to live long lives without death?","No, I didn't hear this. My opinion is that Elon Musk is brilliant at many things, but at others he's a complete and utter idiot. That's probably normal, but what is unusual is Elon can't seem to stop talking on subjects he just isn't very knowledgeable. It's a little like a successful Quoran posting about absolutely everything. It very quickly becomes annoying noise. My response has been to tune him out. I rely on other people to teme if he says something relevant, and that way I don't have to listen to the irrelevant bits. If you do want to know about the future of AI, I'm not sure who to recommend. Honestly, there are an awful lot if people speculating, but I can't think of any that have a particularly good track record.",
Corrin Lakeland,"How do I ask what happened? I am flying to Australia to meet the man I have been dating for 2.5 years. A month after I bought my ticket, he ghosted me. So now I have a 5-week trip for nothing.","Hey, on the plus side, Australia is a nice country to visit My personal favourite is Melbourne, but anywhere is fine in winter. It’s just I find some places unbearably hot in midsummer. Go. Enjoy yourself. Forget about this guy who probably isn’t even Australian in the first place. Maybe you’ll meet someone while you’re there, and even if not there’s still helps of fun stuff to do.",
Corrin Lakeland,Have Teslas saved more carbon than SpaceX's rocket launches have added back to the atmosphere? Or has SpaceX's activities cancelled out any potential carbon savings from Tesla automobiles? Any back-of-the-envelope calculations anyone? Mr. Musk?,"I am not going to do a back of the envelope calculation, though if you really want one I see others have. The point of SpaceX is that if humanity stays stuck on earth then we will die out. Although some things are better than others, nothing we do is sustainable. This sort of thing happens in life and business too. You get stuck in a rut slowly using your dwindling resources. Musk has made major contributions to help: Making EVs popular to reduce our burn rate; revolutionizing PT through tunnels and autopilot; improving battery tech to increase efficiency; making renewables more affordable; and helping us get off this damn rock. It hasn't all worked, but making cars less damaging and breaking humanity's dependence on Earth are both part of the same plan and it's disingenuous to try and play them against each other. Reducing the money involved to normal people money for an analogy, it would be like losing your job and both reducing your spend, and spending money on getting another job. Someone complaining you have spent more on getting another job than you saved has completely missed the point. A few years ago, all of Musk's endeavors had saving humanity as a connecting theme. This seems to not be the case more recently with OpenAI, Neuralink and Twitter. Of course it's his money, and his decision what to invest in whether that's saving humanity, a big soapbox, or using the last of our resources as this question tried to imply. One of the things this has taught me it's that while I'm very grateful for the contributions he has made, I don't think humanity should be relying on crazy rich people to save it. A f",
Corrin Lakeland,Why does the man sometimes lose so much after a divorce?,"One reason I've seen is the man underestimated how much work his wife did. He was in an unequal marriage doing perhaps 30% of the housework, and this jumps to 100% after the divorce. People focus on money because that's easy to quantify. Things like managing social connections have often been primarily the wife's responsibility, and that's why many men lose a lot of friends after the divorce.",
Corrin Lakeland,Should you contact the authorities if you observe your neighbor serving their prepubescent children wine while enjoying dinner on their outdoor garden patio? Do you agree that alcoholic beverages should not be consumed before puberty?,"There are two very different questions here. Should you tell authorities about your neighbor? Answer: no, unless the kids are in immediate danger Do I approve? Perhaps not. But I'm not going to impose my views on others. Imagine some random person on the other side of the world that you've never met decides to introduce alcohol early. Not your responsibility right? Your neighbor is much the same.",
Corrin Lakeland,"A lazy programmer has to write 337 lines of code in 7 days but does not want to do any more work each day than he has to. What is the fewest number of lines he can write on the day that he performs the most work, i.e. writes the most number of lines?","Getting your head around something is a huge amount of work. By far the least amount of effort would be to do all the work on the first day (337 lines), and spend the next six days relaxing. A close second is to spend six days doing nothing and write the whole thing on the last day. This will lead to you thinking about the problem for six days, so increases the total effort, but will lead to a much better result. Anything else will involve reading code you wrote the day before and so is far more effort.",
Corrin Lakeland,"Atheists, where did the universe come from if there is no God?","It seems self-evident that playing chess, composing a song, chatting with friends, or driving a car all require intelligence. And yet we’ve developed computer programs that can do them. Self-evident is really overrated.",
Corrin Lakeland,"What you think about Elon Musk aside, is this a good time to purchase a Tesla Y?","I'm assuming your question is… you've decided to purchase a Model Y, and are deciding on timing. Do you buy now, or do you wait for some new feature. I grew up during the period personal computers went from 16 kilobytes of RAM through to multiple megabytes. Literally every eighteen months over this time the power of computers would double. You'd talk to people and they'd be holding off their purchase because they were waiting for a maths coprocessor, or an integrated sound chip. Eventually I internalized that you're jumping into a moving platform. You just have to jump when it's the right time for you, regardless of where the industry was at in that day. Buy knowing that a better computer is just around the corner. It's similar with Tesla. I really wanted one after reading about it on the internet, and put my name down as soon as the RHD version was announced. Several years later when the RHD version neared production, the Model 3 was out and was clearly a better fit so I put my name on that instead. Again a year later the Y came out and I shifted to that. As the RHD Y neared release to NZ, I was looking at the Cybertruck, thinking about how rough I am on vehicles and wondering if that would be better. Ultimately the deciding factor for me was a repair bill for my current car. We paid, and my wife said she wanted me to get rid of it so we don't have another bill like that. Every month or so Tesla tweaks the Model Y. Adding features, lowering the price… Waiting always leads to a better deal. Ultimately I think these benefits are incremental — you buy when you've saved up the money, and accept that the month after you've bought there will be a better deal. There's things that annoy me about my car. I'd love better cameras. I'd love more comfortable suspension. I'd love the garage opener to support TCP/IP garages. I'm glad I bought though, because the alternative was keeping my old car with it's minimal storage and constantly worrying that a dashboard light would signal another $5k repair bill.",
Corrin Lakeland,"Which is better for the environment, hydrogen or electric cars?","Burning hydrogen is fine for the environment. You could quite happily park a hydrogen car in your bedroom, leave the motor on, and not worry about emissions. The trouble with hydrogen is that we can't make it in quantity or distribute it safely without significant environmental damage. It's worse for the environment than oil.",
Corrin Lakeland,"I have seen many people hate the Python indentation style. Why, and what syntax style do you like?","When I was first taught to program, I was told that style was critically important and showed I understood the problem, while the computer ignored it. It’s part of how the programmer communicates with the next programmer, much like sensible variable names and good comments. There was outrage at the idea of the computer using this whitespace to interpret the language.",
Corrin Lakeland,Is it possible to convert a gasoline car to electric?,"Yes, it’s a somewhat popular hobbyist conversion. Building one from scratch is an easier project.",
Corrin Lakeland,"Why is nobody talking about electric vehicles that waste more electric energy than Bitcoin miners? No one points a finger at the industry. Are these so called ""Our leaders"" into something?","Did you know that more electricity is used to refine the gas to drive a mile than by an electric vehicle driving a mile? If you want to point a finger for wasting electricity, you should be pointing at them. I’m not sure why you’re distracting the topic with Bitcoin or “Our Leaders”, but I’ll all for us reducing electricity usage by reducing the amount of oil that gets refined.",
Corrin Lakeland,"What do you do with the batteries that cost 10,000 that needs replacing and no where to dispose of?",I go through the dimensional portal back to our reality.,
Corrin Lakeland,"If left wing is defined as ""advocates for greater social and economic equality"", and Marxism is defined as ""the higher class exploiting the working class"", how can Marxism be considered left wing?","Karl Marx died in 1883. It took a couple serious attempts by the likes of Lenin and Castro before everyone fully gave up on Marxism, but well, it’s 2023 now… nobody has taken Marxism seriously for decades. To actually answer your question, Marxism is not defined as ‘the higher class exploiting the working class’. I’m not a great person to give a definition of Marxism, but very roughly it’s “preventing the higher class exploiting the working class”. Just putting that one word back in makes a big difference, right!?",
