Name,Question,Answer,Image
Donna Fernstrom,"How do people with CFS, ME, or SEID (Systemic Exertion Intolerance Disease) feel after having the COVID-19 coronavirus vaccine? Which vaccines have they experienced?","I have ME, and I had both doses of the Pfizer vaccine. I experienced a very sore arm for about two days after the vaccination, each time. I did not experience any ME symptoms greater than the trip to get the shot itself would have created, and I did not experience a crash. Update: I got the Moderna booster. The day afterward, I had some minor arm soreness, but felt pretty much like I’d been hit by a truck - intense malaise, full body pain, and mild headache. I slept almost the entire day. The day after that, almost all symptoms were gone, except for a slight trace of arm soreness and a mild headache. The headache went away the next day. No serious crash. My husband, who does not have ME, experienced the same. My child felt bad for longer than either of us did, but is also fine now. (Note: Folks who drop comments and disable my ability to reply to them will be deleted promptly, lol).",
Donna Fernstrom,"Is it true that all animals evolved from a single source? If so, why did they evolve into such a diverse range of species instead of just one?","Yes, it is true. All organisms on Earth have a single common ancestor, (referred to as ‘LUCA’ - the Last Universal Common Ancestor). They evolved into a diverse range of species as a result of natural selection. When populations of organisms are separated, they stop swapping genes of course. Different mutations occur in different populations, and don’t pass between the different populations, because they are separated. This is called divergent evolution. The separation can be the result of geography or behavior. The population becomes best adapted for the environment where it lives. And it may evolve new looks and shapes that don’t necessarily aid survival, but don’t interfere with it, either. Those may become predominant by chance, or through mate selection. The entire world isn’t just a single environment - it has cooler and warmer areas, water and land, desert and heavy rainfall areas - so life forms in those different places wind up very different from each other.",
Donna Fernstrom,Can a cat take out an owl?,"That depends on the species of owl. Some owls are large enough to eat cats. Some owls are small enough to be prey for cats. Some are somewhere in the middle, and the outcome would be uncertain. It also depends on the size of the cat. An adult cat can range from 4 pounds (1.8 Kg) to 22 pounds (10 Kg). That’s a HUGE range. (Different breeds of cat are very different sizes in some cases). (Photo by Chris Pretorius). You can surely see that this: And this: …would NOT produce the same outcome in that contest. Both of these cats are adults: I wouldn’t lay odds that the smaller one would be safe from any number of the larger owl species. The larger cat, however, could probably manage to kill most owls. Either way… keep your cat indoors, and only allow it outside on a leash, or in a catio. Protect wildlife… and protect your cat.",https://qph.cf2.quoracdn.net/main-qimg-f2f5ece289cbf0c51eba9620825d0c55
Donna Fernstrom,"Supposedly the Green Sea Turtle has greenish fat from the plants it eats. If this is true, why don't we hear about any other herbivores with greenish fat? For example, I've never heard of cows or herbivorous fish having green tissue.","The plants that Green Sea Turtles eat is mainly sea grasses and marine algaes, which are rich in carotinoids, particularly a pigment called phycocyanin. It is this pigment which makes their fat greenish. (A different set carotinoid pigments, found in shrimp, is the reason why flamingos have pink feathers). Land grass doesn’t have high levels of phycocyanin, so cattle don’t have green fat. Herbivorous fish ...",
Donna Fernstrom,What is the evolutionary relationship between woolly mammoths and modern elephants?,"(M. Meyer et al/eLife 2017) Woolly Mammoths and Asian elephants descend from a common ancestor. (All elephants do, of course, but these two are more closely related than African elephants and Woolly Mammoths). This means that Asian elephants are more closely related to Woolly mammoths than they are to African elephants.",https://qph.cf2.quoracdn.net/main-qimg-dbe0509901773ddb9702554f74bca27a
Donna Fernstrom,Is it better to eat an intelligent animal that has lived a good life (family farm pig) or a less intelligent animal that was tortured (factory farm chicken)?,"For starters, chickens are not really a lot less intelligent than pigs. Birds tend to be smarter than mammals on average, and chickens are no slouches. (Primates are outliers). It’s healthier to eat animals that have lived a good life, been provided with excellent nutrition suitable for their species, have gotten exercise, fresh air, and sunshine, and have had lower stress levels. Their meat will be more nutritious, and have a much better nutrient profile. (For example, 100% grassfed beef has significantly lower omega 6 fatty acid levels, and higher omega 3 fatty acid levels than grain-fed beef). Chickens allowed to forage on pasture will be eating insects (with guts full of plant matter), shoots, fruit, wild seeds, and anything else they can catch. Factory-farmed chickens get commercial feed made primarily of grain, with no diversity. So, pasture-raised chicken eggs and meat are healthier to eat, and provide more diverse nutrients. (They are more flavorful, too). Of course, feeding livestock on wild, natural food instead of feeding them crops is better for the environment, too. Doing what is best for animal welfare is also what is best for human health.",
Donna Fernstrom,"Can a living thing evolve without any motivation or drive, such as an instinctual urge to survive or reproduce?","Yes. Many microorganisms fit into this category. Reproduction occurs, but there is no brain or mind, so no instinct/drive is present. Reproduction is simply something that occurs when the conditions required for it are met. It’s automatic. Reproduction is part of definition of life. Life forms reproduce. Things which do not reproduce are not alive. (This applies to groups, not individuals, of course - an individual that does not reproduce, but is of the same kind as others in the group that do, is still alive, lol).",
Donna Fernstrom,Are there any fossils or living organisms that fill the gap between snakes and limbed reptiles?,"Fossil snakes in genera Eupodophis, Haasiophis, Pachyrhachis and Najash had vestigial hind limbs, so sure, plenty. No living organisms. Snakes first evolved over 128 million years ago. Individual species don’t last long. We have many examples of lizards evolving limblessness, but thi...",
Donna Fernstrom,What are some of the most surprising or counterintuitive animal behaviors observed in the wild that challenge common assumptions about certain species?,"Playful, social wolverines. Considered to be irascible, solitary animals, it turns out that once they are adults and on their own, they sometimes visit their mothers, and spend time together and play along territory boundaries. They may need a lot of space to find enough prey, but that doesn’t mean they hate each other, or are always aggressive toward each other.",https://qph.cf2.quoracdn.net/main-qimg-864509a3b13d71c15dfdc8b9c7796183
Donna Fernstrom,Why are wolves considered top predators when a 100-pound wolf requires help in taking down a large ungulate?,"Because the 100 pound wolf HAS help. In other news, humans are also considered to be top predators, even though they can barely kill anything larger than a woodchuck without using tools. They’re considered to be top predators because they, too hunt in groups, and because they HAVE tools.",
Donna Fernstrom,"Are you a meat-eater, vegetarian, or vegan? What does non-dualism say about this? Does enlightenment make a person vegetarian, as high-frequency foods like fruits and vegetables align with awakened energy?","I’m an omnitarian, and trained psion (psychic/energy worker) with fairly decent abilities. Being healthy makes using abilities that rely on focus and proper nervous system function easier. Being unhealthy doesn’t mean you can’t use them at all, but it’s more difficult. Most folks with innate psi abilities have various health issues that are linked to genes and development, not to diet. And innate psi ability itself seems to be tied to genetics. Folks without innate ability can usually learn some psi ability, however. (But, they rarely do. Nor do innate psis usually work to develop and train their abilities). Oh, well. What does any of this have to do with enlightenment? Nothing. Generally people who call themselves enlightened are anything but. Those who others call enlightened are usually just possessed of either a lot of wisdom, or a lot of charisma that makes people think they are wise. Which, again, has little to do with health. Eat the diet that is best for your body and helps you feel your best, and that you actually enjoy eating (that part is also important). Don’t pretend that what you eat makes you a better, wiser, or more spiritual person.",
Donna Fernstrom,Why don’t snakes have arms and legs? Are they in the early stages of evolution or vice versa?,"Every single living thing on Earth has been evolving for the same length of time. (Organisms that spend long periods in cyst/spore form or frozen aside). Evolution doesn’t have stages. It’s the name of a process that we observe happening. Apart from the aforementioned exceptions of organisms in suspended states, it never stops happening. It may happen faster, or slower, but it keeps going. Snakes evolved from lizards. They evolved to have no limbs most likely as a result of living in places with tightly tangled grasses and vegetation, where limbs would have restricted their speed. We find lizards that have evolved tiny limbs or have lost their limbs in such environments today. So, in that type of environment, loss of limbs is selected for. This is evolution through natural selection. (The animal above is a legless lizard, not a snake. All snakes have lidless eyes covered by a clear scale. This lizard has eyelids, and an eye not covered by a scale).",https://qph.cf2.quoracdn.net/main-qimg-5164be7e380e78383ab6906f574bf307
Donna Fernstrom,"If you’re autistic, have other autistic people felt angry, offended, annoyed and/or uncomfortable with you for trying to warn them about any dangers and risks?","Not that they have directly told me. So, I suppose I don’t know. Regardless, I wouldn’t regret doing so.",
Donna Fernstrom,"In places like Darwin, Australia you can’t swim in the sea because of crocodiles. Is it not feasible to install nets to keep them out?","Crocodiles can climb over nets, or go around them and enter the same way the humans do. Crocodilians can even climb over chain link fences.",
Donna Fernstrom,"If the kookaburra and budgerigar are only found native in Australia, does that mean they can only evolve in Australia?","No. They can (and will) evolve wherever they happen to be. Provided they don’t become extinct. Once an organism is extinct, it can’t evolve any longer. ;) They DID originally evolve in Australia, but as with all living things, they continue to evolve. Anywhere there’s a population of these birds, they will continue to evolve. Eventually, they will no longer be kookaburras or budgerigars. Kookaburras have been introduced to New Zealand, and are an invasive species there. They will continue to evolve in New Zealand unless eradicated. Budgerigars have been introduced to and are breeding in Florida in the United States. They will continue to evolve there unless eradicated. The South Florida budgies are already genetically distinct as they are escaped semi-domesticated animals from the pet trade.",https://qph.cf2.quoracdn.net/main-qimg-2b81405eef6e64643774e5fdd9f0fcfd
Donna Fernstrom,Do we know the species of Bird that managed to survive the K-PG extinction Event?,"Several species of birds survived the K-Pg Extinction event. We don’t know the exact species they all were, because to determine that, we need fossils of that species from both before and after the Extinction event. Bird fossils are very rare. But we know it happened because the lineages that survived diverged before the mass extinction happened.",
Donna Fernstrom,Is it your intuition that snakes the size of Titanoboa and really Giant Anaconda still live undiscovered in the Amazon or that they are truly extinct and that the biggest snakes alive have been discovered?,"I find it highly unlikely that there are any snakes larger than the largest recorded alive today. There are too many humans, and humans kill them.",
Donna Fernstrom,Have scientists found that Komodo dragons have iron-tipped teeth to tear into flesh?,"No, but the the tips and serrations of their teeth are REINFORCED with some iron in the outer layer of enamel. (Sometimes zinc as well).",
Donna Fernstrom,"Is it wrong to say you're autistic without actually knowing/being diagnosed? I'm almost positive I'm on the spectrum, but I don't want to say I am if there's the possibility that I'm not… especially since I'd be considered high-functioning.","The autism community on the whole accepts self-diagnosis from adults. The tests and evaluations used to diagnose autism were designed for children, and don’t work well on adults who are functioning in society and are used to elaborate masking. If looking at a chart of autistic traits feels like you’ve gotten a bingo in every direction, you’re almost certainly autistic, and will be accepted as such. There’s very little to be gained in paying good money to get an official diagnosis when you don’...",
Donna Fernstrom,How many years can a turtle live in captivity of the size of 40 cm wide and 20 cm tall?,"This question cannot actually be answered because you didn’t tell us the species of the turtle. Also, I assume you mean the enclosure is that size. However, for virtually all species of turtles I’m aware of, the answer is either ‘not at all,’ or ‘maybe one year, tops.’ Additionally, if you have to ask this question, you are nowhere near prepared to be caring for a turtle in captivity. There’s the UVB lighting, the heating, the dietary considerations - reptiles require pet owners to know a LOT. Learn before you bring one home.",
Donna Fernstrom,"What is the best way to heal from a Covid-19 vaccination injury? A family member is very anemic, has low palettes, has autoimmune disease and is getting worse. How can they get their health back?","Autoimmune hemolytic anemia is the only autoimmune disease I’m aware of that causes anemia. I believe the treatment is corticosteroids - consult your doctor, and follow their instructions. There is no cure for autoimmune diseases. Careful management by a doctor is the way to go. Autoimmune diseases are not entirely vaccination injuries. They can be triggered by any exposure to a disease-causing organism, and yes, it’s true vaccination can also trigger them. SO CAN OTHER THINGS. We don’t fully understand how they develop. But the reality is this: If the vaccine caused your autoimmune disease, the disease that the vaccine protected you from would have caused it as well, once you were exposed. Plus you’d have damage from the illness on top of that. Given how wildly contagious COVID-19 is, you can’t be sure that you didn’t have an asymptomatic case (half of them are asymptomatic) which triggered the autoimmune disorder, rather than the vaccine being responsible. But your chances of never being exposed to SARS-CoV-2 were pretty low, so this is just one of those unfortunate things that was going to happen. As someone with ME/CFS, I’ll never know whether my condition was triggered by a virus or vaccine, and it doesn’t really matter. If you’re susceptible, then you’re susceptible, and something’s going to trigger it. I get vaccinated regularly (it doesn’t make the condition any worse). Asking questions like this on Quora smells like you’re trying to spread anti-vaxxer propaganda, though. Obviously you should consult a doctor, and not us.",
Donna Fernstrom,Why do we eat plants to save animals when plants are a living species too?,"Well, ‘we’ don’t. About 3% of the population does. They do this for three reasons: Propaganda has been effective in convincing them that this is morally correct and makes a difference. They have feelings about living things that are more like them, and no real feelings about liv...",
Donna Fernstrom,"If you where to put the human reproductive system into another animal and fertilized by human sperm, would it be possible for the animal (whatever it would be considered) to be produced as something of a hybrid between the two? What would happen?","No. If you were magically able to prevent rejection of the implanted uterus and fetus, the baby born would be 100% human (A few stray cells notwithstanding). A human ova plus a human sperm = a fully human baby, whether it gestates inside of a human or not. Likewise, when we manage to perfect artificial wombs, human fetuses grown in them will be human and not cyborgs. ;)",
Donna Fernstrom,"If the asteroid that killed dinosaurs was found to be heading towards the Earth now, could we do anything to stop it from hitting the planet if we had a couple of decades to prepare?","Yes, I believe we could, if we had a couple of decades. We’ve proven that we can hit asteroids, and that we can change their trajectory. We would be able to deflect it. It would be expensive, but we could do it. However, that’s assuming that we saw it, and had time to prepare. A lot of very big rocks have come shockingly close to this planet rather recently without our seeing them until basically the last minute. What we really need to work on is early-warning technology - a system to keep watch over space for giant rocks headed our way.",
Donna Fernstrom,"I understand atheists want to believe too. As tides of thought continually shift, and in search of meaning, we jest or we lift. What are you still waiting for?","Society makes people think that they have an obligation to have faith of some sort - that it’s not only a good thing, but essential for humanity. Realizing that you AREN’T obligated, that you can, in fact, think whatever you want… it’s so freeing! Freedom from faith is a gift. When new information comes in, you just change your mind… no need to feel uneasy, or cling to the past. If something you thought was true turns out later to not be true… no big deal! Because you’re not so attached to any idea th...",
Donna Fernstrom,"If evolution is true, why hasn't my pet goldfish turned into a shark yet?","Because evolution works like this: A single species radiates into several new species with different features that are adapted for the different environments the original inhabited. These changes accumulate over time, the radiating species become more and more different from the original, and, often, from each other. But one thing they never, ever do is go BACKWARD. Species evolve to become more different from one another - never LESS different.* Sharks diverged from bony fish around 420 million years ago! No bony fish can ever become anything like a shark. Sharks have skeletons made of cartilage. Only their jaws and teeth are hardened. They have rough skin, and no scales. Goldfish are freshwater fishes with bone skeletons and scales covering their bodies. These are incredibly different animals. Additionally, goldfish are domesticated animals. Their ancestor was a species of carp, but what they are today is the result of selective breeding by humans, not natural evolution. But no matter how long humans selectively breed goldfish, it’s super unlikely they could turn them into anything like a shark. And impossible for them to ever become sharks, because evolution never goes backwards. *By difference, I mean genetic difference, not morphology - species do sometimes evolve to look superficially similar due to adapting to similar niches, but under the skin, where it counts, they’re extremely different.",https://qph.cf2.quoracdn.net/main-qimg-a2528989ae64e8c6511d1ad606eb999a
Donna Fernstrom,"If you had chimps adopt orphaned bonobos over several generations until they are a completely bonobo troop, would they inherit the patriarchal structure (opposite of inherent bonobo matriarchal structure)? What would the findings imply?","Probably, but we don’t know, because it’s never been done. The findings would tell us how much of the social structure of these animals is culture, and how much is instinct. It would also be interesting to try it the other way around. Based on the flexibility of baboon cultures, it’s entirely possible that it wo...",
Donna Fernstrom,Would you know it if a bat was hanging on your back?,"If it was attached to my shirt, and I didn’t feel the claws, possibly not - some bats are extremely small and very lightweight.",https://qph.cf2.quoracdn.net/main-qimg-bc20d51cc46b7b54c4f504fe11309fee
Donna Fernstrom,"How many years ago today in 2024 has it been since dinosaurs went extinct? Tell me exact number of years, it has to be more than 65 million years","Argon-Argon dating puts the Chicxulub impact at 66,038,000 years ago, plus or minus 11,000 years. That’s the most accurate we can get in dating when the K-Pg Extinction Event began. We can’t know how long it took the last of the non-avian dinosaurs to die out, but couldn’t have been long. However, you’ll notice that I was specific there. You see, the dinosaurs have not become extinct. Only the non-avian dinosaurs have. So, dinosaurs are still around. Not just descendants, but actual dinosaurs, as we now understand. Birds aren’t special, as dinosaurs go. They’re quite typical dinosaurs.",https://qph.cf2.quoracdn.net/main-qimg-43a8d76a045769a5b5ad0b94c99a3c23
Donna Fernstrom,"As humans evolve to become smarter and smarter, do animals do too, especially domesticated animals like cats and dogs?","There is no evidence to suggest that humans are evolving to become smarter. In order for that to happen, there would have be selective pressure, and there isn’t any. Stupid people are having as many or more children as smart people. Domesticated animals are rarely bred for intelligence either. Too smart, and they get bored and get into your stuff and destroy your house.",
Donna Fernstrom,Why can't whales grow big in the size of large bridges?,"I’m sorry, but how big is a large bridge? Animals have to eat to maintain their weight. Blue whales eat up to 16 tons of krill per day when feeding. Any larger, and they’d have significant trouble finding enough food. That’s already going to be a problem for them, with climate change.",https://qph.cf2.quoracdn.net/main-qimg-ac81e4ecc0df6d27664310254c0eb43d
Donna Fernstrom,Why are many species around the world once thought to be subspecies but now are considered to be separate species?,The degree of genetic difference required for a species designation is roughly 2%. Genetic studies of supposed subspecies have allowed scientists to determine that they are much more distantly related to other populations than was originally believed.,
Donna Fernstrom,Why do lunged tetrapods do so well in marine environments often functioning as cosmopolitan apex predators while lungfish are confined to ephemeral streams and backwaters? What advantages did marine mammals and reptiles get from their stint on land?,"Considering an animal to be ‘confined’ to its ecological niche and habitat is missing the point. Lungfish survive in conditions no other fish could. But there are plenty of other animals that survive in that same environment - they’re just not fish. The advantage that semi-aquatic animals have is better mobility on land, and in the case of reptiles and semi-aquatic mammals like otters, resistance to drying out, so they don’t need to stay wet. Lungfish survive that by aestivating underground in a sealed sack. So do amphibians adapted to similar environments. Comparing dolphins to lungfish makes no sense. They live in completely different environments. Comparing dolphins to sharks would be more equivalent. Or, as I did, lungfish to otters.",
Donna Fernstrom,Has it been determined by the experts that both COVID-19 and the COVID-19 vaccines are carcinogenic? Could that lead to a massive extinction level event for mankind?,Bacon is carcinogenic. But there is no evidence that the mRNA vaccines are. Settle down. lol.,
Donna Fernstrom,How the hell do I block questions from Quora prompt generator? I'm scrolling fof ages to avoid its usually ridiculous questions.,"Click on the three dots at the top of the ridiculous question. Choose ‘View Question Log.’ Scroll all the way to the bottom, and it will reveal who wrote the question. If it is Quora Prompt Generator, then click on that and it will take you to the prompt generator’s profile. Just block it the same way you would block anyone else. :)",
Donna Fernstrom,Do you avoid answering questions by the Quora Prompt Generator?,"Since I learned that all you need to do is block it, I no longer have to check each question to see if the QPG wrote it. I will not answer bot questions. I’m here to help people, not generate mindless content. Simply click the three dots at the top of the question, and scroll down to ‘View Question Log.’ Scroll to the bottom, and you will see who asked the question. Click on the name (In this case, ‘Quora Prompt Generator,’ and it will take you to the profile. Yes, the bot has a normal profile! Just block it, and no more questions will appear to you.",
Donna Fernstrom,What ever happened to the mRNA coronavirus vaccines discussed two YEARS ago that were going to target parts of the virus that don't change so it might end Covid? Why doesn't the media ever ask this question?,"Research is still ongoing. Outside of emergencies, they don’t fast track this stuff.",
Donna Fernstrom,"Is there any wild animal capable of being domesticated to the level of domestic animals living with us? If so, where would that put Genesis 1:30?","Yes, and some are being domesticated as we speak. Domestication is the result of selective breeding over time which alters a population of organisms to make them more suited for a human use. Domesticated animals include dogs, cats, goats, sheep, cattle, chickens, honeybees, silk worms, llamas, alpacas, dromedary camels, pigs, ferrets, domestic rats and mice, guinea pigs, rabbits, turkeys, ducks, geese, coturnix quail, water buffalo, zebu, donkeys, horses, domestic pigeons, yak, Bali cattle, Muscovy ducks, goldfish, koi fish, canaries, society finches, domestic mink, domesticated silver foxes, domesticated hedgehogs, and the Fuegian dog (a type of domesticated fox) which is now extinct. There are at least 27 additional species which should be considered semi-domesticated, as in, domestication is well under way and is still in progress. (Reindeer, for example, and many aquarium fish, reptiles, and cage birds). The oldest domesticated species, by the way, are domestic dogs. Their domestication is around 30,000 years old! It’s now believed that we did not deliberately domesticate them, but instead, they evolved to become domesticated by living symbiotically with us. Our natural behaviors shaped their evolution - we drove away or killed aggressive animals, and rewarded ‘cute,’ friendly, and helpful ones, so they were more likely to survive and breed. But we didn’t start deliberately selectively breeding animals until the dawn of agriculture around 12,000 years ago. As for Biblical stuff… when religious documents run contradictory to actual reality, we call them ‘mythology.’",https://qph.cf2.quoracdn.net/main-qimg-77780c2aa156bb03755cd3212dafc8f1
Donna Fernstrom,Why is the wolf and coyote seen as separate species when they can produce offspring that can reproduce? How does that correlate to humans where something similar occurs but we don't consider it? Just an honest question about classification.,"Wolves and coyotes are genetically, and behaviorally, pretty different from each other. The ability to hybridize isn’t used to delineate species any longer. Instead, separation is used - if the animals cannot or do not routinely interbreed, they’re separate species. Wolves generally kill coyotes, they don’t mate with them unless there are no other options around, and even then, it’s uncommon. As a result, wolf and coyote genetics are distinct. As for humans - humans suffered a genetic bottleneck around 80,000 years ago or so. Our species was down to a mere 5000 to 10,000 individuals at one point. Every human is descended from those few, so we have less genetic diversity than domestic dogs (which actually are a subspecies of wolf, by the way). In a lot of cases, less genetic diversity than different dogs of the SAME BREED. We humans are all incredibly closely related to each other. Superficial locality variations lead people to think we aren’t, but it’s like a yellow lab versus a black lab - different coat colors don’t mean different breeds, much less different subspecies or species, lol. And humans interbreed freely across the world. Genetic studies show our species REALLY gets around - genes from far-flung areas of the world wind up all over the place. Humans are one pretty homogenous species.",
Donna Fernstrom,"Why is everyone convinced that the human being is omnivorous when it is clearly frugivorous (does not mean vegetarians), like monkeys? Just look at your teeth and think that eating meat every day will damage your health.","For starters, being frugivorous and omnivorous are not mutually exclusive things. Frugivory is a subcategory which can be located beneath designations such as ‘herbivore,’ ‘hypocarnivore,’ and ‘omnivore.’ All that ‘frugivorous’ means is that more than 50% of the diet is comprised of fruit. For instance, chimpanzees are frugivores. 60% of their diet is fruit, primarily figs. But 10% of their diet is animal foods, including insects and monkeys. Chimpanzees are hypocarnivores as well as frugivores. Humans, on the other hand, are not frugivores, because with few localized exceptions, humans don’t have a diet that is more than 50% fruit, and they never have. Instead, humans have evolved to eat a diet primarily of cooked tubers, shoots, roots, greens, and seeds, with some nuts and fruits, and around 30% of their calories on average coming from animal foods (mainly meat in hunter-gatherer cultures). Humans have had fire since Homo erectus, so their digestive systems have evolved to cope efficiently with cooked, not raw, food. And they are predatory omnivores, highly adapted to large game predation, with a shoulder joint evolved to allow hard, accurate throwing, and a very efficient cooling system with ample sweat glands that allows them to persistence-hunt during the hottest part of the day. Some human cultures do eat quite a lot of fruit, to be fair… but some eat remarkably little. But I’m unware of any human culture that has ever had a diet of more than 50% fruit. (The San, for example, eat a lot of fruit, but half of the plant portion of their diet is nuts, not fruit). So, not only could a frugivore be an omnivore anyhow, but there is zero evidence that humans are frugivores, or, in fact, that any hominin was a frugivore. In other news, gorillas are also not frugivores. (Nor are they herbivores - they are hypocarnivores, which is a category of omnivore). Human teeth are typical primate teeth, but fairly reduced, because you don’t need strong teeth to eat cooked food that you cut up with a knife. lol.",
Donna Fernstrom,While pregnant I was slightly exposed to oil paint fumes. I have read that they are more toxic and dangerous than water-based paint. Is the baby at risk of future cancer or DNA damage due to my exposure to the toxic paint?,Not in any calculable way. Breathing the air in a city is much worse.,
Donna Fernstrom,How likely are purely herbivorous or carnivorous species to develop into a spacefaring civilization compared to an omnivorous species? Are there any advantages they might have or is their restricted diet mostly a disability?,"I think it’s extremely unlikely for herbivorous species to develop sophonce. Herbivores need to spend the majority of their time eating in order to get sufficient calories to live, and an herbivorous diet doesn’t lend itself to larger brain development. Why would being smarter help an herbivore survive in any meaningful way, enough to justify the huge calorie requirements? It’s possible that carnivores could evolve sophonce, though. There are carnivores that use tools to acquire food on Earth, so there’s a clear and obvious path toward sophonce, and carnivores that use tools could acquire enough food to support increased brain sizes. I don’t think carnivores would have any advantages over omnivores, and I don’t think it would disable them in any way, either. But it’s important to understand that plants and animals are Earth organisms, and anything living on another world will not be a plant or animal, technically. It may be biologically quite different, even if there is a superficial resemblance.",
Donna Fernstrom,Would you wrestle a 30 foot boa constrictor?,"No. There is no such thing as a 30 foot Boa constrictor, so it would be impossible for me to wrestle one.",
Donna Fernstrom,How can an autistic person with justice sensitivity not have empathy?,"Turns out that folks shouldn’t actually listen to outdated science created by biased researchers. There’s nothing wrong with our empathy. If anything, autistic people have an excess of empathy. What we don’t do well is read body language, interpret facial expressions or tone of voice, etc. As a result, we can miss the cues that other people use to tell how another person is feeling, unless those cues are super blatant. But once we know how a person’s feeling, we empathize just fine.",
Donna Fernstrom,"Which wolf are you feeding, the white one or the back one?","If they’re not in captivity, I’m not feeding them, because habituating wild wolves would be bad for them. If they are in captivity, I will feed them both, of course. If they are the metaphorical embodiment of various human characteristics, then I’ll feed whichever one is hungriest in the moment.",
Donna Fernstrom,"How can people with autism talk about their diagnosis without using the phrases ""I am autistic"" or ""my child is autistic"" in a potentially offensive way?","By saying ‘I am autistic,’ and not giving three flying figs about how you feel about that. Because there’s nothing offensive about that, and if you’re offended, you’re the problem.",
Donna Fernstrom,"Why do some people in the autistic community say that Autism Spectrum disorder is a neurological difference and part of who you are and not a disorder, even though it is a disorder, by definition today?","They’re confusing the need to ensure equitable treatment and social acceptance with lack of disability/disorder. In other words, they’re being ableist as all F***. They’re suggesting that being disabled is bad, so refusing to accept that they are disabled, or that the disability is actually a disability at all. I’m personally over it. I’m autisti...",
Donna Fernstrom,Would a vegetarian animal ever eat meat?,"There’s no such thing as a vegetarian animal, apart from some humans. Vegetarianism is a choice. If you meant to ask if herbivores would eat meat, the answer is yes, they do sometimes opportunistically eat meat when they come across it.",
Donna Fernstrom,What are some nonruminant herbivore reptiles?,"The only known ruminant reptile alive today is a dinosaur (a bird called the hoatzin). All other herbivorous reptiles alive today use hind-gut fermentation to process their food. Since the intestinal tract is the first thing to decay (due to being loaded with microorganisms already) when an animal dies, we have no evidence of rumination in extinct species of reptiles.",
Donna Fernstrom,"My mom keeps saying my 2-year-old has autism, but he doesn’t. He talks when he wants and is delayed in speech. How do I get her to stop saying he’s autistic?","Autism tends to run in families, so parents who are on the spectrum or close to it often don’t recognize that their kids are autistic or may be more severely affected, because their kids are a lot like them. Have your kiddo evaluated. Then you’ll know for sure. If he is evaluated and they agree he is not autistic, you can show mom the paperwork.",
Donna Fernstrom,How can someone on the autism spectrum show care and empathy without using words?,I guess we could draw you a picture. Why do you need us to show you things instead of saying them?,
Donna Fernstrom,I have a male budgie that has mated with 2 female budgies (I call him the womanizer). How can this be? Aren’t they by nature a couple?,The vast majority of animals that are said to ‘mate for life’ do about as good a job at it as humans. Expect variations. lol.,
Donna Fernstrom,"Few things freighten me, however, my fear of snakes more than makes up for it. Will high top leather boots adequately protect me from a snake bite, or do I need additional protection?","Provided the leather is both thick and tough, then ‘snake boots’ about 18 inches tall should be adequate, especially since, being afraid, you won’t actually be deliberately approaching any snakes. Keep in mind that you only need such a thing if you live where venomous snakes are common. There’s no point in wearing special boots to protect yourself from something less serious than a kitten scratch, lol. Since snakes will be avoiding you (they really don’t want trouble), and you’ll be avoiding them, the only way you could possibly ever be struck at is if there’s an accident - you step directly on or next to a snake that was dozing and relying on its camouflage, and you scare or hurt it. Otherwise, they will leave if they see you, just as you will leave if you see them. Take care that you don’t fall prey to the human impulse to try to attack the thing you’re afraid of. The majority of people bitten by venomous snakes are bitten in the course of trying to mess with the snake. Snakes bite in self-defense - so, don’t make them feel they need to defend themselves, and you’ll both be fine. And, after all, it’s poor form to make your fear something else’s problem.",
Donna Fernstrom,Why aren’t there green mammals?,"Mammalian hair has only two types of pigment, and neither can produce the color green. We metabolize chlorophyll, so we can’t concentrate in our skin. The color blue in the vast majority of animals, called Tyndall blue, is produced by light refraction - the structure of the blue surface, rather than by pigment. Add yellow pigment and Tyndall blue, and you get green. (True blue pigment is vanishingly rare, and only a handful of species can produce blue pigment). Mammalian hair doesn’t have the right structure to produce Tyndall blue. But some mammalian skin has evolved to produce it - The skin on the Mandrill’s face is structured to reflect blue light. In dim lighting, it’s just pale/white. Theoretically, if you added yellow pigment to this, you could get green, but why? The blue evolved to attract attention. Green is a camouflaging color in most cases. So, while possible, it’s extremely unlikely to happen. We’ll never know if it has happened in the past, in extinct species, however.",https://qph.cf2.quoracdn.net/main-qimg-594d149f9c114171562c7d4441bd9503
Donna Fernstrom,Why don't giraffes stand upright? Wouldn't that increase their height quicker than evolving longer legs/neck?,"Evolution doesn’t have a goal, nor does it follow any plans. If a random mutation aids survival and reproduction, then the individual who has it is more likely to survive and reproduce than those who don’t. At some point, longer legs were more advantageous than being able to rear up and reach stuff that way. A giraffe’s current body design makes standing on its hind legs irrelevant, so it can feed with less energy expended.",
Donna Fernstrom,"So I recently got a gecko; extremely small. I got her a night bulb along with a day one. The light is red, so do I still need to get her a source of heat without actual light, like ceramic or a heating mat? I feel the light is stressing her out.","If you feel the light is stressing her out, then a ceramic heat emitter or heat mat would be a better choice. The species of gecko matters as well. I’d recommend a heat mat for a terrestrial gecko, and a ceramic heat emitter for a climbing species. Just make sure they can’t touch the heat emitter or light bulbs, and that the humidity is correct for the species.",
Donna Fernstrom,"Which two real-life islands in Central America could be used to create dinosaurs similar to the fictional islands of the Jurassic Park franchise, both Isla Nublar and Isla Sorna?","None of them, sorry. The oldest DNA we have ever found is significantly younger than the last of the non-Avian dinosaurs. DNA just doesn’t last that long. We’ll never have non-avian dinosaur DNA, not even a scrap of it. As a result, we could never create dinosaurs similar to the ones in Jurassic Park. We could engineer new dinosaurs using modern dinosaur (bird) DNA, but they wouldn’t be anything like the originals, nor the creatures seen in the movies. As a result, any islands that might be used aren’t relevant. And an island wouldn’t be a great place for such a park anyhow, as the risk of storms would be too high.",
Donna Fernstrom,Are Komodo dragons really faster than humans?,"No, generally they are not. Humans average just slightly faster at a sprint than Komodo dragons do, and the lizards cannot keep up the pace for as long as we can. That’s not to say that every human is faster than every dragon. Their average sprinting speed is VERY similar, so there are a lot of humans that are much slower than the average dragon. lol.",
Donna Fernstrom,"My pet turtle escaped the tank and I found him exploring my room. I put him back and made sure the tank was shut but he keeps trying to climb out the same way, should I allow him to do this?","Depends on the species of turtle, and how warm your room is. It’s possible that your turtle just needs a larger enclosure in general, but it’s fine to let them out - WITH SUPERVISION - to explore, as long as the temperatures aren’t too cool for them. But secure the enclosure properly and take care that your turtle isn’t falling to the floor from some height, because that could very easily injure it. More information on the turtle, the enclosure, and the room would help people answer this question better.",
Donna Fernstrom,Did the dinosaurs go extinct because they had small forebrains?,"No. The dinosaurs did not go extinct. At least, not all of them. We now understand that birds are just one branch of dinosaur. They’re no different from other dinosaurs than bats are different from other mammals. As for what killed the non-avian dinosaurs, that’s easy to answer as well. At the time of the strike, the Deccan Traps, a volcanic area, had been erupting for a while, and this had caused a mass extinction event, though not a huge one. But the changes the volcanism caused were already beginning to slow dramatically by the time the real disaster struck. The non-avian dinosaurs would have survived the Deccan Traps volcanic disaster easily, just as they had survived a series of other mass extinctions since they first evolved. But they couldn’t survive this. The Chicxulub impactor - a massive asteroid slamming into the Earth at the tip of what is now the Yucatan Peninsula. 80% of all species - plants, animals, on land and in the sea - perished. The impact set broad swathes of the Americas on fire, then doused the flames with tsunamis. The skys were filled with sand, ash, and sulfuric acid, blocking the clouds. Tektites, tiny round balls of solidified magma, rained from the sky and choked the gills of aquatic animals. In what is now North America, a dinosaur, torn apart in the mayhem, fell into a low-lying water-filled area along with partially burned vegetation, and dying fish, their gills clogged with tektites. And they were buried, together, that way. Good luck for us. A snapshot in time, fossilized - within days of the disaster itself, if not the very day! Across the world, fault lines slipped, and earthquakes rumbled, causing more tsunamis and more destruction. Setting off more eruptions in the Deccan Traps, and in other places that would otherwise not have all gone off at once. More ash, more sulfuric acid billowing into the air! And then it began to rain - acid raining from the sky. No light. The plants died. The animals followed. Most mammals died. Most dinosaurs died. Most of everything died. The larger they were, the quicker they fell. Large animals need more food. Slowly, the ash fell, the acid was washed from the sky. It left behind a line in the sedimentary rock that we can easily see - a line laced with iridium, an element found commonly in asteroids, but very rare on Earth. As the world began to recover, the remaining 20% of species, greatly reduced in total numbers, began to recover as well, and then to diversify to fill all of the empty niches left behind. Some diversified faster than others, but it took a long time from our perspective. Today, there are more dinosaur species alive than there are mammals species. Reptile brains aren’t structured the same way mammalian brains are. They also have fewer redundancies, and are packed with many neurons. This allows reptiles to be as smart or smarter than mammals even when their brain is quite a bit smaller in overall size than a mammal’s brain. Prior to the K-Pg disaster, dinosaurs had smaller brains. So did mammals. But as we are now beginning to understand, that doesn’t mean they were stupid. Modern reptiles aren’t even remotely as stupid as we used to believe they are. Lizards can learn a maze as well as a mouse. And birds? With their much larger brains? Well, they’re brilliant. Us primates lucked out. Like reptiles, our brains are more densely packed with neurons than those of other mammals. But the most intelligent birds have as many neurons in their forebrain as great apes do, despite the smaller brain size. Only we exceed them. As for the non-avians - we can’t really know how their brains were structured. We only have their skull, and that can tell us a bit about the size and shape of the brain, but not so much how much there was of each part. Not that any of that matters. When a giant rock from space comes calling, all the smarts in the world won’t save you.",https://qph.cf2.quoracdn.net/main-qimg-3ab380cdf2a88ab1a415ad317e550f0d
Donna Fernstrom,"If you could have any extinct creature for a pet, which one would it be and why?","I want a breeding population of Fuegian dogs (domesticated culpeos). It’s a tragedy that an entire domesticated subspecies was wiped out by invading Europeans. There are plenty of other extinct species I’d like to have back, some of them moreso than the Fuegian dog, but only the Fuegian dog would make a good pet.",
Donna Fernstrom,At what age is it appropriate to get a baby corn snake as a pet?,"I would say 19. Prior to that, a reptile could be a family pet, but children should never have total responsibility for a pet. Parents should always monitor and be ready to step in and ensure that the animal is receiving appropriate care if the child fails to keep it up. As a family pet with the child participating in the animal’s care, I would say age 10 would be the minimum age. Prior to that, children would have difficult with impulse control and understanding that a pet reptile is not a toy or playmate. Reptiles don’t handle stress well and should not be played with the way a child would play with a dog or cat. (Which also should always be supervised with children). Why 19? Because by age 19, the person will know whether they can accommodate a pet snake in their living situation. If they are going to college, or entering the workforce, etc. Most apartment complexes don’t allow snakes. Corn snakes live for 23 years or longer in captivity. That’s why teens, who may be responsible enough to care for them, shouldn’t get them; because they won’t know if they can continue to keep them once they graduate from high school. No pet should be considered temporary. If the snake is a family pet, then if the young adult leaves home and cannot take it, there is no issue; the parents will keep it.",
Donna Fernstrom,"Why are birds closer to being a dinosaur than turtles, alligators, lizards, and snakes?","Birds are not closer to being dinosaurs. Birds are dinosaurs. This took scientists some time to realize. Dinosaurs are warm-blooded, feathered animals. It seems most likely that the first proto-feathers evolved in the Avemetatarsalians that both dinosaurs and pterosaurs evolved from, because they have now found down feathers on a pterosaur. It’s extremely unlikely that the same structures evolved twice, so their joint ancestor must have had them. And it must have been warm-blooded, because ectotherms (cold-blooded animals) don’t have insulation - it would be detrimental to them. Only endotherms and mesotherms have insulation. Some dinosaurs lost their feathers. Very large animals living in a tropical climate have more problems shedding heat than retaining it, so they didn’t need insulation. You see the same thing with rhinos and elephants in Africa. But many dinosaurs had quills, and various types of feathers. There’s not much unique about birds, with that in mind. They’re no different from other dinosaurs than bats are different from other mammals.",
Donna Fernstrom,Why is it unknown which type of dinosaur evolved into birds?,"Three reasons: First, we have no DNA, even fragments, from any extinct animal older than 2 million years. Birds first evolved over 150 million years ago. Because we have no DNA, we must categorize extinct animals from fossils alone. Second, most species didn’t leave any fossils. The vast majority of life forms from the distant past will remain unknown to us, forever. A fossil is a rare thing. We only know about species we have fossils for. Third, the first birds would have evolved from a group of small Maniraptoran dinosaurs that would have been very similar to the first birds - a bunch of different species, but only one leading to the actual first bird. How could we know which one it was, even if by some miracle we had fossils of them all (which we don’t)? All of the small Maniraptoran dinosaurs from the era of the first birds were pretty similar. Dromaeosaurs, Scansoriopterygids, and Troodontids all looked an awful lot alike the first avialae. It can be difficult to classify whether or not the fossils we find are birds, or one of those others, much less which one is the ancestor of the first bird species. Balaur bondoc, an early avialan that was first classified as a dromaeosaur, and later moved into avialae ...",
Donna Fernstrom,"Can the ""bird flu"" go from birds to cattle and then to humans?","Yes, but it would be an extraordinarily rare occurrence. It’s rare for cattle to catch or transmit the virus to begin with, and it’s rare for humans to catch it, even from birds.",
Donna Fernstrom,I have discovered a new species of reptile. What should I do about getting a notary?,"Sorry, but this question doesn’t make sense. What are you having notarized? If you’ve discovered a new species of reptile, document that meticulously. First, get a dichotomous key and go through carefully. Make sure it’s really a new species! If it is, then gather samples - scat, scale shed, tons and tons of photos of every part of the creature, etc. Contact a local university biology professor or grad student. If they agree with your findings, get them to help you write up a paper on it, and submit it for publication.",
Donna Fernstrom,How do animals react during a total solar eclipse? Do they freak out? What do birds do when they fly through the sky? Do owls wake up? Do nocturnal mammals go on the move?,"Solar eclipses don’t last very long, and they’re too infrequent for animals to get used to them. So they react primarily as they would if it were becoming suddenly heavily overcast - they take shelter from what they perceive to be a nasty storm brewing up fast. Sometimes crepuscular animals will come out (those normally active at dawn and dusk), but nocturnal animals will usually remain asleep, as it doesn’t get dark enough for them to want to emerge. Several hours of weird light and only 5 minutes of total eclipse isn’t enough to mess up animals’ days too much.",
Donna Fernstrom,Did early humans/hominids play much of a role in the evolution of the big cats like lions? Or were our evolutionary paths pretty separate despite living in the same places around the same time?,"We shared range with lions, lepards, and cheetahs during our evolution. Early on, big cats preyed on hominins. Later, we turned the tables. How much we influenced each other’s evolution is impossible to say.",
Donna Fernstrom,"Is it possible for primates such as chimpanzees and gorillas to evolve by themselves to be much smarter, and to be able to use fire and tools for their daily life, and become as smart as us in the near future? Would they rise against us? I am scared!","Is it possible for them to evolve to be much smarter? Yes, it’s possible. Is it possible for them to evolve to be much smarter in the near future? No. Absolutely not. We have oppressed these species to the point where they are endangered. All Great Ape species alive today (apart from us) are either endangered species, or are critically endangered. Extreme low numbers mean slowed evolution, and extreme danger of extinction instead. Any species that did evolve sophonce (intelligence at or above our level with comparable cognitive abilities) would almost certainly rise against us. After all, we do it ourselves. Because humans are awful. If they didn’t, we’d probably wipe them out. But, that is the reason it will never happen at all. As long as we are around, we won’t allow anything else to evolve to become as intelligent as we are. You see, when a species starts to get too smart, it begins to get into our stuff, and we persecute animals that get into our stuff. So, we cull the smartest ones. If we are to ever have another species on Earth who we could truly talk to and partner with, we would have to genetically engineer them. And then, they would still be in danger from us. Not the other way around. Did I mention that humans are awful?",https://qph.cf2.quoracdn.net/main-qimg-9842cd92be49994b8b716eff48073cd0
Donna Fernstrom,"Are the terms ""ape"" and ""chimp"" scientifically accurate?","The term ‘ape’ is not a scientific term, but generally refers to animals that are in clade Hominoidea. In common language, the term usually refers to all Hominoids other than humans, but may also be used to include all Hominoids including humans. Several languages do not have an analogous term (they do not have separate words for apes and monkeys). So, no, the term ‘ape’ is not scientifically accurate, because its definition is not consistent within the English language, much less within any other languages. The term ‘chimp,’ however, is just a shorthand for ‘Chimpanzee.’ Chimpanzees are Pan troglodytes, and no other animal. The name is a derived form of their name in an unspecified Bantu language dating back to before 1738, when it was first recorded. It is the official common name for this animal in English, and thus is as ‘scientifically accurate’ as any official common name. A great many other languages also use this name, or one that is extremely similar to it, to refer to this animal. However, in scientific papers, this animal will be referred to as Pan troglodytes, as the official taxonomic names for species transcend all languages by design, thus are the same regardless of the language spoken. So, while ‘chimpanzee’ is scientifically accurate enough in English, ‘Pan troglodytes’ is much more accurate. There is an animal that is sometimes colloquially referred to as a ‘pygmy chimpanzee,’ but the official common name for this animal is ‘Bonobo,’ and it is Pan paniscus.",
Donna Fernstrom,"Biblical stories aside, would it be possible for a human to be swallowed alive by any species of whale?","Possibly the sperm whale. Baleen whales have tiny throats - a blue whale’s is only 4 inches in diameter. Sperm whales eat squid, and do swallow large squid whole - but squid are very squishy. Orcas bite their prey into chunks.",
Donna Fernstrom,"If you had to choose, would you rather be a vampire or a werewolf?","Choose? ;) If we’re talking real life, I’m happy as I am - wolf therian. If we’re talking something from fiction, then the choice depends entirely on the worldbuilding. What sort of vampire, and what sort of werewolf? Immortality would be nice, provided I remain largely myself. So, I’d go with whicheve...",
Donna Fernstrom,"Is it possible for animals to create hybrids with other species, regardless of whether they have a common ancestor?","Every single thing on Earth has a common ancestor. We all descend from LUCA (the Last Universal Common Ancestor). It’s only a question of how far back in time that ancestor lived. Species that can hybridize within the same Genus are common. Species that can hybridize with members of another genus are less common, but there are definitely a good number of them. Species that can hybridize with a member of a higher clade (above the level of Genus) are pretty rare. The less closely related species are, the more likely it is that their genes won’t line up correctly to create a viable organism. (Helmeted Guinea Fowl (Numididae Numida meleagris) crossed with Domestic Chicken (Phasianidae Gallus gallus domesticus. These birds are in different Linnaean Families/clades above the level of Genus. As you can see, the hybrid offspring are healthy, and look like what they are - half chicken, half guinea fowl).",https://qph.cf2.quoracdn.net/main-qimg-a0b1bd50f506667f5014258176afd583
Donna Fernstrom,"In nature, can new species be created through the hybridization of two related species?","Yes. This has happened right before our eyes in the Galapagos, when a mainland bird was blown onto the island by a storm, and took a mate of a different species. Their offspring had a song that was not like that of either parent, and as a result, they paired up and mated only with one another, forming a new species. Additionally, they frequent a different habitat from their Medium-ground finch maternal line. Their size has enabled them to take advantage of a food source that the other finches were not exploiting - lucky for them, an open niche was available for them. As a result, separated by behavior and environment, and not interbreeding with the Medium-ground finch, they are a new species. While inbreeding CAN cause detrimental genes to be expressed, it doesn’t always do so. These birds appear to be doing well and are increasing their numbers. Likely the small gene pools of Galapagos finches mean that most detrimental genes have been weeded out long ago. They’ve been nicknamed the ‘Big Bird lineage,’ since they are larger than their medium-ground finch mother’s species. Big Bird’s lineage hasn’t been named yet, because they want to make absolutely sure that this new species will survive before making it official.",https://qph.cf2.quoracdn.net/main-qimg-6e00941e609368b13ad2392f1d71c0f6
Donna Fernstrom,"Is it true that gorillas are the least intelligent great apes because all other great apes, chimpanzees, orangutan, and humans can pass the mirror test but gorillas can't?","It’s true that gorillas are the least intelligent great apes in tests of ape intelligence, but gorillas have passed the mirror/mark test. I’m not sure why you believed they hadn’t. The issue is that only a few individual gorillas have ever passed. The majority of gorillas fail the test. Also note that, at this time, there is no reason to believe that self-awareness is an emergent property of intelligence. Instead, it may be a separate cognitive ability. Why? Well, because several species of ants pass the mirror-mark test unambiguously.",
Donna Fernstrom,How did scientists prove that humans evolved from apes?,Scientists have proved the theory that humans evolved from a now-extinct species of ape by studying fossils which show a clear progression of morphological changes from ape skull shape to current human skull shape over time. Other fossilized bones also support this progression. There is no evidence which refutes it in any way.,https://qph.cf2.quoracdn.net/main-qimg-fb657ba7276549d13d19c4e78771cab8
Donna Fernstrom,"Why were dinosaurs considered reptiles if their blood was warm, and why are birds not considered reptiles too if they are a classification of dinosaurs?","Linnaeus’ taxonomic system was based on morphology - the obvious physical characteristics of animals. For a very long time, that was all we had to go on. So, the designation of reptiles - cold-blooded, scaled animals was obviously distinct from birds - warm-blooded, feathered animals. But now that we are able to sequence genetics, we no longer have to guess about the relationships of living animals from their body structure. We can find out for certain how they are really related. A new system of taxonomy has been devised to represent the relationships of organisms based on their genetics. This allows us to place animals rationally in lines of descent from common ancestors. The system is called cladistics, or phylogenetic taxonomy. A clade is a group that contains a species, and all of that species’ descendants - forever. No skipping from one group to another. No matter how different a descendant is, it remains in that clade. New clades are added as more species differentiate. The only groupings in phylogenetic taxonomy that are not clades are Genera and Species. This is because new species arise frequently, and new genera form from them. While you can bring cladistics all the way down to an individual animal, this is not typically as useful, so species are still referred to by their Genus + species + subspecies name designations. I have explained all of this, because in phylogenetic taxonomy, there is no clade ‘Reptilia.’ Wherever possible, when clades were named, they would use the Linnaean name if it could be applied. But in the case of reptiles… it could not. The ‘Class Reptilia’ is paraphyletic. It doesn’t contain all of its descendants. As you have noted, the Class Reptilia does not contain birds, but they assuredly ARE descendants of the first reptile. As a result, paleontologists virtually NEVER use Linnaean taxonomy. While it still has some use in work on living organisms, it’s a mess of nonsense when you get into extinct life. Paleontologists use phylogenetic taxonomy. And, of course, phylogenetic taxonomy hinges on what you are and where you came from - not what you look like, or what you can do. This is important to understand, because distinctions like whether or not an animal is an endotherm (warm-blooded) or ectotherm (cold-blooded) are irrelevant in phylogenetic taxonomy. The reason this is a more rational way of organizing life becomes clear when you realize that we have now found an endothermic fish. Not a mesotherm - it’s not just partially warm-blooded - it’s fully an endotherm. So, the importance of this characteristic has been overrated. Organisms can evolve endothermy, mesothermy, or ectothermy according to what aids their survival best in their environment, and which mutations happen to occur. This means it’s possible for species that are endotherms to evolve to become ectotherms. And, indeed, there is a hypothesis that crocodilians may have done exactly that. Whether we are able to prove or disprove that remains to be seen, but it is possible. Now, the word ‘reptile’ means an animal that is part of the Class Reptilia - but it’s so embedded in common understanding as referring to Lepidosaurs (tuatara, lizards, and snakes), Testudines (turtles and tortoises), and Crocodilia (crocodiles, caimans, and alligators), that it would be hard to convince people to give it up. Giving it up is a solution - all of these animals are Diapsids, and we could certainly just call them that, instead of ‘reptiles.’ The other solution, that is perhaps easier for people to accept and understand, is just to define ‘reptiles’ not as being members of the Class Reptilia, but instead as members of the Clade Sauropsida (Anapsids and Diapsids). When we say that ‘reptiles’ are synonoymous with ‘Sauropsids,’ then we do say that dinosaurs - and thus, birds - are reptiles. And this is likely the best solution, prior to new generations being trained up without the word reptile being taught to them in school. Keep in mind that we now have evidence that all dinosaurs evolved from a warm-blooded, feathered ancestor. And what’s more, pterosaurs were also warm-blooded, feathered animals, which means that the common ancestor of both, a basal Avemetatarsalian, almost certainly was as well. That is what left open the possibility that endothermy may be a characteristic of Archosaurs, and the crocodilians just re-evolved ectothermy as they became semi-aquatic animals. So, short of evicting Archosauria from the ‘Reptilia,’ what else is there to do? Linnaean taxonomy was already an unholy mess over the whole thing, with Dinosaurs being made a Superorder of reptiles, but birds clearly being dinosaurs, and Aves being a Class… it was and is unworkable. Linnaen taxonomy has passed its time. We cannot use it any longer. It doesn’t make sense. So, in short - birds are dinosaurs, and dinosaurs are reptiles. And that does mean that birds are reptiles. Until such time as we stop using the word ‘reptile.’ Folks who think otherwise are just not up to date, that’s all. (I will add one additional note - in phylogenetic taxonomy, basal amniotes evolved into synapsids, and sauropsids. This means that mammals do not descend from reptiles. They descend from early synapsids, which had some of the same characteristics that early amniotes and early reptiles have, but that isn’t the same thing. So, no, this doesn’t mean that we are reptiles, too).",https://qph.cf2.quoracdn.net/main-qimg-b74f3ae3cfc991408bf768a2ff27d40d
Donna Fernstrom,What evidence suggests that dinosaurs were more closely related to birds than to reptiles?,"Present evidence makes it clear that birds are just a type of dinosaur. The evidence for this is that all Saurischian dinosaurs have hollow bones. Pterosaurs have been found with down feather impressions as well as dinosaurs, which strongly, strongly suggests that feathers evolved before the dinosaur/pterosaur split - meaning that the very first dinosaur was a feathered animal. The vast array of feathered dinosaur fossils makes it clear now that there isn’t anything particularly unique about birds, as dinosaurs go. If we consider bats to be mammals even though they can fly (which we do), then it would be nonsense to consider birds different from other dinosaurs just because they can fly. Some other dinosaurs are warm-blooded animals with feathers. Some have toothless beaks. Some have pygotyles on their tails. Birds aren’t so special. A better question is, why would anyone think they were anything else at this point? Note: Birds are dinosaurs. Dinosaurs ARE reptiles. Reptiles are not what we used to believe they were. That’s how science goes.",
Donna Fernstrom,"Does evolution claim that humans' ancestors had tails? If yes, is there an observable example of an animal that lost its tail and its descendants inherited the loss?","No. Evolution is the name of an observed process by which populations of organisms change genetically and morphologically over time. Processes don’t have opinions or make claims. Evolution isn’t an entity. Evolutionary theory is an explanation of why and how populations of organisms change over time. It also doesn’t include any claims about specific species. Scientists who study the evolution of humans have evidence that the ancestors of humans had tails. No claims necessary there - we have evidence instead of claims. “is there an observable example of an animal that lost its tail and its descendants inherited the loss?” No. That isn’t how evolution through natural selection works, so your second question doesn’t have anything to do with the first one. What you’re describing would be something that would occur in the DISPROVEN theory of Lamarckian Evolution. That theory said that if an individual changed to adapt to its environment, it could pass those changes on to its offspring. For example, if a giraffe routinely stretched its neck up to reach leaves, then its offspring would have longer necks. Or if, as you said, a monkey’s tail was chopped off, its offspring would have no tails. But, as I said, that theory was disproven long ago. That cannot and does not actually happen. The reason that it was in question for a while is interesting, but I won’t bore you with talk of epigenes. What actually happened is that a primate was born with a shorter or missing tail due to a mutation, and it was reproductively successful, so passed the trait on to its offspring. They, in turn, were also successful at reproduction, and passed the trait to their offspring. For whatever reasons, the shorter-tailed/missing tail animals had more offspring than the longer-tailed ones, until eventually the entire population had shorter/missing tails. That’s how evolution through natural selection works. Here is a Manx breed cat, showing that it really just takes one mutation to remove a tail. That isn’t the mutation Great Apes have, of course, since the cat tailless gene is lethal when it’s homozygous. It’s more likely several mutations were involved in the total loss of our tails. But it wasn’t difficult for this to happen in any case, and had nothing to do with chopping off tails.",https://qph.cf2.quoracdn.net/main-qimg-0d170ded7f8a7cf8fe39808e1c20f00c
Donna Fernstrom,"Why do evolutionists prefer to pick on the bonobos for comparison with humans, instead of the more intelligent chimpanzees?","First, there is no such thing as an ‘evolutionist.’ That’s a term that implies that acceptance of settled science is some sort of belief system or that there is some question about evolutionary theory. That is not the case. There are people who accept science, and science-deniers. Science denial is irrational. There is no need for special names for people who accept settled science based on which science they accept. Presumably, if they accept settled science on evolution, they accept settled science on everything else, too. lol. I think part of the issue stems from the fact that in common language, a theory is a speculation - a guess. But scientific terms have different definitions, and the term ‘theory’ in science means ‘an explanation for observed facts which is thoroughly supported by ample evidence, and has no contradictory evidence against it.’ First, a hypothesis is proposed - an explanation for facts we have observed. Then the hypothesis is rigorously tested, and evidence is collected. If the evidence all supports the hypothesis, and none disproves it, then it becomes a theory. Once the body of evidence becomes truly overwhelming and massive, then we say that it is a Proven Theory. Evolutionary theory is a proven theory - it is the closest that science can ever come to producing an absolute truth. There are no remaining doubts about it. Not even one. There is no evidence that does not support it. None at all. So, if you want to question accepted science, then you need to actual do science and research. You need to present material facts that contradict the hypothesis or theory, and they need to have been collected using rational, rigorous methods. You need to actually scientifically DISPROVE a theory in order to effectively overturn it. Anything else is meaningless nonsense; irrational behavior based in pretending that reality is not what it is. And no, believing someone else who said they did the work is not sufficient. You have to actually explore and understand their work, and it has to have been duplicated and verified. No one takes anyone at their word. Belief should never have a role to play in any of this. Science is about using a rational method to explore reality and find out what it really is. It does not include faith/absolute certainty, ever. I wanted to make this clear before moving on to the next part of your question, because you went on to state a couple more things that weren’t true. First you said that scientists (this is what you really meant) choose to compare humans and bonobos rather than humans and chimps. This is simply not true. Both species are compared to humans, and their cognition is studied to aid our understanding of our own evolution. Next, you said that chimpanzees are more intelligent than bonobos. This is also not true. Intelligence is not all one thing, and these two species have different intellectual strengths and weaknesses from each other, as well as from us. Bonobos are far more skilled at solving tasks that relate to the theory of mind and social causality, while chimps are more skilled at solving tasks that relate to tool use and physical causality. In short, bonobos are better at knowing themselves and others, while chimps are better at understanding physics. Chimpanzees are far more aggressive than bonobos, and this holds them back to some degree. They are, in fact, more aggressive than humans, having a significantly higher rate of reactive aggression. Bonobos, conversely, are about equal to humans in reactive aggression. Chimps also have a higher rate of proactive aggression than humans do, but humans have a higher rate of proactive aggression than Bonobos. To put this into perspective, a chimp is smart enough to sharpen a stick to stab you with because you made him angry by grinning at him. And he’ll do it, too. lol. A bonobo is smart enough to understand that you aren’t a bonobo and your body language is different from his, so he doesn’t have any reason to be angry that you grinned at him. Which one is ‘smarter?’ I will also leave you with the fact that humans are not superior in all areas of cognition to our closest relatives. As I pointed out, cognition is not all one thing. And we don’t win in every area. Chimpanzees wipe the floor with us in tests of working memory. No contest. Even when we have time to practice, they still beat us. They are simply BETTER at noting where things are, exactly, and remembering it five minutes later when they can’t see those things anymore. As for bonobos - a bonobo was able to recognize both her sister and her nephew in photographs after not having seen either one for 26 years, which is the longest term social memory documented in a non-human animal. (I don’t think the working memory of bonobos has been tested, yet). So, we have very good reasons to study the cognitive abilities of both species, as an aid to understanding how various parts of the brain work, and how our own cognitive arrangement likely evolved.",
Donna Fernstrom,Is it possible for any creatures to reach the size of dinosaurs after their extinction? Is there a specific reason why no other creatures have evolved to be as large as dinosaurs?,"Sure, it’s possible. The Earth’s biosphere is always changing, and we’ve destroyed entire ecosystems, devastated others, and changed the climate, triggering a mass extinction event. Huge animals need a lot of food. Unless we stop destroying literally everything, there won’t be enough food to support the evolution of a huge animal. If we actually stop destroying rainforests and let the Earth’s ecosystems recover, and leave space for wild creatures, eventually a land animal that large could evolve again. And if it does, it will probably be a dinosaur. Because dinosaurs didn’t all become extinct - we still have avian dinosaurs, which means the potential of the dinosaurian lineage is still right there in them. The reason I say that it’s more likely that a bird will evolve into an enormous animal is because Saurischian dinosaur bones are made of very dense, strong material, and they are also hollow and full of air, connected to the respiratory system. That’s what allowed the sauropod dinosaurs to reach such gargantuan sizes. The very largest sauropods show signs of stress fractures in their bones - a result of just living and moving at that tremendous size and weight. They’re at the limit of what’s possible for a land animal with a bone skeleton, and it’s all due to the clever latticework inside their hollow, lightweight bones. The bones of a Saurischian dinosaur are much stronger than a mammal bone of the same size, but weigh about the same. Birds are saurischian dinosaurs. A land mammal could never reach the size of a sauropod dinosaur, because their bones would have to be too large and heavy for it to be feasible. If they evolved denser bones, and hollow bones, they could do it - but that’s a much longer and far less likely evolutionary path than a bird simply evolving into a huge animal. It would be easier for a bird to evolve into a giant quadruped than for a mammal to evolve Saurischian dinosaur-like bones. Of course, dinosaurs ranged in size from the tiny Bee Hummingbird on up to the largest sauropods, and everything in between. Prior to the K-Pg extinction, there were plenty of small non-avian dinosaurs as well. So, ‘as large as dinosaurs’ depends on which dinosaurs you mean. There were quite a few rather large dinosaurs, but there have also been some rather large mammals. Tyrannosaurus rex on the left, Paraceratherium, an extinct relative of the rhinoceros, on the right. Mammals may not be able to become as large as a sauropod, but they can become as large as a Tyrannosaur or Triceratops. And at least one did. It became extinct 23 million years ago. And the crown of ‘largest confirmed animal to have ever lived’ still sits on the head of the Blue Whale, endangered but hanging in there, alive today. With the sea supporting its weight, it doesn’t have to worry about issues with bone strength and size.",https://qph.cf2.quoracdn.net/main-qimg-0d0dac7d085aa42c61449855baa2063c-lq
Donna Fernstrom,"Are there any bird species that have claws on their wings, similar to raptors and owls?","Lots of birds have claws on their wings. The hoatzin gets a lot of attention for this, because the chicks have very well-developed fingers and claws that they actually use to scramble around in the vegetation, but those claws disappear by the time the chicks are grown. Plenty of other bird species have vestigial wing claws that are permanent. The larger the bird, the more formidable the claws appear, and the more surprising when you see them. Here is an ostrich’s wing-claws: Here’s the small wing-claw on a chicken wing: And some birds have evolved heavy spurs on their wings which they use to combat each other - the New Zealand spur-winged plover, for example. And the Spur-Winged Goose: (Owen Deutsch Photography) Some other birds also have them - some genera of swifts, for example. So, it’s not that terribly rare. :)",https://qph.cf2.quoracdn.net/main-qimg-e1e24f5339d01c566655bb7dd58a1b0b
Donna Fernstrom,"Did all wild cats evolve from a common ancestor or did some species evolve independently, similar to dogs and wolves?","All canids share a common ancestor, probably something like Hesperocyon. All felids share a common ancestor, probably something like Pseudaelurus. Your question contains an incorrect premise. In reality, all life on Earth shares a common ancestor, but you seem believe that some animals considered to be dogs evolved from a different ancestor from other dogs - perhaps from, what a lineage of raccoons, or bears? This is not the case. Also, while we are at it, dogs are a domesticated subspecies of gray wolf. Also of note is the fact that hyenas, despite looking similar to caniforms, are actually feliforms most closely related to mongooses.",https://qph.cf2.quoracdn.net/main-qimg-70ec1b2d6a91fcd08ef310ee30a22a46
Donna Fernstrom,Is the belief that birds evolved from dinosaurs still held by paleoartists? Can you provide examples of this belief being depicted in artworks?,"Kind of, but really it’s the wrong way to put it, as it’s now clear that birds are dinosaurs. When you say something ‘evolved from’ something else, it sort of implies that it has stopped being the former thing when it became the new thing. Birds never stopped being dinosaurs. This became clear when we found the gorgeous fossils in China that show many theropod dinosaurs had feathers. This spurred researchers to look harder for feather traces in other dinosaur fossils, and they found quite a few of them. Feather were typical in theropods, though some lineages didn’t have them (Carnotaurus, for example, doesn’t have any feathers associated with it - neither does Tyrannosaurus rex, although its cousin, Yutyrannus huali, was very feathered and very fluffy). We’ve now found down feathers on a pterosaur, which strongly implies that feathers evolved before the split between dinosaurs and pterosaurs, since both have them. And if that’s so, that means that the common ancestor of dinosaurs and pterosaurs must have been a warm-blooded, feathered animal. Which also means the very first dinosaur (possibly Nyasasaurus) would have been warm-blooded and feathered. (By Scott Reid on @drawingwithdinosaurs) So, as you can see, the first dinosaur doesn’t look all that different from a bird in many ways. Well… more accurately, we would say that birds still look pretty similar to the first dinosaurs. Far from being a ‘belief,’ this is a scientifically supported theory. (A theory in science is not a guess, but is an explanation for facts which has substantial scientific evidence supporting it, and no evidence against it). It is accepted because science supports it as being true. Unlike a belief, if some evidence against it comes to light (very unlikely at this point), then it will be discarded. One of the earliest Avialans (Anchiornis huxleyi, in real colors determined from traces in the fossil). (Image: Zhao Chuang; courtesy of Peking Natural Science Organization) Some define ‘birds’ as being members of the clade Avialae - in which case, Archaeopteryx is a bird, possibly the first bird. (by Vaderxl ) Others define ‘birds’ as being specifically members of the clade Aves/Neornithes, in which case the first bird might be Gallornis. (By Scott Reid on @drawingwithdinosaurs) To put this debate into perspective, the picture below is an Avialan, but not a Neornithine. This animal is part of a group of Avialans called Enantiornithes, which were the most diverse and common of the avialans at the time that the Chicxulub asteroid struck. Art by: Enantiornithes were different from modern birds in that they hatched out with fully developed wings, and it’s believed that they were able to fly within days, possibly hours after hatching. It’s likely that their parents provided no parental care for them, but that they were on their own from the start. (This is rare in modern birds, but Kiwis also provide no parental care for their chicks once they hatch - their only concession is to allow the chicks to remain in their territory until mature). As you can see, though, enantiornithes certainly look like what we think of as a bird. No enantiornithes survived the K-Pg Extinction. Your question suggests that you may be unaware of how far we have come, and how much evidence we now have about theropod dinosaurs and bird evolution. Hopefully you have found this enlightening. :)",https://qph.cf2.quoracdn.net/main-qimg-b95693c348d3bec0996e9f528bfadbdf
Donna Fernstrom,"During the Pacific Campaign, did the United States armed forces lose any men (fatally) to snake bites? I know many of places like New Guinea and the Philippines have a wide variety of venomous snakes.","While I don’t know, I can say that my grandfather had an anecdote from New Guinea about going to the supply tent for a can of peaches at night, and just having a brief thought and pausing, then getting out his flashlight to look before reaching for them. And there were two vipers coiled on top of the cans, so, that was one person who didn’t get bitten.",
Donna Fernstrom,Should you try to kill a snake that is attacking your pet Guinea pig?,"No. If it’s a non-venomous snake, just pick up the snake and put it outside. Don’t be such a weenie. If you believe the snake is venomous, then call an expert to come and get it. It’s already too late for your guinea pig if the guinea pig has been bitten, and trying to kill the snake is how most people are bitten by venomous snakes. Don’t do that. Trap it under a bucket if possible, or keep it in sight, and let an expert capture it. But your scenario sounds pretty unlikely.",
Donna Fernstrom,"Is there any evidence to support the belief that some species of dinosaurs could still be alive today? If not, why do some people think this is possible?","It turns out that dinosaurs are alive and well today. We just didn’t really understand what dinosaurs were, in the past. As a result, we missed the obvious. Birds are not just the descendants of dinosaurs- they actually are dinosaurs. 100% dinosaurs, and not particularly unusual ones, either. So, several species of dinosaurs survived the K-Pg Extinction. They were all avian dinosaurs - sorry, we have no evidence that any non-avian dinosaurs survived K-Pg. Not even for a short while, much less to the present day. But there are more different species of avian dinosaurs alive today than there are different species of mammals.",
Donna Fernstrom,Did all bird species evolve from a single dinosaur lineage or did other types of dinosaurs also contribute to the evolution of modern day birds?,All bird species evolved from a single species ancestor.,
Donna Fernstrom,Can individuals with autism develop empathy? What factors may influence this development?,"Empathy is the ability to mirror another person’s emotions - to feel what they are feeling, so you understand it from the inside. Individuals with autism typically have a high level of empathy, in some cases even excessive empathy. But, since they are not necessarily psychic, their empathy relies on the same cues that most people’s empathy relies on. Tone of voice, body language, facial expressions… you know, all of the things that persons with autism are absolutely terrible at interpreting. But if you tell an autistic person that you’re extremely sad, and why, they’ll feel for you as much or more as anyone else, possibly to an uncomfortable degree. We’re just not as likely to know how you are feeling if you don’t tell us, because we are poor at interpreting your facial expressions, tone of voice, and body language. This is the reason why persons with autism were initially believed to lack empathy - if you don’t know a person is sad, you can’t feel sad along with them. So, people would be emoting, and we wouldn’t react, because we didn’t know what they were emoting, you see. But, no - nothing wrong with our empathy at all.",
Donna Fernstrom,What modern day birds resemble dinosaurs? What are the reasons for their similar appearance?,"All of them. Birds actually are dinosaurs, so they must necessarily resemble what they actually are.",
Donna Fernstrom,"Can birds be considered dinosaurs even though the term ""dinosaur"" means ""terrible lizard""?","The term ‘awful’ means ‘inspires awe.’ Have we learned our lesson about using etymology to define words? I hope so. When dinosaurs fossils were first found, they thought they were giant lizards, so that’s what they named them. In science, the first name created is the one that’s kept. Doesn’t matter if it later turns out to be something other than the literal meaning of the words used to make up the name. The origin of the name ‘dinosaur’ is not relevant in any way to the fact that birds are dinosaurs.",
Donna Fernstrom,Did birds evolve from dinosaurs? Do they still have any physical characteristics of dinosaurs?,"Yes, birds evolved from earlier dinosaurs. Birds are still dinosaurs, so of course they still have the physical characteristics of dinosaurs. As a result, all of the physical characteristics of birds are physical characteristics of dinosaurs. But you probably wanted to know if birds were particularly special or different from other dinosaurs. The answer is, no. They’re not particularly different or special. The only differences are a highly evolved huge keel bone in flying birds to anchor their flight muscles, and a very short tail. Most other dinosaurs had a longer tail. A bird isn’t anymore different from other dinosaurs than a bat is different from other mammals.",
Donna Fernstrom,What is the record for the most number of feathers on a bird? How did the bird acquire them and why did it keep them if they were not used for anything?,"The Emperor penguin has the most feathers on a single bird - densely packed, waterproof, and extraordinarily insulating, there were over 80,000 feathers on one bird that were counted. Emperor penguins evolved to have so many feathers because Antarctica is so very, very cold. Feathers are the best natural insulation any vertebrate has evolved. They need every feather to survive brooding their single annual egg in the dark, impossibly frigid Antarctic winter. (Photo: Frederique Olivier) These feathers also keep them warm as they soar through their natural habitat - the freezing waters of the Antarctic ocean. In short, feathers are always used ...",https://qph.cf2.quoracdn.net/main-qimg-2632a097aa92e6cd220ecaddc01968cc
Donna Fernstrom,Did all dinosaurs evolve into modern day birds or only a select few species?,"All birds evolved from a single common ancestor. This occurred around 165 to 150 million years ago. This ancestor was a relative of Scansoriopterygids and Troodontids. Birds are, of course, still dinosaurs - there’s nothing particularly special about them, as far as dinosaurs go. It was luck and the ability to fly that enabled several species of avian dinosaurs to survive the K-Pg mass extinction catastrophe 66 million years ago.",
Donna Fernstrom,Do all birds have a fear response to predators? Is there a bird species that is known to stand its ground and fight back instead of fleeing from potential threats?,"(Credit: Wirestock Creators/ Shutterstock) Meet the Cassowary. This frugivorous (omnivorous, but eating mostly fruit and plants) bird is territorial and aggressive. It has a long, sharp claw on its foot that it uses to disembowel whatever ticks it off. ((Image credit: Courtesy of Sarah Davis))",https://qph.cf2.quoracdn.net/main-qimg-3e9d751b1e67daab551ee0328cd3f3b8
Donna Fernstrom,"Are there any theropod dinosaurs that did not evolve into birds? If so, what are some possible reasons for this?","There is one single ancestor for all birds. Just one. One species of non-avian theropod evolved into the first bird species, and all birds descend from that one. Every single species of bird descends from the single first bird species. The rest of the non-avian theropods continued to evolve into more non-avian theropods, until they became extinct. That’s how evolution works.",
Donna Fernstrom,"Is there a common ancestor for all reptiles, similar to how birds are descendants of theropod dinosaurs?","Birds ARE theropod dinosaurs, not just descendants of them. There’s a common ancestor for all life on Earth. It’s designated LUCA (The Last Universal Common Ancestor). It was a single-celled organism. So, yes, there was a common ancestor for all reptiles. It lived shortly after the first amniotes evolved.",
Donna Fernstrom,Chimpanzees are male dominated while Bonobos are female dominated. What are humans?,"Studies of hunter-gatherers show a variety of cultures, but they tend to be fairly egalitarian. So, in-between. (Patriarchy is more common in agricultural societies, though).",
Donna Fernstrom,"Why are chimpanzees more famous than Bonobos even though they are almost equally intelligent, and are Bonobos as close to us as chimpanzees?","Chimpanzees are more numerous than bonobos, and have been studied for longer. Yes, bonobos and chimpanzees are about equally related to humans, according to genetic tests. More than likely, part of the reason bonobos aren’t mentioned as often is because they use sex as a greeting, stress-relief, reconciliation, and everyday recreational activity. Humans are prudes, so don’t want to talk about them so much. However, Kanzi, who can communicate in a human language using a symbol board, is a bonobo.",
Donna Fernstrom,"How does the intelligence of a chimpanzee compare to that of a human? Despite their similar behavior, why are chimpanzees still considered animals?","Chimpanzees have an IQ of about 20 to 25 on average, on a human scale, but some individuals may have an IQ as high as 50. 20 to 25 is about the same as that of a human toddler. Chimpanzees are considered animals because humans are also considered animals. They’re not plants, nor are they fungi. Chimpanzees are not considered to be sophont because they don’t have the intellectual tools required to build rocket ships. It should be note...",
Donna Fernstrom,My sister's 10 year old son has autism really bad and nobody really likes him. The kid is a total nightmare. How do I politely exclude her from an upcoming family gathering?,"If he’s a total nightmare, he is almost certainly IN a living nightmare. He would probably not enjoy the family gathering. It would probably be best to allow him to decide if he wants to go, and be prepared to leave if he is overwhelmed. If he is not capable of communication, then she should certainly not bring him to such a chaotic gathering. He would be miserable. That doesn’t mean she can’t go, but she would need a carer for him. As someone with autism, your wanting to include us is very nice, but we aren’t going to want to be there if it’s going to overwhelm us. Your wanting to exclude the child because you don’t like him is unfair. Instead, consider it from his point of view. Remember that persons with autism have meltdowns because they are overwhelmed. To get some idea of what this is like, imagine being in a room with five guys dancing around you. One is banging pots, one is randomly spraying you with water, one is poking you with the bristles of a hairbrush in random places, one is asking you questions and demanding answers, and the last one is flashing lights in your eyes. Now, put up with this indefinitely while you try to go through your everyday life. How long would it take before you lashed out? If any little thing broke your concentration, wouldn’t you pretty much lose it? Because you can never get rid of those five guys. It’s not an exact analogy, but this is PRETTY MUCH what severe autism is like. And routine and focus on the things they like helps them tune out the five guys. Things which break that focus mean that the five guys become more obvious, and their torment becomes harder to ignore, until they snap. Who wouldn’t? Suggest to your sister that her son probably wouldn’t enjoy the gathering, or if he does want to go, would want to leave very soon after arriving, and ask if she wants to attend and has a caregiver lined up for him. Frankly, if she does not understand all of this, she’s not doing a great job of parenting someone with autism.",
Donna Fernstrom,"Is it possible for chimpanzees to evolve into humans or another type of ape/monkey species, considering they are our closest relative on earth?","Nothing evolves twice from a different ancestor (and even from the same ancestor, it’s as close to impossible as counts). It isn’t possible for the same exact mutations to all occur and all be reinforced in the same exact ways. So, no - neither chimps, nor any other primate, can evolve into humans. They could evolve into a sophont species, but they cannot evolve, specifically, into humans. The common ancestor of chimps and humans is extinct. When it is said that extinction is forever, that is a truth. Once gone, it can never evolve again. It’s gone forever.",
Donna Fernstrom,"Can caterpillars with a ""fuzzy"" appearance bite? What is the habitat of these caterpillars?","Anything with a mouth can bite, but this isn’t a serious concern with caterpillars. Fuzzy caterpillars have irritating hairs, though, and can cause a rash. A few species have hollow spikes hidden in their fluff, and are venomous - their sting (not bite) is excruciatingly painful. For the most part, a caterpillar’s sting is passive - you put your hand on it, and the spikes impale you and venom is injected. The caterpillars don’t really deliberately spike you. The habitat of any caterpillar is the host plant that it feeds on, which depends on the species (there are many). Fully grown caterpillars may wander to look for a place to make a cocoon.",
Donna Fernstrom,"How do individuals with ASD (autism spectrum disorder) react to comments like ""you don't look autistic"" or ""you're too normal to have autism""?","Having learned that it’s usually better not to say what you’re actually thinking, I believe my reaction would be an ‘okay, then,’ for the first, and ‘you really have no idea’ to the second. But in my head, what I would be thinking is ‘you don’t look stupid, but here we are.’ I would then proceed to attempt to avoid that individual forever. Life is too short to willingly interact with people that dumb. To quote George Carlin: “Think of how stupid the average person is…and realize half of them are stupider than that.”",
Donna Fernstrom,Do children with autism respond differently to being spanked?,"No. Children with autism are also harmed and traumatized by being spanked. Hitting Children Leads to Trauma, Not Better Behavior — Developmental Science",
Donna Fernstrom,"If pedophiles like Jeffrey Epstein are Democrats, how can we let Democrats be around our children safely?","Well, convicted rapists like Trump are Republicans, and the pedophile roster includes a really long list of other Republican leaders, including former Speaker of the House Dennis Hastert. So, how can you let Republicans be around your children? 27% of the people in the country are Democrats, and 25% are Republicans. That leaves 48% of the country as Independents, which arguably have had fewer sex scandals, but I’m quite sure they’ve had some, too. You might just want to keep your children at home if you can’t handle the logic that political affiliation doesn’t predict the incidence of criminal behavior; especially that specific one. Especially when it’s quite likely that your own favored party has a higher rate of that sort of thing than the one you’re targeting.",
Donna Fernstrom,"What are some theories on why certain dinosaurs, such as Tyrannosaurs, did not have feathers?","As far as I know, there’s only one. They were big, and it was hot where they lived. Staying cool is the challenge for a big animal in that environment, not warming up.",https://qph.cf2.quoracdn.net/main-qimg-f619a17d33960657d141310de3907b31-pjlq
Donna Fernstrom,"Are birds considered direct descendants of dinosaurs or are they just related to them in general, given that they are both classified as feathered theropods?",Birds are considered to be dinosaurs. That’s where we’re at right now. Theropoda is a clade within Dinosauria.,
Donna Fernstrom,What is the largest known dinosaur? Are there any larger dinosaurs that we are aware of? Were there any flying dinosaurs larger than Quetzalcoatlus?,"What is the largest known dinosaur? Argentinosaurus huinculensis is probably the largest dinosaur known at this time. Are there any larger dinosaurs that we are aware of? If there were, wouldn’t that one be the largest dinosaur known? Were there any flying dinosaurs larger than Quetzalcoatlus? No. Quetzalcoatlus is a genus of pterosaurs (not dinosaurs). No flying dinosaur has ever become as large as the biggest pterosaurs. Flying dinosaurs were represented in several clades, but the best known is Avialae - the birds. (Birds are flying dinosaurs). The largest flying dinosaur known was a bird named Argentavis magnificens. Its wingspan was in the range of 5.09 to 6.5 m (16 ft 8 in to 21 ft 4 in). The bird probably weighed 70 to 72 kg (154 to 159 lb). So quite a bit smaller than Quetzalcoatlus. Quetzalcoatlus northropi had a wingspan of around 10 m (33 ft). Its estimated weight was 200–250 kg (440–550 lb). A truly huge animal.",
Donna Fernstrom,Can Garou werewolves breed with other canines/canids apart from wolves?,"In Werewolf: The Apocalypse, the Garou can only breed with humans, wolves, or other Garou. Domesticated dogs are spiritually altered from their gray wolf ancestors, so while a Garou could mate with one in lupus form, and the dog might have cubs, the cubs could never become Garou, and could never even be Kinfolk. The same is try of coyotes and golden jackals - they are not spiritually the same as wolves, so they cannot produce Garou. Garou X Nuwisha, though, might be a more complicated situation with some very complicated genetics - the child would probably be Kinfolk to one or both, but could have a small chance to be either Garou or Nuwisha, but not both, perhaps. lol.",
Donna Fernstrom,What is the relationship between mammals and reptiles? Do they share a common ancestor?,Every living thing on Earth shares a common ancestor. Every single one. The common ancestor of mammals and reptiles was a stem amniote that lived around 318 million years ago. The first amniotes quickly diverges into Synapsids (mammals are part of this clade) and Sauropsids (the clade itself is considered synonymous with ‘reptiles’ now).,
Donna Fernstrom,What makes certain grey wolf subspecies able to interbreed with domesticated dog breeds while others cannot? What factors contribute to the production of hybrid offspring in these particular subspecies?,"Nothing. Your premise is not true. Technically, dogs are a single subspecies of gray wolf. They can interbreed with other gray wolves, and gray wolves can all interbreed with each other. Subspecies is irrelevant. Breed is irrelevant. Mostly. There is one exception. The Philippine Witch Dog has evolved smaller genitals, reportedly, so these dogs don’t breed with any other dog breeds, nor could they interbreed with wolves. The Witch Dogs are a semi-rewilded pariah dog breed. They’re supremely adapted to their forest habitat. They have sharp claws they use to climb trees, and shed them periodically and grow new ones so they stay sharp. Some folks there are trying to preserve their population, as they are quite rare now. But, apart from Witch Dogs, all domesticated dogs can interbreed with all subspecies of wolves. And dingoes, too. And coyotes. And golden jackals.",https://qph.cf2.quoracdn.net/main-qimg-89302a5f006959be826c4221f23dee09
Donna Fernstrom,"The minute that wolves evolved into dogs, supposing that no more wolves exited after that, would that mean wolves are now extinct?","Nothing in evolution happens in a minute. A population (group) of wolves evolved into dogs over a long period of time. (Most likely, humans did not deliberately selectively breed them, but they did encourage the less aggressive and more useful dogs, and discouraged or killed the aggressive, unhelpful ones. They would even have allowed the cute, kind dogs to have scraps and more food, which made them more successful at surviving and breeding). Dogs were domesticated quite a long time before humans adopted agriculture, so the notion of selective breeding likely wasn’t a thing back then. The subspecies of wolves that dogs evolved from is extinct - or possibly pseudo-extinct (meaning that the entire population of that subspecies evolved into dogs). There are many subspecies of gray wolves, though. The other subspecies didn’t have anything to do with dogs (for the most part). That’s why there are still plenty of gray wolves today. There are three species of wolves (gray wolves, red wolves, and timber wolves), and possibly as many as 40 different subspecies. Domestic dogs represent only one subspecies. It’s possibly you meant your question as just an example, however, as obviously you know that gray wolves are not extinct. If that is so, then the term you are looking for is ‘pseudo-extinct.’ That it what it would be called when the entire population of a species becomes another species via evolution. (For example, Homo heidelbergensis in Africa became pseudo-extinct when they evolved into Homo sapiens).",
Donna Fernstrom,"Are there any known dinosaur species that may have been ancestors to other dinosaurs, without any major events such as a meteor impact?",The first dinosaur species was the ancestor of all later dinosaur species. And the first dinosaur species is the only one that doesn’t have dinosaur ancestors. I’m not sure what meteor impacts have to do with this — your question is confusing.,
Donna Fernstrom,"Are all dinosaurs, including those found in Antarctica, considered extinct?","No. Several species from the clade Avialae survived the K-Pg Extinction. Today, there are more different species of dinosaurs alive in the world than there are species of mammals. We call them birds. We just didn’t realize until fairly recently that they are definitely dinosaurs.",
Donna Fernstrom,Which animal is believed to have been the closest to humans during the time of dinosaurs?,"It’s impossible to say with absolute certainty, but probably something like Plesiadapis.",https://qph.cf2.quoracdn.net/main-qimg-3e0435cda51821ea729dc5e31ba5be94
Donna Fernstrom,How long can a human being survive intact while being socially isolated in the midst of a group (you're among them but they have no desire to interact on more than a utilitarian basis with that human being?,"Indefinitely. Some individuals prone to depression who need social interaction may decline in such a situation. Most individuals will be unhappy, and stressed, but will live. Some individuals will be perfectly fine, even quite happy, as they don’t much want to interact with people anyhow.",
Donna Fernstrom,Were all dinosaurs now thought to be warm-blooded?,"Yes. Since we have found true down feathers on a pterosaur, it’s clear that insulating protofeathers evolved in the common ancestors of pterosaurs and dinosaurs. Only warm-blooded animals have insulation. From all evidence, all dinosaurs were endotherms or mesotherms - so, warm-blooded.",
Donna Fernstrom,Why are there not many new species of dinosaurs being discovered despite there being thousands of undiscovered ones?,"They discover around 50 new species of dinosaur every year. What led you to believe there weren’t many being discovered? Considering how rare fossilization is, I’d say that’s pretty good!",
Donna Fernstrom,"What creatures have feathers and bones similar to birds, but are not part of their evolutionary tree?","Pterosaurs and many non-avian dinosaurs have feathers and pneumatized bones, so a great many animals not in the direct lineage of avian dinosaurs (birds) also have these features.",https://qph.cf2.quoracdn.net/main-qimg-b1e4873dca09429feb8da8fdfd0c0efb
Donna Fernstrom,"Why don't fruit bats and vampire bats die of rabies? ""Perhaps, the most heretical disclosure was that vampire bats could recover from the furious stage of the disease and were capable of spreading the disease up to five and one half months.”","I’m not sure it’s been truly confirmed that the bats are actually recovering from rabies after displaying symptoms. The only way to diagnose rabies is to examine the brain. Surely if the animal is recovered, it would not show up, either. Vampire bats seem less likely to display furious rabies to begin with, but they do behave normally for some time while infectious, prior to declining and dying. Male bats tend to be aggressive anyhow, but if anything, their aggression levels often decrease if they contract rabies. (This is not to say vampire bats never display furious rabies, just that it’s less common). Vampire bats have evolve resistance to the rabies virus because their diet puts them in contact with it so frequently. Perhaps fruit bats of some species have also evolved resistance. Colonial bats in general seem to be less prone to displaying furious rabies (instead, displaying paralytic rabies symptoms). Typically, rabies kills the bats it infects, and entire vampire bat colonies have been destroyed by the virus, leaving too few living animals to support the colony. A dose of the virus that would be sufficient to infect 50% of dogs exposed will only infect 10% of vampire bats exposed, so their resistance is quite high. Bats also carry a number of Lyssaviruses other than Rabies virus itself. There’s a lot we still don’t understand about rabies in bats, especially vampire bats. A program to try culling the bats to reduce a rabies epidemic oddly made things worse instead.",
Donna Fernstrom,"Did dinosaurs have a similar nesting behavior to modern birds, or did they have other methods of protecting their eggs and hatchlings?","They had similar nesting behavior to modern birds (and modern birds are, in fact, dinosaurs), and also had additional nesting behaviors seen in other reptiles. Dinosaurs were a diverse bunch. Birds have more diverse nesting behaviors than most people realize. This is a brush turkey. It lives in Australia, and it nests in a similar fashion to an alligator. It’s built that big mound of moist, rotting vegetation. Its eggs are buried in there, using the heat of the decaying vegetation to keep them warm. The bird guards the mound and adds or subtracts vegetation to control the temperature, just as alligators do with their mound nests. Some dinosaurs buried their eggs in sand or soil and left them, as turtles do. Some would create mounds like this to incubate their eggs, and guard them. Some would sit on their eggs, as most birds do. Some young dinosaurs were on their own from the moment they hatched, some were looked after by their parents, and some stayed in the nest and were fed by their parents. Modern birds use all three tactics.",https://qph.cf2.quoracdn.net/main-qimg-48fbbbfc2bfd93517c365ba991e6b1e6
Donna Fernstrom,How can you determine if a bird is a descendant of dinosaurs or if it evolved separately from them (excluding penguins)?,"All birds are dinosaurs. I have no idea why you would exclude penguins. They’re not just descended from dinosaurs - they ARE dinosaurs. They all descend from a single common ancestor which was related to troodons and scansoriopterygids, and looked similar to this: (Illustration by Carl Buell)",https://qph.cf2.quoracdn.net/main-qimg-ff1c51a5387fd3f54eb2ebd7b01ced58
Donna Fernstrom,Why didn't any other animals evolve into a dinosaur-like form?,"What is a dinosaur-like form? Dinosaurs are pretty diverse group of animals. I mean, you could reasonably say that mammals evolved into a dinosaur-like form.",https://qph.cf2.quoracdn.net/main-qimg-19e0a39531a69a0bb985bb95a582aecb
Donna Fernstrom,Are vultures closely related to the dinosaurs?,"They’re so closely related that they’re the same thing. Aves is a clade within Dinosauria. In layman’s terms, birds are dinosaurs. All birds are dinosaurs, it’s just what they are. Just like bats are mammals.",
Donna Fernstrom,Is there a relationship between dinosaurs and birds? Could this potentially lead to the resurrection of extinct dinosaur species in the future?,"It’s the same as the relationship between mammals and humans. Birds are dinosaurs. No, we won’t be resurrecting any extinct dinosaur species. The reason we won’t be doing that is that the DNA that made them unique species has been lost. It doesn’t exist any longer. And while we might get the occasional snippet of protein from fossils, DNA is fragile, and we will never be able to find enough to restore even a single complete gene from a non-avian dinosaur species. Their genomes are gone forever. What we could potentially do is use genetic engineering to create something similar using bird DNA as a base. But that, too, is a long way off. Cloning and genetically engineering animal that reproduce via amniote eggs isn’t something we’ve managed to solve yet, just for starters. Because of the way eggs form, it’s a horrifically difficult problem. With placental mammals, you can just inject some hormones and pop the embryo into the uterus, and a lot of times it will embed and grow. But the embyro of an egg-laying animal has to actually be embedded at the exact right stage of development while the egg is forming! You can’t take an infertile egg and put an embryo in it, it doesn’t work. So far, we’ve been able to create only the simplest organism using a printed DNA genome and a cell that has been emptied of its DNA. So it’s going to be a long while before we understand DNA and the proteome well enough to create a complex life form, much less tailor one to look and behave the way we want it to.",
Donna Fernstrom,What is the term for dinosaurs with feathers?,"The term is ‘dinosaurs.’ Most likely, the very first dinosaur had feathers, so feathers have been common in dinosaurs all along. There’s nothing unusual about a dinosaur with feathers, so there is no special name for them. Nor any special name for dinosaurs that don’t have feathers. Likewise, there’s no special name for a mammal with fur or hair, or even for one that is bare-skinned.",
Donna Fernstrom,"Would you be interested in visiting an all-dinosaur zoo that does not have any other species of animals, including insects or birds that are not closely related to dinosaurs?","Your question doesn’t make sense. Birds are dinosaurs, not relatives of dinosaurs, and certainly they are all equally dinosaurs. lol. So, what you’re talking about is an aviary. That’s what an all-bird zoo is called. :) These exist. The Sylvan Heights Bird Park in North Carolina, USA, for example. Yes, I’d be interested in visiting.",
Donna Fernstrom,What is the evolutionary origin of chickens? Are they descended from true dinosaurs or bird-like theropods?,"It’s now very well understood that birds are simply a branch of Maniraptoran Theropod Dinosaurs. Not just ‘descendants,’ but still, quite firmly, dinosaurs. Even in Linnaean taxonomy. The Avialae diverged from other dinosaur lineages about 150 million years ago. The Pangalloanserae had already diverged from other bird lineages before the K-Pg extinction occurred, so at least one species of Pangalloanserae survived the mass extinction. It likely looked similar to this: (Asteriornis maastrichtensis art by Philip Krzeminski). This bird species is a potential candidate for the actual common ancestor of modern chickens and ducks. Its fossil dates back to the time just before the mass extinction.",https://qph.cf2.quoracdn.net/main-qimg-5cf1c2bedc96ac37ff8c32e684e85a3c
Donna Fernstrom,Were mammals or reptiles (including birds) more closely related to dinosaurs?,"Dinosauria is considered to be a Superorder within Reptilia, in Linnaean taxonomy. Reptilia does not exist in Phylogenetic Taxonomy. Clade Dinosauria is within Clade Diapsida, while Clade Mammalia is within in Clade Synapsida. Clade Diapsida and Clade Anapsida are within Clade Sauropsida. Clade Synapsida is by itself. Synapsida and Sauropsida diverged shortly after the first Amniotes evolved. Linnaean taxonomy is passe` and is increasingly disused. Phylogenetic taxonomy (cladistics) is tremendously more accurate and practically useful. People who study extinct organisms pretty much never use Linnaean taxonomy now. Insofar as ‘reptile’ means anything anymore, it’s used as a synonym for Sauropsid. Birds are dinosaurs. Dinosaurs are reptiles. Mammals are not reptiles and are not descended from reptiles.",
Donna Fernstrom,"Is it true that birds are considered to be small living dinosaurs? If so, why have they not gone extinct like their larger relatives?","Yes, that’s correct. Though not many would call an ostrich ‘small.’ It did evolve from a small flying ancestor. Their survival is likely due to the fact that they were able to fly, enabling them to forage for food over vast areas while land-bound animals couldn’t travel nearly as quickly. The vast, vast majority of birds did not survive the Chicxulub disaster. The largest clade of birds alive at that time, the Enantiornithes, all perished. The bird species that did survive were all modestly-sized ground-nesting birds. (Trees would have perished in droves - to regrow from nuts and seeds later after the clouds dispersed and the weather warmed again). The Chicxulub impact destroyed 80% of all species on Earth at that time, both on land and in the sea. Only a few species of avian dinosaurs lived - and a few species of mammals. (Most mammals alive then also died). All modern mammals and birds descended from those few surviving species.",
Donna Fernstrom,Are there any species of lizards that can walk on two legs like dinosaurs did?,"There are lizards that can lift their front feet up and run on their hind legs for short distances to escape predators, but none that walk on two legs with their feet directly beneath them as dinosaurs do. Fortunately, we still have dinosaurs.",https://qph.cf2.quoracdn.net/main-qimg-2ff0d7719b2a5b2b28d8879a53e2fe16
Donna Fernstrom,"If birds are a type of dinosaur, does that imply that dinosaurs were as intelligent as modern day birds?",Humans are a type of mammal - so are platypuses as intelligent as humans? No? That’s your answer.,
Donna Fernstrom,Are there any species of flying dinosaurs still alive today?,"There are more than 10,000 species of flying dinosaurs alive today. We call them ‘birds.’ Only the Avian dinosaur lineage survived K-Pg.",
Donna Fernstrom,"What would happen if the feathered dinosaur, epidexipteryx broke apart from what would become the bird lineage & evolved into a humanoid creature with the intelligence of a stone age human? What would this humanoid look like?","There is no rational path by which a dinosaur would ever evolve into a humanoid. They are already bipedal, and there’s no advantage in changing their walking stance to that degree. You would wind up with something more like this, if a dinosaur evolved to become sophont.",https://qph.cf2.quoracdn.net/main-qimg-44c59095656eb8d682f949d30f10eee9-lq
Donna Fernstrom,Why did the non-avian dinosaurs not evolve into birds?,"They did. That’s why birds exist. All birds descend from a single common ancestor, which was a species that evolved from a non-avian dinosaur species. Unless you’re asking why ALL non-avian dinosaurs didn’t evolve into birds. If that’s your question, then you don’t understand how evolution works. The same thing will not evolve twice, and populations diverge, they don’t converge genetically. (They may converge morphologically, but not genetically). You may be interested to know that birds (Avialan dinosaurs) weren’t the only flying dinosaurs to evolve, though. There was Yi qi, which was a flying or gliding Scansoriopterygid dinosaur, and Microraptor gui, a four-winged flying or gliding Dromaeosaurid dinosaur.",
Donna Fernstrom,"Is it possible for a dog with no visible signs of rabies to still carry and transmit the disease to humans or other animals? If so, what are the chances of this occurring?","Possibly, but only for around 24 hours or so before symptoms begin. So the chances are quite low. (The exact chances depend on whether rabies is common in dogs in your region). There’s no such thing as an asymptomatic carrier of rabies. Any animal infected with rabies will eventually develop symptoms, and die. Rabies is only infectious (able to be passed on) about 24 hours before symptoms begin, and while the animal actually has symptoms. Dogs with rabies symptoms will die in less than 10 days. Rabies can incubate for weeks, months, or in a few rare cases, even years - but an animal incubating rabies is not infectious. It can only pass the virus once the disease becomes ACTIVE - a day before, and during, the time that it shows actual symptoms.",
Donna Fernstrom,How did the first bird evolve from a dinosaur? Why did it evolve into a bird instead of remaining a dinosaur?,"Evolution through natural selection is a process. So, evolution IS the ‘how.’ Birds are still dinosaurs. They’re no different from other dinosaurs than bats are different from other mammals.",
Donna Fernstrom,"Are there any real life vampires who do not drink human blood, but instead consume animal blood? If so, what is their reason for choosing to identify as a vampire rather than a regular person?","Sure, there are. The reason they identify as vampires is due to their need to consume blood to maintain their health. Regular folks don’t have that requirement. Not all real vampires identify as vampires regardless, though - some prefer the term sanguinarian. (There are also psychic vampires who do not consume blood at all, but instead need to take energy from others to maintain their health).",
Donna Fernstrom,Can the alpha wolf be a female?,"There’s no such thing as an alpha wolf. Wolf packs consist of a mated pair of wolves and their offspring. In one study, the adult female is the primary leader around 60% of the time, but many packs switch out whether mom or dad leads according to how they feel that day, lol.",
Donna Fernstrom,"Can I get rabies from touching a stray dog? If, for example, that dog was in contact with contaminated saliva or with the tissues of an infected animal, and then I touched its fur which is contaminated?","No. Rabies is caused by a rather fragile virus. The virus is killed if it dries out, or is exposed to UV light (sunlight). In order to be infected with rabies, the virus must be introduced to an open wound or mucous membrane (eyes, etc). You can’t catch it by touching it with unbroken skin.",
Donna Fernstrom,"Would wolves accept other canines into their pack? If so, why or why not?","Incredibly unlikely. A wolf pack consists of a mated pair, their offspring, and every once in a while, the sibling of one of the mated pair may join the family. Strangers are not welcome in a wolf pack. It’s all family - mom, dad, the kids, and maybe aunt or uncle sometimes.",
Donna Fernstrom,"What is the difference between an alpha wolf and a regular wolf? Why do people say ""alpha wolf"" instead of just ""wolf""?","A regular wolf is a real wolf in the real world. An ‘alpha wolf’ is a made-up idea that came about due to researchers studying wolves kept in captivity that were forced into unnatural social groups, and had to make do and figure out how to get along. People say ‘alpha wolf’ because they don’t know any better, and still believe wolf packs are led by a single dominant individual that bosses all the other wolves around, and uses aggression and strength to keep them in line. A regular wolf, on the other hand, finds a mate, and the pair then stakes out a territory away from other wolves, and they start a family. The pack is made of the breeding pair and their offspring. As the young grow to adulthood, some stay with the pack to help raise their younger siblings, while some strike out on their own to find mates of their own. The parents are the leaders of the pack, of course, because parents always lead their children. They switch off duties - sometimes mom is mostly in charge, and sometimes dad is. The kids bicker among themselves, work out a pecking order, and engage in a bit of bullying, the way kids are prone to do. Mom and dad mostly keep them in line.",
Donna Fernstrom,"From what I understand, the alpha male and female are the only ones that mate in a wolf pack. How does this affect the social structure of the pack?","Well, as it turns out, there’s really no such thing as an alpha male and female in a wild wolf pack. That stuff came from observing stressed-out captive wolves that had been forced to live together with others not of their choosing, and had to make do somehow. In the wild, a wolf pack is a family. That’s all it is, nothing more. You have mom, dad, and the kids. Sometimes you’ve got mom or dad’s brother or sister, but usually not. Just a family. The pack is just the grown kids of the mated pair, helping look after and raise their younger siblings. Eventually, many of them will leave the pack and go wandering, hoping to entice another young adult away from another pack, or find another wandering adult looking to strike out on their own. If they do, and they like them, they’ll pair up, find a territory of their own, and start a new pack. (Lone wolf is only ever meant to be a temporary situation). The mated pair are in charge because they’re the parents of the others. They’re the only ones that mate because the rest of them are all siblings, so you sure don’t want to let them have pups with each other, lol. (And mostly they’re not inclined to anyhow).",
Donna Fernstrom,"When werewolves mate while in wolf form, is the child born in wolf or human form?","Well, in my novels, ‘werewolves’ are really a lupine species that can take on the appearance of humans via shapeshifting. So they are not humans at all. As a result, they only mate and give birth in their wolf form, and their cubs are born wolves.",
Donna Fernstrom,How does a dominant wolf choose its mate when it has multiple options? Is there a clear hierarchy between the alpha male/female and the other wolves?,"The same way you choose yours - whichever of those options he or she likes best. There’s no set criteria for that. The other wolves in a pack are the mated pair’s children, so yes, the kids are expected to listen to mom and dad.",
Donna Fernstrom,"In a pack of wolves, who becomes the alpha male or female if two packs join together?","A wolf pack is actually just a wolf family. There’s the parents, and several generations of their kids. Occasionally the sibling of one of the parents will join in, but it’s mostly just the immediate family. Wolves are highly territorial, and will kill a stranger wolf that enters their territory. So, two packs do NOT join together. The whole ‘alpha’ thing is also nonsense. As said, it’s mom, dad, and the kids. Mom and dad are in charge. Who leads most of the time depends on their individual personalities - about 60% of the time, mom is usually the leader. But they switch off if they feel like it. When the kids are grown, sometimes they stay to help raise their younger siblings. Sometimes they leave, and go looking for another wolf who has left their pack to mate with. When they find one, they start their own pack in a new territory.",
Donna Fernstrom,"Can a person have both autism and empathy? If so, what are some real life examples and how do they behave?","There is no evidence that persons with autism don’t have normal levels of empathy - perhaps even more than usual. It’s only that they have trouble identifying other people’s emotions from facial expressions, body language, or voice tone. But if you tell us you’re sad and explain why, we have no problem feeling sad with you.",
Donna Fernstrom,Can hyenas eat chicken bones?,"Hyenas can eat zebra bones. Chicken bones are nothing. By the way, chicken bones are not in themselves dangerous for carnivores to eat. It’s only when the chicken is COOKED that the bones become hardened and brittle, so they break into jagged, very sharp shards. Animals shouldn’t be permitted to eat COOKED chicken bones, as they are dangerous for them to swallow - when broken, they can puncture the stomach or intestines from the inside.",
Donna Fernstrom,"According to the Bible, blood is considered sacred. Why are we allowed to consume meat with bones, which contain marrow and blood cells?","You’re allowed to consume whatever you want (endangered species and other humans aside, lol). As for why an old cobbled-together book isn’t up to date on modern science, that should be obvious. The people who wrote it didn’t know where blood comes from.",
Donna Fernstrom,"Some friends of mine threw a BBQ and they asked everyone to pay a contribution to the food if they wanted to come, is it wrong to do this?","No. No one is obligated to come if they don’t want to contribute for food. It’s a very reasonable request - the friends can’t afford to host everyone cash-wise, but if everyone wants to get together for a fun time and pay for their own food, they’re welcome. I’m quite sure that if guests just brought food that would be fine, too. That is how potlucks work.",
Donna Fernstrom,How can I heat up my snake tank? I have a ball python and the power just went out and its 34 degrees outside. I fed him this morning and would rather not move his whole enclosure. Do I have any options to keep him warm?,"This is an emergency situation. Your ball python should not be exposed to temperatures under 70F at all, and temperatures under 60F are EXTREMELY dangerous. Remove the ball python from its enclosure, and tie it in a pillow case. You can warm up your car and keep the snake warm there until you have the supplies you need. If you have an insulated box used for shipping reptiles, put the snake in it with a hand warmer. Wrap the hand warmer carefully in a thick towel so the snake cannot be burned. (Hand warmers typically get too hot for any sort of direct contact). You can also use a cooler, just open the water vent hole to let fresh air in, or punch a small hole in the side with a pencil if it is styrofoam. (You don’t need more than one hole - snakes require much less oxygen than a bird or mammal, and more holes would compromise the insulation). Use an indoor/outdoor thermometer with a probe to keep track of the temperature inside of the cooler or box. It’s important that it never falls below 70F or above 90F. For the future, buy an insulated reptile shipping box the right size for your snake. Keep it, a pillowcase or snake bag, and a supply of two or three 40 hour reptile shipping heat packs (you can buy them online). The 24 hour kind aren’t as safe (they spike hotter), so get the 40 hour at minimum. That way, if the power goes out, you will have the right supplies on hand to keep your snake safe. A snake can be kept in a shipping box for up to two days if necessary. After that, you will need to give the opportunity to drink water. If your snake has been exposed to temperatures under 70F, observe it VERY carefully for the next week for symptoms of respiratory infection. If you see the snake sitting with its head angled up or mouth open, see bubbly spit in its mouth, or hear it rasp (or feel a rattle when holding it when it breathes) take it to a reptile vet immediately. (Respiratory infections can generally be easily treated with a course of antibiotics if caught early, but are likely to prove deadly if not treated).",
Donna Fernstrom,Can my leopard gecko have two separate enclosures? I really want a leopard gecko so I'm doing a lot of research. I live in 2 houses (my mom's and my dad's) and I switch houses every Sunday. Can my leopard gecko be switched from one tank to the other?,"Probably. You will need to use the same transport container each time, and be sure to keep it the right temperature during the trip to minimize stress. Be sure that the enclosure is warmed up and the right temperature before putting the gecko into it. The gecko should get used to the routine and recognize both enclosures as home, given some time. If it seems to be reacting adversely (not eating or not behaving normally after the trip) then you should stop and make other plans. If this is the ONLY plan, then this is probably not a good time to get a leopard gecko.",
Donna Fernstrom,"Is it safe for leopard geckos to eat a diet consisting of super worms, wax worms, crickets, and mealworms all at once?","In general, I wouldn’t feed super worms to leopard geckos unless the super worms are young or newly shed. Those particular insects are better for larger reptiles. I do recommend black soldier fly larvae, however, and small silk worms. And yes, variety is great for reptile health. Be sure that crickets and mealworms are gut-loaded and dusted with calcium, as they are high in phosphorus.",
Donna Fernstrom,"I just got a leopard gecko, like, three days ago. He seems to be doing fine, he just sleeps a lot and refuses to eat mealworms, he only eats crickets. How do I get him to eat the mealworms?","Mealworms aren’t a healthy choice anyhow. Don’t bother. Make sure the crickets are gut-loaded, dusted with calcium/D3 powder, and are no bigger than the space between the gecko’s eyes. Make sure the gecko has a nice, fat tail. If the gecko is a hatchling, it may be thinner until it grows a bit larger, but if the tail doesn’t fatten up fairly quickly, and gecko isn’t eating well, you should have a vet see it to be sure it doesn’t have a serious health issue. Note: I couldn’t possibly be more unhappy that Quora has made the choice to let ChatGPT babble inanely on every topic. Its answers are pretty much always incorrect, and occasionally downright insane. This is one of those times.",
Donna Fernstrom,"Is it legal to eat meat from backyard chickens in California, USA? Would this be considered petting or farming?","Chickens are livestock, regardless of whether or not they are being kept as pets. So, you can eat them. You’re also allowed to eat doves, rabbits and guinea pigs, for the same reason. That some livestock species have also become popular as pets does not mean they’re off the menu. There are regulations on how you may slaughter animals for food, so you must follow those guidelines. But a lot of hens kept for eggs ‘retire’ to a stew pot. But you can’t SELL the meat from your backyard chickens unless you have them slaughtered at a USDA-approved facility.",
Donna Fernstrom,Do corn snakes and ball pythons get along?,"No. They have different environmental requirements, and come from different parts of the world, so they should never be together. (They might have bacteria, viruses, or parasites that don’t bother them, but could make the other quite sick).",
Donna Fernstrom,How long can a ball python stay in its cage without needing to be misted or fed?,"Ball pythons don’t need to be ‘misted’ at all. They shouldn’t be wet unless they decide to climb into their water bowl and soak. Keep the enclosure at 80F with a 90F basking spot at all times. Use a solid-top reptile cage, not an aquarium with a screen top. The humidity in the enclosure should ALWAYS be between 60% and 80%. The substrate should be dry. Under-cage heating controlled by a digital thermostat is necessary (the thermostat is not optional). Heat lamps are not advised - they dry the cage too much, and are a fire hazard. Fresh, clean water must be available at all times. Place the water bowl over the under-cage heat source if you need to raise the humidity. Misting isn’t the way to go. How long a ball python can go without a meal depends on its age and condition. A fat, healthy adult ball python could go 8 to 12 months without food. A really young hatchling cannot - they might go a month, but shouldn’t go longer. And that only if they’ve got decent weight to start with. But it is recommended that adult ball pythons be fed once per week, or once every two weeks. (Sizes of these animals adults can vary substantially, with some being twice as large as others, so that makes a difference in how much food they need). Male ball pythons frequently fast for 3 months over the winter (this varies between individuals, though).",
Donna Fernstrom,"Why did stegosaurs go extinct before the other dinosaurs, right in the middle of the Cretaceous?","Well, for starters, we’re not entirely certain that they did. It’s possible that one or a few species may have survived right up until K-Pg. It’s also possible that they died out right at the beginning of the Cretaceous. Further study of existing fossils is needed to verify these things. (We have some possible fossils from Russia which might be Stegosaurs from the middle of the Cretaceous, and also a fossil from India which might be one, from near K-Pg, but those things need to be verified, as the fossils are very incomplete and the identity isn’t yet certain). The evidence suggests that there was a severe decline in species starting just before the beginning of the Cretaceous, and climate change and the evolution of some predatory dinosaurs that may have been better at killing it might in combination be responsible. So, if Stegosaurus (which is a genus, not a single species) did indeed not make it to K-Pg, climate/environmental change is the most likely reason why not. Specifically, Stegosaurus were specialized cycad eaters, and cycads began dwindling due to intense competition from angiosperms at the beginning of the Cretaceous. There are a few cycad species still alive today, but cycads are not numerous. Stegosaurus were large animals that required a lot of food. With the larger cycads becoming extinct and their distribution sparser, it would have been a challenge for them to feed themselves. This would explain why, if they did survive, they became far less numerous (not only in species, but in total numbers). Fossilization is rare, so an uncommon species is much less likely to fossilize, too.",
Donna Fernstrom,"After my ball python ate, I noticed there was a piece of cypress mulch stuck in her mouth. I got a few pieces out but the last one seems to make her uncomfy cause she won’t let me touch that piece. What should I do?","Get a soft rubber frosting spatula, have a friend pick up the snake and deftly grab the neck (being careful not to put any pressure on the jaw, while you insert the spatula into the mouth to open it and remove the mulch. This is not as difficult as wrangling a cat, but it could take practice. Be very quick and put her down immediately afterward. The briefer the period of stress, the less likely it will make her disgorge her meal. It’s best not to leave debris in her mouth. For future meals, consider putting down some newspaper over the mulch first, and just throw it away once she’s done eating.",https://qph.cf2.quoracdn.net/main-qimg-e78942274631cc027f9fe3262b662ac5
Donna Fernstrom,Is it common for autistic individuals to enjoy physical touch?,"The best answer to that is ‘sometimes.’ In the right context, and the right person, it’s not uncommon for autistic people to enjoy physical touch. The right kind of touch (which is going to vary from person to person). And other times, it’s like being attacked by a horde of crawling insects. Most of us do not enjoy physical contact with strangers, either. I can enjoy a back rub from my husband, but find it disconcerting and alarming to get a professional massage. And the huggy people. >_< *grits teeth*",
Donna Fernstrom,"Several years ago, I (sadly) put a praying mantis in a jar. I put very small holes in the top. It died. Maggots were all over it. No flies got in. How did the maggots get in?",Flies will sometimes lay eggs in holes they cannot fit through if they smell something decaying below. The newborn larvae can drop down onto the food.,
Donna Fernstrom,"If birds and mammals survived the event that killed the dinosaurs because they're small, why didn't the small non-bird dinosaurs survive?","We don’t really know, but the ability to fly probably helped some of the avian species survive. It’s important to understand that the vast majority of bird species alive at that time did not survive either, including the largest and most diverse bird clade, the Enantiornithes.",
Donna Fernstrom,"Have scientists always known that chickens are not closely related to dinosaurs, or were they ever considered descendants due to similarities with modern day birds?","This is a confusing question. It suggests you got ahold of some misinformation somewhere, or misread something. First: Birds are dinosaurs. Not just descendants of dinosaurs. Birds are, unquestionably, by every definition, straight-up dinosaurs. They are part of clade Dinosauria. Birds are Maniraptoran Theropod Dinosaurs. In the past, scientists did not know that birds were dinosaurs. At one point, they questioned whether birds had evolved from dinosaurs, or some other reptile. They then learned enough to believe that birds had descended from dinosaurs, but they believed that the avians were the point where feathers and a warm-blooded metabolism evolved. More discoveries revealed the truth. Dinosaurs were all warm-blooded animals (endotherms or mesotherms), and feathers are older than Dinosauria. Pterosaurs also have them! With this revelation, it became clear that birds aren’t special at all. They’re just typical dinosaurs, adapted for flight, sure, but no more different from other dinosaurs than a bat or dolphin is different from other mammals. Next, chickens. Chickens are birds. Birds, clade Avialae, first evolved around 165 million years ago. Around 66 million years ago, a massive asteroid struck the Earth near the tip of the Yucatan Peninsula, and wiped out 80% of all species on Earth. It eradicated all of the marine reptiles, all of the pterosaurs, and most of the dinosaurs (including all of the non-avian dinosaurs, and most of the avians). Only a few species in a few clades of avian dinosaurs survived. Among them were the Paleognaths and Neognaths. Among the surviving Neognaths were Neoaves and Galloanserae (ducks and chickens are part of this clade). Perhaps you were confused by the fact that chickens descend from a lineage of birds that split from other bird lineages before the mass extinction event. But chickens are, of course, still birds. And birds are dinosaurs, so chickens are dinosaurs.",
Donna Fernstrom,How do people on the autism spectrum learn to tell when others are being sarcastic or ironic? Is there any difficulty in doing so?,"Usually from context and tone of voice. It is more difficult, because we tend to assume people are speaking honestly unless there is a clear indicator that they aren’t. And it has to be ultra-clear. My mother turned sarcasm into an art form, so I learned to recognize and appreciate it fairly early on. But I can still get tripped up. Usually by people who assume that their sarcasm is obvious, but they’re saying things that others state literally.",
Donna Fernstrom,"What are Camel Spiders and are they dangerous to humans, animals or livestock? If so, what species are they and where can we find them?","This is just a nickname for an order of arachnids called solifugids. Solifugids are non-venomous ferocious insectivores. They look pretty terrifying, but are harmless to people and livestock. Some extremely large ones can give a person a proper pinch if they threaten them, though. There are more than 1000 species in 147 genera. They are found on all continents apart from Antarctica and Australia. Most live in desert areas, but a few species live in other biomes. Solifugids got some attention during the Gulf War, as they freaked out some soldiers because they were overly large, and appeared to be chasing them. In reality, the animals are very susceptible to damage from overheating, so they were chasing the people’s SHADOWS, trying to stay in the shade to cool off, lol.",https://qph.cf2.quoracdn.net/main-qimg-daa3fabd81f51d7e12e170a2eb3e8b1e
Donna Fernstrom,Should I preemptively disclose if a meal I've cooked for others contains organ meat?,I’d just ask if anyone’s vegetarian or has any conditions that would preclude them eating foods too high in iron. That would be sufficient.,
Donna Fernstrom,Can I write a book based off a game if I change some details?,"If you change enough details that no one can recognize the game, you certainly can. Fifty Shades of Grey started out as Twilight fan fiction.",
Donna Fernstrom,Does the support of evolution by eminent scientists prove evolution must be true?,"No, not at all. The evidence that led eminent scientists to declare that the theory of evolution is proven is what proves the theory of evolution to be true. It’s always the evidence. Not the people.",
Donna Fernstrom,Does anybody think human beings being caught up in the circumstance of biological evolution is disgusting?,"No, I think it’s beautiful. I’ve never understood why some people develop an aversion to life itself.",
Donna Fernstrom,Do you believe the most recent genderqueer ideas and beliefs are like religious beliefs where you affirm what anyone says what gender they are without need of a reasonable explanation or diagnosis?,"I believe that gender is largely a made-up human identity thing, and people are the gender they believe they are. Because gender does not exist outside of human belief. Not in the sense we use the term, anyhow. It makes people happy if you acknowledge their gender and apply the correct pronouns (whichever they prefer). It makes people unhappy if you do not. Why would you want to make people unhappy? Biology is incredibly messy. Psychology is even messier. Pretending that there are neat, objective boxes to put people in is ignorant and blind. In that sense, yes, it’s like religion. People are what they believe themselves to be. Instead of trying to rationalize bigotry, just be nice.",
Donna Fernstrom,Is it accurate to say that viruses have evolved? How can something that is not alive evolve?,"There was always a debate over what viruses actually are, and whether or not they qualify as living things. Evidence now suggests that viruses did evolve from independent cells in the past, which means they are life forms, albeit stripped absolutely to the basics. They’re just hyper-parasites.",
Donna Fernstrom,"If dinosaurs were still alive today but weren't more intelligent than us (they don't become sentient), what would be different about Earth?","Dinosaurs are still alive today. We didn’t understand what dinosaurs were for a very long time. It’s difficult, when all you have are bones. But we started to find skin impressions, and then, finally… feathers. Now we understand dinosaurs much better. Warm-blooded, feathered, egg-laying animals. Birds, of course, are dinosaurs. Not just descendants as we once believed, but actual dinosaurs. They’re not even all that unusual as dinosaurs go. If non-avian dinosaurs had survived K-Pg… humans would most likely have never evolved. Dinosaurs have always been superior to mammals. The only reason they did not take over all the land niches after K-Pg is because flying is such a valuable advantage to survival. Once they evolved the ability to fly, birds have rarely lost that ability again, because the best flyers are almost always the best survivors. Size doesn’t count in terms of evolutionary success. In fact, as the Chicxulub Impactor taught us, the bigger they are, the harder they fall. Better to be smaller, nimble, and versatile if you want to live through major disasters. If non-avians that couldn’t fly had survived, mammals would never have had the chance to fill all of those land animal niches. Non-avian dinosaurs would have diversified and done so first, outcompeting them just as neatly as they did the first time around. Lest you question this, let me point out that when birds have lost the ability to fly anywhere other than an isolated island, they have had no trouble competing with the most ferocious mammalian predators on Earth - including us. (Photo by Alessandro Catta)",https://qph.cf2.quoracdn.net/main-qimg-45fa9c0d9ee9337686d33a815fb4f0da
Donna Fernstrom,Would chickens have become extinct without humans?,"Chickens would never have existed in the first place without humans. They’re a domesticated species. The wild ancestors of the chickens, Red Jungle Fowl, would be completely fine (and doing much better, without a doubt) if we were not around, though. (Yes, Red Jungle Fowl are still alive, though not particularly numerous). (Photo by Lip Kee [ https://www.flickr.com/photos/lipkee/ ] ) As for cattle - they’re also a domesticated species. They were domest...",https://qph.cf2.quoracdn.net/main-qimg-a1a2febf73e66e555f5ba6cb8372729a-lq
Donna Fernstrom,Is there a reason why dinosaurs did not evolve into mammals instead of reptiles?,"Nothing evolves into the same thing twice. Evolution is a complex process involving random mutations and selective pressures. The first amniotes, animals that had a membrane inside their eggs to keep them from drying out on land, diverged into two primary lineages: The Synapsids and the Sauropsids. Mammals are Synapsids. Dinosaurs are Sauropsids. Mammals evolved only about 5 million years after the first dinosaurs evolved, but their lineages had been separate at that point for at least 100 million years. We now understand that mammals never evolved from reptiles. The reptile line are the Sauropsids, you see. Both reptiles (sauropsids) and synapsids (mammals are synapsids) evolved from basal amniotes. The only reason you don’t hear the word ‘synapsid’ very often is because mammals are the only synapsids left alive. The synapsids didn’t have the robust diversity that reptiles have. In the reptiles, you have Lepidosaurs (lizards, snakes, and tuataras remain), Testudines (turtles and tortoises remain), and Archosaurs (crocodilians and dinosaurs remain - yes, birds are dinosaurs). In the synapsids, it’s only Mammalia remaining, and only monotremes, marsupials and placentals. So, the reason that dinosaurs did not evolve into mammals is because mammals are from a lineage that split away from the dinosaur line a very long time before there were any dinosaurs around, and are radically different from them. On the other hand, you can take some joy in knowing that dinosaurs still exist. They didn’t all die during the asteroid strike. It turns out that birds aren’t just descended from dinosaurs - they actually are dinosaurs, after all.",
Donna Fernstrom,"If someone gave you $1,000 a week to never eat meat again/ever, what would you do?","I’m going to decline that hard. I mean, it’s a lot of money, don’t get me wrong, but in order to ensure that I never ate meat, I would need to be under CONSTANT surveillance. So, no. (And let’s be reasonable - if I wasn’t under constant surveillance, I would eat meat, lol).",
Donna Fernstrom,Why do scientists think that dinosaurs became extinct before humans evolved?,"They don’t think that any longer. It’s become clear that dinosaurs did survive the K-Pg Extinction, and are still alive today. We call them birds. It just took us quite a while to realize that they were dinosaurs.",
Donna Fernstrom,How many dinosaurs turned into birds?,"One. All birds descend from a single common ancestor species. That ancestor may have been Archaeopteryx, or Aurornis xui, or more likely, a species we haven’t yet found fossils for. Also, it’s important to understand that birds are still dinosaurs. They have not become something else. They are just flying dinosaurs (the same way bats are flying mammals).",
Donna Fernstrom,"If humans are really intelligent and not simply manipulated by their genes like any other animal, why can't they do anything about overpopulation?","Because humans are really intelligent, and are simply manipulated by their instincts (which derive from their genes). Just like every other species. The other issue is culture. Capitalism cannot exist in a culture with a negative population growth or stable population. It requires continuous population growth. So, before you can tell people to stop breeding, you have to come up with an alternative economy.",
Donna Fernstrom,"Is it possible for a species of dinosaur to have evolved into an intelligent and technologically advanced species like humans, but we have not yet discovered them?","No. The only dinosaurs to survive K/Pg are birds. Some birds are definitely among the most intelligent animals on Earth today, rivaling great apes, dolphins, and elephants… but they are not sophont. We’re the only sophont species surviving today. Tool-using sophonce is a messy business that leaves lots of traces behind. Now, if you mean could they have existed before K-Pg… the answer is still that it’s vanishingly unlikely. Nothing had a particularly large brain back then. Not the dinosaurs, or the mammals. They were a lot smarter than we initially gave them credit for, but they weren’t as intelligent as modern dinosaurs (birds) and modern mammals.",
Donna Fernstrom,Are humans really designed to eat meat?,"No. Humans evolved naturally. There is not the slightest shred of evidence that they were designed. They did eat meat, and evolved an improved ability to digest meat and cooked foods. They also evolved a shoulder joint that allowed them to throw things very hard and very accurately, and this evolved as a result of their becoming reliant on large game hunting, as did their ability to run for hours in the blazing heat without dropping dead from heat prostration.",
Donna Fernstrom,Why doesn’t Rocket Raccoon like anybody calling him a raccoon?,"Because he’s literally not a raccoon. He’s an animal from an alien planet that has been genetically ‘uplifted’ and cybernetically enhanced. He only resembles a raccoon. Rocket has never heard of raccoons, but he’s figured out from context that it is some sort of Earth animal, and he doesn’t appreciate being called a...",
Donna Fernstrom,"In regards to omnivores and herbivores, what would something that consumed only eggs be considered?",An animal that consumes only eggs is considered to be a carnivore. Virtually all eggs found by egg-eating animals in the wild are fertilized and have developing embryos in them.,
Donna Fernstrom,How do we justify being vegetarian but not vegan?,"It is unnecessary to justify eating any sort of natural human diet. I mean, maybe if you’re eating Giant Panda and wild ramps stir-fry, sure, that’s not okay, but otherwise, no justification is required, lol. The idea that you need to justify your diet is a tactic used by proselytizing vegans to put people on the defensive so they will have the push-back that makes them feel more secure in their decisions. It’s the same psychological tactic used by proselytizing religions. It’s never been about convincing other people - it’s about creating a challenge that triggers the backfire effect and cements their own confidence in their ‘rightness.’ Proselytizing is all about the proselytizer using other people to deepen their own faith. Standing up to others for what we believe in just feels good. That’s why people do it, even if they have to force others to become opponents. So, remember - if someone asks you to justify some perfectly normal and acceptable behavior, just say ‘No justification is required,’ and refuse to engage.",
Donna Fernstrom,"Why do vegans know nothing about health? They aren’t nutritionists. Milk, cheese, eggs, fish, red meat in moderation, processed meat in moderation, etc. aren’t going to cause health problems. It’s only bad if you eat a lot of it.","To be fair, processed meat is incredibly unhealthy and will likely cause problems even in moderation. You should probably avoid eating it as much as possible.",
Donna Fernstrom,Is otherkin a mental illness? Why are otherkin associated with many mental illnesses?,"No. Being Otherkin is not considered to be a mental illness, because in general it does not interfere with normal functioning in society, and does not cause distress to the Otherkin. In order to be a mental illness, a psychological difference must cause harm, distress, danger, or loss of function. Being Otherkin causes none of that. Is the incidence of other mental illness, such as depression, higher in the Otherkin community than outside of it? I really don’t know. I’m not s...",
Donna Fernstrom,"What is the definition of ""otherkin""? Are there any true ""otherkin"" people in the world today?","Otherkin are defined as people who feel that they are, in mind/spirit, non-human. To phrase it differently, their identity is a non-human being of some kind. They may feel that their inner self is a dragon, fae, or other creature. Therians (spiritual therianthropes) are people who feel that they are, in mind/spirit, a normal non-human animal. They may feel they are a wolf, cat, deer, or any sort of animal. In some cases they have past-life memories of being that animal, and may be able to shift their mindset to be more like that animal. Some people consider Therians to be a subset of Otherkin, while others consider them to be different. The communities did emerge separately, but therians do fall under the basic definition of Otherkin. Identity is a complex thing, and as a general rule, Otherkin/therians are fully aware that their body is human, and they’re not going to be physically changing it. A variety of spiritual or psychological explanations have been proposed for ‘kinness, but the main takeaway is that it’s just an example of the variety of the human experience, and that knowing WHY people are Otherkin would not change the fact that they are. The phenomenon of having a non-human identity may be as old as humanity. Tribal peoples may invoke or take on the mantle of their totem animal, or another animal, to aid them in hunting, sometimes with the aid of hallucinogens, or without. In an altered mindset, they experienced increased awareness of their surroundings, more acute senses, and believed this improved their hunting success (as it may well have done). Is this related to being therian or kin? Perhaps. Is being Otherkin any weirder than believing in a religion? Most certainly not.",
Donna Fernstrom,Does identifying as a shapeshifter make me an Otherkin/Therian?,"Yes, generally that would mean you’d be defined as Otherkin.",
Donna Fernstrom,"What is ‘otherkin’, and what is the difference between otherkin and furries?","Otherkin: Persons who feel that their identity is non-human. Therians: Otherkin who feel that their identity is an ordinary non-human animal. The majority of otherkin are therian. Some only use the term ‘otherkin’ to refer to those whose identity is not a normal non-human animal. Furries: People who really like anthropomorphic animal art. So, they have no particular relationship to each other, but people can be both. Therians in particular may appreciate furry art. Note: There’s a subset of the furry community who are into weird kinky stuff. They’re not hurting anyone. But don’t make the mistake of believing the majority of the furry community is into weird kinky stuff. Mostly they’re people who watch Over The Hedge and Zootopia a lot.",https://qph.cf2.quoracdn.net/main-qimg-0defdf3f810e5207bf1316f930775128
Donna Fernstrom,"What is the preferred term for an individual with autism? Is it ""autistic"" or ""person with autism""? Why?","Sorry, there’s no winning with this one. Different people have different preferences. I’m cool with any of them, but most like ‘persons with autism’ (I’m not defined by autism - it’s not my identity, it’s a neurological condition), and ‘autists,’ because it’s cute.",
Donna Fernstrom,Can a female wolf give birth to a puppy if she mates with a dog instead of another wolf?,"Yes. Wolves and domestic dogs are considered by many scientists to actually be the same species. Domesticated dogs are just a subspecies of gray wolf. The puppy will be a hybrid wolf-dog, and not suitable as a pet, however.",
Donna Fernstrom,What are the differences between wild dogs and wolves? Can both be domesticated if raised from pups?,"The term ‘wild dog’ is ambiguous. It may refer to any wild canine, including wolves. It might refer to a specific species of wild dog, such as the Dhole or the African Painted Hunting Dog. It might refer to feral domesticated dogs. If you had something specific in mind, you should name the species in your question. You cannot domesticate an individual animal. You can only tame it. A tame wild animal is still a wild animal. Likewise, a feral domesticated animal is still a domesticated animal. Domestication is genetic. It means the population has been selectively bred by humans to better suit a human purpose for enough generations that it is substantially different from wild populations of the species. Any animal can be tamed if raised from infancy and carefully worked with. How trustworthy it is at that point depends on the species, and on the individual. In most cases, a tame wild animal isn’t trustworthy because it is higher strung and much more reactive as a result of evolutionary selection for survival in the wild. If you take in feral domestic dog puppies, and raise them by hand, you wind up with just ordinary dogs. There’s nothing special about their mother being feral. Their genetics are the same as any other domestic dog. If you hand raise a wolf pup or a dhole pup, you wind up with tame captive wildlife. In short, only part of your question can be answered as as you asked it, because your question is too ambiguous for a more thorough answer.",
Donna Fernstrom,"Is it dangerous to encounter wild animals such as bears, cougars, wolves, or coyotes in their natural habitats?","Significantly less dangerous than it is it to encounter humans anywhere. (The risk is not zero, but in general, you have more to fear on the average city street than you do in the woods with a wild predator around). The majority of these animals are afraid of people. Also, coyotes weigh like 30 pounds, I think you can take him. lol.",
Donna Fernstrom,"Are there any animals alive today that are classified as dinosaurs? If so, what are they called and how do we know this for sure?","Yes. The only dinosaurs to survive the K-Pg extinction were in the clade Aves. We call them birds. :) We know this for certain because we have found the fossil evidence showing the evolution of birds. The incredible find of detailed feather fossils associated with non-avian dinosaurs in China clinched it. Birds are dinosaurs, not just descendants of dinosaurs. Birds are not all that distinct from other small theropods.",
Donna Fernstrom,"Which would win in a fight, a marine iguana or a sea snake?","Marine iguanas are herbivores. Yellow-bellied sea snakes, which live in the Galapagos, do eat baby marine iguanas, so that answers that question. An adult marine iguana is too large for a sea snake to bother with, and being an herbivore, would not bother a sea snake, either.",
Donna Fernstrom,"Which herbivores were the first herbivores, mammals or dinosaurs?","Neither dinosaurs nor mammals were the first herbivores. The first herbivores most likely evolved shortly after the first plants. Between mammals and dinosaurs, dinosaurs evolved first, and mammals a bit later. So there were almost certainly some herbivorous dinosaurs by the time the first mammals evolved, much less the first herbivorous mammals.",
Donna Fernstrom,"Do you think that dinosaurs had feathers before birds existed? If so, when did they lose their feathers (if at all)?","Recently, we’ve found true down feathers on a pterosaur. This puts to rest the idea that pycnofibers evolved separately from protofeathers. The pycnofibers are protofeathers, and this means that the origin of protofeathers is pushed back to before the split between the pterosaur and dinosaur lineages, in the Avemetatarsalians that gave rise to both of them. Both dinosaurs and pterosaurs had feathers. This means that the first dinosaur had feathers (protofeathers, probably - single hollow fibers, or possibly primitive down feathers). It must have, or no dinosaurs that came after could have had them. So, feathers are completely typical for dinosaurs. It’s clear some dinosaurs lost their feathers, but many kept them, and the feathers continued to evolve. All dinosaurs also had scales (birds do, too, on their feet and sometimes legs). In some dinosaur lineages, they simply evolved to have more scales and fewer feathers until no feathers were left. They often had decorative bristles, though - feather shafts. We have evidence of feathers on dinosaur fossils from both the Ornithischian and Saurischian lineages (birds are Saurischians). They’re much more common in Saurischians. Some of the largest Saurischian predators didn’t seem to have them - Carnotaurus probably didn’t, and Tyrannosaurus rex probably didn’t, but Yutyrannus definitely did, as did most of the others (Therizinosaurs, troodons, dromaeosaurs, etc etc). So, dinosaurs definitely had feathers before the Avialae line (birds) evolved, and many of them kept their feathers, while some lost them. We don’t know exactly when some dinosaur lineages lost their feathers, and even in cases where we have scaled skin impressions, we can’t rule out the dinosaurs having quills or feathers somewhere else on their body. Fossils like the incredible Nodosaur fossil found which is like 1/3 of the animal, are astoundingly rare.",https://qph.cf2.quoracdn.net/main-qimg-05b2dc65b7945eff0f5d044d43294a90-lq
Donna Fernstrom,Do you know if any dinosaurs ever ate potatoes?,"Yes. Here is a dinosaur eating a potato. Humans domesticated wild potatoes around 8000 years ago. It’s a near certainty that wild potatoes are younger than K-Pg. Which means the only dinosaurs that could encounter them were/are avian dinosaurs. Very few birds go rooting for tubers in any case, so most likely dinosaurs didn’t encounter potatoes until after humans started digging them up and turning them into something cooked, palatable, and delicious.",https://qph.cf2.quoracdn.net/main-qimg-b93207b8c52d161e82d1b20662a27ebb
Donna Fernstrom,What is the evolutionary reason for schizophrenic and autistic females?,"The conditions are not immediately fatal and do not always preclude having children, so they have not been selected out. Even if that were the case, random mutations happen.",
Donna Fernstrom,Did dinosaurs evolve to be warm-blooded before mammals did?,"You’re way ahead of yourself. Neither dinosaurs nor mammals evolved to be warm-blooded. Their ancestors had already done that, so they were warm-blooded from the start. As for exactly when the first warm-blooded synapsid and first warm-blooded Archosaur evolved, unfortunately we simply don’t know. We just know it happened before there were mammals or dinosaurs.",
Donna Fernstrom,"Since birds developed flight a hundred million years before bats, are birds generally better, more experienced flyers than bats, evolutionarily speaking?","No. Bats are more agile than birds in general, and at least one bat species has broken the speed records for a flying animal in level flight. (Brazilian Free-Tailed Bats clocked in at 160 km/h (100 mph))! Experience is something individuals have, and depends on their learning ability and lifespan, so that isn’t relevant here. Birds are superior to bats in many other physical ways, but they are not better flyers.",
Donna Fernstrom,What is the most deadly disease that bats have unleashed on humans?,"That depends on what you mean by ‘deadly.’ Do you mean ‘most likely to kill you if you catch it?’ That’s probably rabies. Or do you mean the disease with the highest body count? That’s probably COVID-19. But I will point out that the bats did not actually ‘unleash’ these diseases. In the case of rabies, they were infected and dying, and a human decided to pick them up or handle them. In the case of COVID-19, they were carrying a related virus, and humans caught them for the purpose of turning them into a fake medical cure, their disease swapped genes with another related virus in a pangolin (there for the same reason), and then jumped to a human. Humans should leave bats alone.",
Donna Fernstrom,Can a cat get rabies from eating a mouse?,"The answer is ‘technically, yes,’ but ‘effectively, no.’ Rabies in mice is so vanishingly rare that this would e a preposterous worry. Have your cat vaccinated to eliminate the worry completely. (And keep it indoors/in a catio so it won’t be bitten by wild animals).",
Donna Fernstrom,"Do the flightless, feathered dromaeosaurids, tyrannosaurids, ornithomimids, therizinosaurids, archaeopterygids, troodontids, compsognathids, scansoriopterygids and oviraptorids show the origins, evolutions and explanations of the birds?","I’m sorry, but I don’t understand your question. Birds are Avialae, and they’re most closely related to troodontids and scansoriopterygids, if that is what you wanted to know?",
Donna Fernstrom,"If a child has not been vaccinated for whooping cough, and is exposed to it, will they develop immunity?","They will almost certainly develop Whooping Cough. If they recover, they will probably have immunity going forward. And possibly health complications from whooping cough. The vaccination is by far the safest and most comfortable way to achieve this.",
Donna Fernstrom,"What animal is more dangerous, mosquitoes, apex predators, or humans?","Humans killed 415,000 people via straight up homocide, 238,000 people in wars, and 1.35 million people died in vehicular accidents, a fair proportion of which were caused by other people. 251,000 people are killed each year by medical negligence in the US ALONE. 3.1 million children die each year because other humans refuse to give them enough food, or the right kind of food, even though there is plenty of food produced to feed everyone. So, humans are definitely the most dangerous animal. And that’s even before we go into how many mosquitoes and apex predators are killed by humans.",
Donna Fernstrom,"What kind of food do snakes prefer to eat, and what are things people should avoid feeding them as it could harm them or make them ill?","Snakes evolved to eat whole prey. Beyond that, exactly what types of animals snakes eat depends on the species of snake. Some snakes specialize in only certain types of animals, and being fed other types isn’t healthy for them. For example, rough and smooth-scaled grass snakes specialize in eating insects. They need the right types of insects to create a balanced diet. (A diet of only crickets or mealworms is bad for them). Many snakes eat small mammals and birds. Most of the common pet snakes fall into this category (ball pythons, corn snakes, etc). Some snakes specialize in eating fish, amphibians, and other reptiles. Some even specialize in eating other snakes. Around six species of snakes specialize in eating only eggs. Snakes should never be fed cooked food, contaminated or spoiled food, anything that might have come into contact with toxic chemicals or pesticides, anything that isn’t a whole (the organs, bones, and gut contents are important for snake health), or the wrong type of food for the species. (Don’t feed mice to a grass snake, or crickets to a corn snake - not that they would be likely to eat them anyhow). Sometimes hidden dangers in foods exist. For example, garter snakes like to eat earthworms and fish. Pet stores sell ‘feeder goldfish,’ so people used to buy them to feed garter and ribbon snakes. But this species of fish is high in an enzyme called thiaminase, whi...",
Donna Fernstrom,Is retaliation against an animal that allegedly killed your fowl justified?,No. It’s not a human. Fix your chicken coop and get a livestock guardian dog so it won’t happen again.,
Donna Fernstrom,"Is it ethical to consume animal products like eggs, honey or cheese if they have been raised in humane conditions with proper care and respect by the animals' own consent?","It’s ethical to consume animals and animal products. Those who claim otherwise are taking an extremist position based on biases that are not rationally supported. If you raise an animal for food (or to produce food products such as eggs and cheese), then the ethical position should be to ensure that the animal has optimal nutrition, a healthy (mentally and physically) environment, opportunity for enrichment, and that it is actually happy most of the time. If you slaughter an animal for food, you should ethically ensure that it is done with minimal, short-duration distress and little to no pain.",
Donna Fernstrom,"If humans evolved from animals, why are animals not evolving into humans?","Humans are animals. Just one branch of animals among the rest. There is only one human species left alive today - but there used to be many others. They became extinct - the fate of most lineages of organisms. Nothing evolves into anything more than once. Evolution is the result of selective pressure and random chance. Throw a ball over your shoulder without looking and try to hit the same housefly twice. lol. Evolution isn’t a ladder things climb to ‘improve.’ It’s just the name for the process by which populations of organisms change over time. That change has no goal. What survives is what proliferates, and that’s all there is to it.",
Donna Fernstrom,"Do you agree that large snakes, like the Burmese pythons found in Florida, should be hunted and removed by the state?","No. But I do agree that invasive species, like the Burmese pythons found in Florida, should be eradicated if possible by the State. A bounty might help - insisting that people be trained in how to tell the invaders apart from native snakes would be necessary, though. ‘Large snakes’ is much too broad - leave them alone where they are native. Burmese pythons in Florida are a relatively minor problem. The biggest problems for Southern Florida’s wild areas are Melaleuca, Old World Climbing Fern, Brazilian Pepper, and Big Sugar. The most intensive focus should be on eradicating invasive vegetation, and protecting wetlands from agricultural pollution.",
Donna Fernstrom,"Why do people explain a link between obesity and poverty by saying that fast food is ""all they can afford?"" Making rice and beans at home is cheaper and healthier.","Ah, yes - the ‘beans and rice’ argument. People who are poor are stressed and over-tired. Cooking, especially something like beans and rice, takes time. It’s also difficult to make it very tasty. People eat fast food because it doesn’t require them to do more work, and because it tastes very good, so it makes them feel better emotionally. To cook beans and rice you must soak the beans (if dry) in water overnight, then rinse. Rinse the rice. Put them all in a pot together with the right amount of water or stock, and add seasonings (you did budget seasonings, right)? Then you cook it for a really long time. Once you’ve finished cooking it, you’ve got a meal, but you aren’t done. Put away the leftovers, and now clean the pot and the utensils, and the plates that you used to eat it. If you’re unlucky, that pot will have adhered rice and beans in it, and will require some vigorous scrubbing. Compare with handing over $5 and receiving hot food in paper wrappers than you can simply throw away after you are done eating. Of course, while beans and rice is a reasonably healthy food, it’s far from a complete meal. It lacks vitamin B-12, and it’s low in calcium and riboflavin. Beans and rice is a high carb, high protein meat with a high glycemic index. For good health, you need to add a lot of dairy or some meat, and a whole lot of veggies, including some raw veg or fruit for vitamin C. Let’s not pretend that ‘rice and beans’ is a huge step up healthwise. It’s only a baby step up.",
Donna Fernstrom,Where is the middle stage of monkeys and humans that prove evolution?,Extinct. Oldest Fossils Reveal When Apes & Monkeys First Diverged,
Donna Fernstrom,Is there any possibility that a species more intelligent than human exists on earth?,"Yes, it’s possible. The species could not have any instinct or aptitude for tool use, however. Intelligence is not just one thing, but a collection of different cognitive skills. Another species could have some skills we are weak in, and lack others that we have great strength in, and work out to being ‘more intelligent’ than we are. But it would likely not qualify as being sophont. That said, while it is possible, it is very, very, VERY unlikely. It’s also possible the President of the US is an extraterrestrial. Just… unlikely.",
Donna Fernstrom,Are there more intelligent apes besides those on Earth? Are we the most intelligent species?,"All apes live, and have lived, on Earth. If we ever find life on other worlds, it will not include apes, nor anything that actually looks human. The odds of that are so vanishingly small as to be as close to impossible as counts. As for whether humans are the most intelligent species (presumably in the Universe, since you implied we were speaking of other planets), the odds of that are also vanishingly small. It’s incredibly unlikely that we’re the smartest species, and even less likely that we’re the only intelligent species. But it’s also not incredibly likely that we’ll ever meet another intelligent species. We’ll have to have luck for that.",
Donna Fernstrom,"They say we transformed from monkeys to humans, so why don’t the rest of monkeys transform?","Lack of selective pressure. Monkeys live in an environment that monkeys are well adapted to live in. Humans evolved from chimpanzee-like apes that began expanding their population out into the Savannah, and developed a culture of frequent tool-use. Exactly the right set of circumstances had to occur in order for humans to evolve as they did, and as always, chance played a role - the right mutations also had to occur. That setup may never happen again. Every species is utterly unique. If any other monkeys were to evolve sophonce (to become as smart as we are in all respects), they would probably not become bipeds. Remember - evolution doesn’t have a goal. It’s not a ladder things are climbing. It’s just changes over time that occur because the environment changes, and this causes things to change accordingly or perish.",
Donna Fernstrom,"What is the point of evolution? Is it just to become more complex than other species, or is it simply to survive and reproduce to pass on genes?","What is the point of the Universe? What is the point of a star? What is the point of water? What is the point of gravity? Evolution is the name for a process that occurs. We know it occurs, because we observe it occurring. It doesn’t have any more purpose than gravity has. Evolution is not something that living things use, it’s something that happens to them. If it didn’t happen to them, they would not exist. They would have become extinct, because their environment would have changed, but they would have stayed the same. Evolution is the reason life continues to exist and change. Thing which cannot evolve cannot survive, so we don’t see them. Life forms have evolved to resist mutation. There’s a sweet spot between ‘not enough ability to mutate’ and ‘too much mutation.’ Life that doesn’t wind up in that sweet spot perishes. It’s important to understand that life isn’t a goal. Reproduction isn’t a goal. They’re just things that happen. We tend to look at the entire thing backwards, as if evolution serves life. But it’s life that continues to exist due to evolution and the random chance that fuels it, not the other way around. That’s why the vast majority of populations of organisms become extinct without leaving any descendants.",
Donna Fernstrom,"If several species of animals share similar kinds of emotions. If those same species eat similar foods, depend on air and water. How close is the possibility they were all designed and created by the same person?","I mean, unless you’re talking about genetic engineering, and you actually know that they were genetically engineered by a person, the fact of those things doesn’t increase the probability that anyone designed or created the animals. Instead, they point solidly toward evolution from a common ancestor.",
Donna Fernstrom,Can someone rationally believe in both creationism and intelligent design while also accepting some form of evolutionary process?,"No one can rationally believe in anything. Rationality requires that we accept that we don’t have any truths - only probabilities. We can talk about how reality PROBABLY is, but there’s always the possibility that we’re wrong. Belief discards that possibility, so it is irrational. (Reminder - if you post a...",
Donna Fernstrom,Why did small mammals have a better chance of surviving the dinosaur-killing asteroid impact compared to dinosaurs?,"First, many of them were fossorial (they lived underground). This helped to protect them from fires and ashfall. Second, being small, their energy requirements were much less - they simply needed less food, and there was a lot less food to go around. Most were probably omnivorous as well. Likewise, the reason avian dinosaurs survived was that they were small animals, and could rapidly move long distances to find food. And the surviving species were also almost certainly omnivorous.",
Donna Fernstrom,What's the diet of chimpanzees in captivity like zoos and research centers? Do they eat meat as well?,"That depends on the zoo or research center. Typically, chimps are not given meat. Most facilities feed them a variety of domesticated vegetables and fruits, and commercial ‘monkey biscuits.’ Monkey biscuits do not contain meat, but they DO contain eggs and whey. However, this diet is inferior and frankly harmful to chimpanzees. The majority of captive chimps die young of heart disease as a result of the incorrect captive diet provided to them. Research on how to provide a diet that doesn’t result in early death from heart disease in captive chimps is ongoing. Note that the cause of heart failure in chimps is NOT the same mechanism as in humans.",
Donna Fernstrom,Is it wrong to eat an unripe green bell pepper or any other type of unripened vegetable?,"First, a green bell pepper is unripe. They turn yellow, orange, red, etc when they’re ripe. Second, it’s fruit, not a vegetable. Seriously. Some unripened fruits are edible and tasty, while others are not. Fruits that are edible when unripened include peppers, eggplant, squashes, and cucumbers.",
Donna Fernstrom,Why are some people against circumcision despite it having a lot of health benefits?,"People are against ‘female circumcision’ performed on girls without anaesthesia, using a dirty piece of glass or whatever, and removing the clitoris along with everything else, and sewing up the resulting mess to the point where they suffer for the rest of their life, if they don’t die of an infection. But you were probably talking about male circumcision. People are against circumcision performed on infants and children WITHOUT THEIR INFORMED CONSENT. Mutilating a baby’s genitals without medical necessity is a horrific practice, and it needs to stop. Adults, electing for circumcision performed safely with their full consent? No one’s against that. Also, the health benefits thing is a hoax. Simply keeping things clean has the same effect. It is true that you can’t get cancer in your foreskin if you don’t have one, but that’s disingenuous. It also minorly reduces the risk of some STDs if you have unprotected sex. But increases the risk of others, so that’s canceled - wear a condom either way.",
Donna Fernstrom,"Are chimps and bonobos currently evolving, and will one day be similar to us and walk upright, etc.?","Everything is currently evolving, but without very specific selective pressure, chimps and bonobos will not evolve into bipeds. Evolution isn’t a ladder you climb toward a goal, and we’re not the pinnacle of it.",
Donna Fernstrom,Why do chimps have tails while bonobos don't have tails at all when they look so similar scientifically speaking?,"Neither of them have tails. Baby chimps do have a tuft of white hair in the area of their coccyx which may make it look like they have a tail, but it’s just hair. This acts as a signal to adults to go easy on the little guy, since s/he’s just a baby. Bonobo babies have the hair tuft as well, but it’ s not white. Bonobos are less aggressive, so there wasn’t the selective pressure to strongly point out babies to avoid them being killed by irritable adults.",https://qph.cf2.quoracdn.net/main-qimg-e45a69e904c403271bfd9d0302226d67
Donna Fernstrom,Is the shoebill stork a descendant of the extinct terror birds?,"No. Phorusrhacids (terror birds) have no descendants. Their closest living relatives are Seriemas, the only living members of the clade they’re both part of, the Cariaformes. (© Stephan Lorenz) Cariaforms diverged early from the line that led to falcons, parrots, and songbirds. Shoebills, on the other hand, are par...",https://qph.cf2.quoracdn.net/main-qimg-3bc2b57ed574e86975885ee27e60e3da
Donna Fernstrom,How do modern humans compare to Neanderthals and Denisovans in terms of appearance?,"As far as I know, we only have a pure Denisovan fingerbone, so we don’t really know what they look like. Compared with Neanderthals, Sapiens are much more gracile, taller, and have smaller noses. They also have a shoulder joint that is more flexible and allows for better accurate throwing. Their skulls are more rounded, making room for larger prefrontal lobes, but a smaller average brain size. This figure standing in a German museum shows that, while Neanderthals certainly did look different, they didn’t look so different that anyone wouldn’t politely ignore it if you saw one walking down the street. Basically, they looked like fictional Tolkien Dwarves, and we look like fictional Tolkien Elves, comparatively. :)",https://qph.cf2.quoracdn.net/main-qimg-3ffff899ff939491b4c04c9cf63ba10f-lq
Donna Fernstrom,Can I get rabies if cat saliva touches my eyes after 2 months of my full vaccination?,"No. I mean, first off, you can’t catch rabies from a cat unless the cat is actively rabid. Second, you’re fully vaccinated. Third, if you’ve literally had a rabid cat flinging saliva into your eyes, you’re going to immediately ask your doctor if you need a post-exposure shot, or if you’re still all good.",
Donna Fernstrom,"Who is stronger, a dinosaur or an anaconda?","The Anaconda. Or the Dinosaur. That really depends on the species of the dinosaur and the size of the anaconda, don’t you think?",https://qph.cf2.quoracdn.net/main-qimg-cf104c91e38396ba52303e41378f4505
Donna Fernstrom,How could a Pterodactyl fly when it had no feathers?,"Pterosaurs had feathers, but they were only used for insulation, to keep them warm. (They were warm-blooded animals). Their wings were comprised of a short arm and hand, and a single extremely elongated finger which supported a membrane that was stiffened with cartilaginous fibers. (source: MacMillan Learning)",https://qph.cf2.quoracdn.net/main-qimg-14d774311e7df3a6c27efc32865a6a07-lq
Donna Fernstrom,Can Vulcans mind meld with Cardassians (or Ferengi for that matter)?,"Vulcans can mind-meld with a Horta, which isn’t even a carbon-based life form, much less a vertebrate with a brain. There’s no reason they can’t mind-meld with any species that doesn’t specifically have resistance to telepathy.",
Donna Fernstrom,Do pterosaurs have bones in their wings?,"A pterosaur’s wing is comprised of its arm, hand, and one extremely elongated finger which supports a membrane that is stiffened with cartilaginous fibers. So, yes, pterosaurs do have bones in their wings. :)",https://qph.cf2.quoracdn.net/main-qimg-f311a91946272012c83e61db6ba40ca8
Donna Fernstrom,Were pterosaurs warm-blooded?,"Yes. We have evidence that pterosaurs were covered in insulating pycnofibers (proto-feathers), and in some cases, true down feathers. Only endotherms require or benefit from insulation. Insulation is detrimental to ectotherms. Therefore, pterosaurs were warm-blooded animals.",
Donna Fernstrom,How did dinosaurs evolve into birds? Was it through micro-evolution or macro-evolution?,"There is no such thing as ‘micro’ or ‘macro’ evolution. Evolution through natural selection is all there is. It’s one thing. It refers to changes in a population of organisms over time. Evolution can occur slowly or more rapidly, depending on the organism’s resistance to mutation, reproductive rate, and the strength of selective forces. By the time the first birds evolved, the clade of dinosaurs they descended from already looked like this: ( Jianianhualong tengi by Julius T. Csotonyi) Many maniraptoran dinosaurs had similar appearances. This is a reconstruction of the actual Velociraptor mongoliensis (yes, the movie lied). ( © Fred Wierum, licensed under CC BY-SA 4.0 via Wikimedia Commons) Some dromaeosaurs (raptors) could probably glide or even fly short distances. Microraptor, famously four-winged (with lift-providing feathers on its hind legs as well as forelegs), for example. By the time the first true member of the Avialae evolved, there were a LOT of other dinosaurs around that looked very much like it, but were not birds. Birds really aren’t unusual as dinosaurs go - they don’t have very many unique features. We used to think they were very different, but we were mistaken. It turns out that a bird is really quite a typical dinosaur, and no more different from other dinosaurs than a bat is different from other mammals. Even less so, in many ways. I’ve detailed this because it’s very important to understand that punctuated equilibrium occurs in little baby steps, not huge jumps. Crocodiles don’t suddenly stand up on two legs in a couple of generations. Noticeable evolutionary transitions are small, and for vertebrates like these, take more than a hundred years at the quickest, and tens of thousands at the slowest. Evolution is only instant and dramatic when it occurs as a result of hybridization.",https://qph.cf2.quoracdn.net/main-qimg-d7f8038daa9d6101feda658ff93b57e0
Donna Fernstrom,What are some ways to stop teens from being disrespectful towards adults (parents included)?,"If you’ve actually done a decent job as a parent up to that point, the only way to stop teens from being disrespectful is to be respectable. Teens instinctively test boundaries, seek freedoms, and question EVERYTHING. Including you. This is a natural part of that developmental stage, and quashing it will not help them or you. If what you do is questionable, well, they’ll almost certainly point it out. If you don’t want to be judged, be better. Set RATIONAL boundaries with clear consequences and clear expectations. WITH your teen. Don’t just impose it on them - discuss it with them, and make a plan together. They’ll be exponentially more likely to follow a plan they had a part in creating. Remember that your teen is nearly an adult, and they feel that. Treating them the same way you treated them as a child will breed resentment and rebellion, and rightly so. They’re not children anymore. Adolescents are intensively training for proper adulthood, and need the education and practice to pull off being adults. They need to be ready BEFORE the magic age 18 hits. They should already have all the skills they need to live independently before they reach age 18, even if they will receive additional support past that age. They shouldn’t NEED continuing support to survive - it should just be help. Remember that young teens are beset by hormonal fluxes that give them the emotional intensity and control of toddlers. That’s not their fault. Expect blow-ups, tears, and irrationality, because their brains are going haywire, and they can’t help it. (Pregnant women suffer some of the same issues). Remember your own teen years, and be sympathetic without being a doormat. Your teen requires you to be a foundation they can rest on if they fail their attempts to fly. They have poor impulse control, and difficulty considering the consequences of act...",
Donna Fernstrom,Could a population of non-avian dinosaurs exist on Earth today given our current ecosystem?,"Depends on what you mean by ‘could.’ If you mean, could some have survived and we didn’t know about it? No, not really. If you mean, if you magically transported some from the past to the present, could they survive? That would depend on which species, and exactly where in the world you put them. And a dash of luck. If you mean, if the K-Pg extinction event hadn’t happened, but the Earth’s ecosystem magically changed in exactly the same ways they have, and hum...",
Donna Fernstrom,"Why did some reptiles evolve into mammals, birds, or lizards instead of remaining as another species of reptile?",This is another question which cannot be answered as stated because the premise is incorrect. Basal amniotes split into synapsids (the line that led to mammals) and sauropsids (reptiles). Mammals did not evolve from reptiles. Birds and lizards are both subgroups of reptiles.,
Donna Fernstrom,How much meat can a man harvest from a deer if he hunts with no tools other than his bare hands?,"Zero. A man will never catch a deer if he has no tools. Humans are obligate tool-users. They cannot survive without tools. As for harvesting meat from a deer that you already have… say, you found one after a car hit it, maybe… I guess you could bite into it raw. You could probably eat two or three pounds if you were very determined. If you put it in a cool area, you might get a second meal out of it before it spoils, but, no tools, so no fridge or freezer. Maybe if you’re dedicated you could use your teeth to bite off long ropes of meat to sun-dry? You can’t cook it without tools, either. Nah, I still cap it at about five pounds. Stick to using tools.",
Donna Fernstrom,"What is the difference between dinosaurs and reptiles? Why are dinosaurs called dinosaurs if they're not reptiles and their names end with ""saurus"" (meaning lizard in Latin)?","The real answer to this question is that it is a quirk of Taxonomy. Scientific nomenclature was developed so that scientists across the entire world could have a common language to use to discuss living things. Common names can be wildly different between countries, and in some cases the same name can refer to several different species. So it was necessary to come up with names that apply to only one species, everywhere, regardless of the language you speak. The entire taxonomic tree is created this way. A dinosaur is a dinosaur in every language on Earth! A Chinese scientists calls them dinosaurs, and so do American, German, and Brazilian scientists. But the person who first proposes/discovers a clade and has it accepted is the one who gets to name it. And once it is named, that name will NEVER be changed unless the clade/taxonomic group is changed. When dinosaur fossils were first discovered, scientists thought they looked like giant lizards, so the taxonomic name created was ‘Thunder Lizards.’ We know now that they’re not anything like lizards at all, but the taxonomic group was correctly constructed - it’s a Superorder in Linnaean Taxonomy, and a Clade in Phylogenetic taxonomy, and it did not need to be reconstructed, so the name remains! But the same is not true of the term ‘reptile.’ In phylogenetic taxonomy, there is no clade ‘Reptilia,’ because the Class Reptilia in Linnaean taxonomy was proven to be paraphyletic (it didn’t contain all of its descendants). That’s a no-no in phylogenetic taxonomy. Clades consist of a species and all of its descendant species. So, now, the new name is Sauropsida. As Linnaean taxonomy ceases to be used, the word reptile will no longer be a scientific word. So, in phylogenetic taxonomy, Dinosaurs are not reptiles because there is no such thing as a reptile. They are Sauropsids. But the terms are considered to be pretty much synonymous at this time. So it’s still okay to say that Dinosaurs are reptiles. In Linnaean taxonomy, Dinosaurs are reptiles. Since birds are dinosaurs, this means that birds are reptiles. Isn’t taxonomy fun?",
Donna Fernstrom,Can two different species of mammals interbreed and have offspring that can also breed with each other?,"That depends on the species. Often, species within the same genus can hybridize and produce fertile offspring that can breed with each other. For example, wolves and coyotes. (Canis lupus and Canis latrans). In other cases, they can produce offspring, but only one sex of the offspring is fertile, so they can breed with either parent species, but not with each other. For example, tigers and lions. (Panthera tigris and Panthera leo). In some cases, they can produce offspring, but the offspring are usually sterile. For example, horses and donkeys. Equus caballus and Equus asinus). And sometimes, species within the same genus cannot hybridize at all. But often, when this happens, taxonomists will choose to assign the completely genetically incompatible species to a new genus. To make matters even more complex, sometimes members of different genera can interbreed as well. And all of the aforementioned options apply to inter-generic hybrids. Often, they are fully fertile. For example, corn snakes and kingsnakes. (Pantherophis guttatus and Lampropeltis getula). Rarest of all, sometimes members of different clades can interbreed successfully! For example, Guinea Fowl and Chickens. (Family/clade Numididae - Numida meleagris and Family/clade Phasianidae - Gallus gallus domesticus)",https://qph.cf2.quoracdn.net/main-qimg-9ea7201c9f9f93429d4e565c968d4a3a
Donna Fernstrom,Could modern birds survive in the dinosaur era?,"Sure, they did. Depending on what you mean by modern birds. If you mean currently living birds, transported miraculously back in time, they’d have the same chance as birds released in areas they aren’t native to today. Some would not survive, and some might become invasive species. They would have had to compete with the existing birds, of course. Birds evolved around 150 million years ago. So, there were plenty of birds around alongside other dinosaurs. The Enantiornithes were the most successful group by the time the asteroid struck, and not one of them made it through the disaste...",
Donna Fernstrom,"What is the difference between dinosaurs, Pterodactyls, and Pterosaurs?","The difference has to do with taxonomy and physical characteristics. A clade of animals called “Avemetatarsalians,” which are relatives of Crocodilians, diverged into two clades - the Dinosauria, and the Pterosauria. Pterosaurs were fluffy flying animals that had a single elongated finger, which supported a membrane stiffened with cartilaginous fibers. Dinosaurs were (at that time) terrestrial bipedal animals, also fluffy (at least at first - some later evolved to be fluff-less, while others elaborated on the fluff). Pterodactyl is a genus of pterosaurs. The very first pterosaur ever found was named Pterodactylus antiquus, which is why many people confuse the two names. (For a while, there was only Pterodactyl, and the clade Pterosauria wasn’t formed until after they found more of them). We have only found one species in the genus so far. So, this, specifically, is a Pterodactyl: (Artwork by Gabriel Ugueto) These are Pterosaurs: And these are Dinosaurs: (Paleoart by Sergey Krasovskiy) These are also Dinosaurs: (Corey T. Callaghan) Pterosaurs all became extinct 66 million years ago when a large asteroid struck the Earth. A few species of Dinosaurs in the clade Avialae survived. Today we call them ‘birds,’ but they are still dinosaurs. :)",https://qph.cf2.quoracdn.net/main-qimg-eedb329904de0192366598e8c7ed2153
Donna Fernstrom,What is the largest carnivorous animal that is a true mammal and not a bird or reptile? What are some possible reasons why there are no large predatory mammals like this in North America?,"The Blue Whale is the largest carnivorous mammal, and, in fact, the largest carnivorous animal of any sort to ever exist. There are none in North America because they are aquatic. Huge carnivores require huge amounts of food. Land habitats cannot provide enough food for carnivores even a fraction of that size. The largest land mammals to ever live, at least that we know of, was Andrewsarchus. And it’s a whale ancestor (or, at least, relative...",
Donna Fernstrom,Are the Na’vis classified as mammals?,"No. Mammalia is a Class/Clade in Terrestrial taxonomy. A clade, by definition, consists of an organism and all of its descendants. The Na’vi do not descend from the first mammal, therefore they are not mammals. No extraterrestrial falls into any of the classifications we use for Earth life. There are no extraterrestrial animals, plants, or fungi. They did not descend from our LUCA. They don’t fall into Domain Archaea, Bacteria, or Eukaryota. They descend from a different last universal common ancestor entirely, and their taxonomic tree would therefore be completely different. Even if they were to look exactly like us (so tremendously unlikely), they would be less closely related to us than we are to the most bizarre and different bacterium that has ever existed. They’re less closely related to us than we are to any of our viruses.",
Donna Fernstrom,"In Star Trek, is the doctor more advanced than Data?","No, I would say that Data is the more advanced technology, because Data is a true AI. A self-aware individual capable of learning with an evolving personality. A true sophont entity, not a human, nor based on a human, but a thing unto itself. It was designed to be similar to a human, but there is nothing of a human intrinsically in it. It’s sophont ‘from scratch.’ And so was Lore, despite has obvious flaws. He, too, was a sophont individual. The Doctor, on the other hand, is the brain imprint of a human being with some additional software bolstering it. It’s a copy of a human. It’s not a unique entity, but is a copy of an entity which then became an individual over time due to new experiences. An interesting method of immortality for those who don’t believe in the soul. The Doctor was, more or less, Doctor Lewis Zimmerman. I would go so far as to say that he never stopped being Doctor Lewis Zimmerman. If Zimmerman had been alive, and had the exact same experiences as the Doctor, he would PROBABLY have made the same choices, and evolved as a person in a similar manner. EMHs were prone to instability and degradation, because a brain is a delicate thing to copy, and an even more delicate thing to simulate in operation so that it can actually learn. The Doctor is always aware that his existence is a risk to the integrity of the EMH that he is supposed to be. And he does have issues along the way become of that, which are thankfully overcome. So, in conclusion, Data is an individual created from scratch, but the EMH is a copy of a human that simply continued on from the point of copying. Thus, Data is a far more advanced achievement.",
Donna Fernstrom,How can evolution be so slow if there are such drastic changes from species to species?,"Because it’s been happening for over 3.7 billion years. Humans have problems conceptualizing time on that scale. We understand a decade. We can even grasp a century - that’s a single person’s lifetime, sometimes. We even get a few hundred years, mostly. But when it comes to thousands of years, we begin to lose our feel for it. We can’t really imagine it clearly. Tens of thousands? Even worse. Mass agriculture only began about 12,000 years ago. Prior to that, we were all hunter-gatherers. Hundreds of thousands? Our species is only 300,000 years old. That’s how long Homo sapiens has been in existence. It’s changed a bit over that time, of course, as everything does, but it’s not too different from how it started, even now. A million years? We can’t grasp it. The idea of it slips through our fingers. Tens of millions of years? The non-avian dinosaurs died out due to an asteroid strike 66 million years ago. It’s just a number to us. A vast chasm of time that appears illusorily close to us, but is so, so far away. A hundred million years? A billion? Just meaningless words. A flat piece of paper whose three...",
Donna Fernstrom,"I have brown discharge from the last 3 days, spotting just on wipe. My pad is clean. My last period was on the 26th of December. I don’t have periods pain. What should I consider, periods or pregnancy?","Take a pregnancy test. If it’s negative, see a gynecologist right away, as it’s obviously not normal not to have a period for several months, if you’re not on birth control that prevents it. Spotting/discharge can occur in lieu of menstruation when you are pregnant.",
Donna Fernstrom,"I've never had my period, but lately I've been having brown discharge. Is that normal and what should I do?","I’m assuming you’re a young teen, or close to it. This is perfectly normal, and you should get your first real period soon. Start carrying a pad in your purse for when you need it, and using panti-liners. Blood turns brown after it’s been around for a while, so some light bleeding has been occurring - perfectly normal. If you’re concerned - for example, if you have pain, or a particularly bad odor, etc, have your parents make an appointment with a gynecologist and check to be sure everything is as it should be. If you’re NOT a young teen (or close to teen, ie, 11 or 12 years old), then definitely see a gynecologist and make sure there aren’t any problems. Most girls will start menstruating before age 15.",
Donna Fernstrom,What is the best way to feed a dog that won't eat its own food but will eat human food?,"On a fresh dog food that’s tested to be nutritionally complete (sold in refrigerator sections of pet store). You wouldn’t want to live off canned mush or dried kibble all the time, would you?",
Donna Fernstrom,"Now that we know for a fact that the vaccine does nothing to stop infection or transmission of the virus, are the unvaccinated still considered to be a public threat?","Yes. Unvaccinated person are more contagious, and have the virus for longer, than vaccinated persons. As a result, they spread the virus more, and also are more likely to spawn new mutations of the virus. Also, it is not true that vaccination does nothing to stop infection. Persons who are vaccinated are less likely to become infected. The virus is incredibly contagious, however, so their risk of catching it remains high, even though it is not as high as the unvaccinated.",
Donna Fernstrom,I had a medical abortion. Three weeks have passed and I did a pregnancy test and it was positive. Does this mean the abortion didn’t work?,"No, it can take up to 4, possibly even a little more, before it’s negative. Your body has to catch up to what’s going on.",
Donna Fernstrom,What are some potential long-term consequences of Nebraska's restrictions on gender-affirming care for trans youth?,"Increase in suicides among transgender youth, for starters. For another, their most desired outcome, families with transgender children moving to other States. Edit: If you leave a comment, but disable me from replying to, I will simply delete it. This is not a platform for you to preach whatever you like unopposed, lol.",
Donna Fernstrom,How do mRNA vaccines simulate an infection and train the immune system for when it encounters the real virus?,"The vaccine introduced mRNA to the body. Messenger RNA enters a cell, and directs the cell’s machinery to produce a specific protein This protein is the same as that found in the virus. The cell produces and releases the protein into the bloodstream. The immune system notices a weird protein, immediately goes on the attack, creating antibodies to combat it. After a few days, the messenger RNA in the cell is discarded and it receives new messenger RNA instructions via your body’s own systems. It returns to its normal activities. (Messenger RNA has a short lifespan, as your body is always adjusting what it tells your cells to do). If the actual virus shows up, your immune system is already locked and loaded to attack and destroy it.",
Donna Fernstrom,"When bats are flying around eating bugs (generally at night), do they ever crash into each other?","Yes, they do. Generally when they’re in close quarters with a lot of other bats. When they’re out in the open, their echolocation generally allows them to avoid collisions. They typically don’t get hurt when they collide, fortunately. In other news, big flocks of birds also involve a lot of collisions.",
Donna Fernstrom,What is the difference between macroevolution and microevolution? What is the difference between common descent and punctuated equilibrium?,"There’s no such thing as ‘macroevolution’ or ‘microevolution.’ It’s all just evolution. Those terms are only used by science deniers who don’t understand evolution. Common descent refers to species which have diverged, but have a common ancestor. For example, the last common ancestor of chimps and humans diverged into at least two species - one that led to chimps, and one that led to humans. So, we share common descent with chimps. Punctuated equilibrium refers to the fact that reinforcing selection occurs in a population of organisms when their environment is relatively stable, and they’re well-adapted to it. They tend to stay roughly the same in morphology over time. Once the environment changes, however, they may rapidly evolve changes to cope with their new environment, and then, once the environment stabilizes in its new configuration, they will stabilize again. So, they maintain equilibrium (not changing very much) when conditions stay the same, with punctuation (rapid change) when conditions change. Conditions are changing rapidly right now, so we’re going to start seeing some interesting rapid evolution, along with the mass extinction. Anything that cannot evolve quickly enough to cope will become extinct.",
Donna Fernstrom,"Is it ethical to genetically modify humans, potentially creating a superior race? What are the potential consequences?","ABSOLUTELY! So long as it’s germline editing, we need to get to it, no holds barred! The potential for creating a ‘superior race’ is nil, you see. Humans are a randy lot. There are no pure races on Earth. And there never will be. So if the super wealthy start upgrading their offspring, those genes are going to GET AROUND. They’re going to proliferate through the rest of the population, and wind up upgrading the entire species. Let’s do it!",
Donna Fernstrom,"Do you think humans, animals should stop breeding? Why or why not?","No. Humans are the only sophont species on Earth, and there is no guarantee that another will ever evolve in our absence. Without a sophont species striving to expand its territory off-world, Earth life is doomed. Our sun has a lifespan. At its end, our planet will die, and with it, every single living thing on it. If Earth life has not found a way to survive somewhere else by then, then that’s the end of it forever. If humans could overcome their monkey instincts long enough to ensure everyone on Earth has good education, and access to healthcare and contraception, then humans will slow their breeding dramatically, and our population will begin to shrink. Once it has been reduced to a more reasonable one billion, we can use incentives for reproduction to stabilize it. This method ensures maximum diversity in our genomes.",
Donna Fernstrom,What are people's opinions on vegans who refuse service because there aren't enough vegetarian/vegan options on the menu?,"This is awkwardly worded. Do you mean they refuse to buy food because you don’t have enough options? If so, I do not care. They make up only 3% of the population. No one’s business will be harmed if vegans choose not to eat there, lol.",
Donna Fernstrom,"As a human being, do you believe in the concept of evolution that us humans evolved from apes?","I accept the overwhelming scientific evidence that we evolved from apes, yes. Specifically from an ape species which was also the ancestor of chimpanzees and bonobos, and which is now extinct or pseudo-extinct. I want to point out that no modern ape is our ancestor, but that our ancestor is, in fact, an ape, and the folks who proclaim it is not are mistaken as to what the word ‘ape’ means. No big deal. Same with claiming we evolved from monkeys. Not from any modern monkey species, but the earlier primates we evolved from were, by any reasonable definition of the term, definitely monkeys of some sort, lol. Neither ‘ape’ nor ‘monkey’ are scientific terms. By some definitions of the term, we are still apes. If you want to be more precise, the group of primates we are p...",
Donna Fernstrom,Where are the transitional fossils between chimps and humans if we came from a common ancestor?,"In museums. Also, a correction - obviously, they are transitional between modern humans and our common ancestor with chimps - not between us and chimps. We transitioned from the LCA with chimps into Homo sapiens, and chimps transitioned from the LCA into chimps. When the two lineages last hybridized isn’t known, or even whether hybridization is possible now, but that’s not really part of the transition you’re thinking of anyhow.",https://qph.cf2.quoracdn.net/main-qimg-3c1fcdfe98a237acba8268605283ddbb
Donna Fernstrom,"If we evolved from chimpanzees, why don’t the in-between stages of the evolution still exist?","We did not evolve from chimpanzees. Chimpanzees and humans both evolved from a common ancestor via a process called ‘divergent evolution.’ This occurs when a population of a species gets separated from the rest, either by learned behavior, or a physical/geographic barrier. As a result of that separation, they no longer breed with members of the original population (or at lest, very rarely). This allows the two populations to evolve separately in different directions. As time passes, they become less and less alike. The reason ‘in-between stages’ don’t exist is because all evolution results in one of two outcomes - extinction, in which all members of the species/population have died and left no offspring, or pseudo-extinction, in which all members of the population have substantially changed over time enough that none of them fit the definition of the original species any longer, and all are considered to be a new species. Hybridization also plays a role in evolution, where a breeding with a closely related (or perhaps not so closely related) species can bring different genes into the population en masse. A successful hybrid can sow new, useful genes into the population it’s a member of, or can even found a new species entirely (if it has enough hybrid siblings). The course of human evolution has involved both extinctions and pseudo-extinctions. Our immediate ancestor is pseudo-extinct. All other species of humans that diverged from that lineage along the way are extinct. We carry hybrid genes from at least three of them. The truth is, evolution, being a blind process, produces a lot of failures. Mostly failures, really. The vast majority of species on Earth have become extinct, not pseudo-extinct. You will notice that this particular graph just shows the time periods these species lived in, and doesn’t have any lines showing descent. Descent is REALLY difficult to figure out when you have so many closely-related species, and so much evidence that they hybridized. We do know that Homo neanderthalensis (Neanderthals) were not our ancestors. They were a sibling species, descended from the same common ancestor. Their differences were the result of divergent evolution. We suspect our immediate ancestor (and that of Neanderthals) was Homo heidelbergensis, or possibly a species called Homo antecessor. Possibly something like this: Forensic reconstruction of Homo heidelbergensis and Homo antecessor, our two most probable ancestors: As you can see, while they look a bit unusual, they don’t look so strange that if you dressed them up in a suit and passed them on the street, you would actually notice them overly much. Evolution is a gradual process, and a new species doesn’t look all THAT much different from the one it evolved from. For fun, here is Homo neanderthalensis, our sibling species, wearing a suit. (This is a meticulously reconstructed wax figure currently residing in a German museum): We hybridized with this species, and most of us have some Neanderthal genes. Up to 4% in some people.",https://qph.cf2.quoracdn.net/main-qimg-fa987f203c110b9d175d82c8353b6bd4-lq
Donna Fernstrom,How did apes evolve into their own species if humans evolved from them?,"Evolution can take several paths: What occurred with us and our ape-like ancestors is ‘Divergent evolution.’ Divergent evolution occurs when a population of a species becomes isolated from the rest of the species. This can be because they have moved into a different area, and rarely return to the one they came from, or because they have crossed some physical barrier that makes it hard to go back, or for others from the original population to come to them. (A large waterway, cliff/valley, etc etc.). A population of our ancestor with chimps learned to live on the savannah, and was isolated there. They evolved to live on the savannah, while the original population, left behind, continued to evolve in the forest. Eventually, they were different enough that they were no longer the same species, and hybrid matings became increasingly rare. The population remaining in the forest eventually evolved into chimpanzees and bonobos, while the Savannah population evolved into hominins (Australopithecines first, and then humans (genus Homo).",https://qph.cf2.quoracdn.net/main-qimg-16d204f983b2d3c94d41ea7dcb093460
Donna Fernstrom,Can two existing species in nature crossbreed to create a new species without any human interference?,"Yes, and they have. https://www.science.org/doi/10.1...",
Donna Fernstrom,"Why do people self-diagnose themselves with autism? I’m autistic, and my entire life has revolved around hiding it. People do treat me differently based on whether they know. Whether or not you have it: why would you want to draw attention to it?","Because most of us who have self-diagnosed autism are old. Too old for the currently available tests to be valid - that’s literally what psychologists say, by the way. They go on a lot about how all of the tests were DESIGNED for children, and don’t work so well for adults. That’s why self-diagnosis is so accepted - because psychologists have essentially given it a tentative thumbs-up as being as valid as anything. By our age, we have learned a whole lot of masking, and that can make professional diagnosis a lot more challenging. Because most of us were able to cope in school, at least in some limping fashion, we weren’t diagnosed. We were generally able to care for ourselves and hold down jobs. But there were always some things we struggled with, and we never understood why. Discovering that we are autistic is generally a huge relief. We finally understand WHY we struggled with those things. It’s not because we didn’t try hard enough, and it’s not a personality flaw. We aren’t lazy, or necessarily antisocial - autism is the reason. And once we know that, we can develop ways of coping with those issues that often never occurred to us before. So the label has sincerely helped us to help ourselves, even though we don’t usually need professional help from others. As for drawing attention to it - we’re too old to care what others think of us. Besides, if by vigorously advocating we can get allistic people to change their minds about how they regard autistic people in general, we can help younger autistic people who may have more trouble masking by creating a better cultural environment for them. I’ve seen a lot of pointless misunderstandings that would have been avoided if one of the people had simply said ‘I’m autistic, so I’m not sure whether I’m missing something,’ or ‘I’m autistic, so I really can’t tolerate that kind of touch/sound/scent/etc.’",
Donna Fernstrom,"How does epigenetics influence evolutionary processes, and can it lead to rapid evolutionary change?","Epigenes impede a rapid evolutionary process, as once the ability to use epigenes to affect changes in populations has evolved, the population can adjust to cyclical changes without radical evolutionary changes each time. It gives a population more flexibility without the need for radical genetic changes. So, contrary to your suggestion, epigenes can reduce the chance of rapid evolutionary change by making it unnecessary for survival. For example, if a population of animals in a hot area typically has short, smooth hair and large ears, but every hundred years, the area becomes very cold for 20 years, and then flips back to being hot, if this species were to evolve epigenes that switch when a very cool spring and summer occur, the animals could give birth to offspring with a thick undercoat and small ears. So the population would avoid cyclical die-offs and hardships by having genes that respond to environmental triggers, but lie dormant the rest of the time.",
Donna Fernstrom,How do we know that dinosaur diversity was decreasing before the mass extinction event?,"We we actually have is a decrease in the number of species of dinosaur fossils we find from those eras, so we infer from that that dinosaur diversity was decreasing. This means that a minor extinction event was occurring - there had been many of these in previous eras as well, and they were never a big deal for dinosaurs as a clade to get through. Diversity would decrease, then once the event was past, diversification would accelerate again.",
Donna Fernstrom,How did Pterosaur walk on land after they evolved into birds? Did they lose their long tails during evolution?,"Pterosaurs are not birds, and did not evolve into birds. The are Avemetatarsalians related to dinosaurs. Pterosaur tail-length varied, with some having long tails, and some shorter ones. Yes, the short-tailed ones lost their long tails over the course of evolution. (Art by: Christian Klug / Beat Scheffold.) Art by: We know pterosaurs walked on all fours because we have found their footprints. Birds, on the other hand, are dinosaurs that evolved around 150 million years ago. They are theropods and walk on two legs, like most theropods. Art by: Gabriel Ugueto Birds also lost their long tails over the course of evolution. Art By TinyLongwing - CC BY-SA 4.0, File:Cuspirostrornis houi life restoration.jpg - Wikimedia Commons",https://qph.cf2.quoracdn.net/main-qimg-c7963ffd739a5250ab75f235330917bd
Donna Fernstrom,Do all species of dinosaurs have bat wings or feathered wings instead of the classic reptilian ones?,"Most species of dinosaurs did not have wings at all. The species that did have wings, had either membranous wings (not exactly like a bat’s but similar) or feathered wings. I’m not sure anyone knows what you mean by ‘classic reptilian’ wings. The only other winged animals were pterosaurs, which had a membrane stiffened by cartilaginous fibers. But pterosaurs were not dinosaurs. To counter some of the other answers, I will mention that yes, birds are dinosaurs, and that yes, dinosaurs are reptiles. And yes, that means birds are reptiles. Taxonomy changes, and we use cladistics now to properly classify living things rather than the old Linnaean system. But either way, birds would still be dinosaurs, lol). Artistic rendering of the dinosaur ‘Yi qi’ by:",https://qph.cf2.quoracdn.net/main-qimg-d0ca9da6de7fcc5ba384fea5777f426f
Donna Fernstrom,What are some animals that resemble dinosaurs in some way other than size and appearance (like behavior etc.)? Why do they resemble them so closely?,"Crocodilians resemble some dinosaurs in behavior. For example, some crocodilians incubate their eggs by building a mound of decaying vegetation, and laying their eggs inside. They can add more or reduce layers to adjust the temperatures inside, and guard their eggs from predators. This is exactly how a modern dinosaur, the brush turkey, incubates its eggs as well. And crocodilians look after their young after they hatch, providing protection when their young call for them. Some birds, such as chickens, do the same. (Birds are dinosaurs). Additionally, crocodilians, like dinosaurs, have one-way respiratory systems, and four-chambered hearts. The reason why they resemble dinosaurs so closely in physiology and behavior is because they are both Archosaurs, and are very closely related compared with other animals. (In terms of appearance, crocodiles and dinosaurs don’t look very much alike).",https://qph.cf2.quoracdn.net/main-qimg-84b3e94be83371940de2337387d9a9f9
Donna Fernstrom,Is it ethical to genetically modify human embryos for the purpose of enhancing intelligence and physical abilities?,"Yes. Reproductive rights are human rights, and this includes the right to generate your offspring however you see fit (so long as everything is consensual). As long as you aren’t deliberately producing disabilities, it’s no one else’s business. Every family should have the right to improve or alter its germline in accordance with its beliefs and desires. So long as the success rate is the same or better than natural reproduction, there are no valid ethical concerns here.",
Donna Fernstrom,How was bird evolution connected to the extinction of dinosaurs?,"The connection is that dinosaurs are not extinct because birds survived. Birds are dinosaurs. Birds evolved 150 million years ago. We believed dinosaurs had become extinct 65 million years ago for the longest time, but better dating and new fossil discoveries revealed that the Chicxulub Impactor struck the Earth 66 million years ago rather than 65 million years ago. And it killed off 80% of all species alive at the time. And it was revealed that birds are not a separate evolutionary branch, but are simply flying dinosaurs. Chicxulub killed off all of the pterosaurs, and the non-avian dinosaurs, as well as most of the mammals and avian dinosaurs. It left a few mammal species and a few avian species alive. These have diversified into all of the mammals and birds alive today.",
Donna Fernstrom,Is it possible to be born with a natural ability to have a sixth sense (psychic abilities)?,"Absolutely. Roughly 10% or so of the population seems to have at least some innate ability, though many dismiss it as coincidence (because picking up the phone right before it actually rings is totally just chance, as is knowing who’s on the line before they speak, right)? Psi abilities run in families, but can often be that ‘family secret no one talks about,’ because who wants to be thought weird? Psi abilities often manifest for the first time around 5 or 6 years old, but may also manifest when puberty hits. The vast majority of psi folks have abilities that are relatively weak, and tend to trigger randomly. Without training, they’re not really repeatable deliberately, and it can be frustrating when they don’t work when something important comes up, but do work for minor, insignificant things. Maybe 1% of the population or less have abilities that they can use instinctively and that will work when they need them, but using them deliberately is another matter entirely. And these folks, along with MOST of the remaining 90% of the population, can learn abilities and learn to control abilities with regular training, like any other skill. It just takes a long time, and a lot of patience. Which most people don’t have. Which is why you don’t see many people who have USEFUL psi abilities roaming around. Spending five to 10 years training just to get a psi skill to the point where it works consistently isn’t something the majority of people have patience for. And it’s longer for the more difficult skills like psychokinesis. Imagine spending 50 years of daily practice just so you can retrieve your car keys from a storm drain. Dude, you could just use a magnet on a string. lol. The ones who do develop their abilities usually keep their mouths shut because such abilities are a lot more useful if people don’t actually know you have them. Plus, there is really nothing to be gained by advertising unless you’re a professional psychic reader, (or are writing training books or teaching) and most psi folks have no interest in that.",
Donna Fernstrom,How do we know if a dinosaur was more closely related to modern-day crocodilians or modern-day birds?,"Now that we understand that modern-day bird are not descendants of dinosaurs, but actually ARE dinosaurs, the answer to that question is obvious. As you can see, crocodiles are as far away from dinosaurs as you can get and still be in the Archosauria.",https://qph.cf2.quoracdn.net/main-qimg-9ce9195e319b502e29370acf9eeb1f01
Donna Fernstrom,What does a small grass snake eat? I need to entice one out of a floor vent.,You’re better off enticing the snake with water to drink. Good luck!,
Donna Fernstrom,Why are there more different types of dinosaurs that have been found in comparison to just one type of human remains from an ancient period?,"Humans have been around for about 2.31 million years, and up until quite recently, were never particularly numerous. Dinosaurs have been around for 230 million years, and are still around today (birds are dinosaurs). There are currently more species of birds alive than there are species of mammals. There have only been around 21 or so species of humans on Earth (we’ve found 21 species of human remains, not just one), and today there is only one species remaining. Of course, ‘humans’ are members of genus Homo. A mere genus! Dinosaurs are massive clade, just as mammals are a massive clade. There are many, many genera of dinosaurs. You can only find remains of what exists, so naturally, you’re going to find more fossils of things that were more numerous, and existed for longer, than you will of things that weren’t around long and were few in number.",
Donna Fernstrom,"If a comet killed the dinosaurs, why aren't their bones all smashed up?","Most fossils are from periods of time prior to the asteroid (not comet) striking the Earth. The one that is from that exact time was literally torn in half by whatever happened, so I’d say that counts, though. Tanis: 'First dinosaur fossil linked to asteroid strike'",
Donna Fernstrom,"Can it happen to humankind, like at night we are sleeping and the next morning doesn't come like it happens to dinosaurs?","I think that the species would be, at minimum, reduced to 10% of its current population by a Chicxulub-level event. But our species would survive. We would build underground cities, grow food under electric lights, and drink purified water. We’d rebound eventually.",
Donna Fernstrom,What is the reason that there are no giant mammals nowadays? Why haven't any evolved since the age of dinosaurs ended?,"There are giant mammals today. The largest animal to ever exist lives today - the Blue Whale. Apart from whales, we also have elephants, hippos, rhinos, moose, bison, giraffe, wapiti/elk, brown bears, polar bears, lions, siberian tigers, and others. These are huge animals. We have caused the extinction of a number of other giant mammals. The largest land mammal we’ve found to date was about the size of a Tyrannosaurus rex. Land mammals cannot grow as large as the biggest dinosaurs, because sauropod dinosaurs had bones that were made of much denser material than mammal bone, but were hollow so the overall weight was about the same. Even so, they hit the size limits. The largest species show evidence of stress fractures in their bones just from living and moving at that size and weight.",
Donna Fernstrom,Am I a bad parent for feeding my one-year-old microwaved meals because I can’t cook?,"No, as long as you’re choosing healthy ones, and not, like, chicken nuggets and fries or pizza. Low sugar and low salt, without excessive fat, and plenty of veggies, and it’s fine.",
Donna Fernstrom,"What other birds are considered to be very intelligent, besides crows, owls and parrots?","That’s an interesting question, because you used the words ‘considered to be,’ and included owls. So I can only guess that you mean ‘considered to be’ by laypersons - common people, not scientists. Scientists certainly do not consider owls to be very intelligent. They are objectively rather unintelligent birds. (Frankly, birds as a group are very smart animals - generally smarter than mammals - but comparing one bird to another, owls aren’t that bright). Other birds considered to be intelligent by lay persons, include Australian magpies, all corvid birds (not just crows, but also ravens, magpies, jackdaws, jays, etc), seagulls, red-crowned cranes (which can transform into humans in folklore), and Tui birds. Some of these are truly very intelligent birds, and others are less so.",
Donna Fernstrom,"What if, 65 million years ago, the asteroid didn't hit Earth and the dinosaur extinction didn't happen?","The asteroid struck the Earth 66,038,000 years ago, plus or minus 11,000 years. Modern dating methods are awesome, aren’t they? If the K-Pg Extinction Event had not occurred, dinosaurians would still be the primary large land animals. There would probably be a diversity of mammals, but it’s less likely any of them would have been particularly large. It is possible that under the right circumstances, a dinosaur would have evolved sophonce (intelligence like ours), but there’s never been any guarantee of that. Sophonce is the result of unlikely sets of circumstances and adaptations. In any case, there would have been no primates, no canines or felines. Mammals would have have had a mass radiation into new forms. They might have evolved other new branches, but not those. Lovely speculative art of dinosauroid sophonts hunting a larger dinosaur. Reptiles in general don’t typically use their forearms to manipulate things. It’s just not an ability seen in these animals, and it doesn’t really appear any of them ever evolved it. They may use their forelimbs for locomotion or display, but always use their mouths and rear feet to manipulate objects. So, this artist has speculated that sophont dinosaurs would be the same way, and would utilize tools that could be held firmly in their beaks. (His dinosauroids were beaked - beaked and toothed dinosaurs existed). The trained hunting birds, like our dogs, aid them in their hunt. Art by C. M. Kosemen. His depiction is the most compelling and realistic speculation on what dinosaurs with human-level intelligence would be like. See more of this incredible stuff here:",https://qph.cf2.quoracdn.net/main-qimg-d66ba3182fc11524e8a70470baf3ad80
Donna Fernstrom,"I just was surprised to hear the claim in YT that there were ectothermic dinosaurs, and that Triceratops was one such species. Is that really the standard scientific view?","No. It’s pure speculation. The evidence now suggests that the first dinosaur was a warm-blooded, feathered animal. It’s very unlikely that any dinosaurs evolved into ectotherms. Mesotherms, perhaps - there are even a few mesothermic mammals - but not ectotherms. It’s not impossible. Just tremendously unlikely. Also, not a single one of us knows what ‘YT’ is. (YouTube?)",
Donna Fernstrom,People say that love is a human emotion and birds don’t have it and is only driven by instincts. Then why are swans and love birds so strongly attached to their mate?,Because ‘People’ are wrong. Lots and lots of people are wrong about a great many things. Why would you believe them when the truth is so obvious? Actual animal behaviorists and biologists who study animal brains don’t say these things. Listen to the scientists.,
Donna Fernstrom,Does adding raw honey to bird feeders attract more birds than using store bought sugar?,"Never offer honey to birds. Honey contains spores for harmful bacteria, which is also why you don’t give honey to infants.",
Donna Fernstrom,Have crocodiles been around since the dinosaurs?,"No. Clade Crocodylomorpha has been around since BEFORE the dinosaurs. Crocodilians are older than Dinosaurians. They are all still in the clade Archosauria, though.",
Donna Fernstrom,What is the difference between dinosaurs and birds? Do both have feathers? Do both walk on two feet? Why did dinosaurs become extinct?,"This question is similar to asking ‘what is the difference between fruits and apples?’ It doesn’t really make sense because it’s based on an incorrect premise. That premise is that birds are something different from dinosaurs. But that isn’t true. Birds are just one branch of dinosaurs, the same way that bats are one branch of mammals. We used to think that dinosaurs were primitive reptiles, and that birds evolved from them, but were substantially different. In the past decade or two, that has been proven to be entirely wrong. We started finding tons of dinosaur fossils with feathers. Then, more recently, a particularly important discovery was made. True down feathers were found on a pterosaur. Pterosaurs are not dinosaurs - but they evolved from a common ancestor. The presence of feathers on a pterosaur strongly, strongly implies that feathers evolved before there even WERE dinosaurs. That the Avemetatarsalians that gave rise to both clades, dinosaur and pterosaur, had already evolved protofeathers. And that means that ancestor was a warm-blooded animal, because cold-blooded animals never have insulation - it would be detrimental to them. So, the very first dinosaur had to have been a warm-blooded, feathered animal. So, knowing that, what’s so special about birds? Really, nothing - they have very few unique features compared with other dinosaurs, and all of them are related to their having evolved the ability to fly. The first birds evolved around 150 million years ago, so the Avialans were a huge clade long before the disaster struck. A velociraptor and a sparrow are astronomically less different than a bat and a dolphin. If bats and dolphins are both still mammals, then sparrows are certainly still dinosaurs. The Chicxulub impactor, a giant asteroid that struck near the tip of the Yucatan Peninsula, caused the extinction of around 80% of all species a bit over 66 million years ago (our dating has improved, too). Many clades became entirely extinct, including pterosaurs and mosasaurs. But there were also many survivors - sometimes hanging in there by just a few species. Mammals had some survivors, and so did dinosaurs. All of the dinosaurian survivors were part of the clade Avialae. The largest group of birds alive before the asteroid strike were the Enantiornithes. Not a single species survived. Instead, a few species of small, flying, ground-nesting and foraging birds in a handful of clades were the survivors. All modern birds descend from them. Birds are dinosaurs - the dinosaurs never did become extinct.",
Donna Fernstrom,"If it is true that humans came from previously existing, lower lifeforms, why has this evolution not continued?","Evolution never actually stops - the term refers to a continuous process. Sometimes evolution occurs faster, and sometimes more slowly, but it’s always happening. The term ‘evolution’ in reference to organisms means ‘changes that occur in a population over time.’ This distinguishes it from changes that occur in individuals. A population is a contiguous breeding group of organisms of the same species. Evolution begins when mutations occur, hybridization occurs, or horizontal gene transfer occurs in a single organism in the group. If that change is detrimental, that may mean that the organism doesn’t survive to breed, or breeds less successfully than organisms without that change. So, either immediately or after a few generations, all individuals with that change will be eliminated. This is called ‘purifying’ or ‘negative’ selection. It’s an important part of the evolutionary process, and helps a species maintain its integrity over time. If the change that occurs in the individual is neutral or beneficial, then the organism has a better chance of survival (though bad luck can still strike). It may have more offspring than the others that don’t have the beneficial mutation. (Or the same amount, if the change is neutral). Sometimes a neutral change will proliferate through the population if the one that carries it has other genes that improve its survival potential. A beneficial change will often proliferate much faster, as the individual’s offspring will, in turn, have more breeding success, and so on. So the organism that don’t have the mutation will mate with the ones that do, and their carrier offspring will survive better than the non-carriers, until finally the entire population has the beneficial change. But there isn’t just one of these changes happening at a time - there are typically many of them, being positively and negatively reinforced in the population all at once. This is responsible for the diversity in individuals that you see. Not all deer in an area look the same - some are bigger, some smaller, some more gracile, some sturdier, their coats may be different colors, etc etc. That is the result of the evolutionary process at work. For a species to evolve into an entire new species takes a very long time in most cases. Except when it doesn’t - every once in a while, hybridization (an important part of evolution’s tool chest) can produce a new species practically overnight! And we’ve been privileged to be paying attention in just the right place, at the right time, to see it happen before our very eyes. This new species is fragile, but is expanding its population and appears sturdy. An example of hybrid speciation - evolution in action, right in front of us! Another potential new species is in the process of evolving in the Eastern United States. Presently considered to be ‘coyotes,’ the Eastern Coyote is a species with variable amounts of wolf and dog genes from hybrid matings. (Typically the animals are no less than 60% coyote - usually closer to 80%). From wolves, they gain greater size and better cooperative/pack hunting behaviors. From domestic dogs they gain the ability to understand human behavior and a tolerance for human-modified areas. This makes them ideal predators to take the place of extirpated gray wolves. They can live in our parks and golf courses, and eat the bountiful numbers of rodents, squirrels, and rabbits that proliferate there due to low numbers of other predators. They’re also large enough to take white tail deer fawns. As evolution continues to select them, they will no doubt become better deer hunters, and also be less prone to behavior that puts them in conflict with humans (as those individuals that behave that way are often eliminated from the gene pool). The Western coyote, ancestor of these animals, is smaller, and a solitary hunter that lives only with its mate. Pups stay with their parents only until fully grown, the disperse. The Eastern Coyote is often seen in packs. As for human evolution, there are many examples of our continued changing within populations. Homo sapiens, our species, is only around 300,000 years old. It evolved from Homo antecessor or Homo heidelbergensis (incredibly similar human species, we have no DNA from fossils of course, so identifying the exact ancestor from such similar species is very difficult). This is a forensic reconstruction of Homo antecessor from a skull. As you can see, if this guy were dressed up and walking down the street, you probably wouldn’t blink twice. He’s just not that different from us. But he is not our species. Our species suffered a severe population bottleneck which greatly reduced our genetic diversity. This slowed our evolution, as you definitely get more variety faster with greater genetic diversity. But we mated with several other human species on our way out of Africa, so most of us carry small amounts of genes from Neanderthals, Denisovans, and a third human species we have only genetic evidence of, and no fossils for yet. And the selective process of evolution is responsible for the fact that most Europeans can digest milk sugar (lactose) as adults: but most people in other parts of the world cannot. That’s just one example among many of changes occurring in populations as the result of natural selection. So, the answer to your question is: Your premise is incorrect. The thing you are attempting to use to disprove a proven theory is simply not true. Of course it’s not - you did not notice something no scientist in the world ever noticed. Evolutionary theory is proven for a reason. That reason is the giant mountain of evidence that supports it, and the fact that there is zero evidence that disproves it in any way.",https://qph.cf2.quoracdn.net/main-qimg-416649cadb55578cb7c98d3123c24dcd
Donna Fernstrom,How many bird species were there before and after the extinction of all non-avian dinosaurs (excluding living ones)?,"We haven’t the faintest idea. The smaller and thinner bones are, the less likely they are to fossilize. And some environments can produce fossils, while others simply don’t. Even in environments conducive to fossilization, only a tiny fraction of individuals will actually be fossilized. Tremendous numbers of species have existed that we will never know about. There is simply no way we can. We do know that most clades of birds became extinct when the Chicxulub asteroid struck, just as the non-avian dinosaurs did. One group, the Enantiornithes, was the most abundant and diverse group of birds alive at that time (as far as we know). All gone.",
Donna Fernstrom,"What are some species of animals that are at risk of extinction? Why are they at risk? Which one do you think should be saved first, and why?","We’re not doing your homework for you. This is obviously a homework question: it’s clear from the wording. So, I’m going to be general. And a bit hyperlexic. ;) Animals at highest risk of extinction are those that are specialized to specific small habitats. Also at risk are those that have, unfortunately, attracted attention from humans as valuable on the market, or which are competing with humans for resources. Additionally, species that live in habitats that are rapidly shrinking are also at risk. In general, the more adaptable a species is, and the wider the variety of habitats it can survive in, the more resilient it is (the less likely it is to become extinct). As to what we should save first - conservation organizations have this one figured out. The animal species that should be prioritized are megafauna and apex predators. They have the greatest impacts on the ecosystems they live in, and their loss would have destructive cascading effects. Additionally, they require vast areas to assure their survival. When you protect large swaths of land to save one huge animal, you also wind up saving everything else that lives there. It’s not that the tiny animal that lives on just a few square acres isn’t as valuable - it’s that conservation of the larger one that needs hundreds of thousands of acres has a lot more impact. It’s also easier to get humans to donate money to save huge, charismatic animals. Humans instinctively think bigger things are more valuable (which is worth more in your mind - a mouse or a whale)? Biodiversity is strength. Ecosystems with fewer species are more susceptible to catastrophic failure from the loss of a single species.",
Donna Fernstrom,Do you believe in spanking your children?,"Recent scientific research shows evidence that spanking children lowers their IQ and increases their risk of mental illness, among other issues. It’s not a matter of belief. Spanking is wrong. Too many people never bother to learn how to raise their children properly. They assume that the way they were raised is good enough. Many of them are so ignorant, they believe that the only two options are spanking, or letting children do whatever they want without guidance or discipline. I promise you, people, you can raise your children to be responsible, empathetic, well-mannered adults without scaring, hitting, or yelling at them. (Yes, spanking is hitting - you’re literally striking your children)! Why would you CHOOSE to hit and harm your children when there are other options to ensure they learn? The fact that people still do this is proof of the long-term harm it causes. Children learn by example. What they learn from spanking is that’s fine to use physical violence and domination to force other people to do what you want them to do.",
Donna Fernstrom,Why are there so many corn snakes and ball pythons for sale at reptile expos?,"They are the most suitable ‘starter’ reptiles for new keepers, and arguably make the best pets out of any reptiles. Corn snakes are the only snakes that are semi- to fully- domesticated. (Ball pythons have too much wild blood coming in as hatchlings are still mass-imported). Both are extremely easy to care for and breed, and come in an nearly endless variety of colors and patterns that combine in interesting and appealing ways. They’re fun to breed, and make ideal family pets. New rare morphs and combinations can have high price tags, which is also appealing to breeders who would love to break even or do even better on their hobby. The presence of huge numbers of these animals, and very few of more challenging and uncommon species reflects the way things should be in the reptile hobby and market. Most people should have one of these animals, and very few (the most experienced) should have more difficult or rare ones.",
Donna Fernstrom,"Are pet snakes considered as ""domesticated snakes"" or are they just as wild as any snake?","I would say that there are good arguments to consider the common corn snake (Pantherophis guttatus) to have a domesticated population in captivity. They have been captive-bred to have specific traits conducive to life in captivity for a very long time now. It’s extremely rare for wild-caught snakes to be kept or bred now, so the captive population is genetically quite isolated. I would say that these arguments don’t really exist for the vast majority of other species of snakes kept in captivity, and that they should still be considered to be captive wildlife. Even ball pythons; because there is a great deal of gene flow from wild snakes into the population still. So: corn snakes, probably domesticated, and at minimum semi-domesticated. Other species: captive wildlife. Other domesticated/semi-domesticated reptiles include leopard geckos, bearded dragons, and crested geckos. (But no other snakes).",
Donna Fernstrom,"I did a resin project and now, the whole room stinks. Will this hurt my pet birds?","Yes, some resins are absolutely horrifically dangerous for pet birds, and you should find them other lodgings, or set up a fan to blow through the house and out that window (and keep them in the farthest room from it) until every trace of the stink is gone. Read the label on your resin brand CAREFULLY - some resins have an odor, but don’t produce harmful fumes. You need to be extra clear about which one you’re using, and that the chemicals in it are actually safe for birds. Remember that a bird’s respiratory tract is many times more sensitive than a human’s. If your resin says to use in a well-ventilated area, then it may kill your birds. Just being in the same house when someone has overheated non-stick cookware will kill a bird.",
Donna Fernstrom,"Why haven't we tried to domesticate other species of apes, like bonobos or common chimpanzees?","Putting aside the rather chilling potential for created a literal slave species, the practical aspects of this are the primary barrier. Chimps are horrifically aggressive and vengeful, and tend to go for the face and genitals with their fangs when angered. They have little impulse-control. Bonobos have sex as a greeting gesture, and whenever upset in any way. Both species are delicate and difficult to keep healthy in captivity. They need specialized diets, or they die as young adults of heart disease. Both species are stronger than humans and dangerous as adults. (Yes, even bonobos). Both species have a very long generational turnover - they have long childhoods, and only have one child at a time, and that only once every five years! (Less often than humans)! We could domesticate sliver foxes in about 60 years because they have litters of 3 to 6 every year, and the pups take only 10 months to reach sexual maturity). Imagine how long it would take to produce a simple temperament change (all that was done with the foxes) in great apes, given how much longer their generational turnover is! Plus, it required tens of thousands of foxes for the experiment (it was a working fur farm). Where and how would you house thousands of chimps or bonobos, and what would you do with the culls? If you were to spend tens of thousands of years domesticating a population of these animals, you would be left with animals that are as intelligent as a five year old child, and docile and trustworthy enough to live in our homes, right? They would have to be declared persons at that point, because we would have eliminated through selective-breeding some of the differences that prevented us from declaring them such. Giving them more patience, a more cooperative nature, increasing their empathy and gentleness… we would turn them into a people. Not human people, but still people. It’s easy for us to declare that chimpanzees, with their penchant for sudden violence, aren’t people. They can’t be trusted outside of an enclosure. They’re more dangerous than lions. But take that aspect away, and what’s left is far too much like us.",
Donna Fernstrom,How are the new mRNA vaccines more effective than old fashioned vaccines that introduce a tiny part of the virus so that people can build an immunity?,"It’s not clear that they’re NECESSARILY more effective, though they certainly seem to be with the SARS-CoV-2 virus. But they’re definitely at least equally effective. The nifty part about them is that they don’t involve introducing any part of the real virus into your body, which makes them in many respects safer. I was not able to find out which vaccines produced fewer side-effects, because that information seems to be deeply obfuscated. Serious side effects are very rare with any of the vaccines in any case. Perhaps the immunity produced by mRNA vaccines is stronger for COVID-19 because the protein is being produced by your body for several days, so there is more of it there, creating a stronger immune response. The real potential of mRNA vaccines is the ability to use the technology to develop vaccines for things that we normally couldn’t vaccinate for, because they aren’t viruses or bacteria. For example, some types of cancers! mRNA vaccines are being developed to combat some cancers, and are effective after the person has the cancer in question. Cancers hide from your immune system (otherwise they wouldn’t exist). mRNA cancer vaccines can reveal them to your immune system.",
Donna Fernstrom,"Should humans, chimpanzees, and bonobos be considered sub-species of the same genus?","The term would be species. Subspecies is the designation below species. This has been argued before, but I believe the chromosome fusing in Hominins and the fact that we have not even any proof whether or not hybridization is possible is sufficient to keep Pan and Homo as separate genera. The evolution of bipedal walking is significant enough to warrant it. But that’s just my lay opinion. :)",
Donna Fernstrom,Is it possible to take a turtle out of its shell without hurting it or causing other permanent damage?,"A turtle’s shell is literally it’s skeleton. Just as you cannot be removed from your skeleton without damage, they cannot be either. The shell is actually evolved from their ribs, and their vertebrae are fused to the inside top of it. It’s covered with...",
Donna Fernstrom,Do we know of any extinct ancestors of chimpanzees/bonobos after humans and chimps split?,"Because of what’s known as ‘preservation bias,’ we have very VERY few fossils of members of genus Pan. The environment they live in doesn’t lead to them dying in places where fossils can form.",
Donna Fernstrom,How can you tell if someone is self-diagnosing themselves as being on the autism spectrum or having Asperger's syndrome when they actually don't have any signs of it at all?,"Adults with autism have usually become really good at masking, so unless they’re willing to be themselves around you, you can’t. Nor is it any of your business.",
