Name,Question,Answer,Image
Atharva Dave,What is your review on Panchayat 2?,"Panchayat - Another masterpiece by TVF Panchayat 1 attracted its viewers by showing how Jeetu bhaiya just wanted to get out of the village but didn't succeed. Panchayat 2 continued with the same struggle but now he got more engrossed in that life and started to enjoy that life. The series showed the friendship bond between Pradhanji, Prahlad Chacha, Vikas and Sachivji. As seen in Part 1, Sachivji faced difficulties when siding himself with Pradhanji but Pradhanji would give Louki☺️ to him as a mark of friendship. So, a dialogue that hit hard in season 2 where Sachivji says “Pradhanji dost keh dene se kuch nahi hota, dosti nibhani bhi aani chahiye.” That scene taught how you expect a person to stand for you but when it's your turn, you should also be there for them. You would see new characters as well as old and how their innocence and natural acting would make you laugh. As in the previous season, a social issue - Population Control was explained in a funny manner, this season they targeted how homes in India may not have a toilet and some homes even after having it, the people go to farms as that has become their habit. You would be amazed by this man's acting. There is a scene where a person's Goat gets lost,so as cameras are installed in the village he asks Sachivji to show him the footage, Sachivji says no as he says “Inn sab cheezon ke liye thodi lagvaya hai” to which the man says that the Goat's milk is their source of income and that tells how a thing may seem to be not important for a person but for the other, it would mean their world. The episodes are short - 35 to 40 minutes each. So, binge watching it would relieve you of your stress and make you laugh and enjoy. The series is a must watch and it will make you forget of everything around and give you a nice and wonderful experience.",https://qph.cf2.quoracdn.net/main-qimg-a527f3010019d6a56b2b50d5c3f5eeb9-lq
Atharva Dave,"Which tweet describes ""The Kashmir Files""?","This picture summarises the story of Kashmiri Pandits who had to leave everything behind The movie has become an emotion People want to know the truth and they are going in huge numbers and it can be seen in the box office collection and IMDB ratings Also the promotion of the movie is on another level It is a movie that will make people aware of the misery that Kashmiri Pandits had to face and how they had to leave their own homes,convert themselves or get killed. A must watch.",https://qph.cf2.quoracdn.net/main-qimg-a4e21b2d96d68f60bea272ae795ebc1e-pjlq
Atharva Dave,"What is the truth about the Indian movie ""The Kashmir Files""?","The Kashmir Files reveals the hidden truth of the place that represents the epitome of culture and sculpture of ancient India being vandalized and the families of the people who created it being thrown out or killed. The below dialogue tells about the state's contribution to our country's history. “Kashmir is like the crown of our nation which sits at the top of it and represents the lives of people who created our nation’s great history.” Making the movie tax free in many states has led to many people visiting theaters to watch the movie and know about the truth. The IMDB ratings and box office numbers show that the people are willing and want to know what happened in 1990 in Kashmir. The movie was promoted by PM Modi and Home Minister “The state that is situated at the topmost part of the country which is known for its scenic beauty has seen darker days like these in which the people who had their everything and whose generations spent their lives there had to leave their places in a night with whatever they had and with no guaranteed place to go to.” After the removal of Article 370, some Kashmiri Pandits/Hindus were able to return to their homes which may or may not be there. But the feeling that they got after returning to their motherland where they once lived was second to none. A picture of the people who had to leave their homes and settle down in small tents in refugee camps outside Kashmir after 1990. Various crimes like massacres by Nazis got their justice but this is one of the stories of Kashmir people which is yet unheard let alone justice. Every Indian should watch the movie so as to know the story of the Kashmiri Pandits who had to make one of the choices - “CONVERT,LEAVE OR DIE”.",https://qph.cf2.quoracdn.net/main-qimg-5a7ec38d28d112b9eb53f8bcb3755ed0-pjlq
Atharva Dave,Why should every Indian watch The Kashmir Files?,"The Kashmir Files reveals the hidden truth of the place that represents the epitome of culture and sculpture of ancient India being vandalized and the families of the people who created it being thrown out or killed. Just imagine, a day comes by and a person has to forcefully leave their homes that they have lived for many years in and if not, then leave their religion or else be ready to die. “Kashmir is like the crown of our nation which sits at the top of it and represents the lives of people who created our nation’s great history.” Some people are going to cinema halls to watch the reality/truth they didn’t know, while some will go because of peer pressure but the 3 hours will definitely open their eyes to the hidden truth. The IMDB ratings and box office numbers show that the people are willing and want to know what happened in 1990 in Kashmir. The below picture will tell you about the gruesome genocide “The state that is situated at the topmost part of the country which is known for its scenic beauty has seen darker days like these in which the people who had their everything and whose generations spent their lives there had to leave their places in a night with whatever they had and with no guaranteed place to go to.” The step taken by Balasaheb Thakre was commendable as he guaranteed the Kashmiri children seats in Maharashtra colleges so that the future of the kids would be secured. The children who have gone through hell and seen their parents die in front of their eyes and have to forcefully leave as they can’t save them. Some children don’t even know how their parents looked like. The number of people that have died can never be counted and their losses are irreparable. The below picture summarises the genocide After the removal of Article 370, some Kashmiri Pandits/Hindus were able to return to their homes which may or may not be there. But the feeling that they got after returning to their motherland where they once lived was second to none. A picture of the people who had to leave their homes and settle down in small tents in refugee camps outside Kashmir after 1990. Various crimes like massacres by Nazis got their justice but this is one of the stories of Kashmir people which is yet unheard let alone justice. Every Indian should watch the movie so as to know the story of the Kashmiri Pandits who had to make one of the choices - “CONVERT,LEAVE OR DIE”.",https://qph.cf2.quoracdn.net/main-qimg-0766feabf2da01f0f5ecf74af5d6f96c-lq
Atharva Dave,Why is Lata Mangeshkar trending on Twitter?,"Lata Ji lost her life today after battling with Covid and pneumonia. She was fighting her battle bravely but couldn't make it through. Lata Ji was lovingly called the Nightingale of India and Queen of Melody. A person can understand about the long and evergreen career of her as she was gave her voice in movies of Madhubala all the way to Preity Zinta movies. In her career,she had sung around 30,000 songs. She has sung songs in 36 different languages shows how much talented and God gifted she was. She started singing at 13 years of age and made the singing industry her own. She has won every award that is associated with singing. And also she has won the prestigious Bharat Ratna award for her contribution to the music industry. She has worked with various great singers Kishore Kumar Mohammad Rafi Jagjit Singh Udit Narayan She lost her father at a young age of 13 because of a heart disease and a close friend of her father took care of the family and from then on, she started her glorious journey and conquered the industry singing in great movies like Shree 420, Awara, Pakeezah, DDLJ,Silsila, Hum Aapke Hain Kaun. Lata Ji with big politicians A glimpse of the awards she won She was an artist whose illustrious career can never be repeated or matched. The world lost a true gem in Lata Didi(as she was called by many) whose work will be listened to and admired for years to come. Om Shanti🙏",https://qph.cf2.quoracdn.net/main-qimg-8996301c20e9338d3b317d25b7ee7c0c-lq
Atharva Dave,What is your review of '83 (2020 movie)?,"“35 saal ho gaye Azadi mile par asli Azaadi abhi bhi milni baaki hai” These were the words of the Manager to Kapil sir which depicted how the Indian team was not rated and considered an underdog at that time. The manager himself was not confident at the start that the team would qualify for the knockouts. But as the tournament went on, he realized the true worth and said this to Kapil sir that we are just caged in our thoughts and minds and have to prove ourselves to the world. Although this was dramatically presented but that showed the actual condition. 83 movie is a must watch for people who love the sport and get motivation from it. It can make cricket supporters like me who were not born at that time know how India beat all the odds and grabbed the cup while also make the people who were present at that time relive it. The confidence with which Kapil sir said that we here to win was mocked by journalists and fans. The cast has been perfectly selected and everyone did perfect justice to the role and acted as the original ones. Some people were going through personal difficulties while some players were out of form, but everyone did their best to guide the team in the right path. West Indies at that time were considered the favorites as they had won the World Cup back to back and full of confidence. Unlike today, the Indian team had limited facilities and le...",https://qph.cf2.quoracdn.net/main-qimg-d918e65d2e16db5635c527be70e7ec74-pjlq
Atharva Dave,Why are some Indians rejoicing the death of CDS General Bipin Rawat?,"There is a rich history of people who have failed their country and empire by supporting enemies when they could help and protect their own empire. It happened during Maharana Pratap's regime During Chatrapati Shivaji Maharaj's empire They don't value people who fought for them and sacrificed themselves for them. Every great person has his/her haters, so be it. But there are people who value them and respect them,so we should continue to do so. Bipin Rawat sir was a great person and a great soldier who guided India in the Myanmar operation in 2015 and then the strategic planning for URI strikes. The loss is unfortunate and untimely for the nation and we can't do much about the haters, so as admirers of the armed forces, we can feel proud of Bipin Rawat sir and acknowledge what he did for our nation. Om Shanti🙏",https://qph.cf2.quoracdn.net/main-qimg-884261cec0333aa667d570221f72afb4-pjlq
Atharva Dave,Why is “#MirabaiChanu” trending on Twitter?,"India's first medal at the Tokyo Olympics 🥈 Mirabai Chanu has made India proud. 🇮🇳 Mirabai Chanu has faced both ups and downs in her career. Mirabai burst onto the scenes in international competitions when she won the 2014 Commonwealth Games in Glasgow at the age of 20. But then there was disappointment two years later in 2016 Olympics when she failed to life the weight in any of her three attempts in clean and jerk section. Mirabai bounced back from this disappointment in emphatic fashion in 2017, becoming the first Indian in over two decades to win gold at the Weightlifting World Championships. But a lower back injury in 2018 ruled out of competitions for much of the year but she made a remarkable comeback by lifting over 200kg for the first time in her career at the 2019 World Championships. And at last here,she is winning a silver medal for our country by picking a total of 87 kgs in the snatch part of the event and ended with a lift of 115 kgs in clean and jerk section. She lifted a whopping total of 202 kg. Here is what Mirabai said after winning the medal “I have been dreaming of this for the past five years. I am very proud of myself right now. I did try for gold but even silver is a great achievement for me. I am very happy to win the first medal for India at these Games. I don't just belong to Manipur, I belong to the whole country.” This is India's second medal in Weightlifting events after Karnam Malleswari had a bronze medal in the 2000 Olympics. Looking forward to many more 🏅",https://qph.cf2.quoracdn.net/main-qimg-9b7faf0a48561d1534ff1ff438aab98d-lq
Atharva Dave,Why is “#Ashwin” trending on Twitter?,India stood ground and drew a match that would have been lost in the first session itself. Ashwin’s wife tweeted about the condition of Ashwin before the 5th day of the test. A person in this much pain would have easily told the management about his condition and not walk onto the field but Ash walked up and played one of the most important innings of his career. Credit goes to Hanuma Vihari also who played through a hamstring injury and batted almost the whole day. They both played knocks that would make the two old pil...,https://qph.cf2.quoracdn.net/main-qimg-4c65d9eb01a18aac07579b28e2f5fcc4-lq
Atharva Dave,What is the best thing you came across on the internet today?,Brother-Sister love for each other is unparalleled. Captain Ayush Yadav lost his life in 2018 in a combat in Kupwara district near Srinagar. His sister celebrated Bhaidooj the same way as she would have had he been wi...,https://qph.cf2.quoracdn.net/main-qimg-f9a500526eafac381343e06d7d56f4ae-lq
Atharva Dave,Why is Baba Ka Dhaba trending on social media?,"POWER OF SOCIAL MEDIA Covid has hit many small businesses. One of the shops in Delhi owned by an 80 year old was not having enough customers and the uncle and his wife even after hardwork could not earn enough. The shop And then a person seeing Chacha’s miseries made a video asking for people to come to the shop. And the video got viral and then many people came to his shop And it all changed for Chacha See the beautiful smile of Chachi At last, Bhagwan ke ghar der hai andher nahi. Translation: There is delay in God’s house not darkness. There are many people like Chacha who are facing difficulty during this difficult times,we should try to help them out.",https://qph.cf2.quoracdn.net/main-qimg-fcda102eab2736b255a97a9046de8862-lq
Atharva Dave,Why is #RIPManishaValmiki trending on Twitter?,"These are the 4 accused. She was a 19-year-old girl and was gangraped by four men in UP’s Hathras who also tried to strangulate her which left her fighting for her life in the intensive care unit (ICU) for days. She had gone to collect fodder for animals when this happened to her. They tried to cut her tongue off and break her spine and she succumbed to her injuries and lost her life today. The Corona pandemic could not stop these men from doing such things. Hope she gets justice but it will be of no use as she couldn't survive. Recently,read about the new gadget being developed that can give signals to relatives and nearest police station when the person presses a button after citing danger. These gadgets should be developed and funded properly so as to stop this thing.",https://qph.cf2.quoracdn.net/main-qimg-1e252ae46e94806165a5ba80c44c4ff7-lq
Atharva Dave,"How do you see the ""namaste"" gesture of the 18-year-old Rajasthan Royals' debutant Yashasvi Jaiswal greeting MS Dhoni in the IPL?",He folded his hands in front of Dhoni just like when people pray in front of God. A lovely gesture from him and Dhoni also smiled back and later talked with him personally. Yashaswi has come a long way with his hardwork and guiding India U19 to the finals.Hope he plays the whole IPL brilliantly and perform for India too when he gets his chance. He rose through the ranks after coming from a humble background and continue to score runs so as to play for India and become one of our best openers.,https://qph.cf2.quoracdn.net/main-qimg-9bf6b781f2196cbaa684d3980fc7b342-lq
Atharva Dave,Which is the image that made you smile today?,"ABD changed his Twitter handle name to Paritosh Pant Sir’s name. Paritosh sir owns a restaurant in Mumbai and in this hard time,he has fed around 3000 people who didn’t have money. And in tribute to this,ABD has also decided to wear a jersey with his name in one of the IPL matches. Good deeds should be recognised and Paritosh sir replied back Salute to Paritosh Sir.",https://qph.cf2.quoracdn.net/main-qimg-19bb86eb99358159485707042931cbef-lq
Atharva Dave,"What are some ""destroyed like a boss"" tweets?",Wisden Cricket tried to compare the statistics of GOD OF CRICKET Sachin Sir and an emerging England cricketer. But the Indian handle of Wisden Twitter showed them that such comparisons are just worthless.,https://qph.cf2.quoracdn.net/main-qimg-6da3ef40dea38be894464bbc73e1a736-lq
Atharva Dave,Who is the world 's greatest fearless batsman and why?,"Viru Paaji is the second name for fearlessness in cricket. These people also couldn't make him understand that he should play calmly and build up his innings steadily. He would play in tests like this He would start the innings like this Because of this approach,there were times when he got dropped but he did not change his style. Sachin had to play safely as on the other side,he would be firing. He had the courage to complete his 300 with a six. We have got many great openers like Warner,Rohit but the free hitting attitude cannot be found. At last Jai Ho Viru Baba.",https://qph.cf2.quoracdn.net/main-qimg-70b4e5deafebc21fb270f76e1516e86a-lq
Atharva Dave,Why is “#UninstallPhonePay” trending on Twitter?,"PhonePe has chosen Alia Bhatt and Aamir Khan as their brand ambassadors. After we lost Sushant sir,people are angry on Bollywood to promote nepotism. And as Alia Bhatt has come from a family who has prominence in Bollywood,she has faced backlash and that is seen in the trailer of Sadak 2. And at the same time,when Aamir Khan finished his shooting of Laal Singh Chaddha in Turkey,he went to meet the First Lady of Turkey. Turkey has opposed India on numerous situations with the recent occasion on Article 370 and also openly supporting Pakistan. So meeting the First Lady of Turkey was not necessary. So as these two are ambassadors of PhonePe,people are calling for the uninstallation of such apps that are endorsed by them.",https://qph.cf2.quoracdn.net/main-qimg-4454671e46a35cfa267d92e679ecf472-lq
Atharva Dave,"What is the meaning of ""chitti"", and what caused this word to trend on social media?","As the US presidential elections are just months away,the campaigning is on its peak. Joe Biden few days ago surprised many people by his choice of Vice President as Kamala Harris. Her mother is of Indian origin. Recently,she mentioned the word Chithis which prompted many Americans to search about it. And for Tamilians,it was a proud moment as one of the words of Tamil got mentioned globally. Chithis in Tamil means aunt and by mentioning it, she wanted to thank her aunt and her mother for all the hardwork they have put to bring her up. In the below picture,you can spot her with her maternal family pictured in Chennai in her early days.",https://qph.cf2.quoracdn.net/main-qimg-8c95b78f4a716c4bf9e10d2006e1bbeb-lq
Atharva Dave,Why is #Aamir trending on Twitter?,"Aamir Khan,Mr. Perfectionist has recently met the First Lady of Turkey. People are enraged because he met the First Lady of a country who opposed India on it’s abrogation of Article 370. India never tried to speak up against Turkey related to any issue but Turkey tries to interfere into matters of India and openly supports Pakistan. This has sparked anger in people for such a behaviour. Aamir Khan recently completed his shooting of Laal Singh Chaddha that was to be shot in Turkey and decided to...",https://qph.cf2.quoracdn.net/main-qimg-e521e78dab0668dce6bd98b44a27565f-pjlq
Atharva Dave,What are some epic tweets about MS Dhoni's retirement?,Mahi retires from cricket after giving the Indian fans all the enjoyment they wanted. Thank you for everything MSD ❤,https://qph.cf2.quoracdn.net/main-qimg-c7f812e7caf82ad42699ae7622f44dbd-lq
Atharva Dave,Why is #MSDhoni trending on Twitter as of 15th August 2020?,The Captain that guided India to everything that could be won has announced retirement. He helped India win every single ICC tournament. World Cup No. 1 Test team T20 World Cup Champions Trophy He took the reins from Dada India won everything under this man Now we won’t be able to hear those instructions from Dhoni behind the stumps You will be missed Mahi bhai. Also one of the most greatest middle order batsman and Dhoni’s best friend Raina has announced retirement. Ab Kohli ko Chiku kaun bulayega. Thank you MS for everything.,https://qph.cf2.quoracdn.net/main-qimg-b9ac3e7e70882766ab72e5027e915436-lq
Atharva Dave,Why is “SaySorrySandeepMaheshwari” trending on Twitter?,"Sandeep Maheshwari,the mass motivator has spoken against the language of Gods,Sanskrit. He has been guiding people in the wrong direction against our ancient philosophy which people are still proud of. Listen to the above video. Even if the Sanskrit language may have gone out of favour in this generation,the people of India need to acknowledge it still. If something is not in the trend,it doesn’t mean you can make fun of it. Sandeep Maheshwari may come and apologize so as to not lose the support of people. But on a broader scale,in this generation people are not taught about the ancient philosophy due to which people are considering it cool to make fun of it. If people keep on opposing on such things,slowly the people will stop making fun of it and start respecting it.",https://qph.cf2.quoracdn.net/main-qimg-24eca29de7d7151364acf9222df2c2ba-lq
Atharva Dave,Why is #sudeeksha is trending on Twitter?,"Is humanity still alive? Sudiksha,a brilliant student from UP lost her life due to some eve-teasers. She had bagged a scholarship of 3.8 Crore for studies in the US Babson College. And had returned to India due to the coronavirus and was going to return back to her studies on August 20. But it would not be possible because of some foolish people. So she was going to meet her relatives with her uncle on bike and some eve-teasers came by and started to perform stunts besides her bike. And her uncle was not able to concentrate because of all this and suddenly the eve-teaser stopped his bike due to which her uncle also had to stop and then Sudiksha fell off the bike and lost her life. A brilliant mind of our country lost her life due to foolishness of some people. Hope she gets justice and the people get caught. Although no compensation can be given to her parents for the great loss but to reduce such crimes,it is a necessary step.",https://qph.cf2.quoracdn.net/main-qimg-38b65132cc9b9747f00771ab2aa29a6a-lq
Atharva Dave,Who is Kanta Murti? Why is she trending?,"If the world has people like her,we can definitely say humanity is still alive. She is Kanta Murti Mavshi. She is 50 years old. Has eight children of which 5 are married and 3 are studying. In this lockdown she lost her house and savings and to support the studies of her 3 children,she sells flowers. Now she deserves a recognition for what she did. In the heavy rains that have affected Mumbai,she stood besides a manhole that was open and guided people so that they would not fall into the manhole. And she stood there for 7 hours in heavy rainfall in Matunga. She said I don't need any recognition as anyone would do what I did in this case. A warrior who lost everything tried to save lives by guarding the danger and guiding people. Mavshi aamhi tumcha dhanyavad kasa karoo. (How can we thank you Mavshi.) #HumanityStillAlive In Rain, Mumbai Woman Stood For 7 Hours Near Manhole To Save People",https://qph.cf2.quoracdn.net/main-qimg-1a99c93fd1c90b3e51f578aed3a2ded9-lq
Atharva Dave,"How did the Air India plane crash on August 7, 2020?","The accident was one of the worst over a decade. So the flight was returning from Dubai to Kerala Airport having people of our country who were stuck in UAE. The flight contained approximately 191 passengers. As it was returning,the weather in Kerala was reported to be very bad from morning. The plane as planned tried to land before 8:00 pm and as it was landing,it slipped off the runway. ""Air india Express AXB1344, B737 Dubai to Calicut, person on board 191, visibility 2000 meter, heavy rain, after landing Runway 10, continue running to end of runway and fall down in the valley and broke down in two pieces,"" DGCA said in a statement. The exact reason will be revealed after enquiry. The main pilot named Deepak Sathe sir lost his life. And the co-pilot Akhilesh Kumar was serious but recently it is revealed that he too lost his life. No one would have expected that people who were returning to their motherland not even the people aboard that such accident was awaiting. According to recent reports,all on board were evacuated after a nearly three-hour operation and at least 112 injured were taken to hospital. The pictures of the airplane We should pray and hope that the people injured get recovered quickly and return to their homes.",https://qph.cf2.quoracdn.net/main-qimg-42b5bd323ad17a5882461c1013d2ee5b-lq
Atharva Dave,Why did Binod get famous on social media?,"It is one of the trends that has gone viral after Slayy Point,a youtuber mentioned about it. One of the viewers named Binod commented his name in one of the videos on every video of Slayy Point his name. In one of the videos about Indian comment section,Slayy Point then mentioned him and then it got viral. Even they don’t know who Binod is. Paytm changed their twitter account name to Binod. People then started to search about Binod but Binod nahi mila. And recently Mumbai Police also tweeted about this. At last,sab Binod hai.",https://qph.cf2.quoracdn.net/main-qimg-c9e9fd910b23013c7954411b840a59ff-lq
Atharva Dave,Why is #zeroacademicyear trending on Twitter?,"Students are demanding for zero academic year because of many reasons. Recently read about this,a student from Rajasthan climbs on a mountain to get connection so as to attend lectures. A student committed suicide as she could not attend lectures because of no internet connection and feeling behind her friends. A person sold his cow for 6000 rupees so as to get a smartphone for his son’s lectures. After the news got viral,Sonu Sir helped that man. Many colleges have increased their fees and no proper fees installment structure is given and parents have to pay the fees so as to not affect the child’s studies. So many students have tried to go against the college so as to demand fees reduction. As the zero academic year is not a great option as it would affect one year of a child,but the institutes can try to look from the student's point of view and consider the above points and help the students and their parents in this difficult time.",https://qph.cf2.quoracdn.net/main-qimg-7fdf72107f48cf9242642b9615a1399e-lq
Atharva Dave,"Who are some of the greatest woman soldiers in the Indian Army, and what are their achievements towards the country?","I would like to share the story of this great officer of our Indian Army. She is Mitali Madhumita Mam - First Woman Officer To Receive A Gallantry Award. One of the incidents that showed the courage and love she had for the country. 26th February 2010. Early in the morning, Kabul woke up to a deafening noise—a huge blast and gunfire. Among them was Major Mitali Madhumita, who was on a United Nations’ mission in Kabul. The first thing she thought was to check on her colleagues’ safety, as was the norm then in Kabul. When she received no reply, she called others, only to find out there was a suicide bomber attack on the Indian embassy in Kabul. Madhumita ran to the spot for aid, as there was no vehicular movement following the attack. To her horror, she found most of the colleagues were injured, bullets were flying, and grenade blasts were happening. She did what she was trained to do as her duty, jumped in to rescue people, unarmed. She saved as many as 19 lives, including seven Indians, trapped under the debris, and mobilised local assistance to seek medical help. Instead of thinking of her life, she ensured the security of the people and her fellow officers. It is proud to know that Indian Army has great officers like her. She received the Sena Medal for her courage and bravery.",https://qph.cf2.quoracdn.net/main-qimg-aeeec9e3d0ca3a7a5aa67fb43e39ffce-lq
Atharva Dave,Why was Abdul Kalam more famous than other presidents?,"Abdul Kalam Sir reached great heights with his hard work. And at last,I would like to end with a story of Kalam sir. He always used to take care of the people around him. Once a person in his team asked to leave early so that he could take his children to the park and then went back to work. But in his work,he forgot about going home early. So when he reached his home,he apologised to his children that he could not take them to the park but his wife told him that Kalam sir had come to their house and took the children to the park and came to drop them safely back. Even after reaching great heights, he never lost his down-to-earth attitude and always used to remain connected with the people. Which gave him the tag of People’s President. The smile of Kalam Sir will always remain in every Indian’s heart.",https://qph.cf2.quoracdn.net/main-qimg-86a24d694c644fc4c9dec9b1588cf41e-lq
Atharva Dave,"Why is ""#PrayForLebanon"" trending on Twitter?","Lebanon is a country in Western Asia. Look how beautiful the capital city of Lebanon,Beirut looks. But two back to back blasts in the city one in the fireworks warehouse at the port and the second, more devastating explosion most likely came from a nearby 2,750-ton stockpile of ammonium nitrate, a highly explosive chemical often used as fertilizer stored in a depot for six years blasted. And changed the city to this. 100 people lost their lives while 4000 people got injured. It is said that half the city blew up due to the blasts. But some relief for the government is help will be arriving from the European Union. The European Union is activating its civil protection system to round up emergency workers and equipment from across the 27-nation bloc to help Beirut. The EU commission says the plan is to urgently dispatch over 100 firefighters with vehicles, sniffer dogs and equipment designed to find people trapped in urban areas. The Czech Republic, France, Germany, Greece, Poland and the Netherlands are taking part and others are expected to join. The EU’s satellite mapping system will help Lebanese authorities to establish the extent of the damage. Crisis Management Commissioner Janez Lenarcic says the EU “shares the shock and sadness” of Beirut residents and stands ready to provide extra help. It is said that the Lebanon PM is angry at the management of the storage of the chemical as that would have stopped such mass destruction. Hope the city gets back to stable state.",https://qph.cf2.quoracdn.net/main-qimg-16dd09589ca12b6d2efe76e4310da63e-lq
Atharva Dave,What if Pakistan deploys nukes against Israel?,"First of all,as mentioned in other answers the range of the best missile of Pakistan Shaheen 3 is 2750 km whereas the distance between the nations is roughly close to 3300 km. So the use of nukes would be of no use after all. And the difference that would be between deploying and using it is Mossad,one of the best intelligence agencies have the backing of the government and can go to any extent to neutralise any threat to the nation.",https://qph.cf2.quoracdn.net/main-qimg-fbdd5695e9773eab63518a50e956ec18-lq
Atharva Dave,Who is Tahir Hussain? Why is he trending?,"Tahir Hussain,the suspended AAP leader has confessed that he was behind the riots in Delhi on CAA. Read the statement of this man and understand how people can use political power to destroy people. ""On February 4, in Abu Fazal Enclave, I met Khalid Saifi for planning the riots. It was decided to provoke people sitting on the anti-CAA strike. Khalif Saifi said that something big has to be done at the time of Donald Trump's visit so that the government kneel,"" he said. And further added ""On February 24, according to our plan, I have called several people and told me how to throw stones, petrol bombs, and acid bottles from my roof. I had shifted my family to another place. On 24 February 2020, at about 1:30 pm we started throwing stones.” And the most important statement he gave “I wanted to teach the Hindus a lesson with the help of my political power.” He was responsible...",https://qph.cf2.quoracdn.net/main-qimg-ff4bafd1eb6433c60c92c728c950e8fa-lq
Atharva Dave,Why is Wikipedia trending on Twitter?,The website which has given us useful information everytime at no cost is asking us for a small favour. Wikipedia is one of the top ten sites in the world and they work without a fee being charged to their user. They don’t show ads and so can’t earn like other companies from them. And so as to remain independent they are asking us the users to donate money for the cause. We should try to donate a small amount so as to make the website which has provided us a lot of knowledge at a single place independent.,https://qph.cf2.quoracdn.net/main-qimg-3769564bfdd7bb11054a9993ce1f4078-pjlq
Atharva Dave,Is it necessary to start the construction of Ram Mandir during this pandemic?,"The main reason that we should start the construction in this pandemic is them. The labourers had to go back to their homes after their managers removed them from their jobs as they didn't have money to pay them. So if the construction work starts,some workers would be able to support their families by doing the construction work of Ram Mandir. As the normal life would start,the workers may get called up and some may leave the work and the construction work would come to a standstill. The bhakts of Ram ji would have to wait for some more years. Minimum 2 generations of people have struggled to get Ram Ji’s Mandir and when they have become successful, a more longer wait will not be great. It is great if majority of the work of the Ram Mandir is done during this period and when we get free from this pandemic, we would not have to wait longer to see Ram Ji’s Mandir at his birthplace.",https://qph.cf2.quoracdn.net/main-qimg-d6d42c5b6a401e37dc94bbabf749adc3-lq
Atharva Dave,"If you could send a message to Sonu Sood, what would you say?","Sonu Sir, Never realised that behind the wicked roles you did in movies lied a kind man ready to help people day and night. If Coronavirus was a person,his heart would have melt down by your efforts. You sent the workers home with the help of buses and trains God bless you Sir for working day and night and connecting with people through social media. At last, I wish and you deserve an award by the Government of India for doing this great work. And sir keep smiling.",https://qph.cf2.quoracdn.net/main-qimg-7c7714cf028287a61b1ec5c8170bf17a-lq
Atharva Dave,Why is there so much fuss about Rafale? Will 5 planes change things completely?,"First of all congratulations to the Indian Air Force for receiving the Rafale jets. Some of the reasons people are talking about it And for the second part, great things start from smaller beginnings. All the three forces of our nation have soldiers that by sheer intelligence and bravery can do the unthinkable. Just like Abhinandan sir had an aircraft that was not advanced but by bravery he downed an aircraft that was way better than his aircraft. So if the brilliant soldiers of our country also have the best weapons and upgraded machines to operate, there is no doubt that India can do great in the defense sector and be more than ready to guard against any nation.",https://qph.cf2.quoracdn.net/main-qimg-c19aac4a0279ac8bf6d8a6a606caa1b4-lq
Atharva Dave,Can you write a whole paragraph without the letter A?,"Story : Mount, driver by profession spent so much time in his work, he could not dine together with his wife & three children. In the evenings he used to go to lectures, seeking to get knowledge, so it would help him to find better job. His wife often told him he is not spending enough time with them, but he told them he is doing this for them so he would give them the best things. Soon he finished with his studies, he received good job offer with better income. His wife thought he would stop but now Mount tried to get promotion. He got it in few months time with spending more time in office. He bought more expensive clothes, some luxury items. His wife & children still did not get enough time from Mount. This went on for quite long time. He then bought the house which he hoped for. On the first evening in their new home,Mount told his wife & kids to stop working so he could spend time with his beloved wife & children. The very next morning Mount did not rise up.",
Atharva Dave,Why is Rahul Dravid respected so much?,"Let me start with a quote by one of the greatest bowlers in the world on Dravid sir. Every cricket player admired him for his cool mind. Even in the crunch situations,he never lost his mind and maintained the same attitude throughout the match. A picture of an innings that showed how firm he was even when wickets used to fall from the other end. The opposition bowlers used to get fed up while bowling to him as when he would make his mind of defending, you would bowl to him for a day but still you would not get him out. He guided the team in his playing days and after retiring,he returned to coach the future and helped them win the WC. One of the greatest batsman of all time said this about Dravid Sir. He would make you suffer and you wouldn't know when he would take the game away from you such was his gameplay. You can never hate this gentleman. Ever smiling Dravid Sir and hope he coaches our Indian Cricket team.",https://qph.cf2.quoracdn.net/main-qimg-a38c57c77200262d7c9b2dc3c60d03a8-lq
Atharva Dave,Why is “#Rafale” trending on Twitter today?,The fighter jets that garnered a lot of controversy will be in India on 29th July. The first set of 5 Rafale jets have taken off from France airbase. The Indian Air Force twitter page confirmed the news. The IAF pilots who would be driving it home. And the long awaited jets The fighter jets will be inducted at the Ambala base of IAF on 29th July itself. A great addition to the defence force in the form of Rafale jets. Jai Hind.,https://qph.cf2.quoracdn.net/main-qimg-906a845be4fb5ae1e8c69a6505ac10d8-pjlq
Atharva Dave,Why all our neighbor countries have issues with India?,"The sole reason is they envy our country or are being influenced to speak against us. Let's discuss it one by one 1.Pakistan Do I need to say anything? They are like we want Kashmir as if they are asking for a toy. Every Indian knows that it is an integral part of India and we don't want to spoil the child by giving it what it wants. Time and again we have made them realise our power. Kargil War victory 1971 war Uri attacks And many more… 2..Nepal Started to speak against India just a few months ago. We helped the country in their tough times by sending our NDRF teams and helicopters to rescue the people during the earthquakes in Nepal. India has a great relationship with Nepal from a long time. Some people in the Nepal government are forced to speak against India. And the citizens of Nepal are too against their government for speaking against India. 3. Bhutan No major disputes with them.A peace loving country. 4. Sri Lanka Occasionally speaks against us otherwise they maintain neutral nature with us. 5. Bangladesh We helped them in the Independence of their country and from then on we have very little differences and worked together. And Interestingly it was in this independence war that we made the record of the biggest surrender from WW2. How can one forget this image. 6. Afghanistan Our country has great relations with their government as we have helped them in the construction of their parliament and a dam that has been the symbol of friendship between the two nations and many more projects. 7. China At last the country that hates us the most as they have showed time and again. They want to become world leaders and they have to first become the boss in Asia and India is the biggest hurdle coming in between their mission. We have great relations with many countries around the world and because of some countries,we can't say that our foreign relations are not great. And at last this flag will rise higher and higher.",https://qph.cf2.quoracdn.net/main-qimg-a8fde3ae09c22920c6f66217b99fc4fe-lq
Atharva Dave,"Who is the best, Chatrapati Shivaji Maharaj or Akbar?","You are comparing protector of the land with the conqueror of the land. Shivaji Raje had a small army as compared to the Mughals at that time. But he knew how to manage his troops and take the best out of them. One Maratha was equal to 100 Mughal soldiers. While all the Mughal leaders basically tried to exploit the opposition army by numbers. For the question I would like to point out only a single point. I was watching Tanhaji on TV recently. All the Mughal leaders always tried to use the brilliant people around them and abandon them as soon as the work was over. And how Shivaji Raje worked with his commanders The line said in the movie says it all When Uday Bhan,a Mughal Commander was trying to attack the backbone of the Maratha dyansty and Tanhaji was busy in his son’s wedding preparations and didn’t knew about the war. A minister said to Shivaji Raje that we should send Tanhaji from our side and defeat Uday Bhan but Raje said “Tanya ke yahan kaafi saalon baad ek acha prasang aaya hai,hum usse Khoon ki holi khelne nahi bhej sakte.” Translation: After many years there is an aspicious occasion in Tanhaji’s home and we cannot send him for war at this time. And he instructed all his ministers not to say anything about the war to Tanhaji as then he would convince Raje to send him. Such was Raje’s respect and care for all his commanders and troops. The Bollywood industry and TV industry has done it all wrong by glorifying the Mughals who just tortured the countrymen. In history textbooks of children,we can see that they teach about the Mughal empire but instead they should teach about the great warriors of our country like Maharana Pratap And Chatrapati Shivaji Maharaj They didn’t let these invaders rule all over the country and fought bravely for our motherland.",https://qph.cf2.quoracdn.net/main-qimg-4f95d8c7ed3eddbd6139c5eb7ddaebcc-lq
Atharva Dave,Why is Kargil Vijay Divas trending?,"21 years ago on this date,we won the great Kargil War in 1999. The day that we made Pakistan once again realise that you can’t capture what belongs to India. And just go back. After the humiliation in 1971 They didn’t realise that they can’t achieve anything and attacked and captured some posts in the Kargil area. And then the Indian Army in full flow, Under the guidance of great officers who left us early like Capt. Vikram Batra Capt. Anuj Nayyar Capt. Manoj Kumar Pandey Major Saurabh Kalia ...",https://qph.cf2.quoracdn.net/main-qimg-3562ab3850349dbb5cc4140bc9eb7800-lq
Atharva Dave,What can we learn from Amit Shah and Narendra Modi?,The duo has been inseparable. They compliment each other from the time when Modi Ji was Gujarat CM and Amit Shah was Gujarat HM To India's PM and HM duo. They have put the party in a great place all over the country. We can learn from Amit Shah And from Modiji Together we can learn from them how to keep the flow and the pressure on and how to maintain friendship when every other person in the political field cannot be trusted. Modiji has the work of doing promises While Shah has the work of fulfilling it. Together they have worked on to pass many bills and laws that many governments dreamed of. Hope they will continue to take the country forward.,https://qph.cf2.quoracdn.net/main-qimg-79f8c35811efb1b07c3875a110728c98-lq
Atharva Dave,What is something about soldiers we should know?,They don't deserve the stone pelting that people do. But instead deserve this.,https://qph.cf2.quoracdn.net/main-qimg-865afae08e891e8c8c401c5339998762-lq
Atharva Dave,Will Hinduism survive in India?,"Hard to say. But if we Hindus try to protect it,we can definitely help it grow too. The reasons we are failing our religion * When someone says something against our religion,we listen to it and let it go.We shouldn’t do a long debate in defence but at least try to change the other person's mind. * The second thing that has come further in recent years Some TV shows outside of India first used to make fun of our religion but now it has become a trend in India too. Lets take this standup comedian Surleen Kaur She said something against ISKCON temple and she faced serious opposition from the temple and other organisations and Shemaroo,the platform where her show put down the video. And the one recently of Agrima Joshua She said bad about the statue of Chatrapati Shivaji Maharaj,the king who fought for our country against the Mughals.She then had to apologise and the video was also taken down. If we stand up against people who try to speak against Hinduism,then we can easily make them realise their mistakes. * We didn't let the Mughals no...",https://qph.cf2.quoracdn.net/main-qimg-9f1da49292daf18f6a716cde330d63bc-lq
Atharva Dave,What are some thug life moments of Indian Armed Forces (Army/Navy/Air Force)?,"It is the story of the encounter of Sameer Tiger by our Indian Army. Sameer Ahmed Bhat was a top A++ category Hizbul Mujahideen terrorist also called Sameer Tiger. He did a great mistake by provoking the Indian Army officers and specifically one of our officers Major Rohit Shukla. The message he passed on through a video was this ""Tell Shukla (Major Rohit Shukla) that just because the lion has stopped hunting, dogs think that the whole jungle belongs to them, if Shukla has guts then he should come face to face with us."" And within less than 24 hours,the Indian Army hunted him down. The Army reached the spot after getting the tip-off and burnt the house in which he was with petrol which forced him to come out. And when he appeared to escape on the terrace,there was heavy firing and then he was shot down. Major Shukla got critical after gunshots but he recovered back. The terrorist who threatened our Army officer was not spared and was shot down in less than 24 hours. Major Rohit Shukla received Shaurya Chakra for his bravery.",https://qph.cf2.quoracdn.net/main-qimg-437ea363913e660d41e6b74a0e96eb6b-lq
Atharva Dave,Why is Tushar Singh of Bulandshahr trending on all social media platforms?,"Divyanshi Jain Every news channel has covered the news of her getting 600/600 a 100% for the first time in CBSE history. But the boy from Bulandshahr Tushar Jain He also scored 500/500 in CBSE 12th. After calculating,I think so it comes out as 100%. Oh sorry,the media doesn't have proper calculators to calculate the percentage. The discrimination has been spotted and Twitteratis and on other social media platform users are out to give this boy and his hardwork justice by making him popular. Congratulations everyone who got great marks and for those who didn’t get, you should know about one of the IAS officers of our country.",https://qph.cf2.quoracdn.net/main-qimg-a7f69cf5254afe4cae0627795b21b794-lq
Atharva Dave,"Do you agree with Amit Shah's statement ""History should be rewritten from Indian point of view""? How were we reading history till now?","Amit Shah had put a great point although it was a year ago in October 2019. If we analyse the history textbooks of the children,we would see them more Mughal Rule Babur Akbar Shah Jahan And less about them Maharana Pratap Ji Chatrapati Shivaji Maharaj Sambhaji Raje The heroes who defended our country by the invaders should have more mention in the books of students than those cruel invaders. And in the statement he said that ""It was Savarkar who gave the name 'First War of Independence' to the 1857 'kranti' otherwise our children would have known it as a revolt.” The history books should be rewritten by adding people who sacrificed their lives for the freedom of our nation like Chandrashekhar Azad Ji And Bhagat Singh Ji,Sukhdev Ji and Rajguru Ji.",https://qph.cf2.quoracdn.net/main-qimg-8bfbf7be7f7eb35ab405e984ed9c66cb-lq
Atharva Dave,You are locked in a room with Narendra Modi. What will you do?,"Me: Namaste Modiji. Modiji: Me: Modiji, first of all congratulations for the masterstroke you played by banning 59 Chinese Apps. Modiji : Dhanyavad. Me: Modiji, I have some thoughts to share with you.Can I? Modiji : Ha boliye. Me: Modiji,I want to start with the middle class of our nation.Sir,I want to just convey the thoughts that our middle class just wants you to build up more industries in every state so that unemployment won't be an issue. And at the same time,roadwork and many other construction works if done within time would definitely make us happy. Modiji: Hum iske liye kaam rahe hai.Aap aage bataiye. Me: Modiji,yeh main apne kisan bhaiyo ke liye bol raha hoon.Unke liye aap aisi scheme laa sakte hai kya jisse unke anaaj ka kabhi nuksan ho toh unko uska bhoj na uthana pade aur kuch dhanrashi unko di jaaye aise samay mein. (Translation: Modiji,this one I am saying on behalf of my farmers.Can you bring a scheme in which when their crops get destroyed due to any reason,they get their share without them having any problems.) Modiji: Humare Kisan Bhai Bandhu humare desh ki shaan hai,humne kaafi aisi scheme banai hai jisse unhe kaafi fayda ho raha hai. Me: Modiji,this is my last opinion.Our army officers which stay at the borders. Can you please guarantee something for their families if they lose their lives fighting for our nations as the person won’t come back but his/her family should not struggle because of it. Modiji: Hum apne Bharat ke Veero ke liye humesha khade rehte hai aur humesha rahenge aur hum unke parivar ko joh seva chahiye hum uski poori koshish karenge. Me: Modiji,Thank you for listening to me. Modiji: Arre,Pradhan Sevak ka yahi kartavya hota hai. Modiji and I then share a handshake and click a photograph and then we both leave.",https://qph.cf2.quoracdn.net/main-qimg-78c1a97caa542db12260ce4a5bebaf8a-lq
Atharva Dave,What made you realise that age is just a number?,"If you or your mother follow cooking by watching Youtube,you must have at least seen her video once. She is Nisha Madhulika Mam. She started her Youtube journey in 2011 at the age of 50. Her son helped her open her channel which now has 9.75 Million Subscribers. He first helped her in making some of the videos. She also contributes in food columns on several websites like Indian Express, Amar Ujala, Times Of India and Dainik Bhaskar. She featured in a Lok Sabha TV interview and was also conferred the Top Chef on YouTube in 2014. In 2016, she was named by Economic Times among ""India's top 10 YouTube superstars"".Nisha Mam was featured in Vodafone's 'Women of Pure Wonder' coffee table book in 2016. She has achieved great achievements after the age of 50 and is continuing to do so.",https://qph.cf2.quoracdn.net/main-qimg-15d7bc182ce6b2c896ed8df644c691e2-lq
Atharva Dave,Why did Sachin Pilot leave the Congress Party now after so many years?,"Congress party after removing Sachin Pilot are only doing harm to themselves. This is Madhav Rao Scindia alongwith Jyotiraditya Scindia,his son. J. Scindia after not getting his due from the party of which his father was also a part changed party as all the fame and respect the Congress Party got in Madhya Pradesh had Scindia as a part. And now let’s refer to Sachin Pilot and his father Rajesh Pilot Sachin’s father was also a Congress leader and Sachin worked for Congress and rose from the ranks to become the party chief in the state but he was awarded the Deputy CM post only and no further recognition.",https://qph.cf2.quoracdn.net/main-qimg-da448979cdf62c1d411974bc611df7b7-lq
Atharva Dave,Why did Iran drop India from the Chabahar rail project?,"The Chabahar project deal between Iran,India and Afghanistan has taken a new turn as Iran has dropped India from the project. The Iran government had claimed that the project would be ready by March 2022. And they were doing their own part by taking out 400 Million dollars from the Iranian National Development Fund. The Iran government may have dropped due to following reasons. It talks about expanding Chinese presence in Iran’s “banking, telecommunications, ports, railways and dozens of other projects”. In return, Iran is to provide regular and “heavily discounted” supply of oil to China for 25 years. The drop of India may have happened due to this reason. Under the terms of the MoU, IRCON was to conduct all the work on the rail line, and finance the entire project. However, according to the latest reports, Iran will now dip into its Iranian National Development Fund, to use $400 million to finance the rail line's construction on its own. It is a strategic loss for India as the Chabahar port was viewed as critical to the expansion of trade relations with Central Asian nations, offering a much coveted alternative to Pakistan's Gwadar port. Iran has helped out India by standing by during the Babri Masjid demolition allegations and during the latest Kashmir issue. Both the countries need to work this out as they have strong relations for many years.",https://qph.cf2.quoracdn.net/main-qimg-3f115cf9c06773b426dab8e1a242774e-lq
Atharva Dave,"Who is KP Shamrma Oli, and why is he trending on Ayodhya in Twitter?","This man down here has no respect for the people who helped his country. He is now not wanted by his own countrymen as a prime minister. India helped Nepal during The 2015 Earthquake by launching Operation Maitri by sending Air Force and NDRF team And recently providing Nepal with medical supplies during Covid-19 situation. The people in Nepal don't want any clashes with India but Oli is again and again targetting India. The border issue was the first sign of revolt against India. And recently he said that Ram Ji was a Nepali and fake Ayodhya is in India and real Ayodhya is in Nepal. He said ""Till now we have remained under the belief that Ram, the man Sita married, was an Indian... he was not, he was a Nepali. Balmiki Ashram is in Nepal...",https://qph.cf2.quoracdn.net/main-qimg-503f1aa2893221801ceab1f8f6250a51-lq
Atharva Dave,Can you tell me something inspiring?,"Vikram Batra,one of the bravehearts of Indian Army. He fought for India in the Kargil War and lost his life at the age of 24 for the nation. Let me take you through his life story. First I would like to mention about his love story and how much he cared about Dimple Mam(his love) The couple used to be apart a lot because of Batra’s mission and whenever she used to get pressurised for getting married, he would always tell her, “Take care of what you like, or you will be forced to like what you get.” It was a ritual for the couple to visit the Mansa Devi temple and Gurudwara Sri Nada Sahab. During one such visit, while doing parikrama, he was holding her dupatta and on completing the parikrama said, “Congratulations, Mrs Batra!” On one of his next visits, when Dimple raised her concern of marriage, he took a blade out of his wallet, cut his thumb and filled her ‘maang’ with his blood. And this was the response he gave to his love on asking for his return. And the bravery he showed in the war is remembered by many. In the below picture,the gun is the one he snatched from the enemy soldiers while capturing one of the bunkers. He had Captain Anuj Nayyar by his side an the troops split into two groups. Captain Nayyar’s troops consisted of 7 personnel, and they succeeded in locating 4 enemy bunkers. The Captain fought bravely against the enemy soldiers. The tenacity displayed by him in that situation is unparalleled. He managed to kill 9 Pakistani soldiers and destroyed three medium machine gun bunkers. Under his leadership, the platoon successfully cleared three of the four bunkers but while clearing the fourth bunker, a grenade from the enemy’s side fell directly on Captain Nayyar. Despite being severely injured, he continued to lead the remaining men in his company. It was only after clearing the last bunker that he breathed his last on 7 July, 1999. On the other hand amid thick fog, Captain Batra and his men set out to climb to the top of the peak 4875 (approx 16,000 feet high) not worrying about the enemy firing with a heavy machine gun from the top. This strategic point was crucial to India's major push to regain dominance in the regions occupied by the Pakistani military forces. Captain Batra valiantly led his troops and fought the infiltrating Pakistani army tooth and tail. From braving bullets to physical blows, he commanded a team of exemplary bravehearts. However, Batra ran out of luck when he was faced by a machine gun nest manned by a Pakistani army man. Such was his nobility, he asked the Subedar with him to take a step back because he had a family and took the lead. He braved the enemy bullets but a stray splinter from a rocket-propelled grenade hit Captain Batra in the head and he collapsed immediately. At last every Indian knows the slogan that Sher Shah(Vikram Batra codename) used to say The heart wants more. Captain Vikram Batra received the Paramvir Chakra while Captain Anuj Nayyar received Mahavir Chakra for their bravery.",https://qph.cf2.quoracdn.net/main-qimg-bcec64d2eb7c9d1b9bd2e767bd8b1dec-lq
Atharva Dave,What are the shortest and deep meaningful quotes?,Chandler has and will amaze people everytime with his sarcasm. 1. 2. 3. 4. 5. 6.,https://qph.cf2.quoracdn.net/main-qimg-e978fbc2d243a323ebdd92ac02488b3f-lq
Atharva Dave,Former gangster Vikash Dubey has been killed in an encounter. Is that a planned encounter? What is your view on this?,"After the Hyderabad encounter,everyone was hoping that Vikas Dubey would get similar treatment. And he got. First of all,if the interrogations that were done yesterday after he was arrested have significance,then this encounter is great. Otherwise,the connections he had would get another man doing the things that Vikas did. People are raising various questions. When he was arrested,they said that he was arrested because he would do his work from jail. And when he was encountered,they said that he had names which would come out so the police shot him. The interrogations yesterday if done properly, At last,the man who did many murders has been murdered in a Simmba style.",https://qph.cf2.quoracdn.net/main-qimg-3b1629644e36a609d4f7ba2831675512-lq
Atharva Dave,What are the things that hurt school students?,"1.First things first, Surprise Test. 2. Completing homework but leaving it at home and getting punished next day. 3. When you have done something wrong and PTM is scheduled around that time. 4. When you are standing outside and principal comes. 5. When you and your friend both are talking but only you are asked to get out 6. Teacher’s remarks reaching a number when your parents are to be called. 7. PT period or free period going to any other teacher. 8. This scale 9. When you are told to change your seat. 10. Last day of school",https://qph.cf2.quoracdn.net/main-qimg-7cf3b1c70faf9157a1c9b8886350bcbb-lq
Atharva Dave,Why is “#VikashDubeyArrested” trending on Twitter?,"WORK DONE! The man who was on a run for many years first for shooting down a minister in UP government years ago and now recently taking the lives of 8 UP police officers. How he was arrested: He was spotted at the Mahakal Mandir in Ujjain,Madhya Pradesh where he was buying prasad and the shopkeeper recognised him and alerted the guards. So as soon as he came outside,he was caught by guards. He showed his fake id and tried to escape but then he got in a fight with one of the guards and when he was caught and proved,he shouted loudly. “Main Vikas Dubey hoon,Kanpur wala.” He has many connections in every sector and hope he doesn’t escape and after interrogation,he is given the punishment he deserves and the policemen get justice.",https://qph.cf2.quoracdn.net/main-qimg-960306aef0387b3056940960751b92c5-lq
Atharva Dave,How would you describe a 'typical Indian mother'?,"1.First beating her child and then coming to him/her asking to eat. This logic will never be understood,it has both anger and love but she will never eat without you eating. 2. Bas ek roti aur khaa le.(Take one more roti) This will never end as she will always first make her child’s stomach full. 3. Mobile mein ghus jaa.(Go into your mobile) 4. When you ask her to wake you up at 8 am and she wakes you up at 7 am saying 9 baj gaye. 5. If you have not finished your tiffin,then you are gone. 6. Blackmail you when you don't listen to her. And you won't be able to prove it as she would never listen to you when she is talking. 7. Making you eat things that you don't like by one or the other way. 8. The trap of Indian Parents 9. Dahi Shakkar before exams 10. The royal treatment that you get after you return home after a long time. Quite enjoyable. At last Indian Moms can blackmail you,beat you or complain to dad but will always love you.",https://qph.cf2.quoracdn.net/main-qimg-ff3c5b924fae04d4ff8b258dca954316-lq
Atharva Dave,"Who is Vikram Batra, and why is he trending on Twitter?","Vikram Batra,one of the bravehearts of our Indian Army. Sher Shah of Kargil. He lost his life fighting for our country in the Kargil War on this date. In his childhood, he told his mother “Money is not everything in life; I have to do something bigger in life, something great, something extraordinary, for my country.” He was always committed for our country. You should read his love story Vikram Sir and Dimple Mam used to be apart a lot because of his mission and whenever she used to get pressurised for getting married, he would always tell her, “Take care of what you like, or you will be forced to like what you get.” It was a ritual for the couple to visit the Mansa Devi temple and Gurudwara Sri Nada Sahab. During one such visit, while doing parikrama, he was holding her dupatta and on completing the parikrama said, “Congratulations, Mrs Batra!” On one of his next visits, when Dimple raised her concern of marriage, he took a blade out of his wallet, cut his thumb and filled her ‘maang’ with his blood. Though the couple had only four years of association, Dimple is living her life in the loving memories of her beloved Captain Batra. And the valour of him will always be remembered by the country. The point which he captured was renamed to his name. In one of the situations,when the enemy was uphill and hard to capture he pushed one of his men aside by saying “Tu Bal Bachhe wala hai.” and he himself took charge and destroyed all the bunkers with his friend Captain Anuj Nayyar. His colleagues at the point which he captured He always had his country first and then his love and his family and we lost him at the age of 24. He was awarded the Param Vir Chakra for his bravery. His father GL Batra, being honoured on the occasion on 10th anniversary of Kargil War as Captain Vikram Sir would be very happy watching from heaven. At last,he would always love to say",https://qph.cf2.quoracdn.net/main-qimg-dc8b063d1dad20224f32f68dc413e280-lq
Atharva Dave,"Who were the bravest soldiers in the history of the Indian Army, and why?","Captain Anuj Nayyar His childhood story When Anuj was in Std. X, he met with a severe accident where the muscles of his leg were torn completely from the knee to the toe. As a 16-year old, he went through 22 stitches without anesthetist. He told me that 'pain lies in the brain not in the leg'. In 1999, during the Kargil war in Jammu and Kashmir, Indian Army called out for its brave soldiers to safeguard the nation against the enemy. Capt. Nayyar was given the operation to secure Point 4875, also known as ‘Pimple II’, which was considered to be a strategic location on the western side of Tiger Hill. It was occupied by Pakistani infiltrators at that moment. Getting its possession back was a top priority for the Indian Army. During the initial phase of the attack, the platoon was deeply wounded. It was then decided that the team will split into two groups, one of them was being led by Captain Anuj Nayyar. Captain Nayyar’s troops consisted of 7 personnel, and they succeeded in locating 4 enemy bunkers. The Captain fought bravely against the enemy soldiers. The tenacity displayed by him in that situation is unparalleled. He managed to kill 9 Pakistani soldiers and destroyed three medium machine gun bunkers. Under his leadership, the platoon successfully cleared three of the four bunkers but while clearing the fourth bunker, a grenade from the enemy’s side fell directly on Captain Nayyar. Despite being severely injured, he continued to lead the remaining men in his company. It was only after clearing the last bunker that he breathed his last on 7 July, 1999. He was awarded the Maha Veer Chakra which sadly he was not there to receive. You may have seen his role being played by Saif Ali Khan in the movie LOC Kargil.",https://qph.cf2.quoracdn.net/main-qimg-a2f6749b29191723ccc2278c994c28ed-lq
Atharva Dave,Has General GD Bakshi tarnished the image of our army?,"You can always see confidence in this brave man’s eyes. He has served in Indian Army for 38 years and fought the 1971 and Kargil war. If you are loyal towards something and someone says something against it,anyone can get provoked and this is the attitude of this brave man. You may also know about this Sir Sam Manekshaw who when interfered by Indira Gandhi in army matters didn't listen to it and replied back. Indian Army men give their hearts in fighting for their country and if someone doubts them,they take it as their responsibility to reply back. And that is what Major General G.D.Bakshi Sir did.",https://qph.cf2.quoracdn.net/main-qimg-9981d73d8687647400fef7310810355f-lq
Atharva Dave,Is Afghanistan an ally of India?,"2. Restoration of Salma Dam which is also the symbol of Indo-Afghan friendship. 3. India has provided $650–750 million in humanitarian and economic aid, making it the largest regional provider of aid for Afghanistan. 4. Building cricket stadium for Afghanistan in Kandahar. 5. Providing buses to the transport system. India has been getting benefits back from Afghanistan. New Delhi has obvious, vital interests in Afghanistan, including the urge to counter Pakistan’s influence there and secure Kabul’s friendship in the process. The Zaranj-Delaram road, for instance, is strategically important not only for Afghanistan, but also for India. It connects the border town of Zaranj with the city of Delaram, thereby establishing better communication between the Iranian border and Afghanistan’s most important transport avenue, the Ring Road (which links the country’s biggest cities and passes through Delaram as well). As landlocked Afghanistan is very dependent on transit through Pakistan, such infrastructure elements make other options easier: in this case, a part of Afghan transit can pass through Iran. This is something both the government in Kabul and New Delhi are happy about. In a grander scheme of things, the Zaranj-Delaram road will become a part of a developed infrastructure chain that will reach from Iran’s Chabahar port to Delaram. The construction of the road was financed, completed, and partially protected by Indian institutions. Similarly, the India-supported Shahtoot dam project, if realized, may result in stopping more Kabul River waters in Afghanistan, reducing the amount flowing downstream to Pakistan. The ties between India and Afghanistan have strengthened since 2001.",https://qph.cf2.quoracdn.net/main-qimg-5570329bc79950bf4db3a25e65a7ce52-lq
Atharva Dave,Why is GD Bakshi trending on Twitter?,"If someone follows Indian Army, that person would definitely know this man. He is Major General G.D.Bakshi. A proud soldier of Indian Army who fought for us both in 1971 and Kargil War. He has served our Indian Army for 38 years. And if someone says anything provoking against our Army, he should be humilated. And what better than this,Major Gen. G.D.Bakshi gave a mouthful to another person on a debate live on TV. Go through the video He deserved it. G.D. Bakshi Sir was getting provoked by the remarks that he was making throughout and Major Gen. Bakshi Sir made that man shut his mouth.",https://qph.cf2.quoracdn.net/main-qimg-9981d73d8687647400fef7310810355f-lq
Atharva Dave,Why did PM Modi make a sudden visit to Leh on 3rd July?,"PM Modi sending a strong message. In the rising tensions between India and China,PM Modi along with CDS Bipin Rawat travelled to Leh to assess the situation. In the below picture,you would see how an Army Personnel was seen briefing the condition to our PM. When you have the Prime Minister and leader of your nation behind you,it automatically boosts up your confidence. With this visit,he will definitely make a point that India is not backing up and will fight it on the frontfoot. He will also visit our soldiers who were injured in the Galwan Valley and interact with them.",https://qph.cf2.quoracdn.net/main-qimg-5a2d0e43058b70988bb38a4a2052c3ac-lq
Atharva Dave,"Who is Shakuntala Devi, and why is she trending on Twitter?","Shankutala Devi Mam also fondly called the Human Computer. First of all sorry mam as she didn't like being called the Human Computer. If you closely follow the field of Mathematics,you may definitely know her. For those who don't know Shakuntala Devi attained universal fame when she demonstrated her ability to multiply two random numbers of 13 digits. She could mentally multiple 7,686,369,774,870 × 2,465,099,745,779 on 18 June 1980 and gave the correct answer as 18,947,668,177,995,426,462,773,730 within just 28 seconds. And also few more achievements She achieved a place in the Guiness Book of World Records. She defeated the fastest computer at that time. A movie on her will be getting released in which Vidya Balan would play the role of Shankutala Devi on 31st July on Amazon Prime. Hope Vidya Balan does full justice to the immense talent that Shankutala Devi Ji possessed.",https://qph.cf2.quoracdn.net/main-qimg-98fecdc0e96428808246af7c4aae6e6b-lq
Atharva Dave,What would you ban in India if you had a chance?,1.Blaming and pelting stones at our Indian Army. 2. Exploitation of Farmers 3. Child Labour 4. Filling forms and then admission in hospital also in case of emergencies 5. About to be extinct animals hunting and killing 6. Cutting Forests 7. Old Age Homes,https://qph.cf2.quoracdn.net/main-qimg-44db0a03a226f61e6e6e351322a963a8-lq
Atharva Dave,Why is “#Kashmir” trending on Twitter?,"We lost our one CRPF Jawan and one civilian in a terrorist attack in Sopore,Kashmir. The 60 year old civilian who lost his life after he was shot down when going to buy milk happened to be Nanaji of a child. So the child not knowing came towards his nana to wake him up. And the Jawans had to take the child out of the area as there was heavy firing. So the Army men took the child in their vans and gave him chocolates and biscuits. The Army men are in a gunfight till now. And it is said that 100 terrorists from Pakistan have crossed in here. So Army has been on high alert and they would definitely come out of this by shooting down the people who will harm the peace of our nation. It is said that 118 terrorists have been shot in last one year. And we should hope that our Army comes out of this with no casualties hereafter and eliminate the intruders.",https://qph.cf2.quoracdn.net/main-qimg-d5925a791a47fed55e86cfaf51730f00-lq
Atharva Dave,Why is “#KashmirBleeds” trending on Twitter India today?,"A terrorist attack happened in Sopore in Kashmir in which we lost one CRPF jawan and one civilian. The civilian who was shot down by the terrorists happened to be Nana of a child. So the child came up to his Nana so as to wake him up. As there was heavy firing,the kid had to be taken aside. So the army men took the child with them in their van and gave him chocolates and biscuits so as to make him quiet. There are some people who are comparing Kashmir with Syria. The Indian Army has eliminated 118 terrorists in one year. And Indian Army is always ready for any challenge. So stop saying Kashmir bleeds as our Army would make the terrorists bleed and maintain peace in our country.",https://qph.cf2.quoracdn.net/main-qimg-ae33c1053029d2886ba8156a057a0414-lq
Atharva Dave,Who is the greatest person whose contribution India has forgotten?,"The moustache man - Chandrashekhar Azad Ji He fought for our country and left this earth at just 24 years. It is said that when he was arrested in 1921 with Gandhiji, he gave his name as ""Azad"", his father's name as ""Swatantrata"" and his residence as ""Jail"". You may remember the Kakori train robbery,he was a key part of it as it is said that the organisation they were running would generate revenue for their future acts by robbing the British. He was also involved in many acts like the Saunders assassination with our Bhagat Singh so as to avenge the death of Lala Lajpat Rai. He would train the children of villages besides the jungle where he was staying so as to make them ready. He always would escape from the clutches of the police whether it be after Kakori robbery,Saunders assassination and when he tried to put bombs under the Viceroy’s train. He had a vow that he would never shoot at any Indian sepoy in the British army. And he had decided that he would not be caught by any Britisher. So when there was no way out he was surrounded by British soldiers all around still he killed 3 British soldiers and then shot himself with the only bullet remaining so as to keep the promise. The Park named Alfred where Azad Ji breathed his last was remained as Azad Park. The tree where he breathes last The statue of Azad Ji at the park He would say ‘Dushman ki goliyon ka hum samna karenge, Azad hee rahein hain, azad hee rahenge’",https://qph.cf2.quoracdn.net/main-qimg-84ae9a891ad081fef3c5efaf9b184420-lq
Atharva Dave,What are your views on the Indian government banning TikTok and 59 other Chinese apps?,"A befitting reply to the Chinese. There are many apps above that people have become accustomed to like Camscanner, Xender, Shareit, UC Browser. Earlier people tried to be vocal for local and broke their own things. We don't have to become like some Pakistani people who break their TVs and what is bought, the money has already reached them so we have to try to stop ourselves from further buying their products. But it will definitely take time to take out the Chinese products. The apps that are banned can still be used by people who have it downloaded and also while searching the apps on Play Store it will not show you them but in suggestions of its alternatives it still appears and people can still download it. If we really want to make this ban successful,we have to delete these apps ourselves and look for alternatives so as to give them a befitting reply.",https://qph.cf2.quoracdn.net/main-qimg-c643dfdd5c61b1c5733c4a1ee366afc4-lq
Atharva Dave,Why is “#Digital Air Strike” trending on Twitter?,Modi hai toh Mumkin hai. Bhai Power ho toh kya kuch nahi ho sakta hai. The Chinese thought that they would escape but in Modiji’s era you have to be ready for surprises. Government of India today banned 59 Chinese apps. This can be a befitying reply to the Chinese after what they did to our brave soldiers in the Galwan Valley. At last it is how sincerely the Indians follow it and make this ban successful by deleting these apps.,https://qph.cf2.quoracdn.net/main-qimg-00ff415923881e12bf1d160f40f7df96-lq
Atharva Dave,Why are people proud of the Indian Army?,"Recently we lost our braveheart Shri. Santosh Babu as the Chinese soldiers backstabbed him. To which this was the response We lost our 4 army men 2 months back in Handwara while terrorists had people as hostages. They rescued the people but lost their lives. And then after 4 days the Indian army shot down the Hizbul commander Riyaz Naikoo The terrorists martyred our valiant soldiers in Pulwama To which the Indian Army conducted a surgical strike Everyone would remember this picture where 93,000 Pakistani soldiers surrendered. #NeverMessWithIndianArmy",https://qph.cf2.quoracdn.net/main-qimg-de604b337c61e6f3cddfd66da50c13ea-lq
Atharva Dave,What is the most pointless rule in your school?,"1.Let's put out the blame first. They didn't let the boys and girls sit together due to which many boys after growing up are not able to communicate or talk with the girls properly. 2. ID Card showing at the entrance gate. If not brought wait at the gate till your parents bring it and then only you can enter inside. 3. If you have not brought a notebook,stand outside for half the lecture or maybe the whole lecture. Warnings upto 3 times would do but everytime it should not be done as maybe the student would have forgotten it at his study desk and then there is that extra work to ask from classmates and completing before the next lecture. 4. Late remarks Maybe that would be due to traffic or bus getting late 5. Polish Shoes If someone doesn't do deliberately then he should be punished but if someone’s shoes have become dirty due to people stepping over it,then the punishment can be avoided. 6. No Talking If we ask any questions to our partner then also we would get punished for talking. 7. This has no significance as the person would write,show it and forget. At last no offence to anyone. Our schools have enough fond memories for us to cherish.",https://qph.cf2.quoracdn.net/main-qimg-188320708d38e24e963ecdddd197045a-lq
Atharva Dave,Why is #SamManekshaw trending on Twitter?,"If anyone follows Indian Army closely, you would know about this braveheart. Field Marshal Sam Manekshaw He was the first person to be promoted to the position of Field Marshal. So today is the 12th death anniversary of this braveheart. Lets go through the epic replies of him to Indira Gandhi,Pakistan and many more. He has always been an inspiration to the people joining our Indian Army. He would definitely be proud of all the operations that our army has conducted since he went to heaven.",https://qph.cf2.quoracdn.net/main-qimg-5860d90702d93a238803f001668493da-pjlq
Atharva Dave,What are the advantages of being an Indian Army person?,"1.The country that has given you everything you return it back something by guarding it. Just like a mother first teaches her child and when the child grows,he returns it back by giving all the love and respect to her. 2.The amount of respect the Army People get which they definitely deserve. When the Army men return back from duty,the town people celebrate as if their own child returns “Fouji Sahab wapas aa gaye hai.” 3. Killing all the people who may cause disruption in our beloved nation. 4. Getting to know various parts of India due to different postings. At the same time,the new surroundings for the family would trigger them for adjustment. 5.Friends for life. An incident I experienced which shows how humble they are A retired army man was an old friend of my family. So one day he asked us to come with him to the army canteen. I was maybe 9 years old at that time so didn’t know much but my father said that they have everything anyone may want and he told me that you may also see some army men there. So I became excited. When we reached there,I saw variety of things there at less prices.Then I spotted a man with pants of army colors. And I don’t know what was the intuition but I saluted him. To which that army man saluted me back proudly and then shook my hands and asked me my name. And this was my first meeting ever with an army man. At last we as citizens should not remember them on Republic Day and Independence Day only but everyday because of them we are safe at our homes.",https://qph.cf2.quoracdn.net/main-qimg-d5443895f1e6436a29d489e2e168871b-pjlq
Atharva Dave,"Who is Karishma, and why is she trending on Twitter?","Karishma Bhosale is a lady who lives in Mankhurd,Maharashtra. The Issue She has a mosque in front of her house and everyday there is azaan. So as many people would know it is played on loudspeaker and due to this,she contacted the mosque. She genuinely asked the mosque to lower the volume of loudspeaker. But then the people asked her to shift her house if she has any problem with it. People started to come out in front of her house to threaten her. Karishma Bhosale on Twitter So she contacted Anshul Saxena to help her To which police protection was provided but once again to no avail as police is also targeted. Karishma Bhosale on Twitter Hope she gets justice as she didn’t ask for stopping the azaan loudspeaker but for just lowering the volume.",https://qph.cf2.quoracdn.net/main-qimg-511faea2448c71351a7c75a8da0cfd32-lq
Atharva Dave,What are you waiting for in India?,1.Picture of APJ Abdul Kalam Sir on currency notes. 2.Permanent seat in UN Security Council. 3.More movies like Chhichhore about college life and no more movies like SOTY. 4.ISRO rising up. 5.Tech Industry growing and software engineers instead of moving to US staying here 6.Middle class people getting equal benefits. 7.Employment rate at peak 8.Armed forces getting recognition from citizens 9.Modern Schools 10. India once again becoming what it was called earlier “Sone Ki Chidiya.”,https://qph.cf2.quoracdn.net/main-qimg-8b83b4390c021b3ce258b451e34877bb-lq
Atharva Dave,What are some amazing facts about the Indian Railways?,"1.The resonance frequency of the suspension for the coaches is kept as close as possible to 72 bpm or 1.2 Hz while designing which is optimal for sleep and relaxation. 2.The diamond crossing (dubbed so by railways themselves), in Nagpur, is one-of-its-kind, from where trains go East, West, North and South. 3.The Indian Railways is the 8th largest employer in the world with 14 lakh employees. 4.The IRCTC website is the second most visited website in India. 5.The under-construction Chenab railway bridge, in Reasi district, J&K, is expected to be one of the highest rail bridges in the world, when completed. 6.The famed Darjeeling ""toy train,"" which is still running on its indigenous steam engine, was built by India's British colonial master in 1881. 7.The track length of Indian Railways can circle the equator one and a half times. 8.Shrirampur and Belapur are two different stations in Maharashtra's Ahmednagar district, at the same location on the railway route but on opposite sides of the track. 9.Indian Railways runs as many as 19,000 trains every day. Some 12,000 trains are for passengers and 7,000 for freight. 10.The railway station of Navapur is built in 2 states; one half of it is in Maharashtra and the other half is in Gujarat. And another station named Bhawani Mandi is also divided into two states Rajasthan and Madhya Pradesh. 11.Indian Railways did not have a toilet for 50 years until one passenger wrote an angry letter to Indian Railways.",https://qph.cf2.quoracdn.net/main-qimg-bbe9fad1232191ca1c0c1ef001ca247d-lq
Atharva Dave,What are some epic tweets related to the CBSE?,CBSE announced the cancellation of board exams of Class 10th and 12th. Memes were circulating even before the announcement. So here are some of those,https://qph.cf2.quoracdn.net/main-qimg-0cc7656a434cd96924b1937c1c1ba130-pjlq
Atharva Dave,What are some things that happen only in India?,"Instead of appreciating the beautiful places in India itself, the people just plan to visit other countries for picnic. If we visit our own country’s great tourist spots,this life would be less. See the below pictures Manali Auli Mussoorie Shimla Natural beauty is everywhere so why not start with our own country. Secondly Some people doubt our armed forces It is quite irritating When India conducted Air Strikes on Balakot they asked for proof,some people asked as a matter of pride but some just doubted our forces. Many countries fear our armed forces but by doubting we reduce their credibility. See our armed forces. We should be proud of our nation.",https://qph.cf2.quoracdn.net/main-qimg-0d00dcbcb7cb14bef9ebdc362d9de6a7-lq
Atharva Dave,"Why is ""Digvijaya Singh"" trending on Twitter?","Congress leader Digvijaya Singh is always in the news due to controversies. This time it is because of his cycle parade in Bhopal. He protested against the petrol prices which have rised to an all-time high. And without maintaining social distancing,he did a parade with his fellow party workers. It is not the right way to grab attention or protest and FIR has been lodged against them.",https://qph.cf2.quoracdn.net/main-qimg-61eeecd067d2a84f64060d50c9449c17-lq
Atharva Dave,What is the best Tweet you have ever seen?,Recently saw this tweet of Paresh Rawal Ji. Our Babu Bhaiya greatly made us understand the difference between reel life heroes and real life heroes. Jai Hind.,https://qph.cf2.quoracdn.net/main-qimg-658dfda5c5f36f0d5ded465f41ab823b-lq
Atharva Dave,Why is “#UnsubscribeTSeries” trending on Twitter India?,"Few days Sonu Nigam had said that there are two Music Mafias in Bollywood industry that govern the whole music industry. They snatch their songs and give it to singers who are closely associated with their company. And he further added that now suicide news from music industry will also come up. People started guessing the names. And now Sonu Nigam has revealed the name as T-Series and its boss Bhushan Kumar. Sonu Nigam said that “Now, I need to take Bhushan Kumar’s name. You’ve instigated the wrong person. You forgot that time when you came to my home and pleaded me to do one album for you, pleaded me to introduce you to Subrata Roy, Smita Thackeray, Bal Thackeray… Pleaded me to save you from Abu Salem. Do you remember all this? I’m warning you not to engage with me in any manner. Hope you remember Marina Kuwar. I don’t know why she backed out, though the media knows. That’s how mafia functions. I still have her video. Now if you mess with me, I will post that video on my YouTube channel. Don’t you dare mess with me,” And in another chat with Vivek Agnihotri,he revealed about it. And now Divya Khosla Kumar,wife of Bhushan Kumar has come out and said “#sonunigam ji TSeries ne aapko industry mein break Diya… aapko itna aage badaya …. agar aapko itni hi khundas thi Bhushan se toh phele kyun nahi bole … Aaj publicity ke liye kyon kar rahe hai … Aapke pitaji ke khud maine intne videos direct kiye jiseke liye woh Hamesha itne shukar guzar rehte thee … But some people r thankless #achasiladiyatunemere pyaarka (Sonu Nigam. Translation: T-Series helped you flourish in your career. If you had so much problem with Bhushan, why didn’t you say it earlier? Why are you doing this for publicity? I have directed your father’s videos and he has always been so thankful for it)” All the black acts of Bollywood are coming out one by one after we lost our Sushant sir.",https://qph.cf2.quoracdn.net/main-qimg-ab3c8316072765f84a1543b2d1701da2-lq
Atharva Dave,How was India capable of killing 40+ Chinese soldiers where as China was able to kill 20 Indian soldiers with them using no guns. Are Indians better at physically fighting/martial arts than the Chinese?,"The PLA backstabbed our braveheart Santosh Babu to which the Indian army soldiers got pumped up. A leader in the army is like a father or guide to all the troops. So the Indian Army soldiers attacked them with full force. It is said that they crushed the necks of enemies and hit their faces with stones. And when the news spread,the Ghatak commandos also came up. They are well known for close combat attacks. And can destroy the enemy in one-on-one situations. It is said that the Indian soldiers snatched the rods and weapons from enemies and hit them with it. And they went after the enemies when they were running away. These are the soldiers that China released. So the Indian Army took the revenge of their commander and he would definitely be proud of them seeing from heaven. At last #NeverMessWithIndianArmy",https://qph.cf2.quoracdn.net/main-qimg-de604b337c61e6f3cddfd66da50c13ea-lq
Atharva Dave,What happened to you today that was completely unexpected?,"Definitely dreadful at first but quite enjoyable remembering it. It was Surya Grahan (Solar Eclipse) today. Me and my mother got stuck in my Mom’s mother’s home. Then after 3 months we got a flight ticket to go back which got cancelled due to less people booking tickets. Then we changed the ticket and shifted it to today. And you want green light in Aarogya Setu to pass the security check. When taking the self-assessment check while installing it,I got the green light. But now the story shifts at the airport So as we arrived at the airport the internet stopped working due to which the app stopped working. Then to my surprise as the internet started working,it flashed LOW RISK OF INFECTION And then I got shocked as then the airport authorities would stop me and take me for some tests. So I closed the app and moved myself away from the counter and to my relief it showed YOU ARE SAFE",
Atharva Dave,Why is Abhay Deol trending on Twitter? What has he revealed?,"Discrimination and nepotism in Bollywood are on an all-time high nowadays. And due to it, after losing Sushant sir, people are speaking against it. Recently, Abhay Deol from the film Zindagi Na Milegi Dobara has spoken against it. The movie was definitely not centered on a lead actor and actress, it had a contribution from every cast member. And this how people in the industry can sideline actors so as to get fame and recognition. Farhan and Abhay played a brilliant part alongside Hrithik and similarly, Kalki played a great role alongside Katrina. And this is how the people in Bollywood rule it and manipulate film’s cast to awards to their careers.",https://qph.cf2.quoracdn.net/main-qimg-b22852d40790a5f8cce8d4c945341d89-pjlq
Atharva Dave,Why is Zakir Hussain trending on Twitter?,"It is trending because of the Ladakh BJP leader Jamyang Tsering Namgyal who at one time just shook the whole Parliament. He has how released an audio of Congress leader Zakir Hussain who is saying all ill things about our nation’s fight with China. The conversation goes like ""These Chinese people have outsmarted our Indian troops and gone in Galwan. They (Indian soldiers) had weapons and they did not fire,"" says the voice allegedly belonging to Hussain. When his alleged aide asks what will happen next, he adds, ""Nothing is going to happen there, half of the part should be taken away by China. Ladakh should be broken into 1000 pieces and we will get back Article 370."" Continuing on the pro-China vein, he allegedly adds, ""China's foreign minister claims that he will free Ladakh soon from India and Kashmir will...",https://qph.cf2.quoracdn.net/main-qimg-96e1b93358ecc789ad9881fec055c9bc-lq
Atharva Dave,Why is “#CBIEnquiryForSushant” trending on Twitter?,"Many of the news articles and tweets point towards a conclusion that it may not be a suicide. The picture that is circulating Four days before,his manager died by committing suicide Disha Salian And then the day after his death,his bhabhi also died because of shock. And recently there are pictures circulating of Rhea Chakraborty and Mahesh Bhatt All this definitely points towards something fishy. Mumbai Police has now asked Yash Raj Films to submit a copy of contract signed by Sushant and moving ahead with further interrogations. Rhea Chakraborty was interrogated yesterday for approximately 10 hours by Mumbai Police. So definitely CBI should be handed the matter so as to investigate it. But whatever happens we lost a true gem.",https://qph.cf2.quoracdn.net/main-qimg-2a96b01eafaf61e8b9f9ea215fe0578b-lq
Atharva Dave,Who are your favourite Quorans with more than 1K followers?,1. Samantha Kannan [ https://www.quora.com/profile/Samantha-Kannan ] - Just love the way you write about India. 2. Anubhav Jain [ https://www.quora.com/profile/Anubhav-Jain-179 ] - He has a solution for every problem. 3. Mehul R Anghan [ https://www.quora.com/profile/Mehul-R-Anghan ] - Admire the way he bluntly speaks the truth. 4. Gopalkrishna ...,
Atharva Dave,Why is #WeStandWithIndianArmy trending on Twitter?,We will support Indian army more than how we support our celebrities. The celebrities get recognition and fame after anything but our bravehearts also deserve more attention than them. They don't think twice about anything and when the situation demands they go for it even if they have to risk their lives. We lost our 20 men who were defending against Chinese soldiers in the Galwan Valley. See the below pictures This is Havildar Palani with his family and he sacrificed himself for the nation and put motherland in front of his family. This is Colonel Santosh Babu who also sacrificed his life and the pain that his family would have to go through after his sacrifice for the nation. We should stand out with our bravehearts because of their sacrifices we are leading a peaceful life.,https://qph.cf2.quoracdn.net/main-qimg-49b8fa021e2f2d5edad8289a31e2a98e-lq
Atharva Dave,"Why is ""Rohit Vemula"" trending on Twitter?","This is a case of Tit for Tat. Rohit Vemula committed suicide in 2016 by hanging himself and the suicide note read “I forgot to write the formalities. No one is responsible for my this act of killing myself. No one has instigated me, whether by their acts or by their words to this act. This is my decision and I am the only one responsible for this.” But the liberal Swara Bhaskar started to utter many things against Government that they were responsible for Rohit’s death. And now when our true gem,Sushant hanged himself,when the reasons came out. It was seen that he was ignored by many industry prople as he was not a star kid.And people started trolling Karan Johar and various star kids. So Swara Bhaskar came out So when Rohit committed suicide she came out and blasted without any proof so how can she talk and defend. This only proves her as biased.",https://qph.cf2.quoracdn.net/main-qimg-efc14c425eace973a3b56a6487af7257-lq
Atharva Dave,Why is Shraddha Kapoor trending on Twitter?,"Shraddha Kapoor co-starred with Sushant in Chhichhore and here she was with his family in their tough times. She didn't believe in condolences that are given by celebrities on social media. Instead she arrived at his funeral to get the glimpse of her friend and be with the family. Not many would take the risk of coming out in this deadly virus time and Mumbai rains but she came as a true friend. She was not allowed in the funeral inside as there was only a limit of 20 people. Shraddha Kapoor arrived first at the funeral site,the Vile Parle Samaj Shmashaan and she stood there till the funeral was finished. #TrueFriend",https://qph.cf2.quoracdn.net/main-qimg-e353e827c893be10ce4c90fb48268ef6-lq
Atharva Dave,Why is #BoycottAirAsiaIndia trending?,"Air Asia India doesn’t care for the safety of their passengers and when our Flying Beast (Gaurav Taneja) raised voice against it,he got suspended. Gaurav Taneja was a pilot in Air Asia. He then made a Youtube video to give the reason behind his suspension. Air Asia is now trying to convince him. People are now lodging complaint against Air Asia for playing with the safety of their passengers. They used to save approx 10 kg. Fuel just to save themselves some money but when now they are exposed they would have to pay huge losses in the form of customers.",https://qph.cf2.quoracdn.net/main-qimg-8c24802f443d220542203e03fa90d145-lq
Atharva Dave,Was Sushant Singh Rajput depressed?,"A person who has achieved so much at this early age would definitely not have any problem of money. He did great films that taught everyone something like Chhichhore,Kai Po Che,MS Dhoni. A week ago his manager also committed suicide by jumping off a building. He had age on his side. He had experience on his side. And one more thing he had talent on his side. So there would have been no visible reason for his suicide except for something that would have been breaking him from inside. He had his marriage scheduled in November as said by sources. He was dating Rhea Chakraborty. He had tried to convey his depression by his Twitter profile. The painting in his profile looks like a random photo but it was a painting a person named Van Gogh drew when he battling chronic disease and depression. He taught people through his film Chhichhore that suicide is not the solution to failure but he didn't obey it. The last smiles which will always remain in everyone's hearts.",https://qph.cf2.quoracdn.net/main-qimg-bfb17b1f9667b49d20517a552e3cac23-lq
Atharva Dave,Why is #Justice4RituparnaPegu trending on Twitter?,"A person lost his life just because he argued with a person? Rituparna Pegu,a Hindu resident of Guwahati was killed brutally by five Muslim men after an argument in a shop. It is said that Rituparna Pegu was at a shop named Armaan Home Furnishing which belonged to Armaan Ali. The murderer, Hussain Ali, was an employee at the store. A heated argument ensued between the victim and Hussain, over a chair to which Pegu slapped him. Then Ali called people and stabbed him from behind with a knife. Pegu had a wife and a small child. People have come out in protest to get justice for this brutal act. The accused, identified as Dulal Ali, Ibrahim Ali, Manowara Khatun, Hussain Ali and Arman Ali, were arrested ...",https://qph.cf2.quoracdn.net/main-qimg-8d38f0848c6794081301ef9b7f2e84c5-lq
Atharva Dave,"Why is ""savehindus"" trending on Twitter India?","Rituparna Pegu,a Hindu resident of Guwahati was killed brutally by five Muslim men after an argument in a shop. It is said that Rituparna Pegu was at a shop named Armaan Home Furnishing which belonged to Armaan Ali. The murderer, Hussain Ali, was an employee at the store. A heated argument ensued between the victim and Hussain, over a chair to which Pegu slapped him. Then Ali called people and stabbed him from behind with a knife. Pegu had a wife and a small child. People have come out in protest to get justice for this brutal act. The accused, identified as Dulal Ali, Ibrahim Ali, Manowara Khatun, Hussain Ali and Arman Ali, were arrested based on CCTV footage of the shop. Some of the tweets Friends are not who help you in foing bad acts but those who refrain you from doing it. They supported their friend in this bad act. And killing people just for an argument is not acceptable.",https://qph.cf2.quoracdn.net/main-qimg-8d38f0848c6794081301ef9b7f2e84c5-lq
Atharva Dave,"If Indian states could speak, what would they say?","And together we represent the most diverse nation in the world,India. P.S. I have written about states which I know and please you can suggest for the states not mentioned and also for the states mentioned if you find any new point.",https://qph.cf2.quoracdn.net/main-qimg-f305520db34390d8979ccab0d9cd0ff9
Atharva Dave,Why is “#ParleG” trending on Twitter?,"The evergreen biscuit which you may find at any shop and everybody's favourite. The company had started in 1938 and from then on never disappointed its customers. And they now set new records for themselves by recording the highest sale in March and April month during lockdown. One of the managers talking to media said “We’ve grown our overall market share by nearly 5%... And 80– 90% of this growth has come from the Parle-G sales. This is unprecedented. During the lockdown, Parle-G became the comfort food for many; and for several others it was the only food they had on them. This is a common man’s biscuit; people who cannot afford bread – buy Parle-G. We had several state governments requisitioning us for biscuits… they were in constant touch with us, asking about our stock positions. Several NGOs bought humongous quantities from us.” Happy that the biscuit that many children of 90s and 2000s loved has achieved new heights. Some of the tweets True",https://qph.cf2.quoracdn.net/main-qimg-d781fe383b50aa902d7aa589a95f766c-lq
Atharva Dave,"Why is ""IStandWithAmit Shah"" trending on Twitter?","As Bihar elections are coming closer,everyone is doing virtual rally in Bihar. First Tejaswi Yadav copied Modiji’s style and did the “Thali Bajao,Taali Bajao.” So Amit Shah did a virtual rally and did the election campaign So people started targetting Amit Shah for campaigning in this pandemic to which BJP people started the trend Some of the tweets",https://qph.cf2.quoracdn.net/main-qimg-0707812c7761ba3962cb6a10e9755542-lq
Atharva Dave,Why is #studentlivematter trending on Twitter?,The best picture that depicts the situation of students. And another news article that is surfaced on the internet Many state governments have declared that final year exams will not be conducted and they would be handed their degree. But some states have asked to appear for final year exams. And many governments are asking to reopen schools in J...,https://qph.cf2.quoracdn.net/main-qimg-9556f380df48a1ffacebeaa68295d54c-lq
Atharva Dave,What are the most interesting facts about Hinduism?,"1.Hinduism is the third largest religion(in truth Hinduism is not a religion but a way of life) in the world after Christianity and Islam. 2. 108 is a sacred number in Hinduism and it is considered auspicious because the average distance of the Sun and the Moon to Earth is 108 times their respective diameters. 3. Buddhism and Jainism were both derived from Hinduism. 4. The original name in Sanskrit for Hinduism is Sanātana Dharma. The word Hindu or Indu was used by Greeks to describe the people living around the Indus River. 5. Om, also Aum is the most sacred syllable, symbol or mantra in Hinduism. It is often chanted before a mantra or independently. Om is thought to be the sound of the Universe or Brahman as sound. 6.The Kumbh Mela is the largest spiritual gathering in the world. 7. The largest Hindu temple in the world is not in India but in Cambodia. 8. Nepal was formed by a Hindu saint, Ne Muni. 9. Rig Veda,one of the four Vedas is one of the oldest written books. 10. There Is No Founder of Hinduism. 11. Hinduism believes in a circular concept of the timeline rather than a linear concept. Right now we are in Kali-yuga. At the end of Kali Yuga, an apocalypse will come to destruct anything and everything for the recreation of the Universe and Multiverse. Sources",https://qph.cf2.quoracdn.net/main-qimg-cb2c75fd04cf766c74e4db7dcf3b9d9c-lq
Atharva Dave,Why is #JusticeforChutki trending on Twitter? Who is Chutki?,"Chutki is a character from the comedy show Chota Bheem. She has always been an evergreen friend of the main character Bheem. But there was news that he is going to marry Indumati,the princess of the province. So people are trending JusticeForChutki as she didn't get the love and respect back. And it was said that Bheem is a gold digger as he chose money and fame over true love. Some of the tweets and memes",https://qph.cf2.quoracdn.net/main-qimg-5c05b1c7ab9ef9e243ad64075dcb3b0e-lq
Atharva Dave,Why is '#ArrestSwaraBhaskar' trending on Twitter?,Another video of her spreading hatred has surfaced over the internet. Swara Bhaskar is always in the news for doing something provoking and this time it is because of a video of her provoking people about CAA that was recorded 6 months ago. then she posted this Promoting people for violence has got people to come forward and start this trend. She was spotted in the speech with another leftist Her response And some other tweets showing the outrage She is never taken to any court even after such rants and provoking speeches.,https://qph.cf2.quoracdn.net/main-qimg-963da5e269088ee0449d02a63571d494-lq
Atharva Dave,Why did Twitter restrict the Amul account?,Twitter temporarily restricted any activity on Amul India Twitter account because of the tweet by Amul India about boycotting China products. And another one And the pic how it looked Recently Amul has launched a campaign against China products with the slogan EXIT THE DRAGON And in that respect they tweeted this. The justification provided by Twitter is Twitter has said in its statement that Amul's account was not blocked due to any campaign or cartoon. The real reason for this was security. Twitter usually performs a security checkup every few days. During this time users are asked for login verification code and after a long time the account is temporarily blocked after verification code is not received.Twitter has clearly stated that the account was not caused by suspension content. Twitter has also said that the account was neither suspended nor banned. So Twitter within a matter of hours started the activity back on Amul India Twitter account.,https://qph.cf2.quoracdn.net/main-qimg-a28e041876899b31d28c3e6705f5f2f5-pjlq
Atharva Dave,Why has Twitter suspended the Amul India account?,It was not suspended but instead Twitter temporarily restricted any activity on Amul India Twitter account because of this tweet And another one And the pic how it looked Recently Amul has launched a campaign against China products with the slogan EXIT THE DRAGON And in that respect they tweeted this. The justification provided by Twitter is Twitter has said in its statement that Amul's account was not blocked due to any campaign or cartoon. The real reason for this was security. Twitter usually performs a security checkup every few days. During this time users are asked for login verification code and after a long time the account is temporarily blocked after verification code is not received.Twitter has clearly stated that the account was not caused by suspension content. Twitter has also said that the account was neither suspended nor banned. So Twitter within a matter of hours started the activity back on Amul India Twitter account.,https://qph.cf2.quoracdn.net/main-qimg-a28e041876899b31d28c3e6705f5f2f5-pjlq
Atharva Dave,Why is '#ArrestSonaliPhogat' trending?,"Haryana BJP leader Sonali Phogat’s video has emerged in which she is beating a government employee. The government employee identified as market commitee secretary was beaten maybe because he said something against her. The photos coming out She is a Tik Tok star and has entered into politics from her native Haryana state but lost in the Adampur seat. The incident has taken place in Hisar,Haryana. She slapped him and then took out her slippers to beat him. The official’s conversation with media The incident took place on Friday when Sonali Phogat, who unsuccessfully contested the 2019 Haryana assembly election as a BJP candidate, was inspecting a farmers' market. She went with a list of farmers' complaints to Sultan Singh, a member of the Agricultural Produce Market Committee, who allegedly made an objectionable comment. ""She said look at me and talk. Do you know me, she asked. I said I know you fought the polls from Adampur. I have noted everything and will get things done, I told her. Then she asked me, why did you oppose me in the elections? I have no family in Adhampur, I told her. I said, how will I vote in your constituency and you are blaming me so long after the elections. She then started saying, ""You are abusing me."" I kept saying I didn't abuse. Suddenly, I was getting slapped from all sides,"" the official told reporters. He shouldn't have got this type of treatment from anyone for saying against her. So people are asking for her arrest as a justice to her treatment towards a government employee like this.",https://qph.cf2.quoracdn.net/main-qimg-00adebbdde320a005a89cd0f9db9e6e8-lq
Atharva Dave,How is the chemistry between Mr. Narendra Modi and Mr. Amit Shah?,The Gujarati duo has been a key decision maker in every decision that has been taken in the last 6 years. One of them runs the nation from the front while the other devises the plans from backstage. One of them implements policies while the other passes the bills. They Amit Shah was given the post of BJP president and he managed the party quite effectively which led to him coming forward in Modi 2.0 and becoming the Home Minister. Amit Shah is referred to as the Modern Day Chanakya as he has managed many election campaigns and provided them huge victories. They had equal contributions in all the major acts in Modi 2.0 Mota Bhai and Modiji are inseparable and The Ram-Lakhan duo are incomplete without each other.,https://qph.cf2.quoracdn.net/main-qimg-2cad5532b040fd8b90b957936765259b-lq
Atharva Dave,"Why is ""#IndiaNepalFriendship"" trending on Twitter?","India has always stood tall to help Nepal in their tough times. First of all India provided Nepal 1.6 billion Nepalese rupee for their help during Nepal earthquake in 2015. Then it also helped it during Covid-19 with Medicines. But they betrayed India by standing against the country. The earthquake rescue operation The help portrayed in a picture PM Modi at Pashupati Temple,Kathmandu,Nepal Nepalis rescued by IAF helicopter And all the mutual respect and help got betrayal in reply But still our defence minister said that I hope they understand the importance of our country and know that we have provided more assistance than their new friend China. Jai Hind!",https://qph.cf2.quoracdn.net/main-qimg-722d3be423c903ef9b60d11e6faa4b89-lq
Atharva Dave,What are some of the best screenshots you took today?,1.A person posted this to refer to Sonu Sood on Cyclone Nisarg To which Sonu replied 2. 3. 4. 5. 6. 7. 8. 9. 10. 11. A sketch drawn by my friend,https://qph.cf2.quoracdn.net/main-qimg-170ffe178730981590eb38d7915d5b61-lq
Atharva Dave,Why is the elephant in Kerala trending on social media?,A crap minded person did a thing that deserves a bitter punishment. A pregnant elephant in Kerala was feeded a pineapple in which crackers were inserted. The elephant as soon as it ate rushed towards a nearby lake and gave away her life there itself. The deceased elephant Her jaw was broken and she was unable to eat after she chewed the pineapple and it exploded in her mouth. The picture imagined The picture they got Because of one person the whole Kerala state has suffered the backlash The small elephant taken out after post-martem The picture that depicts what happened What enjoyment did the person get by doing this. Various animal protection organisations like PETA should look into this. The culprit should definitely be punished so that no further acts like this should happen.,https://qph.cf2.quoracdn.net/main-qimg-bf6a26f3d87358b52e39c1e91d4c648a-lq
Atharva Dave,Why is 'Yuvraj Singh Apologize' trending on Twitter?,"Yuvraj Singh had a Instagram conversation with Rohit 2 months ago in which they started to discuss Chahal’s Tiktok videos. The conversation went like “Yeh b***gi log ko kaam nahi hai yeh Yuzi aur isko (Kuldeep),” says Yuvraj. To which, Rohit adds, “Yuzi ko dekha kya video daala hai apni family ke saath. Maine usko wahi bola ki apne baap ko nacha raha hai, pagal toh nahi hai tu.” Bhangi is a backward caste which consists of sweepers. So people started to troll him for using such words for anyone and he should not pass casteist comments. He has also recently faced backlash on Afridi help and now on this. He should apologise publicly and close the matter. Some of the tweets",https://qph.cf2.quoracdn.net/main-qimg-b3fa180c423878aeb71924595b5215bc-lq
Atharva Dave,What are some amazing facts about your country?,"Let's talk about India. The land of diversity and fascinating beauty.Lets start with a religious fact. 1.Our country has the world’s largest gathering in the form of Kumbh Mela with above 90 Million pilgrims and it is said that it is visible from space too. 2.Shampoo was invented in India, not the commercial liquid ones but the method by use of herbs. The word 'shampoo' itself has been derived from the Sanskrit word champu, which means to massage. 3.Water on the moon was discovered by India. In September 2009, India's ISRO Chandrayaan- 1 using its Moon Mineralogy Mapper detected water on the moon for the first time. 4.The father of India's missile programme had visited Switzerland back in 2006. Upon his arrival, Switzerland declared May 26th as Science Day. 5.Largest number of vegetarians in the world.Be it because of religious reasons or personal choices or both, around 20-40% of Indians are vegetarians, making it the largest vegetarian-friendly country in the world. 6.The first country to consume sugar. India was the first country to develop extraction and purifying techniques of sugar. Many visitors from abroad learnt the refining and cultivation of sugar from us. 7.After defeating Germany 8-1 in the 1936 Berlin Olympics, Major Dhyan Chand, the wizard of hockey, was summoned by Hitler. He was promised German citizenship, a high post in the German military and the chance to play for the German national side. Dhyan Chand however declined the offer. 8.India has the largest postal network in the world with over 1, 55,015 post offices. A single post office on an average serves a population of 7,175 people. The floating post office in Dal Lake, Srinagar, was inaugurated in August 2011. 9.India even after having a series of great emperors has never invaded a country. 10.India’s first rocket was brought on cycle and a satellite on bullock cart. After all, we are known for our ‘jugaad’ ;) 11.The Baily Bridge, located in the Ladakh valley between the Dras and Suru rivers in the Himalayan Mountains is the highest bridge in the world. It was built by the Indian Army in August 1982. 12.India is the first country in the world to have succeeded in putting a probe into Mars’ orbit in the very first attempt. This is, hands down, the most cost effective Mars Mission to have ever been undertaken. 13.Shankutala Devi from India earned a mention in the 1982 Guinness Book of World Records when she multiplied two, thirteen digit numbers and gave the correct answer in 28 seconds. The genius mental calculator was aptly nicknamed, ‘the human calculator’.(She is no more with us) 14. Tea had been growing in India for centuries before the British began its commercial cultivation. The first recorded mention of tea in the country dates back to 750 BCE, and it was reportedly also consumed as a vegetable dish, fried in oil with garlic. 15. Ramayan,by Ramanand Sagar surpassed all the sitcoms like FRIENDS,GOT in viewership and got a record 77 Million Views. References: Jai Hind!",https://qph.cf2.quoracdn.net/main-qimg-f305520db34390d8979ccab0d9cd0ff9
Atharva Dave,Who is Norbert Elekes? Why is he famous to Indian Twitter users?,Norbert Elekes pinned tweet says it all He is a data storyteller and analyst as said by many He started to share facts and stats about Covid-19 Some of the memes shared by him People naming him International PR guy of BJP IT cell Talking about the locust attacks in India He jokingly said that he would be exposed by Dhr...,https://qph.cf2.quoracdn.net/main-qimg-6b3a6a30a8cebf92eb7fed1f780513d7-pjlq
Atharva Dave,What questions would you ask a cricketer?,"1)Sourav Ganguly - Dada how you are so much popular in Bengal and when did you know that you can make a great team out of those youngsters? 2)Sreesanth - What was the reason behind Bhajji slapping you and did Bhajji ever apologise? 3)Dravid - How do you remain so calm and what happened to you sir when you smashed your cap in IPL? 4)Jonty Rhodes - What was exactly going through your mind when you did that epic runout? 5) Gautam Gambhir - How does it feel to be not getting enough recognition for you heroics? 6) Kapil Dev - Does it feel bad that your 175 runs heroics was not broadcasted in 1983 WC? 7) Virat Kohli - Why did you remove our beloved Kumble sir and appoint Ravi Shastri? 8) Virender Sehwag - How you were so quite on the field and when you left it you are quite vocal on Twitter? 9) Yuvraj Singh - How did you feel when you returned back on the field in national colours after defeating Cancer? 10) Muralitharan - How do you feel when you have more wickets than Warne but he gets called the ‘King Of Spin’? 11) Jadeja - Did you apologise to Hardik after the 2017 CT? 12) Shoaib Akhtar - How does it feel to go through 3 World Cups against India and not winning even once? 13) Vinod Kambli - What led to your downfall,was it your friendship with Sachin? 14) MS Dhoni - Can you give us a final decision on your retirement? 15) ABD - Can you please comeback from retirement so as to entertain us once again?",https://qph.cf2.quoracdn.net/main-qimg-2cc619c945f7f4656605217c08558476-lq
Atharva Dave,Which tweet(s) of Anshul Saxena went viral on Twitter?,2. On Palghar incident 3. Uttarakhand forest fires 4.TTD properties sale 5. Exposing fake news spreaders 6. Congress biased politics 7. Again a Congress scandal 8. Ayodhya Mandir 9. Congress Bus Scam 10. RSS 11. Big Basket HALAL cut 12. West Bengal 13. Hindu support 14. Jamia left wing 15. On Riyaz Naikoo elimination,https://qph.cf2.quoracdn.net/main-qimg-e5be29c5ea3100318258ae2115f586b0-pjlq
Atharva Dave,"Why is ""#TajMahal"" trending on Twitter?","One of the seven wonders of the world,the iconic Taj Mahal took damage as a storm lashed the medieval marvel on Friday. Taj Mahal's marble railing saw extensive damage. The storm caused several trees in the complex has seen trees being uprooted. Striking images taken from the site show the pristine marble facade damaged in few places with tiles noticeably scattered on the floor. A storm lashed Agra on Friday for several hours. The wind speed was even measured to be up to 127 kmph. The storm lasted for less than an hour, but it caused sufficient damage to claim 4 lives and injured 30. Taj Mahal took damage due to the storm too. Although the main structure was not damaged,the Archaeological Survey of India (ASI) officials have inspected the damage and started the reconstruction work. Hope the great monument would be back to its great glory again.",https://qph.cf2.quoracdn.net/main-qimg-73db4f904783698726096efd9d23ddb5-lq
Atharva Dave,Why is Samosa trending on Twitter?,Australian PM tweeted this today To which PM Modi replied They would be on a video meet on 4th June so as to discuss the development in the India-Pacific region. Australian PM has showed off his cooking skills in this quarantine. Cheers to our Indian food being recognised in the world.,https://qph.cf2.quoracdn.net/main-qimg-37ed881cafd77f95493b39846f89da07-pjlq
Atharva Dave,What are some epic tweets on unlock 1.0 in India amidst the COVID-19 crisis?,"Instead of declaring Lockdown 5.0 and the cases increasing day by day, The Government declaring Unlock 1.0 and opening mostly everything. Some of the tweets 1. 2. 3. 4. 5. 6. 7. 8. 9. 10. 11. 12. 13. 14. 15.",https://qph.cf2.quoracdn.net/main-qimg-40fa92dce2f84d71b9cfd73f938e105a-pjlq
Atharva Dave,What would have happened in India if it hadn't been partitioned in 1947?,"Indian map 1. Largest footballs producing industry in India. 2. No Kashmir issue. 3. Largest Army in the World. 4. No Kargil,Uri and Pulwama attacks. 5. No terrorism. 6. No PoK issue. 7. No 26/11 attacks. 8. No Cricket crunch matches involvin...",https://qph.cf2.quoracdn.net/main-qimg-a77617cde4a8982e02e421cb6cc35a39-lq
Atharva Dave,Why is #IndiaThatIsBharat trending on Twitter?,"Plea seeking direction to the Centre to amend the Constitution and officially change the country's name from India to ""Bharat"" will be heard in the Supreme Court on June 2. The plea said the purpose of the amendment to Article 1 will ensure ""the citizens of this country to get over the colonial past."" ""The removal of the English name, though appears symbolic, will instil a sense of pride in our nationality, especially for the future generations. In fact, replacing India with Bharat would justify the hard fought freedom achieved by our ancestors,"" the plea said. Using a name in Hindi(our national language) instead of a English name for our country would be great and get the old name from our Puranas back. Some of the tweets Jai Hind",https://qph.cf2.quoracdn.net/main-qimg-e841a5f2bc1e8843cb5019c2440750e1-lq
Atharva Dave,Why is #StandWithZaira trending on Twitter?,"This is another tantrum thrown by her. Zaira Wasim,the Dangal actress spoke on locust attack by using a quote from Quran. Which mentioned the five plagues of Egypt, including the swarm of the locusts. “So We sent upon them the flood and locusts and lice and frogs and blood: Signs openly self explained: but they were steeped in arrogance- a people given to sin” -Qur’an 7:133,” the Dangal star wrote in her tweet. She had to delete her Instagram and Facebook after backlash from people. Soon, she started receiving hateful comments from netizens who interpreted her post as a justification of the locust attacks. They felt that Zaira was suggesting that the incident is God's way of expressing wrath. Shortly after being deluged with such comments, Zaira deleted her Twitter and Instagram accounts. However, a section of netizens continued to attack Zaira on her Facebook page, where she put up the same post. When people understood that there was no mistake in her post and she was not guilty then people started the trend #StandWithZaira But one thing is for sure that she is trying to make a statement out of this and once people get to know that she is just doing some random publicity of herself she would receive more backlash from people. Some of the tweets",https://qph.cf2.quoracdn.net/main-qimg-1f88e281b7f5aaa397010266e605012d-lq
Atharva Dave,Why is #ISKCON trending on Twitter?,"A standup comedian demeaned the ISKCON temple just for a standup act. Surleen Kaur,a standup comedian in one of her acts said foul language on ISKCON workers. The ISKCON vice president in his statement that enough is enough no one should try to destroy the feelings of Sanatan Dharma. This is Surleen Kaur The complaint Shemaroo apologised for it and deleted the video And the vice president replied that the complaint will not be taken back Some of the tweets Destroying the holiness of a temple for some standup comedy is never a good thing to do.",https://qph.cf2.quoracdn.net/main-qimg-9aba4c0cf017b712620aaa124a50efd4-lq
Atharva Dave,"Who is Surleen Kaur, and why is she trending on Twitter?","Surleen Kaur,a standup comedian in one of her acts said foul language on ISKCON workers. The ISKCON vice president in his statement that enough is enough no one should try to destroy the feelings of Sanatan Dharma. This is Surleen Kaur The complaint Shemaroo apologised for it and deleted the video And the vice president replied that the complaint will not be taken back Some of the tweets Destroying the holiness of a temple for some standup comedy is never a good thing to do.",https://qph.cf2.quoracdn.net/main-qimg-9aba4c0cf017b712620aaa124a50efd4-lq
Atharva Dave,"Why is ""#RepublicTV"" trending on Twitter?",There was debate on Pulwama Part-2 in which one person from India and another from Pakistan was called on Republic TV. But instead of debating the two were mocking each other with spears with Arnab saying something in between. The Republic TV is heavily criticised for it as a danger to a nation has turned into a debate of mocking. Some of the tweets,https://qph.cf2.quoracdn.net/main-qimg-d6a388242563d5975df0bdb3036da8e3-lq
Atharva Dave,What are some psychological facts that people don't know?,"2.We tend to imagine things from above and tilted position.For example asked to draw a coffee cup Most of us draw this And not like this 3. Think of it 4. Mind working on relationship status 5. Next time you see your bad handwriting feel proud of yourself The smarter the person is, the faster he thinks, and the sloppier his handwriting is. 6. A great way to take out the thoughts you have in your mind 7. Music has effect on a person’s mentality Listening to high-frequency music makes you feel calm, relaxed, and happy. 8. Be alert when you talk 9. Dreams convey things too 10. Happiness to sleep ratio The happier we are, the less sleep we require. 11. Mentality to language change People who speak two languages may unconsciously shift their personalities when they switch from one language to another. 12. Sleeping hack 13. Crying fact 14. Travel benefits Travel boosts brain health and also decreases a person’s risk of heart attack and depression. 15.Don't worry if you are stressed out",https://qph.cf2.quoracdn.net/main-qimg-3f80bec9f8cc58adaa6992260abf9fad-pjlq
Atharva Dave,Why is #JusticeForFloyd trending on social media?,"An African-American man was pinned down by four Minneapolis officers and the officer’s knee was on his neck and he died under the pressure. His words were ‘I can't breathe.’ Many of you would have seen this picture. He was crying for help. ""Please, please, I cannot breathe."" The officer tells Floyd to ""relax"". Floyd responds: ""I can't breathe. Please, the knee in my neck."" The officer continues to hold down Floyd with his knee for several minutes, with Floyd pleading and asking for water. ""My stomach hurts. My neck hurts. Please, please. I can't breathe,"" Floyd cries out, while moaning and trying to cough. Floyd eventually appears motionless under the officer's knee. Those who were watching the incident unfold can be heard begging police to move off Floyd. ""He's not f****** moving,"" an onlooker can be heard saying. ""Get off of his f****** neck."" So the people have come out to support Floyd as the black people should not be treated like this. The mayor of the city tweeted this The matter will be looked on by the state police and all the reasons behind it. So,justice should definitely be provided to the community and his family. Some of the tweets",https://qph.cf2.quoracdn.net/main-qimg-bff0c27acf29070306cc6027b8b5290c-lq
Atharva Dave,"If China wages a war against India, which all countries are going to side by India?","Seeing the world condition due to the Covid-19,the war is highly unlikely. But lets say it becomes unavoidable. Pro-China Lot of countries won't support China in this because of the world’s condition because of them. 1.North Korea Always a friend of China 2. Pakistan No guesses 3. Nepal After all the recent developments in land dispute 4. Turkey Because of Pakistan Pro - India 1.USA After the recent politics and aggressive nature against China 2. Israel USA and India’s evergreen friend 3. Japan Would definitely support India 4. Afghanistan Supportive of India everytime. 5. Bhutan Same as Afghanistan but maybe will not budge in war situation. 6. South Korea Being in the opposite alliance of North Korea. Neutral Russia(Indefinite) Can't go in China Alliance because of India’s relations but also can't go in any alliance consisting of US. May try to benefit themselves by weapons deal. UK No need to go in war as never has any special relations with any of the countries Sri Lanka(Outside support - China) Can go in war if China tries to use its land. France(Outside support - India) Can go with India if wants but will try to avoid it and stop it War will never solve anything but if China wants it,India will never back off and fightback. Edits are welcome.",https://qph.cf2.quoracdn.net/main-qimg-fc8c6e0662c26f67b9137fe95234221b-lq
Atharva Dave,"Why is ""#Muzaffarpur"" trending on Twitter?","A woman died while coming on a Shramik Train from Ahmedabad onboard. Her body was dropped at Muzzafarpur station in Bihar with her little son. The little boy didn't know that his mother was no more and he was just trying to wake her up by pulling her sari. The condition is very bizarre for the migrants as they don't have any money because of no work. And people are dying of starvation,no money and they are not able to feed their families as they are the only breadwinner in their families. Some compensation should definitely be provided to daily wage workers as they are dropped to their homes. As returning home without money also becomes worthless for their families. And care should be taken for them too as is taken for Indian people who are brought back from foreign countries.",https://qph.cf2.quoracdn.net/main-qimg-873a6d182b89ff0fc739a350c70c639f-lq
Atharva Dave,"Why is ""#IndiaChinaFaceOff"" trending on Twitter?","China is trying to budge into Ladakh but India is ready to fight back. At this time where China has given the deadly virus to the world,they are growing fed up of India trying to boost the LAC (Line of Actual Control). With the tiger(India) no longer crouching, and in fact getting more capable of leaping out of the trenches now, the dragon(China) obviously is breathing fire. China has been unnerved by India’s slow but steady improvement in border infrastructure for faster mobility of its troops and weapon systems in forward areas over the last few years. Yesterday Chinese President said in PLA meeting that they should be war ready as India is growing stronger. To which Rajnath Singh said that India is competent for anything. The Indian Plan Where Chinese men are trying to intrude,India will not back off and fight back. Some of the tweets",https://qph.cf2.quoracdn.net/main-qimg-cd1f2394c3e7b74d54e6ff9a0827cf7f-pjlq
Atharva Dave,What are some of Shushma Swaraj's tweets?,"Sushma Swaraj will always be remembered for her helpfulness for our countrymen outside India and for her witty sense of humor. 2. Sushmaji said that nothing is impossible for the Indian embassy. 3. Not a tweet but an epic reply. 4. A man showing arrogance to Sushmaji The reply 5. Teaching a lesson and at the same time helping the person. 6.When she pulled off one of the largest rescue operations within a short period. 1947 Foreign Nationals & 4741 Indians were rescued by air & sea in Yemen. 7. Her reply when a person asks her why she calls herself Chowkidar 8. A person wrote a tweet that contained grammatical errors Sushmaji came to the rescue 9. When Gopal Keshri tweeted to Swaraj about an Indian origin woman under house arrest in South Africa who may be physically hurt, the minister tweeted that the Indian High Commission in South Africa would get in touch and brought the woman back home safely. 10.When she rescued 168 Indians trapped in Iraq by acting on a video that was tweeted to her. The last glimpse of the lady was when Harish Salve only asked for Rs. 1 for Kulbhushan Jadhav case and Sushmaji said that you can come and take it from me. Although she couldn't give it but her daughter fulfilled her promise She will always be remembered for her ultra fast replies and helping Indians abroad The Iron Lady Of India.",https://qph.cf2.quoracdn.net/main-qimg-bf3cda420ef8db82eaef0accdbb9b42d-lq
Atharva Dave,"Why is ""#Modi4Maharashtra"" trending on Twitter?",Maharashtra is not properly managed as the cases of coronavirus are rising day after day. Yesterday there was a meeting between Maharashtra CM and Sharad Pawar so people started guessing that the government is destabilising. Today Rahul Gandhi said that Congress is not a key decision maker in Maharashtra and it is just supporting the government. Today Devendra Fadnavis came live to convey the message that President rule should be applied in Maharashtra. So now people are saying that as BJP was the major party in the election with 105 seats people are saying Modi4Maharastra Some of the tweets,https://qph.cf2.quoracdn.net/main-qimg-869ff586d415e29655e4b7d6d1c4b6b6-lq
Atharva Dave,Why is “Mitron” trending on Twitter?,Mitron is an app made in India so as to counter Tiktok and abolish it as it is a Chinese app used by our youngsters. It has all the functionalities as Tiktok. Has a rating of 4.7 Has 5 Million downloads and occupies less memory. So people are promoting it so as to get away from the Chinese Tiktok virus. And using an application developed in our nation will benefit us too. Although there are bugs but gradually it will get solved and it is now on 2nd spot on Google play store in Top Free category.,https://qph.cf2.quoracdn.net/main-qimg-dc8ab20bd2062969f18d1627cc002ef3-pjlq
Atharva Dave,Why is “#TirumalaTempleTargeted” trending on Twitter?,Tirumala Temple in Andhra Pradesh is being pressurised to sell some of their properties so as to give salaries to their employees. TTD is selling 23 properties and the Andhra govt. is also forcing it to do so. TTD is under control of Andhra government and now people are opposing the govt. against this as it is against the religious sentiments. Supreme court is also saying that Temple properties should be also controlled by devotees and not by government as are mosques and churches. Several petitions are raised against Andhra CM YS Jagan Mohan Reddy and demanding to rollback the decision. Some of the tweets 1. 2. 3. 4. 5. 6.,https://qph.cf2.quoracdn.net/main-qimg-c2bd952b4779bec2a6a957bbcfcfaadd-lq
Atharva Dave,"Why is ""#LocustAttack"" trending on Twitter?","The little insect shown in the below image has caused havoc in Rajasthan destroying 2500 hectares of land and moved to other parts of India in Delhi,Maharashtra and UP. After destroying crops in Rajasthan`s Pakistan bordering areas, a large swarm of locusts has now reached the capital city of Jaipur. On Monday morning, several areas of Jaipur district including Vidyadhar Nagar, Murlipura were under locust attack. It is said that they are found mostly in Pakistan. The last time they caused so much damage in Rajasthan was 1993. They were found on the terraces of the buildings of Jaipur people. This was just one swarm, there are atleast 3-4 more groups. They move with the direction of the wind and so are most likely to arrive in Jaipur in the coming weeks. Vegetable crops have suffered the most due to locust attack. Slowly and steadily it is spreading all over India. Government should try to help the farmers as the lockdown on their head and now this locusts will leave them of nowhere. Some of the images Some of the tweets 2020 is turning bizarre with Coronavirus Earthquake Major celebrities leaving us Cyclone And now this locust attack.",https://qph.cf2.quoracdn.net/main-qimg-faa5102a4e2699e13a6045937dd32cf8-lq
Atharva Dave,Why is “Uninstall TikTok” trending on Twitter?,The series of the events: It all started with the Youtube vs. Tiktok battle. Carryminati roasted Amir Siddiqui. Which broke many records Then the video getting deleted And Carry posting this on twitter Which led to people giving Tiktok 1 Star rating And asking the Government of India to ban Tiktok after the Acid attack controversy. And trending #BanTikTok And then dropping to 1.2 But now the rating again increasing because Google deleted 1 Million reviews overnight and the rating increasing to 1.6 So now people are now asking for Uninstalling Tiktok as that would be the last step in the story.,https://qph.cf2.quoracdn.net/main-qimg-460c762014a97dcad2d78b9d0f5ea52e-lq
Atharva Dave,Why is “#ArrestAlkaLamba” trending on Twitter?,Alka Lamba is a INC politician and she recently tweeted a very harsh tweet about our PM and UP CM. She tweeted Translation : “I would spit on Modi and Yogi’s face and you both are impotent”. She had already posted this Youtube video 2 years ago but once again posted this on twitter to get the attention. Saying...,https://qph.cf2.quoracdn.net/main-qimg-1a5c0a386574af729f53cbabe6d74b98-lq
Atharva Dave,What was Piyush Goyal and Uddhav Thackeray's Twitter war about?,"Shiv Sena had complained about not being provided the required number of trains by Indian Railways. So Piyush Goyal attacked Shiv Sena and said that where is the list of the 125 trains that are being sent to Maharashtra for using. So Piyush Goyal posted a series of tweets to get the information he requires. And further added ""Hopefully, after coming to the station, trains do not have to go back empty, as what happened earlier."" To which SS spokes...",https://qph.cf2.quoracdn.net/main-qimg-c0ac675fc9de3ccee96f3316b8a4e3e9-pjlq
Atharva Dave,What is ‘Pinjra Tod’ and why is it trending on Twitter?,"Pinjra Tod is a group of women in Delhi that seeks to make regulations for hostel and paying guest (PG) accommodation less restrictive for women students. They aim to counter a perceived official narrative that women need to be protected and have slowly started to grow for their rights but later due to their protests Delhi riots happened which killed 50 people. The origin of Pinjra Tod In 2015, when Delhi's universities reopened after the summer break, Jamia Millia Islamia issued a notice stating that the female students of the college could no longer request permission to stay out later than 8 pm. The Delhi Commission for Women (DCW) challenged this, asking why the college administration thought it necessary to impose such a restriction. They raised a campaign after 2012 Delhi gangrape case. They fight for their rights. The reason they are trending is The Delhi Police has arrested two members of the group for anti-CAA protests in Jafrabad. Some of the tweets",https://qph.cf2.quoracdn.net/main-qimg-ff700d930fa39307edecee0c8ed3160b-lq
Atharva Dave,Why is #SayNoToPseudoSecularism trending on Twitter?,"The temples are being asked money for Covid-19 and they are managed by Government. Whereas the other religions get all the benefits like the mosques and churches do not have to bear anything and simply get some donations for their festivals and the country is called secular. One of the tweets Recently this incident happened in Kanyakumari The Christian people said the above statement To which the police covered the statue of Bharat Mata But today some Hindu people said that Bharat Mata is our pride So they once again uncovered the statue The people are saying that if the government has no right over mosques and churches,then why over temples and using its gold donation to fight Covid-19. Some of the tweets 1. 2. 3. 4. 5.",https://qph.cf2.quoracdn.net/main-qimg-f28ec343842637beba8d45e983b3c1f0-pjlq
Atharva Dave,What are some cool examples of two kinds of people?,"1.Early riser Waking up late 2.Spicy food lover Sweets lover 3.Struggle Real Struggle 4.Digital clock lover Analog clock lover 5. DC fans Marvel fans 6. Hero fans Villain fans 7. Tea lover Coffee lover 8. In India,Bollywood songs playlist Hollywood songs playlist 9 Making sensible and soothing to ears songs All the nonsense stuff in one song 10.Aggressive one Cool one",https://qph.cf2.quoracdn.net/main-qimg-c28ee142e1d06bc0f692467bd515d33c-lq
Atharva Dave,"Why is ""#IvankaTrump"" trending on Twitter?","Jyoti Kumari,a 15-year old girl from Bihar was stuck in Gurugram with her father who was very ill. As she had found that there is no transport to go to her native town,she took a daring step and bought a bicycle with whatever she was left with. She made her father sit on the rear seat and bicycled from Haryana to Bihar which was 1200 kms. and she deserves the praise for this as it is a great achievement for a 15-year old girl. Jyoti has got a trial offer from Cycle Federation of India. Proud of her. So Ivanka Trump saw the article and shared it and acknowledged Jyoti’s valour. Some of the tweets 1. 2. 3. 4.",https://qph.cf2.quoracdn.net/main-qimg-58972665136d4d6b995b8a0c6097b124-lq
Atharva Dave,Why is Sonu Sood trending on Twitter?,"Sonu Sood has started the Ghar Bhejo initiative along with his friend in which he has till now sent 750 migrants to their houses in UP and Karnataka. Now they would be sending more 100 buses from Mumbai in the next 10 days. The fares that would cost them would be 64000 for 800 km trip and 1.8 lakh for 1600-2000 km and they would give it from their own pocket but now they are getting donations from other celebrities and businessman. Sonu Sood said that “We have to get the proper papers for them to get the border clearance.” And then added on the food in the trip by his friend “After hearing about migrants travelling on trains without food or water, we made sure to have enough provisions on our buses,” says Goel. There are cases of water, biscuits, fruit and snacks like pav bhaji, and passengers start the journey with at least one hot meal. Each bus also has two drivers, to take turns at driving.” Some of the tweets assuring people 1. 2. 3. 4. 5. 6. Some of the tweets about Sonu Sood Help 1. 2. 3. 4. 5. Well done Sonu Bhai. One of the videos made by our fellow Quoran dedicated to the work done by Sonu Sood",https://qph.cf2.quoracdn.net/main-qimg-3ced015dc9a0e45592635ec56b712f44-pjlq
Atharva Dave,What are the most epic tweets of Anshul Saxena?,"Anshul Saxena is an ethical hacker and bashes any anti-national who posts against India and he is a man of facts and no one can beat him if spreading some fake news. 2. Exposing the Rajasthan Government 3. So provoking that they delete this tweet 4. Showing the true colors of Congress 5. On Ram Mandir 6. Speaking of people staying illegally 7. Speaking on Award Wapsi gang 8. Talking of RSS 9. Exposing Pakistan’s Dirty Politics 10. Spreading awareness about the fake Arogya Setu app Keep on doing the good work,Anshul Sir.",https://qph.cf2.quoracdn.net/main-qimg-5d4ef72aa591ce02a031d58f1bbf4b89-pjlq
Atharva Dave,Why is #sonusood trending on Twitter?,"Sonu Sood has started the Ghar Bhejo initiative in which he has till now sent 750 migrants to their houses in UP and Karnataka. He had started this campaign with his childhood friend and now they would be sending more 100 buses from Mumbai in the next 10 days. The fares that would cost them would be 64000 for 800 km trip and 1.8 lakh for 1600-2000 km and they would give it from their own pocket but now they are getting donations from other celebrities and businessman. Sonu Sood said that “We have to get the proper papers for them to get the border clearance.” And then added on the food in the trip by his friend “After hearing about migrants travelling on trains without food or water, we made sure to have enough provisions...",https://qph.cf2.quoracdn.net/main-qimg-cac472ed59d84d7c4aa687aa6be79bac-lq
Atharva Dave,What is the best thing that happened to you today?,My role model Aman Goel whom I have followed since 2016 happened to upvote my answer. This is a great achievement for me. Thank you everyone who have upvoted my answers as that gives confidence to me who had just started writing months ago.,https://qph.cf2.quoracdn.net/main-qimg-679f4a5e5d9ceb492957814da2b4c7af-pjlq
Atharva Dave,What is something you have never done?,"1. Never solved a Rubik’s cube.But want to. 2. Never watched GOT or Bing Bang Theory. Not prone to them as I have watched Friends. 3. Never did any kind of drugs. 4. Never applied Gel for spikes. 5. Never installed Facebook nor have an account. 6. Never met any famous Quoran but want to. 7. Never played PUBG but have played other multiplayer games like COC(Very addictive). 8. Never painted any picture nor drew anything until this lockdown where I tried to draw Bhagat Singh Ji,I am happy that I tried even though it may not look good. 9. Never read any novel book until this quarantine in which I have read 3 books till now.Proud of Myself😊 10. Never been in a major fight. 11. Never been to the East side of India.Want to taste Assam tea. 12. Never met an...",
Atharva Dave,"Why is ""#Ayodhya"" trending on Twitter?","After the permission from district authorities,the Ram mandir constructors started debris removal and land levelling. After 10 days of the work,today at the place where Ayodhya temple will be rebuilt, There were found moortis and ancient temple remains. The remains found had a five-foot Shivaling, seven pillars of black touchstone, six pillars of red sandstone and broken idols of Devi-Devtas. Some of the pictures The pillars Temple-like structure Some of the tweets 1. 2. 3. 4. 5. 6. Jai Shri Ram",https://qph.cf2.quoracdn.net/main-qimg-bbb7b99190197828a621f4a4c973240f-lq
Atharva Dave,What are some of the best tweets related to #PankajPuniaArrested?,"Pankaj Punia,a Congress member,wrote a tweet targeting UP Government and Yogi Adityanath. He tweeted “The Congress only wanted to help the migrant workers to reach their home and pay for them. But the government started engaging in politics. Such lowly acts are only done by saffron-clad sanghis”. Which he later deleted but Haryana police has now arrested him. Some of the tweets",https://qph.cf2.quoracdn.net/main-qimg-23fdeaf3862812949d73a8b447014f8d-lq
Atharva Dave,Why is “#Nepal” trending on Twitter?,"There is a dispute between India and Nepal over three territories Limpiyadhura, Lipulekh and Kalapani.And a political map issued by Indian government six months ago showed Kalapani as Indian territory. Maybe they have upped the ante to acquire the three nations by diplomacy. The political map release followed Nepal’s PM K.P. Sharma Oli saying that “Indian virus looks more lethal than Chinese and Italian now. More are getting infected.” He said that Nepal people are getting more infected because of people coming from India. The Nepal PM had also taken a shot at India’s national emblem, the Lion Capital, and motto ‘Satyameva Jayate (truth alone prevails)’, by saying New Delhi is now following the motto “simheva jayate (lion, signifying strength, wins)”. India has helped them many-a-times and stood by them so they shouldn't react like this but everyone has their own view. Indian government has reacted by saying “Won't Accept Nepal's Artificial Enlargement Of Territorial Claims” and further added ""Nepal is well aware of India's consistent position on this matter and we urge the Government of Nepal to refrain from such unjustified cartographic assertion and respect India's sovereignty and territorial integrity. We hope that the Nepalese leadership will create a positive atmosphere for diplomatic dialogue to resolve the outstanding boundary issues.” Some of the tweets Due to pressure from other countries,Nepal would lose a true friend.",https://qph.cf2.quoracdn.net/main-qimg-b55e8c524a68f126c9fc8f80c5b6729c-lq
Atharva Dave,Why is “#IndustryInBihar” trending on Twitter?,Many migrant workers are returning back to Bihar to their homes. Many people have lost their only breadwinner as the person was returning back from the state where he was working. Bihar is 3rd largest state by population and employment in the state is very less so the people have to move to other states for their jobs. People have become enraged in Bihar because their family members have...,
Atharva Dave,Why is #Westandwithsushantsinha trending on Twitter?,Sushant Sinha is an IndiaTV anchor who found out the mistakes in the Priyanka Gandhi 1000 bus scheme and pointed them out. Some of the tweets He spoke the truth and pointed out the mistakes in the 1000 buses scheme.,https://qph.cf2.quoracdn.net/main-qimg-1c21f351e6184c4990855af62fdb14c9-lq
Atharva Dave,Why is #PriyankaVadraBusGhotala trending on Twitter?,"The Uttar Pradesh government accepted Congress general secretary Priyanka Gandhi Vadra’s proposal for the party to run 1,000 buses to help ease the movement of migrant labourers in the state. The Acceptance Letter The list of buses and drivers The main thing pointed out by Anshul Saxena One of the buses in the record Some of the tweets",https://qph.cf2.quoracdn.net/main-qimg-55017294221b89d1ed9b677168b1440e-lq
Atharva Dave,What are some amazing facts about airplanes?,"1.When a plane lands at night, cabin crews will dim the interior lights because in the unlikely event that the plane landing goes badly and passengers need to evacuate, their eyes will already be adjusted to the darkness. 2.Only 5% of the world’s population had ever been on an airplane till 2013 which drastically increased to approx. 20 percent in 2020. 3.A Boeing 747 is made up of six million parts which are made to be all controlled by a few pilots sitting up front with switches and buttons under their fingertips. 4.It is the rule that pilots must be fed the same multi-course meal given to those in the first and business class whilst the co-pilots are encouraged to eat different entrees to guard against cases of food poisoning. 5.Those white lines that planes leave in the sky are simply trails of condensation, hence their technical name of “contrails.” Plane engines release water vapor as part of the combustion process. When that hot water vapor is pumped out of the exhaust and hits the cooler air of the upper atmosphere, it creates those puffy white lines in the sky. It’s basically the same reaction as when you see your breath when it’s cold outside. 6.Environment inside an airplane actually alters the way food and drink tastes—sweet items tasted less sweet, while salty flavors were heightened. The dry recycled air inside the plane cabin doesn’t help either as low humidity can further dull taste and smell making everything in a plane seem bland. 7.Plane doors can't actually open in mid-flight. 8.Australian airline Qantas has never had a fatal accident involving one of its commercial aircrafts. 9.The fastest commercial plane flew at twice the speed of sound. It was the Concorde, that regularly flew over the Atlantic, and was decommissioned after an accident involving Concorde, in France. 10.Long-haul flights have secret bedrooms and a bathroom for flight attendants. 11.Living in an airplane flight path could harm your heart.Means closer to the airport.Individuals exposed to noise above 60 decibels on a regular basis—like the sound of an airplane overhead—had a 30 percent greater risk of dying from a heart attack than those typically exposed to noise levels under 45 decibels. 12.Research shows that the first 3 minutes after takeoff and the final 8 minutes before landing are when 80% of plane crashes happen. 13.About 1 in 5 people have some form of fear of flying, or “aviophobia.” 14.If you sit at the back of an airplane, your odds of surviving a crash are 40% higher. 15.What that tiny hole in the airplane window does is to regulate cabin pressure. Most airplane windows are made up of three panels of acrylic. The exterior window works as you would expect—keeping the elements out and maintaining cabin pressure. 16.Airplanes are designed to withstand lightning strikes. References Top 10 interesting facts about aviation - BAA Training 11 Unique Airplane Facts You Probably Didn't Know 45 Amazing Airplane Facts | Best Life",https://qph.cf2.quoracdn.net/main-qimg-1c83ccf031dacb7ffec1ac0f952693ee-lq
Atharva Dave,Why is “#BanTiktok” trending on Twitter?,"Faisal Siddiqui,a Tiktoker with 13 Million followers posted a video in which a girl refused him to which she said no and he threw something on her. This enraged people as it looked like he was encouraging acid attacks against women. So Tajinder Pal Bagga asked the head of NCW(National Commission Of Women) to watch the video and take action against him. To which Rekha Ji was instant to react by writing a letter to Government of India. Tiktok has been forced to remove the video from the platform. Some of the tweets When it was been said that his account would be banned he came out. Faizal has said that the girl and him have collaborated earlier also and she is a makeup artist but what is the need of making such type of videos.",https://qph.cf2.quoracdn.net/main-qimg-4944d93b43f252885202a66ed78b39b5-lq
Atharva Dave,What made you happy recently?,"I have reached 1 Million views overall on Quora today. As I had aimed for 100 followers and 1 Million at the same time,I am currently 4 away from the 100 followers mark. But happy that I have fulfilled my New Year resolution of 1 Million views at previous I didn't expect myself to get to this mark but by writing continously I reached it. Cheers to Quora community.",https://qph.cf2.quoracdn.net/main-qimg-4345c3add12c6fa805c0a21ee02bd024-pjlq
Atharva Dave,What are some savage tweets by Dadi Chandro Tomar aka Shooter Dadi?,"2. Dadi Trolling Pakistan 3. Dadi’s Jammu Kashmir dream 4. Dare anyone give Dadi advice 5. Atmanirbharta advice 6. Another advice given to Dadi 7. Dadi writing 20 lakh crore 8. Dadi said the truth 9. Dadi ka aashirvad 10. Dadi on 100k followers 11. Dadi’s prediction 12. Dadi’s Q&A 13. Dadi on Trump 14. Dadi on Corona 15. Dadi on Kim Jong Un Those who don’t know Dadi,she is portrayed by Bhumi Pednekar in the movie Saand Ki Aankh.",https://qph.cf2.quoracdn.net/main-qimg-c8532b0de1fcd970f2de1250a8966cd3-pjlq
Atharva Dave,What tweets should everyone see?,"See this tweet of Subramanian Swamy He trolled the other BJP politicians like a boss As everyone knows that even after having so much financial knowledge and experience, he is not given the finance minister post. So in Ramayan Just like Ravan didn’t pay attention to all the good thoughts that would have helped Ravan were said Vibhishan and he ignored them which led to his death. And in Mahabharat Vidura would always think about the kingdom and his brother but Dhritarashtra even after getting the advice didn't make his son Duryodhan realise it which led to the downfall of his kingdom. So Swamy made a great point or a warning today which may awaken the BJP powers to think again of their decision relating to Finance Minister post. So instead of putting a person who has knowledge but follows higher orders but a person with a blunt nature if gives benefit should be tried out.",https://qph.cf2.quoracdn.net/main-qimg-87b536851a3e9b90522d12e087c2b96b-pjlq
Atharva Dave,Why is Shahid Afridi trending on Twitter?,"He first made a Shahid Afridi foundation and sought help from his friends Yuvraj and Harbhajan which they did as they didn't know the consequences. He then using that money distributed food in PoK and spread hatred among people about Kashmir and PM Modi. Harbhajan Harbhajan Singh said he has severed ""whatever little ties,"" he had with Afridi. ""This is very upsetting what Shahid Afridi has come up with, talking ill about our country and our Prime Minister. This is just not acceptable,"" Harbhajan told India Today. The lanky off-spinner said his appeal to help people was a gesture to help those the needy in these trying times. Harbhajan further made it clear that Afridi has crossed his limit with his outburst at PoK. ""To be honest, he (Adridi) asked us to make an appeal for his charity. In good faith, we did it for humanity and for the people suffering due to the Coronavirus. ""Even our Prime Minister has said that Coronavirus is a fight that extends beyond borders, religions and caste. So we were very clear with the cause that we were promoting, which was simply to help those in crisis. ""But this man (Afridi) is talking ill about our country. All I have to say is we have nothing to do with Shahid Afridi. He has no right to speak ill against our country and he should stay in his country and limits,"" Harbhajan thundered. Yuvraj ""Really disappointed by @SAfridiOfficial's comments on our Hon’b PM @narendramodi ji. As a responsible Indian who has played for the country, I will never accept such words. I made an appeal on your behest for the sake of humanity. But never again,"" he wrote in his Twitter post. The replies Major Gaurav Arya Gabbar Gauti Raina Yuvi and Bhajji In the below video,he provokes people by saying Modi has formed an army of 7 lakh to get PoK but they don't know that the Pak army of 7 lakh is backed by 22 Crore Pakistanis. He doesn’t deserve anything from now onwards from our nation.",https://qph.cf2.quoracdn.net/main-qimg-5ce9c09b9be1cd646a14d9ae86f06151-pjlq
Atharva Dave,Why is #JusticeForApurva trending on Twitter?,"Apurva Singh is a BJP youth leader. Her picture is used in many bad videos and she is been targeted by Congress and many minority communities. The FIR which was filed on 19th March,2020 but not yet brought to justice. Justice is denied till now. A video posted in which she tells what all she is bearing The link below Narendra Modi fan (@narendramodi177) Tweeted: Video Message Of @iSinghApurva For All, It's Old 20 Day's Old Video. #JusticeForApurva Apurva Singh (StayHome StaySafe) on Twitter Narendra Modi fan on Twitter Delhi police should try to immediately take action against this.",https://qph.cf2.quoracdn.net/main-qimg-3496db75dfff364ad2f8714ef784d372-lq
Atharva Dave,Which epic tweet caught your attention on Twitter today?,The Pakistanis trying to offend Indians But maybe they didn’t know the savageness Indians have Jai Hind,https://qph.cf2.quoracdn.net/main-qimg-0c1105a0c5f0951a871421fefcba6c0d-lq
Atharva Dave,Why is #हिन्दू_हिन्दू_भाई_भाई trending on Twitter?,"Digvijay Trivedi,the person representing the Sadhus in the Palghar incident,died in a road incident. So people were growing suspicious about the accident and showed unity by saying that Hindus will have to protect themselves all alone and unite for the religion. Unite for Hindutva",https://qph.cf2.quoracdn.net/main-qimg-1e2b7c9b398017bcf65814ac880b6ea4-pjlq
Atharva Dave,"According to you, which tweet deserves to be the tweet of the day?","Smriti Irani,cabinet minister made a statement that ”Modiji has provided ration to 80 cr. People”. Which Aaj Tak quoted wrongly as ”Modiji has provided ration to 80 cr. Families”. To which people started saying that the number of families in India is only 25 Crore. Everyone was trolling her till one of them got a savage reply.",https://qph.cf2.quoracdn.net/main-qimg-f101b4a697269a4fc8d34f1a17267a7f-lq
Atharva Dave,Why did Technical Guruji uninstall the Tiktok app from all the mobiles?,In support of Carryminati and he removed the virus from all his mobiles. Carryminati’s video if had not been deleted would have become the world’s most liked video non-musical. Carry posted this on twitter “Toh chaliye khatam karte hai.” Translation: Let's finish it. The shots I took while watching Clapping before starting Applying sanitize...,https://qph.cf2.quoracdn.net/main-qimg-1be1960b727388a23b846dfca120aa0d-lq
Atharva Dave,"Why is ""#technicalguruji"" trending on Twitter?",“Toh chaliye khatam karte hai.” Translation: Let's finish it. To show support for Carry and Youtube he unistalled Tiktok from every phone he had The shots I took while watching Clapping before starting Applying sanitizer before starting Deleting Tiktok Using sanitizer after finishing Raising hands Work done He didn't say a single word and did this job Some of the tweets,https://qph.cf2.quoracdn.net/main-qimg-297e96de64b7ba59525d530da33cfab0-pjlq
Atharva Dave,Why is #JusticeForCarryMinati trending on Twitter?,Youtube has put down Carryminati’s record video of Tiktok vs. Youtube. Many records were broken by this video So definitely there is a need for the video to be restored as people are mad at youtube for doing this. It is #8 in worldwide trends. Some of the tweets,https://qph.cf2.quoracdn.net/main-qimg-41f691a6316c7e24b58cf10f8f25e26b-lq
Atharva Dave,Why is #BengalBurning trending in Twitter?,"There was violence in Telinipara,one of the containment zones in West Bengal. Violence erupted in Telinipara in West Bengal’s Hooghly district again over the movement of people in containment zones. Local sources say that the trouble began when a few people of Telinipara tested positive a few days back. After this, the police had asked the entire area to maintain the lockdown. However, on Sunday, when they saw that the lockdown was being violated, the police tried to take those who tested positive to an isolation ward. In the process, the area was also barricaded. “When police tried to take the COVID-19-infected people belonging to a particular community, in Malda (Harishchandrapur) and in Hooghly (Chandannagar), they were vehemently opposing such action. On the other hand, the houses of the Hindus, their shops, temples are being demolished”, said BJP state President Dilip Ghosh in a tweet on Monday. The police has brought the matter under control by using tear gas shells and lathi charge and section 144 is imposed,so now the situation is under control. Some of the tweets",https://qph.cf2.quoracdn.net/main-qimg-955bf05905d2d955ab5d4d25e9f329f7-lq
Atharva Dave,Why is '#CAPF' trending on Twitter?,"CAPF (Central Armed Police Forces) canteen from 1st June onwards will sell indigenous products only. Indigenous-growing in the place where they are from originally. After Modiji’s call for VocalForLocal, the steps are taken. Amit Shah tweeted “I also appeal to the people of the country to make maximum use of the products made in the country and encourage others to do the same. If every Indian pledges to use products made in India (Swadeshi), the democracy of the country can become self-sufficient in five years.” In this direction, the Ministry of Home Affairs has decided that all CAPF canteens will now sell only indigenous products across the country from next month. ""With this, 50 lakh families of about 10 lakh CAPF personnel will use indigenously,"" Shah said. The CAPFs -- CRPF, BSF, CISF, ITBP, SSB, NSG and Assam Rifles -- canteens together sell products worth about ₹2,800 crore annually. Some tweets are",https://qph.cf2.quoracdn.net/main-qimg-baafd75a6b99e158169c1e18d52e784e-pjlq
Atharva Dave,What are some epic tweets on Narendra Modi's 12th of May address to the nation amidst the COVID-19 crisis?,"Whenever Modiji addresses the nation,memes flow with it. 1.Counting the money per person 2. Overoptimist people after hearing the package 3.Gandhi family state 4. Imran Khan reaction 5. People hoping it's not another trap 6.Relief package more than Pakistan’s GDP 7.Pakistan not able to count the money 8.Modiji not coming to the point 9.Modiji promoting local products 10.The left wing 11. Pakistani people 12.Modiji not speaking about lockdown update 13. Tiktok users 14. Modiji going round and round and not coming to the point 15.Modiji’s speech speed 16. Skip Intro button 17. Lockdown 4.0 18. Modiji narrating Sanskrit Shloka 19. Modiji starting and ending the speech 20. Unexplained",https://qph.cf2.quoracdn.net/main-qimg-404197c30dc387a7833885127db3ef4b-pjlq
Atharva Dave,"What are your views for the speech of Narendra Modi on 12 May, 2020?","With the number of cases rising upto 70,000 the country needed some instant action. It was Modiji’s 5th address for the nation since Coronavirus hit our country. The key points from his address: “21st century has to be of India and it's our responsibility.” We should fight and remain safe so as to fulfill this responsibility. He said that Coronavirus first hit our country we had no production of PPEs and N95 masks but now India is manufacturing 2 lac PPEs and N95 masks daily. He mentioned 5 pillars of India that are keeping it running. The main point of the address was: He announced a financial package of 20 lakh crore. The package is 10% of our GDP the details of which will be announced in due course of time. Lockdown 4.0 will be announced before 18 May. He emphasised on buying and using local items just for the benefit of our economy. We must be Vocal for our local which means we must not only buy our local products but also raise voice for them. He also stated that Coronavirus will not leave us early but we have to stay strong and maintain social distancing. So we should ready ourselves for the fight against this pandemic and take ourselves out from it.",https://qph.cf2.quoracdn.net/main-qimg-28a3ccb5f3d04ce14eb9eb02f1e580b6-lq
Atharva Dave,"In an IPL match, if the team requires 220 runs in 20 overs, then which will be your playing 11 to win the match?","4 foreign players-Lynn,ABD,Russell and Malinga Openers - Chris Lynn and Rohit Sharma With required run rate 11 po,there is a need for one opener to hit from first ball and other to settle down. So Lynn and Rohit fit for this job. Middle order-Virat Kohli,ABD,MSD With Virat and ABD the strike rotation would never be a problem and fours and sixes can come from both the ends so as to maintain the run rate. The game reading ability of MSD will prove handy in such crunch situations. Finishers-Hardik Pandya and Andre Russell They can do what they do best when MI and KKR needs runs at the death overs. They can easily smash the ball out of the park with their six-hitting ability. Bowlers-Bhuvi,Shami,Malinga and Chahal With the all-round ability of Bhuvi and if some odd 15-20 runs are needed,some bat swinging would be needed and Bhuvi and Shami fit these roles. For no. 10 and 11,Malinga and Chahal can do the job.Seeing this lineup I don't see the match getting dragged till them.",https://qph.cf2.quoracdn.net/main-qimg-f4e7e34db52867f850c460d2a9329877-lq
Atharva Dave,"Why is “#Radio Pakistan"" trending on Twitter?",After the decision taken by NSA Ajit Doval to include PoK and Gilgit in the weather forecast shown everyday. The Pakistan government also tried to act smart but miserably failed. The Radio Pakistan tweeted minimum temperature as -1 degree celsius and maximum temperature as -4 degree celsius. This act proves the proverb “Copy karne ko bhi na buddhi lagti hai.” Translation: You require brain even for copying something. Case of Pakistan Some of the tweets Jai Hind,https://qph.cf2.quoracdn.net/main-qimg-7dd9fb5f6528bd1071278663cf2f7015-lq
Atharva Dave,What are some of the best tweets by Major Gaurav Arya (retired)?,Riyaz Naikoo elimination The Pakistani people trying to offend Indians The reply they got Radio Pakistan blunder Trolling media Pakistan army Arundhati Roy Once again Pakistan Comparing India and Pak PMs Now Pakistan and China Shoaib Akhtar Statements A reply he will remember,https://qph.cf2.quoracdn.net/main-qimg-6aedb245d2d37d8c2c25b2a77f43508c-pjlq
Atharva Dave,Who is Handwara Martyr Major Anuj Sood?,"“I still have the slam book which Anuj had filled when we were leaving school. In the column which said, ‘I dream of becoming’, he wrote ‘An army officer’. The thing to note is that he wrote ‘ARMY OFFICER’ in capital letters, underlined it and put inverted commas. Such was his love for the nation and passion to achieve his aim.” Such was his passion for Indian Army as narrated by his friend. Major Anuj Sood joined NDA in 2008 in a dream to become army officer. Major Sood's father Brigadier Chandrakant Sood (Retd) lit the pyre. His sister Harshita is also an army officer.Anuj Sir had country love in his family roots. Married life Akriti and Anuj had an understanding since the very beginning. Each time he would go out on an operation, he would text her while leaving and text her as soon as he got back. “In the meanwhile, I would refrain from texting him for at least 24 hours. I did not want his phone to ring amid an operation and give out his location,” she said. The two then met at a Holi party for the first time. Even from their smattering of a conversation, Anuj already knew she was the one. “He came rushing to us and said she is the girl he would marry,” added Jasleen,a friend. As days went by, the two got close and he finally proposed to her on the evening of May 9. As he went down on one knee with a rose amid the windmills, she gushed and said yes. His Instagram Post talking Life When he came back in tricolor she sat beside him staring at him You will be remembered brave man. ‘I knew that if the time came, he will sacrifice himself for his country’: Major Anuj Sood’s wife.",https://qph.cf2.quoracdn.net/main-qimg-85d3104dd187359ba532ad219d0bd87b-lq
Atharva Dave,What happened at the Andra chemical Plant? Why is “#VizagGasLeak” trending in Twitter?,"A styrene gas leakage happened around 3am at LG Polymers industry at RR Venkatapuram near Naiduthota area close to Gopalapatnam. At least eight persons, including two senior citizens and an 8-year-old girl, died and over 5,000 people fell sick after an alleged gas leak from a chemical plant in Vizag on Thursday early morning. Hundreds of people were admitted to private and government hospitals with the help of police and locals. Around 128 people from Venkatapuram and the surrounding areas were shifted to KG Hospital by the district administration. Of the 128 in the KGH, 98 persons have recovered and ten people are facing breathing problems. The death toll may not increase in the KGH. Spread over a radius of about three km, affecting at least five villages, including R.R. Venkatapuram, Padmapuram, B.C. Colony and Kamparapalem. The styrene gas that leaked from LG Polymers which created panic in several areas of Visakhapatnam leading to fleeing of homes in the vicinity of the plant is a poisonous, inflammable gas used in plastic engineering industry, and could have triggered a series of explosions, according to experts. Dr. D Raghunatha Rao, former Director, Homi Bhabha Cancer Hospital and Research Centre said styrene is primarily used in the production of polystyrene plastics and resins. Acute (short-term) exposure to styrene in humans results in mucous membrane and eye irritation, and gastrointestinal effects. The situation has got under control and rescue operations are in full swing. Indian Navy Provides Assistance for Vizag Gas Leak. The Indian Navy has provided five more portable multifeed oxygen manifold sets to King George Hospital. Technical Teams from Naval Dockyard Visakhapatnam (NDV) are at KGH to assist in quick installation to provide oxygen to large number of patients effected by gas leak from LG Polymers Visakhapatnam this morning. Lets pray for the admitted people.",https://qph.cf2.quoracdn.net/main-qimg-a49384eec76b2bcb35ad4b07f0b4cd62-lq
Atharva Dave,Why is #RiyazNaikoo trending on Twitter?,"Riyaz Naikoo - A top Hizbul Mujahideen commander, on the run for eight years, was on Wednesday killed in an encounter with security forces in his home village in Kashmir’s Pulwama district. Security forces engaged with terrorists in two gunbattles in the south Kashmir district, one in Sharshalli village where two unidentified terrorists were killed and the other in Beighpora in Awantipora where they finally put down Naikoo who was holed up with another terrorist. Police narrated the encounter: Shortly after noon, one of the terrorists came out from the house firing indiscriminately at the security forces in his attempt to escape. However, he was shot dead in the retaliatory fire. Officials had trapped him but they didn’t know his identity but later disclosed that the man in their sights was Naikoo, who carried a reward of Rs 12 lakh. They had been looking for him for eight years. Naikoo became the de facto chief of the terror group after the death of Burhan Wani, the poster boy of militancy in the Valley, in July 2016. After Burhan Wani was killed,his successor had been killed. So the group went in splits and this Mathematics teacher rose through ranks and became the chief and A++ terrorist. He was responsible for abducting family members of J&K police. So the elimination has caused somewhat of a terrorist acts stoppage in J&K. Tweets after eliminating the most wanted",https://qph.cf2.quoracdn.net/main-qimg-126ac0a3a4f51c36115e25325ab56c2b-lq
Atharva Dave,Why did Lockdown 3.0 become a total failure in India?,"Lockdown 2.0 had all the restrictions needed to prevent this disease. But due to some restrictions being lifted up,people started crowding the places and all the precautions taken became useless. The main reason is opening of wine shops in green zones. People going out in large numbers to get as many wine bottles they can so as to fulfill their needs.But it started overcrowding and that led to a record surge since the virus first hit our country. Listen to one of the person in the wine shop line A record 3900 cases in one day. It will not take much time for the green zones open to get converted to red zones. UP liquor stores registered a record sale of Rs. 100 Cr. On day one. Karnataka record 45 Cr. Sale. Delhi wine shops had to be closed due to overcrowding. Section 144 imposed in Mumbai due to cases reaching 9000. Some of the visuals of people outside wine shops. Truly said The bill that goes viral The person whose shop it was from Bengaluru has been booked. Even though it may have benefited the economy to some extent it will harm in the longer run. It will not take much time for green zones to become red zones. So avoid crowding otherwise the 40 days of lockdown will be of no use and our nation would have to suffer what other countries like America and Italy are suffering.",https://qph.cf2.quoracdn.net/main-qimg-57f178cb88eafeb9fe9e1cf8cad7ef8f-lq
Atharva Dave,Will Ellyse Perry accept Murali Vijay's dinner invitation?,"Murali Vijay was asked who he would go on a dinner with. He said first is Shikhar Dhawan as he is my friend and a funny guy. The other was Ellyse Perry,Australian cricketer. So today she replied while on a Instragram live session Perry h...",https://qph.cf2.quoracdn.net/main-qimg-fcb039d30165909b153649a01c7d1502-lq
Atharva Dave,What are the best shayeri?,A collection of shayaris that I loved and maybe you would love it too. 😊,https://qph.cf2.quoracdn.net/main-qimg-58c7b1a21aa9a78cb65099e07dc6a604-lq
Atharva Dave,What are some emotional tweets on the ending of Ramayana on Doordarshan?,"Yesterday the Uttarkand of Ramayan ended. Sita Ji ka Dharti Mata main samahit ho jaana. Laxman Ji ka Ram Ji dwara Parityaag hona. Ram Ji aur Saare Bhaiyon ke putron mein rajya ka batvara hona. Teeno Matao ka parlok sudharna. Hanuman Ji aur Jamvant Ji ka Dharti par rehne ka karya samjhana. Sugreev Ji,Arya Sumant aur Sakha ka Ram Ji ke saath Jaana. Shatrughna aur Bharat Ji ka Ram Ji main sama jaana. Saare Ayodhya vasiyo ko Vishnu Roop ka darshan hona aur Sharayu nadi mein pravesh hokar apne Lok sudharna. Some of the tweets that shows how much people were attached with Ramayan. 2. Prabhu Shri Ram kehte hai ki 3. The main characters 4. Laxman ji swag 5. The perfect pair to play the role. 6. Arun Ji’s smile 7.Sita Mata ka Dharti mein Samahit hona 8. Last episode showed everything 9. Never a Ramayan serial made would be as great as this 10. Arun Govil Ji’s message 11.People watching it again 12. Mata Sita ki Sehanshilta 13. Vishnu Ji and Mata Laxmi 14. Thanking DD National 15. DD National making a great epic about 30 years ago 16. Lockdown teacher 17. Family get together 18. Ayodhya vaasi ka Sharayu nadi main jaake Devta roop mein lautna 19. Shabari ji ka Ram ke liye prem 20. Shri Ram,Mata Sita and Laxman Ji. Jai Shri Ram.",https://qph.cf2.quoracdn.net/main-qimg-2f2efa3c1716fce934802a8c0fdb1ee4-lq
Atharva Dave,Why is “#LootTemplesGiftMinorities” trending on Twitter?,"This trend started due to The Tamil Nadu government has asked 47 temples to donate total of rupees 10 crores to the CM Relief Fund to fight Coronavirus. But on the hand, the state government has ordered the distribution of 5,450 tonnes of free rice to 2,985 mosques of the state on April 16 in the month of Ramzan. No similar help or plan is given to prepare offerings to the village deities of Hindus during Chaitra and other months.A lot of priests depend entirely on donations from devotees. They are now stranded and facing starvation due to the coronavirus epidemic and the nationwide shutdown. The state government instead of helping them, has targeted the property of Hindu temples to pursue appeasement politics.Devout Hindus are outraged against such discrimination of Hindus and appeasement of minorities for votes by the Governments. Some of the tweets",https://qph.cf2.quoracdn.net/main-qimg-04ea3f82911151663ce02b72882a8289-pjlq
Atharva Dave,Which are the best ending lines of any movie?,Fight Club The movie ended with the Narrator(unknown) ending up being the same personality as Tyler Durden and shooting the wicked personality inside him. And destroying all the buildings that contained credit card records to go back to ground zero as said to the police. And Marla brought back to him as part of the project Mayhem. Both of them holding hands and the Narrator saying the words “You met me at a very strange time of my life”. And there goes all the buildings getting blown up.,https://qph.cf2.quoracdn.net/main-qimg-554404378d9d661529fa3dd266e2d04d-lq
Atharva Dave,Why is “#Ramayan” trending on Twitter?,Ramayan has reached a world record in viewership-a whopping 77 million Ramanand Sagar Ji produced a gem and people got to know more about the deities we worship and how they demolished demons that disbalanced the world. The cast he recruited were to the point starting from Arun Govil Ji to all the way till Luv-Kush. Uttar Ramayan is about to end today so people may miss all the time the family spent together watching Ramayan. So the tweets that show how much people loved Ramayan Definitely starting from the latest episode where Luv-Kush narrated Ramayan in front of Ram ji and at the end how they introduced themselves that shocked everyone. The way Luv raised eyebrows in a wierd way showed his confidence. The whole cast of Ramayan Jai Shri Ram,https://qph.cf2.quoracdn.net/main-qimg-1a67ef05f47072aac420dc174c3be794-lq
Atharva Dave,Why don't elite soldiers and Navy SEALs have physiques like Dwayne Johnson or Vin Diesel?,"The elite forces are trained for specific conditions and purposes with designated routines that help them maintain their required phsique. As mentioned in an article: Most Navy SEALs are not into bodybuilding but a few like to lift heavy weights to get strong. After a hard session they will often go on a long run to keep their endurance up. Those trying to bulk up may question running as it can cause you to lose muscle tissue. They vary their routines according to the next mission that they are assigned to. They have different types of missions that involves mountain climbing,swimming,ski-diving. These special forces also have to work upon their mental fitness so as to remain aware and alert about the next danger. A glimpse of the daily workout routine shared by one of the Navy SEALS. Some of the pictures of some elite pictures to show their balanced bodies. Navy SEALS MARCOS Gorkhas",https://qph.cf2.quoracdn.net/main-qimg-e1fdff89095f84f09e17cf3309678d9d-lq
Atharva Dave,What made you feel proud today?,"After listening to the press conference of the CDS and the three defence chiefs. The armed forces will express their gratitude to all ""corona warriors"" by conducting fly-pasts, showering petals on hospitals treating Covid-19 patients and illuminating naval vessels on May 3. The way of showing gratitude to the corona warriors is examplary of the defence forces. Gen Rawat said the Indian Air Force will conduct fly-pasts from Srinagar(North) to Thiruuvananthapuram(South), from Dibrugarh(East) to Kutch(West) as thanksgiving to the coronavirus warriors. Navy helicopters will shower flower petals on hospitals treating Covid-19 patients.The Army will conduct mountain band displays along some Covid-19 hospitals in almost every district, while naval ships will conduct special drill and illuminate vessels to convey gratitude to corona warriors. Salute to the defence forces And Corona warriors 😊",https://qph.cf2.quoracdn.net/main-qimg-ce7460c7c62754fccecb304d6235b329-lq
Atharva Dave,Why is #AbhishekBachchan trending on Twitter?,"This shows the great relation between the Kapoors and the Bachchans. As Big B couldn't attend the last rites because of his age and the rising fear of Covid-19 towards old people,he sent Abhishek Bachchan. Abhishek Bachchan didn't go there and stood like a still person,he took some responsibility and managed the people who had arrived. He was a supporting hand throughout the last rites and stood by the Kapoors in their tough time. This showed the true friendship. You can also seen it in the below pictures Salute to Junior Bachchan and you will always be remembered for every type of role you performed Chintu Ji.",https://qph.cf2.quoracdn.net/main-qimg-49e6ad5032ed52abe00b011ec34d500a-lq
Atharva Dave,"If you need 120 runs in the last 10 overs, which 3 batsman would you choose for reaching that target?","One batsman who can settle down while 2 hard hitting batsman can do the work. So the three batsman which I would choose will be Rohit Sharma A batsman who takes approx 2 overs to settle down.And when gets settled down,he can hit every ball out of the park.He has some nudge of scoring 100s in last 10 overs as he has scored many times in ODIs recently. A batsman who has quite a experience of pressure situations.Can do the work alone if finds the rhythm as his timing and shot selection is quite elegant. Andre Russell The Rustle Mania when gets going,no one is able to stop him even his mistimed shots go for sixes.We have seen his magic in IPL playing for KKR when he would turn tables in no time. He has huge experience of hitting some odd 50 runs from 3 overs when the other batsman like Karthik use to hit fours and give the strike to Russell . May form a great partnership with Hitman. ABD No list is complete without Mr. 360. He can hit you all over the park.He can stabilize the innings if needed just like how he does with Kohli.And can switch to beast mode when needed. Has the experience of scoring quick hundreds like the 31 ball hundred against Windies.Can demolish any bowling lineup.And what to say about this man.Steyn too fears bowling to this great man. Hon’able Mentions MSD What to say about this man.Can create fear among bowlers.Ian Bishop once said if you need 15 runs off the last over pressure is on the bowler not on MSD. Glenn Maxwell Maxwell has every shot to destabilise the opposition bowler and make him think about his bowling options.Put KXIP to the 2014 IPL final through his great performances. Hardik Pandya Pandya is known for his fierce hitting.He has the power to make the difference of 50 runs in 3-4 overs.Can hit from ball one.91 vs KKR was a great performance. Virat Kohli King Kohli is the ultimate Chase Master.Can demolish the opposition lineup and remains not out and an exemplary performance was against Australia 2016. 😊",https://qph.cf2.quoracdn.net/main-qimg-d1af8abe823dfa4719f660eaffd1e6a9-lq
Atharva Dave,What is the best spoken line in any movie?,"Fight Club(to the point) Shawshank Redemption Batman Joker The Pursuit of HappyNess Zindagi Na Milegi Dobara “Sieze the day my friend.First live this day fully and then think about 40 years.” “If you are desperate in your heart,then only you are alive.” Gangs of Wasseypur No translation needed. Azhar “You do hundred good deeds and no one remembers it and just a single mistake and everyone forgets you.” Oh My God (Gives the best knowledge about religion) “According to me,religion does only one work,it makes the person powerless or a terrorist.” Yeh Jawaani Hai Deewani “How much you try in your life,some things will always get missed.So wherever you are,just try to enjoy that moment.” Life Of Pi",https://qph.cf2.quoracdn.net/main-qimg-5e2992580d95db241e78034f6519d18d-lq
Atharva Dave,What are some screenshots that don't deserve downvotes?,Tribute to Irrfan Sir(Take some time out and watch some heartfelt messages made for him and dialogues narrated by him) Tribute and salute to your work Sir.,https://qph.cf2.quoracdn.net/main-qimg-9b35cb28a0dee74cede5259b6377f9ca-pjlq
Atharva Dave,Why is the hashtag #IrrfanKhan trending on Twitter?,Indian cinema lost a hero that amazed people with his great acting. Just saw him a few days ago in Angrezi Medium but now he is no more. The movie industry lost a true gem. He was infected with colon infection and had operated himself in London for it and after coming back he did Angrezi Medium which no one would have believed that it would be his last movie. Was reliving some of his dialogues Latest from Angrezi Medium And the dialogue that truly suits him And had delivered movies like Madaari Piku Talvar The Lunchbox(Personal Favourite) Paan Singh Tomar (National Award Winner) Life of Pi Hindi Medium And recently Angrezi Medium. The list goes on. More sad to hear that his mother passed away just 3 days ago in Jaipur and he was not able to attend the funeral of his mother because of bad health. He had been admitted yesterday to Kokilaben Hospital in ICU and now the news came that he passed away. The thing that hurt the most was He said that “Yeh picture achi gayi hai (Angrezi Medium) ab lag raha hai main peak kar paoonga”. And then just the bad health ruined his desires and he went to Allah in this Ramzan month.,https://qph.cf2.quoracdn.net/main-qimg-af459779b720dbb30ed8ed33ba49996d-lq
Atharva Dave,Why is “#UninstallWhatsApp” trending on Twitter?,"Because of two genius individuals of India, Amitabh Bachchan and Anand Mahindra. Amitabh Bachchan had taken screenshots of some Whatsapp status and posted on Twitter without verifying it. Last month, at least twice it happened that Bachchan Sir fell prey to false posts. He first tweeted about janata curfew coinciding with Amavasya and how clapping and clanging utensils will also help in fighting coronavirus pandemic. After being trolled massively, the legendary superstar had to delete the tweet. A few days later, he had tweeted that coronavirus pandemic can stay on human excreta for weeks. This claim of him was later quashed by the joint secretary of the Ministry of Health and Family Welfare. And one tweet which was done as a joke yesterday Same happened with Anand Mahindra. ""Don't know who took this and the location but i hope this photo becomes one of the most iconic images and memories of the pandemic. It's not just about #MaskIndia but also about a greener world. A reminder that nature already provides us with all that we need."" Seeing the two influential people of our country falling prey to fake shares and conveying it to their followers has not gone well with some people. So one person started a petition and approx 750 people signed instantly. So briefing up. Stay away from fake news and try not to share posts without verifying it.",https://qph.cf2.quoracdn.net/main-qimg-230996626b5a09f5d85a191edc08ac73-lq
Atharva Dave,What is the best thing you saw today?,The Indian IAF and Indian Navy salute to the Corona Warriors. The flypast that was done as a mark of respect and thank you for our Corona Warriors. The hospital staff waiving at the IAF helicopter The Indian Navy staff The police officers and medical staff being greeted with flowers The Indian Navy making a human THANK YOU banner as mark of respect. And ending with an art that is a dedication to Corona Warriors 😊,https://qph.cf2.quoracdn.net/main-qimg-a364b2cb3c679a5ae9b88f125f10b288-lq
Atharva Dave,What is the best thing you heard from Sourav Ganguly during his captaincy?,"Sourav Dada was respected by his players as he made many key decisions which elevated their career.One of them was Virender Sehwag opening In the early 2000 when he was handed the captaincy,India needed a opener which would give them quick fire knocks. Sehwag had scored a whirlwind hundred in his debut Test in Bloemfontein but with the middle-order packed to the rafters, the ‘Nawab of Najafgarh’ had to warm the bench in the 2002 tour of the Caribbean. But, Ganguly knew the value that Sehwag brought to the Test side, and with the England tour looming, he made up his mind to try Sehwag.It is important to remember here that Sehwag was primarily a middle-order batsman and had never opened. “Viru told me he had never opened and batted only at 5 or 6 for Delhi. ‘What if I get out?’ I told him you can get out even in the middle order. And I batted down the order so that I could have him in my team. And then he opened in England and scored a century…” Ganguly revealed in Breakfast for Champions back in 2018. Sehwag smashed a whirlwind 96-ball 84 in his very first innings as an opener at the Lord’s and backed it up with a hundred in the next Test in Nottingham. Even though India lost the test at Lords,Virender Sehwag got the confidence that he could open for India and smash runs. And then in the following test at Nottingham,he scored a great hundred by maintaining his composure. And this is how we got our MULTAN KA SULTAN and how our Dada played a great role in it. Beware other teams as we have got our Dada as BCCI president now.",https://qph.cf2.quoracdn.net/main-qimg-ef36d3f629bf51b3fd0f128f4841a753-lq
Atharva Dave,Is self discipline the key to success?,"Seeing the word,this man’s name pops up Cristiano Ronaldo Winning 5 Champions League and being a major contributor is not possible without self discipline. I would share a story of him which was said by Gareth Bale when Ronaldo was at Real Madrid.Once Bale was at training 30 minutes ago,he thought there would be no one and he would do some more practice. When he arrived he saw Cristiano training and practicing free kicks. He then came the next day a hour ago still he saw that Cristiano was early and training and this followed for few days. Then fed up he asked at what time does Cristiano come at training then a training person told him that he comes 2 hours early so as to do some precision practice. A person that has achieved so much would distract after such fame and start partying and enjoying but he maintains the same routine and does training with same efficiency. He has 2% body fat and it has been said that he has a physical age of a 20 year old. He said once that what job or work gives you all the fame or money never mess with it and stick to making it more great. Without practice or self discipline, he wouldn't have hit the famous bicycle kick against Juventus Or the header against Sampdoria Cheers.",https://qph.cf2.quoracdn.net/main-qimg-1d43db7da70d79d3ad28703563ddd216-lq
Atharva Dave,"How was your experience on turning off all the lights and lighting a diya, candle, or torch for 9 minutes on April 5, 2020?","Definitely people around me followed the mini Diwali festival that Modiji setup. I was on the terrace and people were burning crackers and lighting diyas and candles. Some people did the Thali and Taali thing again. They also screamed “Go Corona Go”,“Bhaago Corona”,”Garmi lao,Corona Bhagao”. My Grandfather who is 83 years old also came up the terrace to see the great visuals. After me and my siblings waved our torches in the air the people two buildings away also waved diyas in the air with us. There is a Coca Cola factory next to us they also switched off their lights and switched on a dim light as a torch. Truly enjoyed how the atmosphere was. These are two of the photos which I clicked There were diyas and torches and fire crackers all around. #StayStrong",https://qph.cf2.quoracdn.net/main-qimg-88734b9401fc8b70f38cc906033f8b39-lq
Atharva Dave,What lessons will the world learn from COVID-19?,"Covid-19 has wreaked havoc across the entire world. The things we have learnt from this dangerous virus that the world will forever remember. Feeling bad for Italy. 3. Even if you are great like USA are if you take too long to react then damage that will be caused would be unimaginable. 4. Italy even after having the world’s second best hospital facilities are not able to contain the virus and now it is the case that they are short of land for burying people. 5.We now understand the importance of the unsung heroes like Doctors,Nurses,Policemen. 6. If higher authorities are telling something for your benefit like staying at home,please obey it. 7. DISCIPLINE is the main thing that this virus has taught us that if you obey the rules and avoid getting out then it would save your life. 8. Stock markets getting crashed because of the lockdowns in various countries and hurting economies of various countries. 9. The phrase we now understood that “Prevention is better than Cure” so as long as there is no vaccine made to nullify it stay at homes as a prevention. 10. People who didn’t have time for their family can now spend quality time and get to know about beautiful life is with a great family. Lets stay home and fight the disease and maintain social distancing and nullify this virus so as to return to our normal lifes.",https://qph.cf2.quoracdn.net/main-qimg-f50f7ac16e5e77f2baaecfa6d14f2a81-lq
Atharva Dave,How is the Janta Curfew going on in your city/town?,"Living in Kalyan,Mumbai,Maharashtra. Maharashtra has been the most hit Indian state so it is necessary to ensure that with the help of Janta Curfew the cases don’t increase. The centre of our town Shivaji Chowk. It is always filled by hawkers and the shops.But now not a single person is present there. The skywalk leading to the railway station is all empty. The place going to Kala Talao where people come to jog or exercise or roam around. If you visit Mumbai you would have Marine Drive on your list of places to visit and there it is So all in all people have started to take everything seriously and by staying at home they would prevent that deadly disease to happen to themselves. The Maharashtra Government has closed all local trains for commuters unless it is extremely urgent for them. That is a great step ahead to take that disease off the country. Feeling for Italy.They are facing a great crisis may God help them get through it and become a great country once again as it is one of the most sought-after tourist places. A vaccine be made as early as possible so that the world would return to normality. STAY SAFE AND STAY HEALTHY AND ENJOY THIS TIME WITH YOUR FAMILY AND REMAIN AT HOME.",https://qph.cf2.quoracdn.net/main-qimg-abc214a8e8d8b305973f882951631b64-lq
Atharva Dave,Can you share some screenshots on your phone which can make anyone happy within seconds?,All have their own ways to be happy Whenever I feel low I just look at it and it makes my mood better.,https://qph.cf2.quoracdn.net/main-qimg-c0dcd194182d5e5dc791b378bf0d246b-lq
Atharva Dave,What is the importance of discipline in life?,"As an FC BARCELONA fan, I would like to point it out using the team’s example. So the team qualified to the semifinals of the UCL due to some great individual performances of some players and mainly the GOAT Messi. So the semifinal draw is out Liverpool face Barcelona. The first leg was to be played at the Camp Nou.The crowd was all pumped up as Leo Messi had promised the crowd to bring back the UCL at Camp Nou. So on the day Messi played brilliantly and provided a 3-0 lead which most people considered as ungettable. But the return fixture was at Anfield and for the non-football fans I would like to say that it is one of the most electrifying atmospheres in the world. So the second leg started and the atmosphere created was second to none and Messi created chances but was not able to score and the crowd totally disrupted the Barca team by its chants of You’ll Never Walk Alone. And then Liverpool scored and the first half score was 1-0. Barca had come here thinking of defending the lead as per Barca’s manager Valverde but one of the veterans Pique who had played in England said to the manager that this is not how you win in England. But he was said to shut up and listen. And this showed that they had not learned from their previous year's setback of Roma. And once again they played on the pitch with no discipline and the defence scattered so they conceded one goal after another and now the impossible looked possible. And now a corner was awarded and they were not paying attention to the corner as their confidence was totally down. And a quick corner was taken and the goal was struck and now the scoreline read 4-0 and the match ended and Barca were knocked out. So one lesson can be learnt from here that had they played with some discipline and intent of hitting on counters they would have achieved a goal which would have been a vital away goal. Had they sticked with a proper plan and played with proper discipline the goal was not far. So showing overconfidence and not doing things with proper plans and discipline would fetch you nothing instead steal the things that are in you grasp. So also in real life I would give you three cases Most of the people join it and some stay there for a month and skip it as it invites some pain but as they skip it,it invites more pain as the body gets used to it and no other exercise means a change in schedule and then the money goes too with no outcome. 2. Studies Some students try to take their studies till the end inviting pressure because had they started earlier and regularly that would be some less work at the end and disciplined planning would have led to some less mental pressure. 3. Work People at work tend to take half days or skip work so as to enjoy for some time and then they have to beg for deadline extension and then their boss assigns them a new project and again they have to work for two deadlines and from home too so as to cope with the work pressure. So the key or one of the key principles of living a great life is DISCIPLINE and without it you cannot achieve anything or hold on to it. MOTIVATION GETS YOU GOING BUT DISCIPLINE HELPS YOU IN GROWING.",https://qph.cf2.quoracdn.net/main-qimg-68667c5b1671d3cff6f6621321b947db-lq
Atharva Dave,What are the best screenshots of Holi 2020?,Today Politics was in its own colours Scindia leaving Congress Pune Police as always humorous,https://qph.cf2.quoracdn.net/main-qimg-3f9bfe4d61b28a2d393db47d9567c513-pjlq
Atharva Dave,What do you think of the India vs New Zealand 3rd 20-20 match?,"WHAT A MATCH. WHAT A PLAYER ROHIT SHARMA. Key points Bumrah had a off day but definitely would come back strongly. New Zealand loses on yet another Super Over. Jaddu should never be underestimated. Shami has had a new career or life started after his marriage drama. A Series win in New Zealand Once again feeling for this guy-The mighty Kane IT MAY NOT BE CALLED A SERIES DECIDER BUT ROHIT MAYBE CONSIDERED IT AND WHEN IT MEANS A SERIES DECIDER TO HIM, HIS BAT DOES THE TALKING. The two stars of the match. Key Moments 9 needed off 6 A cakewalk for NZ 1st ball yorker tried but missed and a full toss into the stands. No hope. 3 off 5 2nd ball Single (Thanks for correcting me Santosh Pradhan) 3rd ball and Kane tries a upper cut and direct into Upper cut specialist Rahul’s gloves. Hope is a great thing maybe the greatest and no good thing ever dies. 2 off 3 4th ball Dot 2 off 2 5th ball Single. 1 off 1. Rahul tries to imitate Dhoni and takes off his gloves. Last ball A yorker and right swinging into the stumps. A match that seemed we were losing now was tied. Now comes the Super Over. NZ BAT FIRST. Bumrah even though having a bad day but the best death bowler handed the ball 1st ball Single 2nd ball Single 3rd ball Kane swings it and Six NZ 8-0 4th ball Kane hits it hard and four NZ 12-0 5th ball Single 6th ball Guptill hits it and four NZ 17-0 TARGET SET FOR INDIA 18 ROHIT AND RAHUL COME OUT 1st ball Rohit on Strike Hits It hard and runs a Single but wants a double and runs half the pitch and Rahul still at the end and Guptill throws it at Rohit’s end. A pure Drama. 2nd ball A mistimed shot for a single 3rd ball Rahul hits it for four IND 7-0 4th ball Single Now India need 10 off 2 5th ball Rohit hits it for a Six IND 14-0 4 needed off 1 6th ball Rohit deposits it in the stands and India win the match courtesy of the HITMAN KOHLI AIMS FOR A 5-0 LET’S SEE. A PURE THRILLER. A COMFORTABLE MATCH FOR NZ TO WIN BUT DUE TO HEROICS OF ROHIT AND SHAMI INDIA WINS IT. A SERIES WIN IN NEW ZEALAND.",https://qph.cf2.quoracdn.net/main-qimg-0eeef9416e20fb466c246f31ef22a2a5-lq
Atharva Dave,What are some epic tweets in India?,The recent tweets on the trending topic #NewPassword Ananya Pandey = Struggle After the Saif Ali Khan starrer “Jawaani Jaaneman” came The Police IT cell is rocking nowadays with epic tweets Pune Police To which Maharashtra Police also retweeted And one related to the wonderkid Taimur and sensation Sara. Thank you.,https://qph.cf2.quoracdn.net/main-qimg-8d1f4bcafc79c5650e5db3ec76bf5040-lq
Atharva Dave,Which cake design shocked you?,Camera lovers Halloween lovers Dog lovers Piano players Cricket Fans (including me) Football Fans Avengers Lovers(Love you 3000) Cartoon Lovers Biryani Fans Cute Panda Natkat Kanhaiya Bhakts Would like to taste some of these (nearly resembling it). 😋😋😋 Image Source: Google.,https://qph.cf2.quoracdn.net/main-qimg-306446670b88ecba1d574a9967010de6-lq
Atharva Dave,Who is the 'player of the decade' of every cricket playing nation?,"We can consider some of them as the finds of the decade for their nations. VIRAT KOHLI Started this decade as a youngster who had won the U-19 World Cup to finishing it with comparison to his idol Sachin and breaking innumerable records. 2011 WC 2013 Champions Trophy 70 Centuries 20000 runs in the decade And many more things in the coming decade. Modern day great 2. Australia STEVEN SMITH Known at the start of the decade for his unusual batting stance to achieving great things for his nation. Was banned for 1 year due to sandpaper scandal but returned with a bang in the Ashes and rocking once again 2015 WC 2016 ICC Cricketer of the Year 3. England BEN STOKES The England Team was in a transforming phase at the start of the decade with players like Trott,Swann,Pietersen,Strauss leaving and new young players arriving. They got a gem of a all rounder. The heartbreak of 2016 T20 WC was high on him. He made them win the 2019 WC with great performances 2019 WC THE ASHES TEST WIN 4. South Africa ABD AND HASHIM AMLA Can’t name one. ABD the entertainer no haters and calm minded Hashim Amla the person once again with no haters and who wants to see proper cricketing shots can just enjoy his batting. ABD keeps on making records of his own while Amla just keeps on scoring fastest 1000,2000,3000… and keeps breaking Kohli’s records. The heartbreak of 2015 WC semifinal the fans wanted a WC for these 2 maestros who never failed to entertain the crowd whenever they took the field. 5. New Zealand KANE WILLIAMSON That smile. A calm minded man who silently keeps scoring runs and a person who delivers when the team is in trouble. A proper captaincy material. A valuable part of the Fab 4. Even though New Zealand lost the WC but he won hearts. 6. Sri Lanka Lasith Malinga Slinga Malinga Gem of a bowler after Muralitharan for his nation. An established bowler at the start of the decade. Anybody could think that his performance would degrade due to age but he rose and maintained that standard. 2014 T20 WC 2019 IPL FINAL OVER 2019 WC HERO IN THE MATCH AGAINST ENGLAND. 7. Bangladesh SHAKIB AL HASAN May be called the greatest all rounder of this decade. Guided this team from underdogs to strong contenders He has been vital for his team in this decade even though he may be banned for 2 years I guarantee that he will come back strongly IN THE TOP 5 RUNSCORERS IN THE 2019 WC AND THE GREATEST WITH THE BALL CROSSING 200 WICKETS IN BOTH TEST AND ODI 8. West Indies DARREN SAMMY The ever smiling guy. The expert in managing the players. The Champion who has left international cricket due to differences with the board led the team brilliantly comprising of Champions like Bravo,Gayle,Pollard. Led the team to titles when they were considered underdogs 2012 T20 WC 2016 T20 WC THE CHAMPIONS OF THE DECADE.",https://qph.cf2.quoracdn.net/main-qimg-49b7f880dc09b828d495768307362365-lq
Atharva Dave,What's the biggest lesson you have learned in 2019?,"3. You have to move on from everything as I have experienced this year events that are tragic to happy moments and you can't stick to either for lifetime. 4. Never celebrate too early before you achieve a thing. 5. Whatever you want to do don’t just plan like learning something,dream holidays or spending time with family,friends just do it now as no one can ensure you that you will be present tomorrow so live your life to the fullest enjoying every second. HAPPY NEW YEAR AND WISH YOU A WONDERFUL 2020.",https://qph.cf2.quoracdn.net/main-qimg-7ae864822fba14e9d352003e4d4b5cfd-pjlq
Atharva Dave,What did you learn from the 3rd ODI between India and West Indies?,2. If you have a moment of your lifetime i.e. representing your country try to make it memorable. That is what Navdeep Saini did. 3. A thing we can learn from West Indies team is that even if you don’t have the senior players you should still fight and prove a point to the world. 4. Once again for King Kohli that even though wickets were falling on the other end he was still and every batsman who would come he would motivate them and make them calm kudos to his fighting spirit and leadership. 5. And lastly the biggest story Jaddu and Thakurji what great knocks salute to Jadeja to not let the pressure pile up on Kohli and supporting him and when Kohli gets out he took the responsibility and finished the match and Thakurji what a strong character hit so greatly all the pressure of Kohli’s wicket was off after that four from him and the match winning innings.,https://qph.cf2.quoracdn.net/main-qimg-cca2eebaf73ec3ae6eede2d63bbe4baf-pjlq
Atharva Dave,What are your views on Rohit Sharma and KL Rahul's batting performance in 2nd ODI vs West Indies on 18-12-19?,"Rohit Sharma and Lokesh Rahul- A new deadly duo forming up. What a great opportunity Dhawan’s injury has given to Rahul and he has grabbed it perfectly. Rahul from the start was playing proper cricketing shots with ease and helping Rohit Sharma settle till then. When Rohit starts hitting, the batsman at the other end just tries to enjoy Rohit’s game. It reminds me of Sehwag-Sachin duo.Should not compare with the duo as the former were a class apart. But by the playing style we can say that when Sehwag used to hit at the other end Sachin used to properly find gaps and score proper cricketing shots just like that Rohit hits like Sehwag and Rahul scores elegantly like Sachin. Rahul has got his form on and with composure he has tried to score runs. While Rohit what a year he has had due to his lucky charm - his daughter Samaira. Most sixes this year and most number of runs in the year 2019. Rahul played his part and as we all know whenever Rohit reaches his 100 there is the demand of the daddy hundred and even though he was tired he kept hitting. Rohit purely has the DNA of a leader as Kohli got out (hard luck 400th match and a duck) but never mind Rohit took more responsibility and instead of changing gears and hitting hard he t...",
Atharva Dave,"What is your view on Rohit Sharma, Lokesh Rahul and Virat Kohli's performance against West Indies in the final T20 match in the West Indies tour of India 2019?","Mumbai cha Raja ,Rohit fired it at the Wankhede as he had not scored in the previous two outings and what better place to regain your form than his own home ground. Everytime Rohit hit a six or a four, the next ball the crowd would roar “Rohit,Rohit”. Yesterday Rohit would have scored a century but as one of the commentator stated as it was the 12th over and somebody had to fire up as it was already half centuries for Rahul and Rohit, Rohit took the Onus and started hitting and in that hitting he mistimed a ball and it went up in the air and then to the fielder. Everybody had thought that returning to Mumbai he would score big and proved us right on our expectations and there was a time when all the people’s hearts where in their mouth when this moment happened. But Rohit survived and then he started hitting as he got a lifeline.And then he completed his feat of 400 sixes. After Rohit was dismissed,Pant came in. I was watching Pant whenever onscreen and I would see him focused while Kohli was joking in the dugout. I thought it would be his day but as he was told to hit hard and he did it but straight in the fielder’s hands. King Kohli arrives. Red hot form and like in the first match he was not able to connect in first few balls but then when he got the rhythm you can see the results. 4s/6s - 4/7 21-ball fifty Many few times there is a chance that Kohli has more sixes than fours and this was the fastest fifty for Kohli. 29-ball 70 Williams was also there around him so as to pump him up. Whenever he would hit a six he would look up for Williams to tell him that he is the boss. Here is one of his reactions And besides these two the South star KL Rahul was ticking the scoreboard and proper cricketing shots were played by him. And when Kohli was hitting hard, maybe he also wanted to hit a century, so then for the first time there was a nasty reverse sweep which was not timed properly and in the last over he also mistimed the ball just like Rohit and could not hit a well deserved century but cheers to his technique and talent. The description to the batting effort. Credit to the bowlers to finish the game properly despite some Pollard heroics. ONE THING I WOULD LIKE TO STATE THAT THIS WOULD NOT HAVE BEEN POSSIBLE WITHOUT KESRICK WILLIAMS WHO WAS INDIRECTLY PUMPING UP KOHLI DUE TO WHICH WE WON THE FIRST AND THIRD T20i AND ULTIMATELY THE SERIES.",https://qph.cf2.quoracdn.net/main-qimg-a38ffb24463e8928b0b05c6e6959b7dd-lq
Atharva Dave,What was the action done by Virat Kohli after hitting a six off Williams in the 16th over in the T20 match at Hyderabad?,So the main thing that happened And why it happened is Williams has a celebration that whenever he takes a wicket he opens an imaginary book and registers the person in it with how many times he has taken his wicket. Now many of us may have seen that celebration in CPL in some video and that many people are saying that he follows CPL closely and that is a story of 2 years ago. But no in some previous series with Windies in Jamaica (as stated by Kohli in post match) Williams had done this celebration and this would have become set in his mind and he would have decided to return the favour. This was Williams celebration. And what better day than this he was totally pum...,https://qph.cf2.quoracdn.net/main-qimg-16475757ed0459abe248f826cf70e30e-lq
Atharva Dave,What are your views on Virat Kohli's unbeaten 94* off 50 balls in the 1st T20 against West Indies on 06-12-19?,"After seeing the first innings score,I thought it would be tough, and Indian batting lineup should start firing from openers. But as soon as Rohit fell,I thought now it becomes much difficult. But seeing Kohli, I gained confidence by seeing his body language. But the score board slowed down in between but after Rahul smashed fifty he went on hitting mode. At that time Kohli was struggling but was aapting slowly. Then the wicket of Rahul fell which seemed like will it turn the game but no As someone said “Pressure situations bring out the best person in you.” And there was so much controversy around like no balls not given and Kohli was being sledged many times to distract but he remained focused. I felt so lucky seeing the dedication in the man’s eyes to finish the game. Pant on the very first ball fired a great six through which Kohli also got confidence and gave him proper instructions and he followed and helped the Indian captain. And man, he sledged brilliantly Williams who also could not control his laughter after he was signed off by King Kohli. As in the post match, Kohli said that Jason’s over was the turning point of his innings paceup and that shot was so brilliant and I think the cover area today truly belonged to Kohli today. This was a great gift to Shreyas Iyer on his birthday.He focused on his strengths. And said by him in the post match,I am not a player who slogs I just try to time the ball perfectly. King Kohli Runs-94 4s/6s - 6/6 SR - 150+ Truly the Chase master. And at the end he patted on his back and showed the crowd his name and may have said that the King is back. Pant and Rahul also deserve the credits one for easing the pressure and latter for keeping the scoreboard checking while Kohli was finding his Rythm. Greatly imitating Williams. Do whatever you want to take me out, I’m not gonna leave until I finish my work. Ladies and Gentleman,King Kohli.",https://qph.cf2.quoracdn.net/main-qimg-16475757ed0459abe248f826cf70e30e-lq
Atharva Dave,What is the most common mistake humans make?,"NEVER JUDGE TOO QUICKLY If you know about India’s PM Modi foreign trips, he would go from country to country visiting their PMs and Presidents, In the first instance people and mainly media would start calculating the money he spent on the trips. Everyone would troll him and term him as Foreign Minister and I would also think that is he enjoying a vacation and was he faking the promises. But NO now if we look back we understand the importance of the trips .It has helped us in diplomatic issues. In all the above cases , the permanent countries and non-permanent countries in UN sided with India because of the trade market in India and due to various treaties and deals and relations built up with India. Modi With Various Leaders And recently in Bhutan SO WE CAN LEARN SOMETHING FROM THIS ANSWER, THAT IF A PERSON IS DOING SOME WORK AND YOU TERM THAT THING AS A MAD THOUGHT, BEFORE QUICKLY JUDGING TRY TO CAREFULLY SEE HIS ACTIONS TOWARDS THE TASK AND ANALYSE WHAT HE WANTS TO DO AND IF YOUR MIND CHANGES THOUGHTS FROM A BAD IDEA TO A GOOD IDEA OVER IT, THEN YOU CAN ALSO PROVIDE THE PERSON SOME SORT OF ADVICE OR HELP THESE SMALL HELPS AND ADVICES WOULD MAKE A PERSON A BETTER PERSON AND THE WORLD COMPRISING OF SUCH PEOPLE A BETTER PLACE.",https://qph.cf2.quoracdn.net/main-qimg-4eedcd988892a440d10f64c8a6e5b74b-lq
Atharva Dave,How would you sum up the 2019 Lok Sabha Elections in India?,"LOK SABHA ELECTION RESULTS CAME. EXIT POLL RESULTS ARE SATISFIED AND FULLY TRUE. LOT OF UNEXPECTED THINGS HAPPENING. FIRST OF ALL NO EVM TAMPERING AS NO PROPER PROOF AND ONLY RUMOURS. FATE CHANGE RAHUL GANDHI LOST AGAINST SMRITI IRANI IN AMETHI. FIRST SMRITI IRANI WAS AHEAD BY 1700 VOTES BUT THEN RAHUL OVERTOOK THEN ONCE AGAIN SMRITI GOT AHEAD. LUCK AND PAST THINGS ALWAYS DON’T FAVOUR YOU. SMRITI IRANI HAD JUST LOST BY SMALL MARGIN IN LAST ELECTION BUT NOW SHE DID GREAT WORK AND GOT A WELL DESERVED VICTORY. THE NEWBIE ARRIVES IN STYLE. MR. GAUTAM GAMBHIR WINS THE SEAT OF DELHI NORTH AT THE FIRST TIME STANDING IN THE ELECTION. THE LONGEST SERVING CM OF DELHI SHEILA DIKSHIT ALSO LOSING ON THE SEAT SHE WAS CONTESTING. A TOTAL TURNAROUND OF SEATS FROM AAP-7 BJP-0 IN 2014 TO AAP-0 BJP-7 IN 2019. NOW TURNING TO UTTAR PRADESH, THE MAHAGATHBANDHAN ALSO DIDN’T AS IT DID NOT GET MORE THAN 20 SEATS ALSO. CONGRESS ALSO GETTING MEAGRE 2 SEATS THAT IS FROM SONIA GANDHI AND RAHUL GANDHI. AND MODI LED BJP SWEEPING 50 SEATS. NOW DOWN TO WEST BENGAL MAMTA JI GETTING MORE SEATS BUT MODI’S CAMPAIGNING GOT HIM A RAISE FROM 2 IN 2014 TO 16 IN 2019. SADHVI PRAGYA LEADING EVEN AFTER A CONTROVERSIAL STATEMENT. DIGVIJAYA SINGH LOSING BHOPAL SEAT TO SADHVI PRAGYA. ALL PROMINENT LEADERS OF CONGRESS LIKE KHADGE AND SCINDIA LOSING OR WINNING BY A SMALL MARGIN. MEHBOOBA MUFTI LOSING ON HER SEAT. THINGS THAT HAVE NOT CHANGED MODI WINNING ALL SEATS IN GUJARAT. SWEEP OF SEATS IN MAHARASHTRA BY BJP-SS ALLIANCE. MODI AND BJP GOT A HUGE BLOW IN MADHYA PRADESH LAST TIME IN ELECTIONS BUT NOW THROUGH EXCELLENT CAMPAIGNING THEY HAVE RETAINED THEIR PLACE IN PEOPLE’S HEART. BJP ACHIEVING MAJORITY ON ITS OWN AND COLLECTIVELY WITH NDA AROUND 330. ONE MORE POINT THAT AFTER EXIT POLL ONLY THE EFFECT WAS SEEN ON SHARE MARKET BUT NOW AS THE OFFICIAL COUNTING WAS GOING ON THE EFFECT DOUBLED AS NIFTY GAINED 160 POINTS. ELECTION KA JADOO HAI BOSS. AT LAST JAISA KI MODIJI NE KAHA THA ABKI BAAR 300 KE PAAR. AND ONE MORE TIME WAH MODIJI WAH!!!",https://qph.cf2.quoracdn.net/main-qimg-92ca288c08cfb72df6fc9d69e0ce60d6-lq
Atharva Dave,What is the most inspiring sentence you have ever heard or read?,"I am a huge follower of Indian Army. So I would like to share some famous slogans of armymen. First of all I would like to salute VIKRAM BATRA sir and his famous dialogue. YEH DIL MAANGE MORE. AND ANOTHER ONE WITH THE GREAT MAN’S PICTURE You can read his story on the internet that how he pulled back a person saying you have a family behind you let me go and without A SECOND THOUGHT HE CONFRONTED THE ENEMY AND KILLED MANY AND EVEN AFTER GETTING HIT BY BULLETS IN THE CHEST HE DESTROYED TWO BUNKERS IN THAT CONDITION. SO A PERSON CAN LEARN A LOT FROM HIM THAT WE SHOULD NOT STOP AFTER SMALL VICTORIES IF OUR GOAL IS TOO BIG AND KEEP ON ACHIEVING GOALS AFTER GOALS. THE SECOND DIALOGUE WAS TO HIS FIANCEE TO WHOM HE TOLD INDIRECTLY THAT HIS NATION COMES FIRST BEFORE EVERYTHING IN LIFE SUCH WAS HIS LOVE FOR THE COUNTRY. THIS ATTACK AND COURAGE HELPED OUR ARMY CAPTURE THE TIGER HILL WHICH WAS CAPTURED BY THE ENEMY. Second is the great man, MANOJ PANDEY sir. The man with great will and courage had a dream of achieving PARAMVIR CHAKRA. But he was not there to receive it. The brave act for which he was awarded was like there was no idea of enemy position and bunkers present. And it was dangerous if attacked with no exact location so SIR took initiative and came in front of the enemy to kill some and grab the main information of the enemy location in the process he got hit by a bullet but then also he continued with the mission and killed the enemy till his last breath. One dialogue which was narrated by sir’s mother between sir and mother was that sir’s mother told him whenever you attack stay in the vicinity of your troops and don't come in direct eyes of enemy to which Sir replied if I and you are in a difficult situation then will you put me in front or yourself so Sir had so much love for his team and treated his team as his children so he had a great quality of a LEADER. Another great thought from LIEUTENANT ARUN SIR. IF YOU HAVE SHEER DETERMINATION TOWARDS YOUR GOAL YOU SHOULD ACHIEVE IT WITH WHATEVER RESOURCES YOU HAVE AND NEVER BACK OFF BY LISTENING TO OTHER PEOPLE AND COMPLETE IT EVEN IF THE ODDS ARE NOT IN YOUR FAVOUR. The main story behind this slogan was When a squadron was needing help he rushed with his group to the location with his arms and ammunitions and he driving a tank when he arrived the team received huge enemy fire then they destroyed many enemy tanks but then the enemy received reinforcements and many people from his side were wounded and he and his tank also got hit but then also his tank was in working condition so he told that he can still attack and destroyed another tank but then his tank got a hit and he sacrificed his life. Had he backed off after the first attack the enemy would have definitely killed many and would have captured the point again. NOW TO TALK ABOUT THE MOST BADASS MAN FIELD MARSHAL SAM BAHADUR MANEKSHAW SIR. WE WILL ATTACK THE ENEMY WITH NO BACKING OFF AND IF SOMEONE FORCES US TO BACK OFF WE WILL SIMPLY IGNORE HIS/HER ORDERS. LOSERS HAVE NO ROOF TO HIDE. WHATEVER YOU DO, DO IT WITH FULL DEDICATION WITH NO EXCUSE OF FAILING AND KEEP ON HITTING HARD SO AS TO ACHIEVE YOUR GOAL. GIVING SUCH A REPLY TO THE PRIME MINISTER OF THE LARGEST DEMOCRACY REQUIRES COURAGE, AND THAT IF A PERSON INTERFERES IN YOUR DECISION STRIKE HIM OFF. THE ONE AND ONLY FIELD MARSHAL OF THE COUNTRY TAUGHT ONE THING ABOUT LEADERSHIP AND DECISION MAKING THAT IF YOU HAVE TAKEN A DECISION RELATED TO SOMETHING AND IF THE PLAN DOES NOT SUCCEED, DON’T TRY TO SHIFT THE BLAME ON OTHERS AND TAKE FULL RESPONSIBILITY OF THE ACT.",https://qph.cf2.quoracdn.net/main-qimg-edafdb2546b2c26e653ce6f0c459d6cc-lq
Atharva Dave,What makes Elon Musk great?,"I recently watched his Interview with Salman Khan,the founder of Khan Academy and learnt some new things from him. I would like to point out things that I liked about him. Some great quotes by him Will add some more points as I recollect. Till then Enjoy.",https://qph.cf2.quoracdn.net/main-qimg-f72a6c9f0a31f5dae5f8e3dd25a14631-pjlq
Atharva Dave,How can you describe a cricketer in one photo?,"M.S.DHONI Remember the moment “Dhoni finishes off in style, India lift the World Cup after 28 years.” Even a person who doesn’t follow cricket much would have watched this moment. RICKY PONTING A Brilliant captain who served his nation and brought pride to them by winning World Cups back to back. YUVRAJ SINGH Sixer King, a Fighter, a Destructor. Salute to this man for his fighting spirit. VIRAT KOHLI What to say about this man,, the quote sums it up and if its Ronaldo in Football for dedication then it would be Kohli in Cricket for the dedication. SHIKHAR DHAWAN GABBAR IS BACK. ROHIT SHARMA My Favourite. People say he performs occasionally(its somewhat true) but when he performs no one stands a chance against him. SHANE WARNE. The man who changed the scenario of spin bowling. 700 wickets and known for the BALL OF THE CENTURY. HASHIM AMLA A true gentleman and a great legend sitting beside him.Both helped their country win accolades and many trophies. ABD SUPERMAN, MR. 360. WHAT YOU SHOULD DESCRIBE FOR THIS MAN. WORDS ARE NOT THERE TO DESCRIBE HIM. THE CAPTION IN THE PIC TELLS THE STORY. STEYN What speed should I ball and how rapidly should I take out the stumps.Batsmen would fear and lose concentration when he used to bowl. VIRENDER SEHWAG. MAN YOU BEAUTY. A MAN WHO DIDN’T KNOW WHAT FEAR IS.IF YOU DON’T BELIEVE, SEE THE PIC BELOW. SACHIN TENDULKAR GOD OF CRICKET. A MAN WHO RULED A BILLION HEARTS. JONTY RHODES ANY CRICKET LOVER WOULD REMEMBER THIS RUN-OUT. BRIAN LARA THE MIGHTY WEST-INDIAN KNOWN FOR HIS 400. JASPRIT BUMRAH TOE-CRUSHING YORKERS. WHAT ELSE IS EXPECTED AND A GREAT BOWLING ACTION. These were the players who I personally admire. Any suggestions would be accepted.",https://qph.cf2.quoracdn.net/main-qimg-482cd874d34cac35748fcd95577177ad-pjlq
Atharva Dave,What are some of the best images of 10 years challenge?,"10 year challenge photos which I liked and would love to share. 2. Some things don’t really change. 3. The MDH uncle doesn’t get any older. 4.Sleep was the most important thing 10 years ago and now also. 5. Perfect picture. 6. Nothing has changed. 7. Fevicol remains common. 8. A pic from the White House. 9. No change observed. 10. Digital era. 11. One more example of digital era. 12. Very much the same. 13. Just a version change. 14. 10 year challenge combined in one photo. 15. A mature dog. A HILARIOUS MEME RELATED TO THE 10 YEAR CHALLENGE. Those were the great photos of 10 year challenge which I personally liked. If you have some suggestions, tell me I would love to add it here . ENJOY. THANK YOU EVERYONE FOR YOUR LOVE AND UPVOTES. MY SECOND ANSWER WITH 100+ UPVOTES.",https://qph.cf2.quoracdn.net/main-qimg-0887ee3207447338995bfc0cda9e41e6-pjlq
Atharva Dave,What are some of the best life tips?,Try to make the most of this life. These are some of the life tips I have experienced amd learnt so far. Also try to develop yours and share here.,
Atharva Dave,"What do you think of the movie ""Uri: The surgical Strike""?","Proud to be an Indian after seeing this movie. After seeing the trailer, I made up my mind that whatever happens I’m gonna watch this movie. The director and cast has done a great job.They divided the movie into chapters and explained the whole reason behind the happening of Surgical Strikes. They showed all the incidents in the past one year that happened before the surgical strikes.Pathankot attacks and all. The Man from DRDO who made the eagles(like drones). The scene in which the eagle is being caught by a terrorist was so much intense that it would stop someone’s breath. Great acting from the man and hats off to the actual man who made those eagles. Yami Gautam did an excellent job. Mainly the interrogation scene. Paresh Rawal performance was great. The great habit of breaking mobile phones, I once started counting how many mobiles he broke but as he was so good at it that I lost the count at last. Every time he broke a phone his manager would be ready with a new one and the people in the theater would laugh and scream everytime he broke a phone. Isha Talwar cameo like performance should be all of praise as whatever scenes were given to her she did full justice to that. The young girl when she shouted the War Cry the whole army completed it. In real, when it would have happened what would be the things that she would have gone through. She will never be able to see her father again. They removed the 72 hooron dialogue. They should have kept it as it was the main dialogue for which people came to watch the movie. Th attack on URI base camp was so bad that the terrorists killed our soldiers when they were sleeping. Our army gave the most epic reply. The most under-rated scene was when our Indian couple grabbed the information from that Pakistani person who attended the meeting regarding surgical strike and informed Ajit Doval about it and how the pilot turned the chopper back keeping the surgical strike alive. The mastermind of Ajit Doval that he travelled by Riksha so as to avoid media attention. The main dialogue was HOW’S THE JOSH? HIGH SIR. The people in the movie hall also shouted HIGH SIR. The last scene was epic that Vihan(Vicky Kaushal) dined with Modi and he kept his promise as he told Modi before surgical strikes that there will be no casualties in the attack. I would say that this was a MODERN DAY BORDER. Hats off to the army men and the masterminds behind the SURGICAL STRIKES. Edit : One scene I missed was when Major Vihan calls her pilot when they are just in trouble and are being fired by Pakistani chopper,at that time the pilot comes and remembers her husband’s name and shoots Pakistan’s chopper till it runs away. Thanks Mayank Verma. Edit: I would like to correct that The actress was Kriti Kulari not Isha Talwar. Thanks Bhanu. THANK YOU EVERYONE FOR YOUR LOVE AND UPVOTES. THIS IS MY FIFTH ANSWER AND I AM GLAD FOR THE 100+UPVOTES THAT I RECEIVED ON THIS ANSWER.",https://qph.cf2.quoracdn.net/main-qimg-d7030d84c0a363a460fa6ef03253be8e-lq
Atharva Dave,What is the most valuable lesson you learned last year?,"The one great lesson I learned last year was If we don’t like something, we will try to avoid as much as possible but that thing would again and again haunt us. So after my experience, I have learnt that instead of running away from that thing, we should try to give a shot to that thing and do it till we start to enjoy doing that thing as if we would run away from that, it would come in some or the other way to trouble us. This lesson I have learned from a subject of my curriculum as when it had started,I didn’t understand it and felt hopeless in that subject but then I decided that if I treat this subject as I am treating it now,it will not fetch me good marks and my grades will go down as well so I decided to do various types of problems everyday so as to get the feel of it, and as time passed I started enjoying it and now I don’t give up on that subject.",https://qph.cf2.quoracdn.net/main-qimg-30cbf8b2a648bcffaa723ce96745826d-pjlq
Atharva Dave,What are some of the best screenshots you have taken on your mobile phone?,Most of my screenshots are from Quora. I decided to share some of them which I truly like. I have some screenshots of motivational quotes. Some related to football. Some beautiful pictures of nature. Some beautiful photos My two personal favourites,https://qph.cf2.quoracdn.net/main-qimg-b5e5462dc892ab2b160d9b79922516e1-pjlq
Atharva Dave,Will CR7 ever become poor?,"You would have thought of Ronaldinho when you asked this question.I think so. He can become but mostly he will not become poor. He is still playing at the top notch level although he has faded as compared to the previous performances. He has a lifetime deal with Nike- A billion dollar deal. He has his own brands like his perfume named after his own name CR7. You can see the brand value he has by when he transferred to Juventus from Real Madrid the people of Turin bought Ronaldo shirts and perfumes and all the stuff that are endorsed by him just at the airport to see their new star arriving. He has huge fan following on Instagram,Facebook and Twitter and he charges a mammoth amount for every post. He doesn’t party too much and that would save him from how Ronaldinho lost all his money. And he is a great invester as well. He has personally said that after he quits playing he wouldn’t manage but he would just focus on the endorsements and his business. He has said that he will start a restaurant and many more things which would work mostly because of his brand value. So there is mostly no chance that he would go bankrupt after seeing above conditions unless he does something drastic.",https://qph.cf2.quoracdn.net/main-qimg-657694a9808baf58ab790ccb38dc37e1-pjlq
Atharva Dave,What are the lessons people most often learn too late in life?,"1. We should try to make our mind understand that no one is gonna help us if we don’t try anything ourselves. 2. We shouldn't wait for the right time- Right time is when you start. 3. Care for your body because that’s the thing that will remain the whole life with you. 4. Life is very short,time passes by at a very fast rate try to enjoy every moment of it. 5. Don’t just keep on saving and just don’t keep on spending have a proper ratio in between them as if you would just save then you won’t have much in your life as your mentality would be to just save. 6. And at the same time just don’t spend too much as you would require that money in any emergency and you won’t that much money and you would regret spending it in some foolish things. 7. Respect your parents as it is the most important thing in life and you would understand it when you lose them. 8. Try to make great memories in your life as it is said that after we die there is about 7 minutes of brain working and it retains all the...",
