Name,Question,Answer,Image
Claire Jordan,"What is the origin of the name ""panda""? Why are pandas referred to as bears even though they do not resemble them?","This is a panda: This is a bear: which became known as a “giant panda” because it has the same bamboo diet, and the same pseudo-thumb on the wrist to help it to hold bamboo, as the true panda, so we used to mistakenly think they were closely related.",https://qph.cf2.quoracdn.net/main-qimg-1811db3c8f8fd31560b8ba4539443f5d-lq
Claire Jordan,What is the world’s biggest hamster?,"The European hamster, Cricetus cricetus: 13″ long not counting the tail, which is another 2.4″. Basically that’s about the size of a very large guinea pig. Here’s one next to a Syrian hamster (the kind we keep as pets):",https://qph.cf2.quoracdn.net/main-qimg-97970e1882d08edf80d27503fcd9cfee
Claire Jordan,What makes The Sun tabloid popular in the UK?,Excellent sports coverage and lots of tits. And it’s not nearly as inaccurate as it was before Elton John took them to the cleaners for libel about 30 years ago.,
Claire Jordan,How were the stones at Stonehenge quarried and transported? Were they sourced from a nearby quarry or transported from a distant location in England?,"At least some of them were quarried and transported from a location in Wales, and one apparently from Scotland.",
Claire Jordan,Can you share some unique and interesting pet names that you have heard of or given to your own pets?,I had a rat named Oofie Prosser (after the Wodehouse character) who grew up to be so sneaky that he became known as Oofius in the Undergrowth.,
Claire Jordan,Has anyone on Quora read a novel that was written more than 100 years ago?,"Of course. The Wounded Name by DK Broster is a great favourite and so is The Amateur Gentleman by Jeffrey Farnol, and there’s all the Conan Doyle books, Kipling, Dickens, the Brontés, Le Morte d’Arthur (which is about 500 years old)…. I confess I haven’t read Jane Austen, but I really should,",
Claire Jordan,"If Hitler's name was something more common like ""Hans Muller"", would Hans Muller be a hated name?","It’s an interesting question, but I would tentatively say no. Why? Two of the most famous serial killers in UK history were the Moors Murderers, 1960s paedophile killers named Myra Hindley and Ian Brady. Myra Hindley was the most famous Myra anyone had heard of, and she pretty-much single-handedly destroyed the name Myra, making it deeply unpopular overnight. But there were already lots of famous Ians, so Brady wasn’t the first person most people thought of when they heard the name Ian, and so his infamy seems to have had no effect on the popularity of his name.",
Claire Jordan,When will there be mouse extinction?,"It’s unlikely that murines will ever become truly extinct so long as mammals themselves endure, as they are such an adaptable and successful group. But they have a short generation time and evolve rapidly, so any given species will probably become extinct or, more likely, pseudo-extinct* in a couple of million years. *Pseudo-extinct means that a species has living descendents, but those descendents are different enough from their ancestral population as to be considered a new species.",
Claire Jordan,Why do we rarely hear from British creationists?,"Outside of Northern Ireland, they barely exist. British Christians actually demonstrated against a play about Darwin because it portrayed Christians as not believing in evolution, which they saw as a vile libel. Biblical literalism is a Victorian heresy which is mainly found in the US.",
Claire Jordan,"When and when did the slogan ""From the River to the sea!"" originate?","As I understand it, the original quote is something like “From water to water Palestine will be Arab” - that is, it’s an explicit call for the ethnic cleansing of Jews, Samaritans and Druse. But that doesn’t rhyme in English so it was tweaked.",
Claire Jordan,Was the Holocaust really the largest genocide in history?,"Largest intentional genocide, yes. More Native Americans died, but the majority of their deaths were due to the spread of European diseases so were either accident or, more recently, negligent homicide (failure to provide vaccination) rather than outright murder.",
Claire Jordan,Do you believe that Israel's accusations against Iran for smuggling advanced weapons into the West Bank are justified?,"I’m not sure if “advanced” is the word I’d use: I’ve never forgotten Major-General Edward Fursdon, my boss at the Telegraph, describing the Iraq/Iran War as “A balance of incompetence”. But they’re certainly providing Hamas and Hezbollah with a *lot* of weapons.",
Claire Jordan,How is Israel justified in calling its assault on Gaza self-defense?,"The government of Gaza attacked without warning, massacred 1200 civilians, took hundreds of hostages and rained thousands of missiles down on Israel cities, every day for months. They went on TV and announced that they would carry out more and more massacres and would never stop until Israel was destroyed and all Jews everywhere were dead. They made repeated attempts to send teams into Israel to carry out more massacres, although they were stopped.",
Claire Jordan,"What is the reason behind humans being unable to breed with animals like horses or dogs, but able to breed with chimpanzees, our closest relative?","We can’t breed with chimpanzees either, even though they’re fairly closely related to us. Once two species have been separated for a long time, the genes which control embryological development drift apart to a point where they can no longer coordinate to build a viable embryo.",
Claire Jordan,Why are there almost always stabbings at the UK’s Caribbeans Notting Hill Carnival?,"It’s a huge event and very very crowded, and the people there are distracted by watching the floats, so it attracts a lot of pickpockets and drug dealers, and it tends to be hot so they get quarrelsome.",
Claire Jordan,Why has Britain fallen?,"It hasn’t. Don’t be stupid. But all of western Europe is suffering economic problems due to the aftermath of COVID (currently two and a half million Long COVID patients in the UK) and to the war in Ukraine, which put food and fuel prices through the roof.",
Claire Jordan,Why do many poor British women wear veils or shawls over their heads and necks in this 1901 film? Was it customary for women at that time?,"It kept the rain off, and often, the headscarf disguised the fact that their hair was in curlers. And having curled their hair with curlers, they didn’t want it to get damp in case it went straight again.",
Claire Jordan,Why have Indian girls almost stopped wearing sarees?,"They’re beautiful but they’re fiddly to tie, and if you get it wrong they can suddenly come undone, fall to the floor and leave you standing there in just your knickers. This happened to a schoolfriend of mine at a party.",
Claire Jordan,"I’ve been feeling rats inside my mattress and I think the rats have already made a nest inside it. I know it sounds stupid but can I just simply continue to jump my bed for them to go away? I need help, I don’t think we can afford to buy a new bed.",Find the hole they’re using and fill it with pepper.,
Claire Jordan,Are goblins inspired by Jews? Please Quora don't delete this one,"In Harry Potter? In the books, they are proper folklore goblins, little aliens with whiteless black eyes, who live down holes and eat roots. Folklore goblins may have been inspired by the knocking noises people heard in mines as subsidence shifted the rocks. They hoarded gold, because they lived down mines. But Warners turned them into nasty little anti-Semitic (or in one case, anti Italian) caricatures.",
Claire Jordan,"Could the cave-dwelling artists have had no sense of their self-worth, or were just plain ignorant of depicting themselves as subjects?","When they drew on the walls they were depicting things they wanted to eat, and they weren’t cannibals. They did however make semi-abstract sculptures of human figures: usually of fat women with enormous knockers, but there’s at least one wonderful figure of a man with a lion’s head.",
Claire Jordan,What is the origin of the word 'hospital'? What does it really mean linguistically?,"Related to host, hospitable, hotel and hostelry, a welcoming place to stay. What we now call hospitals used to be called infirmaries (places for the infirm), and iirc a hospital used to be what we would now call a nursing home.",
Claire Jordan,"Would it be appropriate for the museum staff to ask the 4-year-old child who accidentally broke a 3,500-year-old jar in an Israeli museum to contribute to the jar's repair, since it was his fault?","No. a) it was a complete accident, and b) it was their own fault for balancing the pot on a flimsy little stand, instead of bracing it so it wouldn’t fall off. They could have made the stand sturdier and had a bracket coming partway up the pot. They could have just sat the pots on the floor so that if they were knocked they would just roll over. But instead….",https://qph.cf2.quoracdn.net/main-qimg-1a7a63e0151177520c1bb54848f97856
Claire Jordan,I am a single father and my 8 year old daughter does not like my girl friend. What should I do?,"Try to find out *why* your daughter doesn’t like her. It could be that your daughter is just jealous of anyone coming between you, or it could be that your girlfriend is spiteful to her behind your back.",
Claire Jordan,Is there a non-human animal that has the intelligence level of a human child?,"Other great apes, elephants, bears, orcas and maybe other dolphins, raccoons, the brightest breeds of dogs, parrots, corvids, cracticines, and for some purposes octopodes and cuttlefish.",
Claire Jordan,"I have a strong urge to become a girl, but I’m a straight guy and have a girlfriend and I'm 16. Am I trans without knowing?","You should talk to actual trans people, and then to a therapist - not because a therapist will “fix you” but because a good therapist will be able to guide you through what you really feel and want. If you feel that you *are* a girl on some deep level of identity, and that you have been since you were old enough to notice such things, you’re probably trans. If it’s come on more recently you might be trans but are more likely just gender non-conforming, transvestite or genderfluid.",
Claire Jordan,"Why are toys so important, and how do they benefit the child?","They let the child practise being a person, exercise their imagination by composing and acting out stories and find out what they are good at and what they enjoy doing, without hurting themselves on sharp edges.",
Claire Jordan,I do not buy Chinese products (unless disposable) because I know they will be low quality. Why does China only seem to make low end products? Why do they not mimic Germany where the standard is higher?,"Small-beaked Chinese scissors are terrific. You can cut wire with them without dulling the edge, and they last for decades.",
Claire Jordan,Is it safe to have a boxer as a pet in a household with small children?,"Define “safe”. I’ve never heard of a boxer being vicious, but they’re very boisterous and tend to jump all over people, and afaik they’re a bit thick and so not easy to train. I’ve never forgotten as a small child, maybe six or eight, sitting down in a chair which I didn’t know belonged to the home-owner’s boxer, and the dog simply sat on *me* and refused to get off.",
Claire Jordan,"Is there an always-empty business in your town that you're convinced is a front for some crime outfit? If so, have you witnessed anything that could prove it?","Not that I’ve seen recently, but when I was 11 there was an *extremely* suspicious bookshop near my school. My mother and I never saw it open yet it was always clean and dusted, and sometimes you could see lights on deep inside. And I don’t think it was big enough for somebody to simply be living in the back: it looked like meetings were being held in there.",
Claire Jordan,Is it really discrimination if someone wanted to date a woman but not a Transwoman? Is it normal when a guy will want to date a woman but won’t date a Transwoman? I’m not trying to say Transwoman aren’t women I’m asking questions because I’m curious?,"That depends on the attitude that goes with it, but in general, no. People’s sexual tastes are individual and usually quite finicky and that’s fine, so long as they don’t think there’s something objectively wrong with the people they don’t fancy.",
Claire Jordan,"Was Elon Musk always a nut case, or is this something new? I thought he was fairly well-respected before?","He probably always was a nutcase, but it first became publicly obvious during the Thai cave rescue six years ago. He offered to build a mini-sub to ferry the children out, and when he was told that it would be too rigid to get through the cave system, which had a tight narrow kink in it, instead of accepting it and developing his design to be used to remove people from shipwrecks instead, he threw a massive hissy fit and started accusing the rescuers of being paedophiles.",
Claire Jordan,"My sister recently died from breast cancer. She was 69 years old. If she had sought professional medical care early, could she have beaten this illness?","I’m sorry for your loss. It’s impossible to tell whether she could have beaten the cancer without knowing what kind of cancer it was, because even with ful modern care some forms of breast cancer are very hard to treat.",
Claire Jordan,What distinguishes monkeys from apes? Why are humans not classified as monkeys despite their similarities to them?,"Monkeys nearly all have tails, their limbs are the same length, and they have a comparatively narrow deep chest and shoulders adapted for quadrupedal walking, like those of a dog. Apes have no tail, usually have arms much longer than their legs (although in humans this is reversed) and have a torso with a wide chest and shoulders adapted for overarm swinging.",
Claire Jordan,What is the best argument against the claim of irreducible complexity of the eye? I want someone who's versed in evolution to answer this. I've heard the YEC views on this.,"The fact that we can see exactly how eyes evolved, because every stage of the evolution of the eye, from “a cell containing a light-sensitive chemical” all the way to the complex lensed eyes of vertebrates and higher cephalopods, and the compound eyes of insects, still exists in one species or another and can be seen in action. In fact, the eye is an absolutely stupid example for which to claim irreducible complexity, because it’s abundantly clear that even a very primitive eye is better than no eye, and every stage of improvement conveys a higher advantage. Cretinists only latched on to it because they could misquote Darwin, who actually said that ill-informed people might *think* the eye was irreducibly complex.",https://qph.cf2.quoracdn.net/main-qimg-cf78995d2ba9ab14e4c5918079a65155-lq
Claire Jordan,How can a rat infestation in residential areas be addressed if the breeding and feeding cycle seems to be unstoppable?,"Lock all your rubbish and compost bins, and feed your pets indoors. If rats can’t find enough food to raise a family, they’ll piss off.",
Claire Jordan,Have you had any encounters with anti-theists as a pagan?,"All the bloody time, although less so since I took to just blocking and muting them. I’ve had far more abuse from atheists for not being an atheist in the eight years I’ve been on Quora, than I’ve had from Christians for not being a Christian in the over fifty years since I ceased to be one. I’ve been bombarded with anti-Christian memes (wtf?) just for saying in passing “I’m not an atheist myself”. I’ve had my own followers PMing me to tell me how *disappointed* they are in me for not being an obedient clone of them. I’ve been told I’m a dangerous religious fanatic because I said that early humans probably had some sort of spiritual beliefs. I’ve been accused of being a liar for saying that chimps show signs of ritualist religious (or at least superstitious) behaviour. And every day on Quora is a torrent of abusive memes telling me I’m stupid, ignorant, babyish etc etc because I believe in my own experiences and don’t conform to the experiences of the poster. If it weren’t for the friends I have made on here I would leave, because being abused multiple times a day is incredibly wearing. That’s not even to start on the ignorant, ahistorical memes claiming that religion is anti-science and that if not for religion we would already be on Mars, when in fact it was the churches which saved literacy in the west after the fall of Rome, and which funded most scientific research for 1500 years. Christian opposition to science isn’t even 200 years old. [And no, don’t start on fucking Galileo: the church opposed his ideas because the *scientists* of the day said he was wrong.]",
Claire Jordan,"I was admitted in a hospital and that doctor likes me. I also like him, but he won’t date until I get discharged from the hospital. Why?","It’s strictly against the rules for a doctor to date a patient, because of the risk of power imbalance and clouded judgement. If you two really are compatible, wait until a couple of months after you’ve been discharged, to make sure that it wasn’t just the hospital environment that impressed you, then try a couple of dates, and if they work out, make sure not to be his patient in future. One of the funniest moments in the surreal medical comedy A Very Peculiar Practice was when the heroine told the GP hero she wanted him to stop being her GP, and he said “Oh…” in a hurt tone, and then “Ohhhh….!” as he realised she meant “I’m thinking of having sex with you”.",
Claire Jordan,Are narcissists worthy of forgiveness?,"Of course. They’re usually people who are coping, badly, with the after-effects of childhood abuse, and are to be pitied. However, forgiving them doesn’t mean you should stay with them. That’s a separate question. You have a right to protect yourself from damaging situations, so whether you stay with them or not depends on how much their bullshit bothers you, and whether or not you feel that for you personally the good aspects of the situation are rewarding enough to be worth putting up with the bad aspects. If a horse bucks you off, and you stop riding that particular horse, it doesn’t mean you are “not forgiving” the horse: it means you have a healthy sense of self-preservation.",
Claire Jordan,Why do religious people cling to their little fairytales that some delusional peasants wrote when they didn't even know the Earth was round? Is that because they are stupid?,"Are they as stupid as somebody who believes that ancient peoples thought the world was flat, do you suppose? [Hint: that idea was invented in the Victorian era. It was a joke.]",
Claire Jordan,Is Trump intentionally trying to lose the election? Why else would anyone be so stupid that he would say the things that he and Vance has said?,"Firstly, because he *is* stupid, and getting more so by the day. But also, he may have realised he’s probably going to lose in November, so he’s concentrating on doing whatever he can to extract as much money as possible from his marks while he still can. If that’s his plan then it doesn’t matter how many votes he loses, because he’s only interested in the hard-core enthusiasts who actually donate money to him. He won’t want to put much effort into actually campaigning, because doing so costs money.",
Claire Jordan,"Can religion be considered a form of science due to its beliefs about life that may not be scientifically proven but are still considered true, such as karma?","No. And I’m not denigrating religion by saying it, because a lot of things that “aren’t science” are both valid and vital - art, love, ethics, moral responsibility etc. But science isn’t a belief system, except inasmuch as it requires a belief that reality is real, or at least solid enough to be reliably fairly consistent. Science is a *method*, a thing you do. You might as well ask if religion can be considered a form of baking, or fluid mechanics. Science is the process of establishing how physical reality works and what it does by observing it in action, and where possible by thinking of ways to test what you observe and carrying out those tests; then making lists of what you observed and what results you got from any tests which you ran, and analysing the results. Then you think of new ways to tests the results of your analysis, to confirm or disprove them. Religion, like artistic merit, is too nebulous and subjective for that kind of testing.",
Claire Jordan,Does every species go extinct at some point in its existence?,"It’s a matter of definition. Every species will *eventually* become extinct, because eventually the universe itself will decay to the point where it can no longer support life. Before that, every species will eventually cease to exist as a species, but whether it becomes extinct or not is, again, a matter of definition. Many merely become “pseudo-extinct”, which means that the species has living descendants, but over time those descendants become different enough that were they to meet their ancestors, they could not interbreed. Every species alive today is descended from many thousands of earlier species which became pseudo-extinct rather than fully extinct, as by definition they have living descendants. [Note that this doesn’t mean you can derive a figure for extinct species by multiplying living ones by ten thousand, because pedigree collapse also exists at this level, meaning that there are usually multiple modern descendants from the *same* line of ancestors.]",
Claire Jordan,"If there were a society that did not use a monetary system, but rather just working and doing your part for society was enough to warrant getting everything you want for free, would you live there?","The problem is that it’s very difficult to make it work on the large scale with our present rate of technology, because we need ways of apportioning scarce resources and labour to where they’re needed without exploiting particular groups. The best way to do that is that if we need people to do things they would rather not do or give us things they would rather keep, we give them something in exchange that they like better or need more, and money is a way of keeping score of favours exchanged. We can manage without money in small groups such as kibbutzim or Amazon tribes, where exchanges are small and local and it’s easy to keep track of “If you help me to sheer my sheep today I’ll let you borrow my boat next week”. We could also do it in a Star Trek-style post-scarcity society, where resources could be obtained with little effort or labour, and the tedious or dangerous jobs that humans would rather not do could all be done by machines, leaving people to do jobs they didn’t need to be incentivised to do, because they just enjoyed them. And yes, I’d enjoy living there. There would still be plenty of work that people could do if they wanted to work: artistic creation, handcrafting, research etc. We see already that people are keen to get handmade rather than mass-produced goods, and prefer to be helped by people rather than machines, and even if you didn’t need to earn money from what you made people would still do it for the status and appreciation. Winning the annual award for best architectural design or greatest contribution to research or most helpful customer service would still be worth it for the honour, even if we didn’t need a monetary prize to pay our rent. You can see a microcosm of it in the fanfiction world. By definition people don’t make any money from fanfiction or fanart, other than what may be needed to cover their costs (especially before the internet, when fanzines had to be printed), but people work hard at it because they enjoy doing it, they enjoy the praise for a job well done, and keeping the fanfiction scene going gives them access to other people’s work that they enjoy reading.",
Claire Jordan,What is the evolutionary explanation for humans transitioning from herbivores to omnivores?,"That it never happened. Nearly all primates are omnivores like us, and as far as we know all our ancestors have been either omnivores or carnivores.",
Claire Jordan,What is an example of a word that can function as both an adjective and a noun depending on its position in a sentence?,All colour words. “He drove a red car.” “She painted it a bright red.” Some temperature/weather words. “They ate a cold salad.” “He came in from the cold.”,
Claire Jordan,"How is it that this whole trans thing has never come up in history before? Almost everything we do nowadays, has been done a thousand times over, so why has this only cropped up when our society is at its most insane?","Trans people have always existed, but before the 1950s their options were more limited. They could cross-dress and live as the gender they felt they were, and many did so, but there were no hormone treatments, and surgery was limited to a crude and risky chopping of bits off. There was also less fuss because societies tended to just accept them as whatever they felt they were. This was especially true amongst Native Americans.",
Claire Jordan,Why is Christianity weakened in the US?,"Fundamentalist science-deniers who are disconnected from reality, and who die in large numbers because they don’t get vaccinated. The Gospel of Prosperity, which has thrown out everything Jesus taught. Repeated reports of abuse by pastors and church leaders. So-called Christians not only getting into politics, but doing so in support of a man who epitomises the Seven Deadly Sins. It all serves to give people the impression that all Christians are either brain-dead ignoramuses or self-serving crooks or both: quite unfairly, because even in the US these people are a minority, and they’re seen as freaks by most Christians elsewhere.",
Claire Jordan,"If an 8-year old with autism grabs father’s AR15 and learns from YouTube how to pull the trigger, murders random people while the dad was not paying attention and the 8yo gun dad didn’t know he knew the hiding spot of, who is criminally responsible?","Here it would be the father (leaving aside the fact that he wouldn’t have an AR15 here unless he works in maritime security), because part of getting and keeping a gun licence is undertaking to store the gun and ammo separately in locked safes when not in use. If it was proved that the father *had* stored the gun and ammo separately and the kid had somehow worked out the combination, and that the father had not been negligent, it would probably be classed as an accident, but the kid would go to a secure unit.",
Claire Jordan,"Do those on the left ever deeply consider why labeling them ""libtards"" is so popular?",They know that it’s because most Republicans have the IQ of woodworm.,
Claire Jordan,How does the existence of the Platypus fit into the theory of evolution?,"Monotremes are a side branch that split off the mammals early on, so even though they have come as far from that split as any other mammal, they have retained some pre-mammalian characteristics, such as laying eggs and having a cloaca. They are also borderline on that whole “mammal” thing, because their milk production isn’t very sophisticated. They don’t have nipples - they split away before those evolved - and the mother just oozes milk out onto her belly where the young lap it up. A side effect of this is that since the young don’t suckle as such, they don’t need purseable lips. This has freed them to develop hard and specialised mouths, like a rubbery version of a bird’s beak but lined with sensors. Echidnas use theirs for probing termite mounds, and platypuses use theirs for rummaging in underwater mud in the dark, looking for small prey.",
Claire Jordan,"After an explosion, things are destroyed, but after the Big Bang, the universe and everything in it were created. So, is there no powerful intelligent brain behind it? Was it possible without any interference or intervention?","Explosions generally take something which was ordered, and blast it into disorder. There was no ordered thing - there was no *thing* - before the Big Bang (and no time, so “before” isn’t really meaningful), and it was a rapid expansion rather than an explosion. Kind of like blowing air into a balloon, but with extra dimensions. The problem is one of language. “Explosion” has a literal meaning, but it also has a metaphorical meaning which is often quite different from the literal one. The so-called “Cambrian Explosion”, for example, was a biological arms race which took at least 20 million years, and resembled an actual explosion only in that something - in this case, the roster of phyla - got bigger about three times faster than usual.",
Claire Jordan,Why do people decide to change their genders?,"If you mean trans people, they don’t “change their gender”: they have a strong, fixed sense of gender from quite early childhood, and it never changes. The problem is that their birth anatomy doesn’t match their gender. Genderfluid people do switch their sense of gender back and forth, though, because they don’t have a strong sense of what gender they are but society tells them they should, so they keep trying to find one that fits. And of course, the more the TERFs scream about trans people, the more newsworthy being transgender becomes, and the more there will be a few people in there who think or pretend to think they are trans, but really have Munchausen’s Syndrome, because *any* newsworthy condition attracts Munchies.",
Claire Jordan,Is it possible for a pony to be larger than a horse?,"First, define “larger”. A pony is under 14.2 hands and a horse 14.2 or over, so a horse should always be *taller* than a pony: but a large pony can easily be heavier than a small, lightweight horse. Then you have the complication of so-called “miniature horses”. They ought to be called miniature ponies, but if you want to call them horses yes, they are smaller than most ponies.",
Claire Jordan,What color will the offspring of two calico cats be?,"In theory they would be a mix of calico, black and ginger. But in reality it’s unlikely ever to happen, because a male calico has to be an XXY male and they have reduced fertility.",
Claire Jordan,Can different types of dogs breed and have puppies together? Are there any restrictions or guidelines for this to occur?,"All breeds of dog are interfertile, but you shouldn’t breed a large dog to a small bitch. Not only could the mating be painful, but there’s a risk of ending up with too-big puppies that have to be delivered by Caesarean.",
Claire Jordan,How did Lily Evans fall in love with James Potter after what he did to Snape?,"We don’t know, but Rowling has said she already fancied him even when he was bullying Sev and threatening her with violence, so it wasn’t his sterling character. Being a rich pureblood jock probably didn’t hurt, and she was flattered because he fancied her. And we really know so little about James. He could have been a brilliant poet who wooed her with sonnets, for all we know.",
Claire Jordan,"Is the rate of evolution different for each species, or do all creatures follow a similar path towards perfection?","The number of generations which it takes to achieve a significant change tends to be broadly similar, but the length of a generation can be anything between 20 minutes and 20 years. Having a large number of sexual partners and/or a large number of offspring can speed things up by increasing the genetic diversity on which selection can work.",
Claire Jordan,What the hell is wrong with Trump saying the Medal of Honor should be honored less than any other medal?,"He seemed to be mainly saying that he himself would rather win a medal that didn’t entail getting killed or maimed, which is a fair comment. But he’s already showed that he thinks that those who win medals that *do* involve getting killed or maimed are fools for not putting themselves first.",
Claire Jordan,Has any damage from a meteor been found on any dinosaur that has been recovered?,"Kind-of. We wouldn’t find direct damage from the meteor itself, because anything that was close enough to be hit would have been vapourised, but we’ve found animals and plants, including at least one large dinosaur, that were killed by the mega-tsunami that the asteroid strike set off. They were a couple of thousand miles from the impact, and were killed when the sea was forced back up a river.",
Claire Jordan,"Would dinosaurs have gone extinct anyway, due to natural climatic cooling?","No, The big ones would probably have died out eventually, just as the mammalian megafauna did, but what would appear to us as four-legged birds would probably have remained the dominant land vertebrates, with mammals in the sort of secondary role that reptiles and amphibians play today.",
Claire Jordan,Is selective breeding considered a type of artificial selection or is it classified as something else?,"Yes, it’s artificial selection. It’s similar to natural selection, or more strictly to sexual selection, except that the main selection pressure is deliberate human choice, and the mate-choosing is controlled by humans.",
Claire Jordan,"Why are there more human-like fossils than ape-like fossils, even though we share a common ancestor with chimpanzees and gorillas (excluding hominids)?","Do you mean, why do we have a better fossil record for the human line that for other great apes? Because the other great apes tend to live in dense jungle, and it’s not an environment that favours fossilisation. It’s hot and damp so bodies decay quickly, and the soil is full of roots so it’s rare for bodies to end up buried. Humans lived out on the plains where bodies were more likely to mummify and harden and then be buried by drifting soil, and more recently we took to actually burying our dead.",
Claire Jordan,"I keep reading that humans are a ""type"" of great ape. Is it more accurate to say we are a species of great apes?","Strictly, humans are a *genus* of great ape, of which so far as we know only one species currently survives, although finding surviving examples of Homo floresiensis isn’t totally impossible.",
Claire Jordan,I’m 41 kgs and 15 years old. I haven’t had my period for almost 5 months. What should I do? Should I take Chasteberry/Vitex?,"Six and a half stone? Unless you’re very short, that’s way underweight: it’s no wonder you’re not menstruating. See a doctor - and a dietician. If you *are* very short, still see a doctor.",
Claire Jordan,Do you agree it is a matter of free speech to be able to burn a Bible?,"Eeeee-yesss, so long as you own the said Bible, but if you’re doing it with the specific aim of provoking a riot, or reasonably knowing that it’s likely to cause a riot, then it may become a police matter, because then it becomes equivalent to “Shouting ‘Fire!’ in a crowded theatre”. In UK terms, “Behaviour likely to cause a breach of the peace”.",
Claire Jordan,What are the laws and regulations regarding possessing and carrying a pocket knife in the UK? Can it be used for self-defense or is it strictly for utility purposes?,"You can carry a big knife if you’re on the way to use it for some specific purpose, such as cooking or camping. A pocket knife which you regularly carry around for general use must have a folding or retractable, non-lockable blade no more than 3″ long (the size of the larger blade on a Swiss Army knife). You’re not allowed to carry a knife pre-emptively for the specific purpose of self-defence, but if you’re attacked, you can use anything you may have to hand in order to remove the threat, so long as you stop once the threat is neutralised.",
Claire Jordan,I believe Stephen Hawkins was wrong. There are a lot of ways that Christianity can be linked to science. Don't you think?,"It’s not *incompatible* with science, so long as you don’t go in for Biblical literalism, which is provably wrong. But they occupy different domains which at the moment don’t overlap: although if the spiritual realm is indeed real we’ll probably find a way to measure it eventually. The fact that science can’t (yet) measure it doesn’t make it unreal or wrong: science can’t measure artistic merit, either. And yes, it’s fine to disagree with Hawking: being an expert on physics doesn’t make him an expert on theology, any more than it makes him an expert on crochet or ma jongg. But if he says that nothing we have seen in the realm of physics requires the involvement of a god, believe him, because physics was *his* domain.",
Claire Jordan,Can you provide examples of Professor McGonagall showing prejudice towards Muggle-born students in J.K. Rowling's Harry Potter books?,"No. She’s a half-blood with a Muggle parent, and her official backstory says that she’s prejudiced against Slytherins (at least where it involves Quidditch), but that she quit her original job at the Ministry in protest at the Ministry’s endemic prejudice against Muggles and Muggleborns. We don’t witness any prejudice by Hogwarts staff against Muggleborns, except Umbridge, maybe portrait!Phineas (long-retired), and the staff appointed by Voldemort.",
Claire Jordan,"If you lived in Great Britain right now in or near the cities, would you really want to not own a firearm?","I live near Falkirk, which is probably a city by US standards (population 36,000), and I visit Edinburgh or Glasgow several times a year. The idea of owning a gun would never occur to me, although if I could shoot I would consider renting one to go clay-pigeon shooting at the National Rifle Association (two miles up the road from me).",
Claire Jordan,Why did the 'Harry Potter' filmmakers find it necessary to age up Harry's parents and their peers in order for Alan Rickman to play Snape? They could've just made him look younger with the right make-up.,JR Rowling didn’t tell them Snape was 31 until after Rickman had already played Snape as 50.,
Claire Jordan,"If James Potter and the other Marauders had been present for Mulciber's attempted attack on Mary McDonald (which Snape dismissed as a laugh), how would they have responded?","What attack? All we’re told is that Muciber either tried, or pretended to try (that isn’t clear), to use a Dark spell against Mary. We aren’t told the circumstances: whether he was attacking her, defending himself from her, duelling her or cheating at Quidditch. The idea that it was an attack is your personal fanfiction. All we know about it is that Snape wasn’t present, and was going by what Mulciber had told him, which may or may not have been accurate. We don’t know whether he said it was a laugh because “It was Dark, but it was funny” or because “He was just pretending”. We do know that Mulciber, or at least *a* Mulciber, was later famous for using Imperius, so it’s possible he tried to Imperio Mary. If he did, that would automatically be sinister, but it could have been anything from attempted rape (which would be no worse than the date-rape drugs the Twins sell) to ordering her to quack like a duck, or to let him copy her homework. We just don’t know;.",
Claire Jordan,Have you ever noticed the respect atheists expect but never give to theists on Quora?,"Yes, all the time - but it’s really only a few noisy abusive arseholes, and they seem to have quietened down a bit in recent months. It used to be that you couldn’t move on Quora without being bombarded with atheist memes saying “If you’re not an obedient clone of me you’re a moron fnurr, fnurr”. I’ve had way more and more toxic abuse from atheists for not being an atheist in the eight years I’ve been on Quora, than I’ve had from Christians for not being a Christian in the over fifty years since I ceased to be one.",
Claire Jordan,"In Harry Potter, if Severus Snape was a racist (as his haters claim), why did he say to Lily that ‘No, it doesn't make any difference.’, when Lily asked if being Muggle-born was bad?","Because he wasn’t a racist. He may have been a bit prejudiced against Muggles, although probably not nearly as much as Hagrid, James or Sirius were, but not against Muggleborns. Yes, he used the word “Mudblood”, but JK has stated that that word applied to him too, so he was like a mixed-race kid in 1960s US using the n-word. It was probably bravado as much as anything. Yes, he joined the Death Eaters, but there’s little indication that the Death Eaters were much more prejudiced against Muggleborns than the Ministry was, before Umbridge got involved. JK has stated - twice, with details - that Voldemort wanted to *recruit* Lily. She would probably have been a second-class citizen under a Voldemort regime: but she effectively already was. It’s in McGonagall’s official backstory that she left her Ministry job in protest against the Ministry’s endemic prejudice against Muggles and Muggleborns. There *was no good side* that he could have joined. The Death Eaters were only slightly worse than the Ministry - we’re actually told that many of the Death Eaters were no worse than the head of Magical Law Enforcement - and given that Hagrid treats Muggles like semi-sapient cattle, Arthur and Albus treat us like naughty toddlers and James and Sirius enjoy humiliating Muggle policemen, the Order wasn’t hugely better than the Ministry. All the options were bad ones. The only wizard we know of who truly treats Muggles as equals and fellow adults is Kingsley - and probably Snape himself, since he manages to live in the Muggle world every summer.",
Claire Jordan,"Has Margaret Thatcher's vision of ""There is no society"" now, under Covid, finally come true?","She was quoting some philosopher - I forget who, but she meant the exact reverse of how people usually interpret it. She was saying that people shouldn’t say “Society should do something”, or “It’s society’s fault”, and then shrug it off as nothing to do with them, because society is just us, and if you want “society” to do something then you should get together with your neighbours, and do it. Here in the UK people did mostly pull together and act responsibly under COVID, so I suppose that her vision did come true.",
Claire Jordan,"What with the mass knifings in Australia, Germany and UK in the summer of 2024, isn't it true that this is further proof that gun and knife control has and always is a complete failure?","The reason these things are being reported is because they’re newsworthy, because they’re extremely rare events. The British, for example, are a violent people, as the recent riots demonstrated, yet thanks to good gun and knife control our murder-rate per million is about one fifth of that in the US.",
Claire Jordan,"How do I cook broccoli? What's your go-to recipe? I've tried a few times, but I just can't seem to get it to taste right. Any suggestions, whether it's oven-baked or stovetop, would be greatly appreciated! Thanks in advance for your help!","Break it into small pieces, including splitting the stems. Crumble a chicken stock-cube through the broccoli, then steam it until the stems are just soft. Then toss it with butter, black pepper and a little salt.",
Claire Jordan,What is the rarest spot pattern found on a cheetah?,"No spots, just little brown freckles. It’s a really rare pattern.",https://qph.cf2.quoracdn.net/main-qimg-ca20b3a450fb394b5f892a16e93f976b-lq
Claire Jordan,"How can someone draw or paint a depiction of someone who is never described, say for instance Yeshua?","You can usually work something out. For example we’re told Yeshua wasn’t easy to point out in a crowd, which tells us he had fairly average height, build and colouring for the time and place.",
Claire Jordan,What is the least threatening creature on Earth that has the potential to become a predator and pose a danger to humans?,"How about the giant panda? They’re too lazy and placid to eat you, but they *could*: they’re bears, after all, and quite big ones.",https://qph.cf2.quoracdn.net/main-qimg-c59090e89f542756782849492328b9da
Claire Jordan,"Can you explain the difference between the words straightforward, blunt, and straight-faced?","To be straightforward is to speak and to approach life in a plain, direct way, without being devious or sly in any way. To be blunt is to be straightforward in a way that at least verges on being rude, by saying what you think without softening it in any way that might avoid hurting someone’s feelings. To be straight-faced is to present an appearance of being serious and sober when you’re actually joking. To be straight-laced, meanwhile, is to be very “prim and proper”.",
Claire Jordan,"Which other primates, besides humans, do not have tails?","All the other apes, some species of macaques (a type of large monkey) and some lorises. Even where lorises have tails, they are very short. Barbary macaques are the monkeys that live on the Rock of Gibraltar. They are sometimes wrongly called apes, precisely because they have no tail. [That one lives in Morocco.]",https://qph.cf2.quoracdn.net/main-qimg-f77c7c747f5b285da4fd3acb2bf600f7
Claire Jordan,Why are there no mammal fossils before the Cretaceous period? Is it possible that some dinosaurs had mammal-like ancestors?,"False premise. The earliest mammal fossils date back to the mid Triassic. But they come *after* the first dinosaurs, by around 20 million years, so no, dinosaurs couldn’t have had mammal ancestors. Plus, dinosaurs are sauropsids and mammals are synapsids.",
Claire Jordan,"Could there be other large carnivorous theropod dinosaurs that were potentially bigger than Tyrannosaurus rex, but we are unaware due to limited evidence?","Hooray - an actual good question from Thickbot for once. Yes, but probably not a *lot* bigger, because theropods were horizontal bipeds, and the fact that their bodies had to be balanced horizontally at the hip imposed limits on how heavy they could be and still balance at speed. The fact that all the really huge theropods we know about had tiny arms suggests to me that they had reached their size limit. The only reason I can see for losing their arms is that if they had large arms they would need either smaller heads (and therefore jaws) or a longer, heavier tail, to remain balanced at the hip, and if they got any heavier they would no longer be able to run. So they probably didn’t and couldn’t get a lot bigger than T-rex.",
Claire Jordan,"Humanity's closest relatives, the African great apes, are all born already furry. Why are humans born without a single terminal hair except on the head, eyebrows, and eyelashes?","Human babies who are born a few weeks early are born quite furry, but for some reason we shed most of our body hair before birth. Nevertheless all human groups, other than black Africans and most East Asians, have as many hair follicles as a chimp: our hairs are just much finer so they don’t show as much.",
Claire Jordan,"Why do some scientists believe that Adam and Eve did not exist? Is the discovery of fossils for every species on Earth, except humans, considered evidence for evolution?","Thickbot again. It’s become incredibly toxic and destructive, spreading lies disguised as questions. a) Of course we don’t have fossils of every species on Earth. Small soft things don’t fossilise well, and some species don’t last long enough to fossilise. b) We do have an exceptionally full and complete fossil record of human evolution, with well over six thousand specimens of around thirty species. c) All scientists in relevant disciplines consider that Adam and Eve, in the Biblical sense, did not exist. So do most Christians.",
Claire Jordan,What exactly are these rights that the LGBTQ people want?,"The same rights as straight people. The right to conduct their sex lives without interference so long as they don’t involve acts which would be criminal in other circumstances (such as damaging somebody else’s property). The right to marry, with the additional rights that go along with that, such as widow/er’s pensions and being their partner’s next of kin. The right to have or adopt children so long as they aren’t abusive or neglectful. The right not to be persecuted for whom they choose to love. You know, all the rights people expect to have in a normal modern society.",
Claire Jordan,How did the size of the largest dinosaurs compare to that of humans? Were there any dinosaurs that were as large or larger than a blue whale?,"Yes, the very largest sauropods we know of, Dreadnoughtus and Patagotitan, and also the largest ichthyosaur, were around the same length as a blue whale, although probably not as heavy, while the extinct whale Perucetus was heavier, but not quite as long. Here’s a Dreadnoughtus compared to a human:",https://qph.cf2.quoracdn.net/main-qimg-4b86a31ed80dbd0f004f507aa6ae0173
Claire Jordan,"Many people including Tommy Robinson, the EDL, and Jayda Franken want this horrible labour government to go. So why don't more people protest in front of the government?","Because the UK is a democracy. If you want to get rid of the government, you vote them out - not whine and try to impose your will over the will of the majority, like snivelling little Magatts.",
Claire Jordan,"Should one be sceptical of the asteroid theory explaining the demise of the dinosaurs? My feeling is that it is a bit too pat and an apocalyptic ending solves all problems, but being supplanted by evolution is more likely but harder to explain.","It doesn’t matter what seems pat to you or not. What matters is what the evidence shows, and the evidence shows an asteroid strike. That’s why it’s a theory (a well-tested explanation which fits all the evidence) and not a hypothesis. It wasn’t *only* the asteroid strike. There was also a massive volcanic eruption, which may have been triggered by the asteroid, or may have happened independently. Between them, they crashed the ecosystem for a thousand years, by destroying all the forests.",
Claire Jordan,How long did it take for humans to evolve from apes? Why did apes not also evolve into humans?,"Apes did evolve into humans. Humans are a type of great ape. It took us four or five million years to get from the point where our line split from the line that led to chimps, to the dawn of genus Homo, and another two million years to get to Homo sapiens. The reason only one line of apes became human is that only one line of apes moved out onto the open plains, where conditions favoured increasing bipedalism. Full bipedalism enabled us to develop more dexterous hands which didn’t need to double as walking feet, and having more dexterous hands made it an advantage to develop bigger brains for designing better, more complex tools which we now had the ability to build and handle. Bigger brains were a double-edged sword, because they take a lot of energy to run and they make childbirth more difficult, requiring wider hips which make running fast more difficult. So we didn’t develop them until we had the dexterous hands for handling the complex tools, which made the advantages of big brains outweigh the disadvantages.",
Claire Jordan,Do fossils prove that evolution is happening?,"Yes, although we would still know that evolution was happening even if there were no fossil record, because we can watch evolution happening in realtime in species with a fast generation turnover, and it’s an inevitable consequence of genetic inheritance.",
Claire Jordan,"What will happen to ""my body my choice"" when the left institutes Medicare for All? You know where the government is in charge of your medical care.",The government is only in charge of *funding* your medical care. Doctors and hospitals decide what your care will be.,
Claire Jordan,"Without saying the location, where do you live?","In a village in the middle of a moor, on top of a plateau. It used to have a large and famous brickworks - there are buildings on the far side of the world made from bricks from my village - and the villagers won prizes for their hot-house flowers, and the reason it was never connected to the national gas service was that its coal mines were so productive that it had its own local gasometer. But now it’s just a dormitory village for the nearest large town. It’s one of only two places on the big island I live on (and one of only a handful of places in the world) where the rare Taiga bean geese over-winter. About ten years ago, my country was considering getting rid of its east and west airports and building a single central one here, but they decided the geology wasn’t up to it.",
Claire Jordan,"Which bear is considered more dangerous, the polar bear or the sun bear?","Sun bears have a nasty temper, but they’re only about the size of a Rottweiler. Polar bears actually view us as lunch. The only reason they don’t kill more people is a) because there aren’t that many humans living in their environment and b) in parts of the far north of Europe it’s illegal to leave town without a rifle, in case of bears. The bear that kills the most humans is said to be the Asian sloth bear. They live in places where there are a lot of humans around and also tigers and leopards, and they’re only medium-sized, so they have to be super-aggressive to defend themselves from predators.",
Claire Jordan,Do wild badgers pose a danger to humans in Britain?,"They’re substantially bigger than the American badger and have a much more powerful bite (they have a sagittal crest), so if you tried to pick one up without being properly introduced it could do you really serious damage. But they’re nocturnal and generally quite shy, so if you don’t molest them the only danger they pose is the possibility of carrying TB.",
Claire Jordan,"What does ""Bonnie"" stand for in Scottish slang?","It’s not slang, it’s a proper word in Scots. It means pretty, attractive or sometimes healthy. Perversely “healthy” in Scots means vigorous, so a “healthy cold” can mean a very bad infection, because the cold itself is vigorous.",
Claire Jordan,"John Mason, because he said what is happening in Gaza is not genocide, is being punished. When did Scotland become so antisemitic?","The Scottish Green Party are very antisemitic, and the SNP need their support.",
Claire Jordan,"When did the first native people arrive in North, South, and Central America?","The earliest humans we know of for sure in the Americas left their footprints in New Mexico 22,000 years ago. But they probably arrived via Alaska and it would have taken a while to percolate that far south, so they probably first hit Alaska about 25,000 years ago, then it would have taken them another couple of thousand years to spread south into South America. Then there were second and third waves who came in via Alaska about (iirc) 15,000 and 11,000 years ago. It’s a comparison which interests me, because there have been humans (of a sort) here in Britain for close to a million years, but they all cleared out during the last Ice Age so the current population has only been here for 10,000 years, and we don’t know if the people who came in 10,000 years ago had any connection to the ones who had left several thousand years earlier. So which country can we say has been inhabited longer? It’s a moot point.",
Claire Jordan,Can you still love an author's work even if in real life that author is transphobic?,"It’s an interesting question: just how bad a person does an artist have to be before we stop enjoying their work? I dislike Jo Rowling - and I did even before she metamorphosed into Umbridge - but I still like the characters she created. I love the Beatles, even though Lennon was a violent bully. Steinbeck was said to be a horrible person in real life, but we admire his writing. We still admire the beautiful sculptures of Eric Gill, and nobody is calling for their removal, even though he was an all-purpose pervert who had sex not only with his children but with his dog. We still revere Charlie Chaplin, even though he was a bit of a hebephile even by the standards of the 1930s. We even admire the films of Leni Riefenstahl even though some of them were produced for the Nazis. We can still appreciate the artistry while rejecting the message. But the band LostProphets went into free-fall when it was revealed that their lead singer’s hobby was raping infants, and I don’t think I could separate the crime from the performance. Part of it is that with a singer you have to interact with the actual performer, whereas a book or a sculpture is at a remove from the person who created them. But that ought to apply to Lennon and Chaplin too - so what makes the difference?",
Claire Jordan,"If all animals except for one species were to go extinct, which species would you choose to be the dominant one in the new world?","Well, it would need to be a herbivore or something which could eat bacteria, because there would be no other animals it could eat, and it should be something with a potential to repopulate the Earth. Assuming that we’re ruling out humans, how about leaf sheep? Once they’ve taken in enough algae to populate their fronds, they barely need to eat at all, just live off the sugars the algae produce. And we know that in the past something very similar to a modern sea-slug branched off and gave rise to the cephalopods, and that molluscs can live both on land and in the sea, so the descendants of this sea slug would have a decent chance of spreading out and repopulating the world. On the other hand, if you want a vertebrate I’d probably go for raccoons. They could live entirely on plants if they needed to, they’re intelligent and they have good hands, so they could develop a new sapient species fairly easily, and they don’t breed so fast that in the absence of predators they would overpopulate and then starve, as rats would. Or orangutans, ditto: they’re the most nearly herbivorous great ape.",https://qph.cf2.quoracdn.net/main-qimg-8a973748b47b53510f53454b50d85431
Claire Jordan,"Here in America, we are taught our military is the mightiest, strongest, pro-freedom military in the world. Given that Europe, Britain, Canada, Australia and New Zealand would fall in a week, what happens if our military invaded them all?","We would nuke you. Bear in mind also that the population of Europe is twice that of the US and we all have armies, and that the US has never won a significant war (other than the war against itself) without help from the UK, France or both.",
Claire Jordan,"My teacher said that the Inquisition suddenly found a lot of ""witches"" after the Black Death because the Vatican wanted to try to eliminate people who were disillusioned with God's power and promote scientific atheism. Is that true?","No. The Inquisition was about 200 years after the Black Death, and it was only interested in heretics, not witches. Witch hunts came even later: they’re mainly a 17thC thing.",
Claire Jordan,"Why do readers value the word of J. R. R. Tolkien as sacred to even overrule the canon of his books, but J. K. Rowling is often ignored or taken as a joke when she declares something about her books?","Because Rowling has stated publicly that she never re-reads her own books. Consequently, the more time passes, the more her pronouncements clash with what’s actually in the text. Also, a lot of the background in her books was invented on the fly, without detailed planning, and when she’s asked to explain it she makes something up on the spot that often makes no sense, and clashes with what she said two months ago. On the other hand. Tolkien invented a very detailed background before starting to set a story against it.",
Claire Jordan,What small detail from a movie do you love?,"Sing 2 - we’re never told what Clay Calloway’s wife died of, or how she died, but if you pay close attention there’s a scene where some of the characters walk along a corridor at Calloway’s house, and pass a slightly-open closet door through which we glimpse assorted junk - and a folded wheelchair. Also - this isn’t from a film, but from a TV adaptation of a book. The BBC did an adaptation fairly faithfully based on the book Noughts and Crosses, an alternative history in which West African states colonised much of Europe, rather than vice versa. Black people are the dominant class (Crosses) while white Britons (Noughts) are second-class citizens, although their society is following the same course as the Romans in Britain: the British Crosses are moving towards setting up an independent government, breaking free from the control of the empire, and are moving towards greater equality. There was a tiny detail which I don’t think is in the book, but which really tickled me. We see, in passing, that the standard colour for sticking plasters (band-aids in the US) is brown, just as in our white-majority Britain the standard colour is pink, and you have to really search to find ones that match darker skin. And just as the default pink sticking plasters that match white people are a horrible, lurid pink which nobody is unless they’re very ill, so the brown plasters in the fictional universe are a nasty chemicals-and-diarrhoea brown. I also have a favourite detail from the hospital drama Holby City. For those who don’t know, the senior manager was a very stiff, proper Swede name Henrik Hanssen, but Henrik had a heart of gold despite his dry, dour manner. One of the young doctors, Arthur, died of cancer. He had been building a model boat, and his gay friend Dominic finished the boat and took it to sail on the pond in memory of Arthur, and Henrik went with him. After sailing the boat, Dom broke down in tears and Henrik gave him a very stiff but well-meant cuddle, as Dom sobbed on his chest. Afterwards the camera focused on Dom’s tear-stained face as he looked at the boat: but if you were paying attention, in the background you saw Henrik get out his handkerchief and fastidiously dab Dom’s snot off his lapel.",
Claire Jordan,"What does it mean when someone says they are from ""Jersey"" but not referring to New York or New Jersey?",Jersey is a semi-independent island nation in between England and France. New Jersey is named after it.,
Claire Jordan,"Here is a question, do you believe that Trump has the ability to laugh, or is he like most psychopaths who only laugh and smirk at someone else's pain?","He actually used to have a moderately good line in self-deprecating humour. But it went the way of most of his remaining brain cells over the last eight years or so. His decline is interesting, in a tragic way. I can often discern the glimmerings of a coherent idea buried in all the rambling - for example it’s perfectly reasonable to say he’d prefer winning a medal you don’t have to be killed or maimed to get, but then to say the medal itself is better is a serious misuse of the language. His speech seems to be becoming more and more like that of an LLM - he throws together words which his memory tells him are associated, without any coherent understanding of *how* they are related.",
Claire Jordan,What is the origin of using squiggly lines instead of letters when writing words? What is the purpose or meaning behind this practice?,"Do you mean (for a given value of “mean”, since it’s Thickbot) Pitman’s shorthand? Before audio-recording devices became cheap and easy to get hold of, shorthand enabled secretaries to take dictation at a normal talking speed, by providing quick symbols for common words and phonemes.",https://qph.cf2.quoracdn.net/main-qimg-c482aa031f3de2595f1c3e94fd5a8b2e
Claire Jordan,Do you think it is true that those poor people in the West do not live better than those people who make $1 per day in other countries?,"To some extent, yes. a) the idea that people in a poor country are only earning $1 a day is often an artefact of the exchange rate, with the actual purchasing power of their income being much higher than that; and b) people in poor countries who are earning very little in cash often own a house and a smallholding, and don’t actually need cash except to replace their clothes. Not even that, if they own sheep. However, even very poor people in the West have access to excellent medical care, except in the US.",
Claire Jordan,Why do koalas not recognize eucalyptus leaves as food unless it’s on a tree branch?,"Because they get most of their moisture from the leaves they eat, and eucalyptus leaves dry out really fast once picked, so eating them would wreck the koala’s kidneys. They’re quite happy to eat leaves which have been picked but which are still effectively “on the vine”, because that way they retain their moisture, but leaves which have been picked off their stems are effectively toxic to them. It would also be mechanically difficult for them to pick the leaves up without a stem to hold them by - but they will eat apples, because there’s enough there to get a grip on.",https://qph.cf2.quoracdn.net/main-qimg-623eaded3de396262db8280a9bfdfb66
Claire Jordan,"Why can’t people accept that Israel isn’t an ancient homeland, it’s stolen land?","You’re right, the idea of a Palestinian identity and a Palestinian homeland was invented in cold blood in the 1970s for propaganda reasons. But the Palestinians have *believed* they had a homeland for 50 years, which is long enough to forge an identity.",
Claire Jordan,Is skin color the most important thing about a country's culture?,"Skin colour has no actual importance except for some medical purposes, such as the incidence of skin cancer.",
Claire Jordan,"I’m an American and I love the UK, but why do most British make fun of the US and only mention our flaws?","A lot of Americans have an unfortunate habit of bragging that they are the best at things they actually do less well than the UK, such as democracy and widespread access to advanced technology, instead of boasting about the things they really are best at, such as world-class museums and innovative modern artists.",
Claire Jordan,Do you have over 100k content views?,"I get about 4.5 million views a month. All-time, just under half a billion currently but I’ll probably cross the half-billion mark by the end of the month.",
Claire Jordan,"When an American asks, ""What do we call a black person in Britain?"", and get told, ""It depends what their name is."", is that what they mean by their question?","The answer is a little over-stating it, because we do *have* collective terms, such as “black Britons” or e.g. “the British Somali community”. But the point is we don’t very often feel the need to use them. The person asking the question is (probably) coming from a head-space where classifying people by ethnicity is important. and to most people here it isn’t, unless it’s for some sort of cultural event, such as a season of British Asian films.",
Claire Jordan,"What does ""bob"" mean in British English?","A short form of the name Robert. An old name for a shilling. A little weight used for purposes such as pulling a string straight in order to use it to mark out a vertical line. A small nod of the head. or a sort of minimal cursey. The act of bouncing up and down slightly, especially when referring to a boat, or to somebody walking through water with added buoyancy in their step. To trim something short (or by extension anything which is trimmed short or is shorter than expected. e.g. the “bobtail nag”, whose tail would not have been cut off, i.e. “docked”, but would have had the hair trimmed square at the end of the bony part to make a fan shape). [And as I’ve been reminded, a random small item, in the phrase “bits and bobs”.]",
Claire Jordan,"Does Great Britain have a constitutional guarantee of free expression similar to America's First Amendment right to ""freedom of speech""?","UK law works the other way round. In the UK, *everything* is permitted, except for a few things which are specifically forbidden. So there are laws governing a few forms of speech - libel, betraying state secrets, certain kinds of reporting on court cases while they are in progress, certain kinds of obscenity (ie circulating paedophile material), false advertising, and hate speech of a kind likely to incite violence. Other than that, anything goes.",
Claire Jordan,Do you guys have any good macaroni and cheese recipes? I don't want any of those TikTok recipes but actual recipes you guys own or something you guys enjoy making.,"Chop up half an onion and let it boil in with the pasta. Make the cheese sauce with very strong cheddar, and add a tin of chopped tomatoes. You can make enough sauce for two or three days and stick it in the fridge, but make the pasta fresh each day. To make a good cheese sauce for cauliflower, omit the onion and tomatoes, but keep the very strong cheddar and add a hefty pinch of chili flakes.",
Claire Jordan,Why do doctors refuse HRT to menopausal women but hand them out to trans people?,"HRT in older women is considered to increase the risk of some heart problem - blood clots iirc. And they tend to regard it as “cosmetic” and expect you to just put up with the loss of energy, muscle tone and mental clarity. It’s incredibly difficult for a post-menopausal woman to get HRT here in the UK, unless she’s had a total hysterectomy. And yes, M2F transgender patients get HRT automatically, as do people who’ve had their ovaries removed. This is because the risk of blood clots is mainly for the first couple of months after starting treatment, in patients over 50. Transgender women and hysterectomy patients are usually much younger than that when they start taking it so they’re not at risk.",
Claire Jordan,"In the UK, you can be arrested even if you are simply a witness to an event. When did Britain become a totalitarian regime? What are they afraid you will see?","This is a complete fantasy. I can only think you’re getting confused with the subpoena or witness summons. This is a court order which instructs a person who has significant evidence in a case to provide that evidence in court (although it can be done over the phone if you prefer not to appear in person). Theoretically you could get a short prison sentence of a few weeks for refusing to do so, because that’s “contempt of court”, but it’s more likely you’ll be given a smallish fine. The US, where I imagine you live because most of the people who ask questions like this do, has subpoenas as well.",
Claire Jordan,What are incels doing wrong?,"The same thing that abusers of both sexes get wrong. An extraordinarily high percentage of people don’t understand that if you want people to want to be with you, you have to be enjoyable to be with. Incels compound this by not understanding what (most) women want. They see women as a commodity so they assume women see *them* as a commodity, and that they can’t get laid because they don’t have commodified goods to offer. They don’t understand that within *very* extreme limits, for most women being interesting and amusing and having good personal hygiene are much more important than being tall, handsome or rich.",
Claire Jordan,"Let's say a human was able to get an adult male southern elephant seal in a full rear choke, would the seal be unable to get out of it?","I’m not sure how easy it would be for the seal to shake the human off, but it might not even bother to: just roll over. The human certainly wouldn’t have any effect on it that way, any more than you could strangle a whale: their necks are not only enormous but buried in blubber. You’d have a better chance of strangling an actual elephant.",https://qph.cf2.quoracdn.net/main-qimg-5f74879c1d984e3a7197d0c2a71bdb08-lq
Claire Jordan,What is the relationship between humans and apes in terms of taxonomy?,"Humans are a type of great ape. The taxonomic ranking of the apes is as follows: Hominoidae/hominoids: all apes (including gibbons and siamangs). Hominidae/hominids: all great apes (orangutans, gorillas, chimps, bonobos and humans and their recent ancestors). Homininae/hominines: all great apes except orangutans and their recent ancestors. Hominini/hominins: chimps, bonobos and humans and their recent ancestors. Hominina/hominans: humans and their recent ancestors. Then below that we are in the genus Homo, that is, humans, then the species sapiens.",
Claire Jordan,Where are the canals located in Europe? Are there still people living along them? Why are there fewer canals in North America and why are they not used for transportation anymore?,"Canals aren’t used much for transport any more, just leisure, because lorries and trains are faster. The Americas don’t have many because they industrialised about 120 years after Europe, when large, efficient trains were already available, and a railway track is easier to lay over a long distance than a canal is to dig, and requires less maintenance.",
Claire Jordan,"Do all birds lay eggs? If not, which ones don't lay eggs and how did this trait evolve in those species (if it did)?","All modern birds lay eggs, and as far as we know so did all extinct birds. Laying eggs means they don’t have to carry the weight of a pregnancy as they fly, and even for flightless birds, laying eggs doesn’t have any strong disadvantages which might lead them to evolve to be ovo-viviparous (retaining the egg inside the body and then giving live birth) instead. It is quite possible, however, that in the far future a penguin or auk might evolve to be ovoviviparous, just as the ichthyosaurs did. It would enable them to become wholly aquatic and give birth in the water, instead of having to come ashore to nest. Or the ones that live in the tropics might evolve to do the turtle thing: crawl up the beach for an hour a year, lay their eggs in the hot sand and then abandon them.",
Claire Jordan,Is Imane Khelif a cis woman with XY chromosomes?,"Possibly. Or she may just have a lot of androgens. I’m a very-definitely-female cis woman who has to shave three times a week otherwise I’d grow a beard, and I don’t even have an excess of androgens: I have a shortfall in something called Sex-Hormone-Binding Globulin, which means that my normal level of androgens are abnormally active. It’s also possible that she’s a perfectly normal cis XX woman who took steroids when training as a teenager, or who simply exercised so much that it had the same effect, and bollixed her hormones, which seems to be what happened to the equally mannish-looking Fatima Whitbread.",
Claire Jordan,"How did the variety of bird species come about in human history, considering they did not evolve from a single type of bird like how dogs evolved from wolves?","As far as we know they did all evolve from a single first species of bird, but it lived about 170 *million* years ago. Then they were nearly all wiped out by the asteroid strike at the end of the Cretaceous, 66 million years ago, but about four species made it through and all modern birds descend from them. Modern humans have only been around for 310,000 years: less than a third of one million.",
Claire Jordan,Is it true that chimps can walk upright?,Of course. All apes can. Humans are just the only ones who can *run* upright: a chimp would be hard-pressed to break into a slow trot.,
Claire Jordan,What meal from your childhood did you dread being served?,"Nothing. My mother was a professional cook. The one thing she made that I couldn’t stand was egg custard - so she didn’t serve it to me. The one time she tried to cook tripe was pretty horrible: but she thought it was horrible too. I did get very tired of her desire to have potatoes with every single meal, but I wouldn’t say I dreaded them: just wished for less of them. Left to my own devices I eat potatoes once or twice a week.",
Claire Jordan,What is the reason for humans walking upright while chimps and gorillas do not?,"The ancestors of humans moved out onto the open plains, where it was an advantage to be able to see over the tall grass. The ancestors of chimps and gorillas moved into the dense jungle, where it was an advantage to be able to see under the low branches.",
Claire Jordan,Why is everyone hating on Israel? They are not the ones that started it.,"Some of it’s straight-up antisemitism. Some of it is Pallywood propaganda. But a lot of it is because people are used to the idea that in a fight between a powerful state and a little one the little one must be the underdog, and a victim. They can’t get their heads round the idea that the little guy might be a homicidal nutcase who started the fight, and will go on trying to kill the big guy regardless of how obviously stupid and even suicidal a thing that is to do. It’s easier for me to understand it, since I live in Scotland. I’m used to the idea that some pint-sized schemie crackhead might try to kill a law-abiding citizen three times his size, just because “Hey you, you lookin’ at me, Jimmy?”.",
Claire Jordan,Does clothing actually have a gender? If normal is defined differently by different people then why are gender norms for clothing pushed so much? Why are men so afraid to show any femininity clothing or otherwise?,"The *cut* of clothing has a gender, because men and women tend to be a different shape. Women can usually get away with male shirts just by wearing them several sizes too big, but a man in a woman’s shirt is likely to end up with two sad little empty flaps on the chest. Grayson Perry manages to look good in a frock because he can afford to have his tailored to fit. Note the high waist and big collar, which distract attention away from the lack of a bust.",https://qph.cf2.quoracdn.net/main-qimg-41d7e1a3a83bf563e09e0f131d472139
Claire Jordan,Could it be possible that people who identify as trans are stuck being the gender they once were in a past life?,"If you believe in reincarnation, which personally I do, then yes, it’s possible. But knowing that doesn’t solve anything. We’re still left with the fact that neurological dissection after death shows that many, probably most transgender people have physical changes in the brain. That doesn’t rule out the possibility of those changes happening as a result of some past life thing - many people believe you can be born with birthmarks which echo injuries from past lives - but it means that after about 20 weeks of gestation the embryo is stuck with being transgender, regardless of what triggered that.",
Claire Jordan,"What is the reason behind scientists naming Darwin's theory ""evolution"" instead of other terms like ""Creation"" or ""Becoming""?","It was fairly random and happened quite late. Evolution literally means “unfolding”, and before the idea of natural selection caught on, it was used to refer to embryological development.",
Claire Jordan,"If evolution wasn't false, how do evolutionists explain that religion is thousands of years old while evolution is only 200 years old? Since the rule that the older is more likely to be the truth, it is very unlikely that evolution is the truth.","We’ve known about evolution for at least 2,500 years. And of course the thing itself is nearly four billion years old. Go back to bed, silly little flea of a troll.",
Claire Jordan,Is there scientific evidence supporting the theory of evolution by natural selection from non-life to life over millions of years?,"Billions of years, not millions, and yes, absolutely overwhelming evidence. As much evidence as there is that fire burns or water makes you wet.",
Claire Jordan,"People say that those in the past lived 20 to 40 years on average. The problem is if this was true, the human race couldn't and wouldn't possibly have lasted long enough to reproduce enough to replentish the Earth. How do they explain that?","Because that’s an *average* age at death, due to the high rate of infant and child mortality. People had a dozen kids and a lot of those kids died young, but if you survived to puberty you had a good chance of seeing seventy, or at least sixty.",
Claire Jordan,"The Day Age Theory of Evolution, suggests creation by G-d took place over yom. Is it possible that these yom are geological strata of periods of day or mostly evolution, separating strata by periods of night or mostly mass extinction?","Kind of. That is, you can see the Genesis account as a metaphor for evolution, with ancient peoples having some idea that the fossil record progressed in stages, with new fauna appearing in successive layers.",
Claire Jordan,Were women more feminine back in the day?,"Back in *which* day? There was a fashion in the early 19thC for upper-class women to be all girly and babyish and speak with a lisp, but then if you read women’s magazines from the mid to late 19thC they advise women to build up their biceps by swinging Indian clubs.",
Claire Jordan,"Why did evolution not lead to humans living for thousands of years in their fertile, 35-year-old bodies to maximize reproduction?","Because until about 80 years ago, with the discovery of penicillin, the odds were good that we would still die of disease or accident before we were 70. There’s no evolutionary advantage in having the *potential* to stop aging and live for thousands of years if you’re still going to die of a dental abscess at 45, so natural selection pushed us to get our breeding done early. Also, maximising reproduction isn’t a good thing if you are near the top of the food chain, because then you use up all your resources and starve. Fast breeding is for species that are low in the food chain, and have to struggle to survive predation. A female rat can quite easily produce 80 babies during her life, but on average only two will survive to breeding age in turn.",
Claire Jordan,"Is it grammatically correct to use an apostrophe followed by ""s"" for possession, such as in ""Kamal's house""?","Yes, that’s correct. But if the person or thing doing the possessing ends in an ‘s’ you may want to just use an apostrophe alone. It’s a matter of taste. In the Harry Potter books, for example, some say e.g. “Sirius’s voice” and some “Sirius’ voice”, according to the whim of her editor. I believe there’s a tradition that possessives possessed by Jesus always have an apostrophe alone, so “Jesus’ voice” not “Jesus’s voice”. Possessives possessed by plural entities ending in ‘s’ always just take an apostrophe, so “the cats’ tails”, not “the cats’s tails”.",
Claire Jordan,"What was the relationship between Sirius and Remus like after they graduated from Hogwarts (excluding events from the book/movie ""Prisoner of Azkaban"")?","Evidently not very good, since each of them found it easy to believe the other was a traitor. People like to think of the Marauders as this band of brothers, but the evidence suggests they consisted of James and three people who were each friends with James, but not so much with each other.",
Claire Jordan,"Given the confusing aspects of Voldemort's attack on the Potters and baby Harry and thus the impossibility of anyone ('cept maybe Dumbledore) knowing what happened, if anything, to Voldemort; why was the entire Wizarding community celebrating as though they knew Voldemort was gone and not just hiding out somewhere?","One of Rowling’s weaknesses as a writer is a tendency to lose track of who knows what, and assume her characters know whatever the reader knows. On the face of it it makes no sense at all, since hardly anyone knew Voldie was going to the Potters’ place in the first place, so they shouldn’t have connected an explosion there with Voldie at all. However, we do see that when Voldie reappears in the UK in a solid form (even if only as the warped baby thing), the Dark Marks on his marked followers become darker. That means that when he was disembodied their marks probably became pale very suddenly. They would have tried to find out what happened to him and drawn a blank. Maybe somebody with a Mark worked for the Prophet, or had a cousin who did, so the fact that Voldie had disappeared was leaked to the press in time for the morning edition. There also seem to be some spells that end when the caster dies, so maybe there were people in St Mungo’s who’d been cursed by Voldie, and who suddenly got better at about 10:30pm on Hallowe’en.",
Claire Jordan,Why is Snape so OOC in lots of fanfictions?,"Snape is a northern English “type”. Most people who aren’t familiar with that type have trouble writing a character who is decent and virtuous but also sour and sarcastic, and with writing a character who is nearly always joking but in a sour, low-key way. So they make him either too nice or too nasty, and way too grim.",
Claire Jordan,"Why do sharia courts exist in the UK, if they do. Are they equivalent to kangaroo courts? Can someone convicted and mutilated by a sharia court claim it has no jurisdiction in the UK? Can a UK court demand compensation for the injured person?","Sharia courts exist in the UK, but purely for civil issues and by mutual consent. If all parties wish an issue to be judged by Islamic law then a sharia court can decide on things like divorce and contract law. The sharia court cannot rule on criminal matters and has no authority other than what comes from the participants agreeing to be bound by its decisions. So it has about the same legal standing as the Judge Judy show. Jewish Bet Din courts also exist, on the same basis.",
Claire Jordan,How did humans evolve consciousness?,"We didn’t. Consciousness goes back the the Cambrian, if not before.",
Claire Jordan,Can the DNA of men still be in a woman after years?,"Men they had sex with, no. Men they gave birth to, yes.",
Claire Jordan,Why do liberals have a problem with masculine men like Andrew Tate?,Tate tries to convince people that “masculine” means “gigolo”: he actually boasts that he never has sex unless he is somehow paid for it. 100 years ago we would have called him a Lounge Lizard.,
Claire Jordan,Was the human lifespan always 80 years throughout human history?,"If people got to die of old age, then yes, 70–80. But in the past most people died younger than that, of diseases or injuries that would now be treatable. Before we discovered antibiotics, even an infected hangnail could kill you.",
Claire Jordan,"At 9 months and 1 day, a baby could be born and could live, but today the pregnant woman is not yet in labor. Speaking of ""my body my choice"", is that young one the mom's body or is that the baby's own body?","This is an irrelevant question. If the mother wants to end the pregnancy the baby will be induced or delivered by Caesarean, and then put up for adoption if the mother doesn’t want it. If the baby is overdue then ending the pregnancy asap is in the baby’s best interests, as the longer it’s in there the more problems it will develop. At this point, the only decision the mother could make about her own body which would harm the child is to decided *not* to end the pregnancy. But most women by that point really want to get it over with, and a mother who wanted to keep the child inside her would probably be deemed mentally ill and not fit to make decisions.",
Claire Jordan,"An ancient Sumerian vase was found during an excavation in the United States, how do archaeologists and historians explain this?","Whilst early contact between Native Americans and European trading ships is not impossible, it’s more likely that it belonged to a 17th, 18th or 19thC white settler who was a collector of Middle Eastern antiquities, and imported it.",
Claire Jordan,"Whilst giving birth, what was the most inappropriate thing you have shouted/said?","I’ve never given birth. But my mother shouted “It’s about bloody time they came up with a better bloody way of bloody-well doing this bloody thing!” The nurse said “Such language!”, but hey, it was the 1950s.",
Claire Jordan,What is the strongest evidence for creationism and against evolution by natural selection?,"An overly literal interpretations of an Iron Age poem which was probably always intended as a metaphor, and which was passed along by word of mouth for a thousand years before anybody wrote it down. That’s it. There is no other evidence. Now, when Darwin and Wallace first published their theory, there were genuine doubts about whether the planet, and the sun, were old enough for so much natural selection to have taken place. But we know now that both are much older than VIctorians though they were.",
Claire Jordan,Can a skinny guy have strength?,"Yes. I used to know an elderly guy who looked like he was made of cheese straws, but I tripped and he caught me, and it was like hitting an iron bar. When he was in his 20s he did a lot of work on archaeological digs, digging with a spade in thick mud, and the muscle never left him.",
Claire Jordan,Why is evolution considered a theory instead of a law? Is the reluctance to accept human evolution from apes a factor in this classification?,Because a theory is a much higher level of scientific knowledge than a law. A law tells you what an observed fact does under particular conditions. A theory tells you how and why it does it.,
Claire Jordan,"Have any creatures been created through genetic engineering, rather than cloning?","It depends how loose your definition of “creature” is. We have made an 80%-artificial bacterium, called Synthia.",
Claire Jordan,"Are you worried that some day there could be a second, inverted Big Bang that turns all humans back into monkeys?",“Your name is secondary ape.” [Nobody seems to have picked up on this: am I the only person on here who knows their Lafferty?],
Claire Jordan,"If climate change is real, why is it snowing where I live?","Because the climate is complicated. For example, global warming is predicted to leave Britain and Ireland much colder, because our temperate climate is due to the warm waters of the Gulf stream flowing up between the two islands. Changes in temperature elsewhere are expected to divert the Gulf Stream away from us. Currently, Britain is being pulled apart, climate-wise. England has had a very hot summer, with temperatures up to 36°C, but here in central Scotland we’ve only had about five days this year, two in May and three in July, when the temperature went over 20°, and the peak was 23° in May.",
Claire Jordan,"The race riots that happened in the UK by certain sections of the white community, is there a problem in the English society towards ethnic minorities? There was no race riots in Wales or Scotland, except for Belfast?","Mainly, it was very hot in England, but cool in Scotland. People riot when it’s hot.",
Claire Jordan,How many Palestinians are Israeli going to kill before the world says enough is enough? They have just killed 80 children in a school that was being used for shelter and refuge.,"No. 80 assorted people (according to Hamas), many of whom were combatants. Calling it a school is misleading: “former school” would be more accurate. It was a building which used to be a school, but was now a hostel.",
Claire Jordan,Why is it so complicated? A woman is a human being with a uterus that gives birth to children.,OK. But that would leave an enormous number of people with vaginas and breasts stuck in the “intersex” category.,
Claire Jordan,"How can the UK government reduce the use of hotels to house migrants, especially in the towns and cities affected by the recent UK riots?","I would suggest housing people in vacant schools during the summer holidays, as that’s when hotels are most in demand for paying guests and their prices are highest. A school should already have plenty of lavatories, a changing room with showers, a kitchen and dining room, exercise equipment, books and good fire-control systems, so it would just be a matter of adding some camp beds.",
Claire Jordan,Why doesn’t Israel give the Palestinians their own state? (Thats most likely to be the best solution to the entire conflict)?,"Because a disruptively high proportion of Palestinians don’t want that, and will settle for nothing less than the total destruction of Israel - and they have been armed by Iran and tend to kill those Palestinians who *do* want peace, or at least scare them into silence.",
Claire Jordan,Is there any evidence of a relationship between flying reptiles like Pterosaurs and birds (avian dinosaurs)?,"Along with the crocodilians, they’re all in the archosaur group.",
Claire Jordan,"If you keep telling your girlfriend not to do certain things, and she continues doing them, what would be your course of action?","Do the things *directly* affect you, such as keeping on touching you when you don’t like it, or playing loud music in the next room while you’re trying to sleep? In that case, if she won’t stop you should consider leaving, as she isn’t respecting your boundaries. Are they things that don’t directly affect you, such as wearing clothes you don’t approve of or having friends you don’t like? In that case she should consider leaving, because you aren’t respecting *her* boundaries. If it’s something in between, such as being friends with somebody who is an outright enemy of yours and who you have reason to think will use the connection to harm you (such as a business rival who is pumping her for information), you’ll just need to talk it through with her. I have to confess that I did once train a friend of mine out of her habit of picking her nose in public, carefully examining the result and then eating it: but that did *sort of* directly affect me, because it was really hard to look at.",
Claire Jordan,Does 'trump' really mean 'fart' in the north of England?,"Everywhere in the UK, as far as I know. But it’s not just *any* fart. Literally, a trump is either a playing card with an arbitrary high rank, or a loud blast on a wind-instrument: hence “trumpet”. So in British slang a trump is the sort of fart that makes a loud noise, like a squeaky flute.",
Claire Jordan,What clues were left by Rowling in the Harry Potter books which pointed toward the fact that Snape was actually a good guy?,"Snape saves Harry from Quirrel. He keeps the students safe. He sprints through the school in his nightshirt because he heard someone scream. He rushes though a door without checking if there’s anything dangerous on the other side because a girl screamed “Murder!” He clutches at a chair-back when he hears that Ginny has been taken. He turns white and shaky when he sees Cedric’s death in Harry’s memory. He rushes off to rescue Montague. He sprints down a tunnel in the dark to a place where he nearly died as a boy, to confront the people who nearly killed him, including a mass-murderer (even if he’s confused about who the mass murderer is) and a werewolf on the point of transition, because children are in danger. He risks the wrath of Umbridge (his boss at the time, and a torturer and would-be murderer) to prevent Crabbe from throttling Neville, and to palm her off with fake Veritaserum so she can’t use it to find Sirius. He checks on Sirius as soon as he learns he may be in danger, even though they hate each other, and tries to get him to wait for backup. He warns Dumbledore that the Dark Mark is returning. He allows Buckbeak to claw at him and doesn’t defend himself. He was a real Death Eater for about 18 months (for nearly three years if he had really been on Voldie’s side all that time), in an environment where violence was encouraged, and yet made so little impact that there wasn’t even a rumour that he was one, and Bellatrix accuses him of being all talk and no action. He risks blowing his cover to protect Remus during the Polyjuice chase, and again to give Neville, Ginny and Luna a “punishment” which is more of a covert pat on the back. All of those, except the fact that he clipped George’s ear by accident while trying to protect Remus, were obvious *before* the big reveal about his true loyalties.",
Claire Jordan,"Why did Elon Musk comment ""Civil war is inevitable"" in response to footage of far-right riots in the UK?",Because he’s a melodramatic idiot who knows nothing about anything outside of engineering. This is also the answer to almost every other question beginning “Why did Elon Musk”.,
Claire Jordan,"Is it scientifically possible to bring back extinct species, such as dinosaurs, using DNA samples from fossilized bones?","No. Other than at a few unusual mineral springs, fossilisation takes many millions of years. DNA only remains readable for half a million years - a million if it’s deep-frozen in permafrost. Anything that’s been dead long enough to fossilise has at best a smear of nucleotide material that tells you DNA was present, but nothing that can be read. It would be like trying to reconstruct War and Peace from a bag of loose single letters.",
Claire Jordan,"Why did ornithischians and sauropods went extinct in the KPG extinction while theropods survived till this very day, ableit as birds?","The KT asteroid strike resulted in years of semi-darkness due to the ash in the air, so most plant-life died back to seeds and bulbs. The only edible thing there would have been plenty of on land was insects, eating the dead wood. The small theropods we know as “birds” (and many little mammals) were able to live on insects until the sky cleared and the plants started coming back, but the big herbivores, and the large carnivores that fed on them, starved.",
Claire Jordan,Why didn't birds evolve to the huge sizes of pterodalctyls when they became extinct 66 mya? Is it possible for a giraffe-sized flying bird to exist (since the largest of pterodactyls were giraffe-sized)?,"No. Birds have a fundamental problem which limits their size. They take off by leaping up using their legs, but once they are airborne then their leg muscles are no longer contributing to flight and become dead weight they have to carry. And they can’t jettison them as a rocket jettisons spent fuel tanks: they’re stuck with carrying them. Evidently the weight of their legs increases faster than their strength does, so they hit a point where in order to carry their legs they need wings so big and heavy that they need stronger, heavier legs in order to take off, which then need bigger, heavier wings to carry them…. But pterosaurs had hands at the middle of the wing, and flung themselves into the air by slamming their hands to the ground and pushing up with their wing muscles. They used the *same* muscles to take off and to fly, so the extra muscle needed to propel a very large pterosaur into the air didn’t become dead weight once they were airborne, but then contributed to keeping them up.",
Claire Jordan,The two finalists for the women’s 2024 Olympic boxing competition allegedly have XY chromosomes? What do you think about this?,"I think that since some XY women are fully fertile and able to get pregnant, *any* woman - any woman at all - who hasn’t already had her karyotype tested could be XY.",
Claire Jordan,What are epigenetic make it short?,"The DNA in your chromosomes is supported on a spine of proteins called histones. The shape of the histone spine affects how accessible a given stretch of DNA - a gene - is and therefore how likely that gene is to be activated. Some living conditions, such as a prolonged famine, can affect the shape of the histone spine, making particular genes more or less accessible and therefore more or less likely to be activated. Because of prolonged natural selection, these changes generally happen in ways which activate genes which help us to cope with the conditions which caused the change. E.g. they might make us better at storing fat in order to cope with a famine. We call these changes epigenetic tags. They can be passed on for at least a couple of generations, so the children of people who survived a famine will still have their chromosomes tweaked to make them better at coping with famine.",
Claire Jordan,Should chromosomes be used as a determinant of gender eligibility in sports?,No. There are people with Y chromosomes who are completely female and able to get pregnant.,
Claire Jordan,"Theoretically, if a YY chromosome person is born, would they live a decent life?","They can never be born, and would never get past being a tiny ball of cells. Many of the vital instructions for making a body are on the X chromosome. Now, you can certainly have an XYY person, They tend to be tall, with a slightly increased risk of criminal behaviour and a slightly reduced IQ.",
Claire Jordan,"If the United Kingdom has an actual UNWRITTEN Constitution, how is it transmitted or even known? Is there a special class of people who keep it around through purely oral transmission?","“Unwritten” isn’t quite the way to describe it. It’s very much written, and has been for about 800 years, but it isn’t set out as a formal document in the way that the US constitution is. Instead, it’s a collection of individual laws and precedents which are, yes, written down, and which between them build up into a system of government which is highly flexible and easy to edit on the fly. Want to change something in the British constitution? Convince a major political party that a lot of people want it changed. They will then make the change part of their next manifesto, and see if a majority of people vote for it, and if they do, then the change will be thrashed out in Parliament. We don’t have a formal statement of rights the way the US does, because one of the established principles of UK law is that everything is permitted that isn’t specifically forbidden. If a government tries to forbid too many things, they get voted out.",
Claire Jordan,"On Quora one thing I have noticed is that people who are not from the USA (mostly from Europe) actively discuss about the politics here, can't they just be silent and stop poking their nose in things which shouldn't concern them?","Unfortunately the politics of the US is highly relevant to Europe, because a Trump win could lead to the US supporting Russia (or at least not supporting Ukraine), which in turn could lead Putin to invade other neighbouring states. When the biggest military in the world could abruptly flip from being an ally to an enemy, people are going to worry. Plus. many of us have American friends whose fate we care about.",
Claire Jordan,"If animals could speak, which one would be the rudest?",Grey squirrels. Have you heard those little buggers screaming abuse at each other?,
Claire Jordan,"Regarding the theory of gradual evolution, how can populations of partially evolved individuals survive their ""death sentence"" of being handicapped? Isn't evolution the ""survival of the fittest""? The partially evolved animal is easy prey, right?","You’ve understood an important principle. Features can only evolve if every stage of that feature is slightly more useful than what went before, or at least not worse. That’s why, for example, we never see four-legged vertebrates with proper fully articulated wings, dragon-fashion, because they would first need to evolve an extra limb-girdle to which to attach the wings, and a half-evolved limb-girdle wouldn’t be useful. On the other hand, if you consider eyes, for example, they evolved in tiny increments, and at each stage a “slightly better” eye was an advantage.",
Claire Jordan,"Is Tim Walz and Kamala Harris the most ""anti parent"" leaders in America? Menstrual products in both girls AND boys bathrooms in our schools? Is he just plain WEIRD?","I’m assuming you’re a Republican, which means you want to allow unlimited gun ownership, even though that leads to schoolchildren being massacred. Now you want to prevent children from having access to the best dressing for bullet wounds. How many deaths of children are you shooting for?",
Claire Jordan,"Democrats support post-birth abortion, but isn’t abortion after birth just murder?","“Post-birth abortion” is a stupid term for allowing terminally ill infants to die in comfort instead of sticking them with needles and tubes in order to prolong their lives by a few days of misery. If you want to save them you need to campaign for more research and for universal free-at-point-of-use healthcare, to maximise their chances of being able to be treated. For example babies born with all their abdominal organs and their heart on the outside *can* sometimes be saved by radical surgery, and in countries with proper health services they will be given every chance, but this treatment is well beyond the means of most American families.",
Claire Jordan,"Why do vaccine believers start mocking, insulting, labeling or guilt-tripping when you educate them that healthy immune system is the one that stops pathogens and prevent diseases, not the pharma substances they believe in?","Because you say stupid shit like this question, OP. Vaccines only work on people with healthy immune systems. Vaccines show your healthy immune system what it should be on the alert for, without your having to first risk getting sick and maybe dying or being left permanently disabled. If your immune system doesn’t work, vaccines can’t help you. And if your immune system is *too* strong, it itself will turn on you, attack your own body and kill or cripple you. Look up “autoimmune disease”. Think of your immune system as being similar to a computer’s anti-virus system. However good the anti-virus system is, it has to be shown what code it needs to look out for. That’s what vaccines do.",
Claire Jordan,If carbon 14 dating is effective up to 50000 years then why can’t we use it on dinosaur fossils? Is it because of the flood contamination? I’m a young earth creationist but trying to study this all more in depth!,"Because the non-avian dinosaurs died 66 *million* years ago. If there had ever been a worldwide flood, it would have left traces. There are none. Instead, there was a very large flood which affected the Mediterranean region, only, 7,600 years ago. If the world was only 6,000 years old everything could be carbon-dated, and all extinct species would still have readable DNA (which lasts up to a million years). This is not the case. We can track tree-ring data back for 14,000 years, carbon-dating for 60,000 years and readable DNA for a million years, before we even get onto other forms of dating. It is not possible to be a Young Earth Creationist and “study this in depth”, and you have to accept this. You have to believe that either your God is a deceiver and created the world deliberately to mislead us, with false evidence of billions of years of past history; or that the authors of the Bible were only interested in what was directly relevant to them, and so began their account of history roughly with the dawn of agriculture in the Middle East.",
Claire Jordan,What area of medicine will be the first to be replaced by superior deep learning AI?,"Mass screening. It’s probably already done so in some areas. AIs as they currently stand are not truly intelligent, and the Large Language Model types that you can talk to, like ChatGPT or our own Thickbot, are just glorified auto-complete programs with added rules of grammar. But what AIs excel at is analysing images very fast to detect specific features, so they are already used for analysing images of slides to detect cancer. For most purposes they already do this as well as humans but a lot faster, so humans only need to become involved once an ambiguity has been detected.",
Claire Jordan,Can a single gene mutation lead to the development of a completely new trait?,"Yes. A single mutation made my late friend Eric a dwarf, by affecting the development of his long bones. A single mutation makes an animal with black fur be born blue-grey instead. A single mutation made me unable to roll my tongue.",
Claire Jordan,What makes someone biologically male or female?,"It depends why you want to know. Even if we confine ourselves to humans there is no biological definition which doesn’t leave some people both, and some people neither. At its most basic, male is what produces sperm (or at least has testicles) and female is what produces ova (or at least has ovaries). But there are people born with both, people born with neither and people born with combination ovotestes. Is it that people born with a vagina are women and people born with a penis are male? OK, but there are people who have both, or whose parts are intermediate. There are people who have female genitals and undescended testicles, and people who have a functioning penis and a womb. Is it that people with a Y chromosome are male and those without are female? But there are XX men who are men in all respects except not producing sperm, and there are XY women who are women in all respects *including* being able to get pregnant and give birth, and there are people whose cells are a mix of XX and XY, without even mentioning thjose who are XXY or XXXY. Is it that people with an SRY gene are male and those without are female? But there are people who have an SRY gene and also a vagina, some of whom are exceptionally feminine in appearance, and who may live and die without ever knowing they were anything other than a sterile woman, and there are people some of whose cells have an SRY gene and some don’t. Is it people whose neurological map tells them they should have the standard body of one main sex or the other? Fine, then transgender people go in with the sex their brain tells them they are, but there are still people whose brain has no sense of being either sex. Biology is complicated.",
Claire Jordan,"Do transgender persons who have transitioned to female still have the same level of that male hormone, testosterone, that makes them naturally stronger than most females with just the female hormone?","Not once they’ve been on feminising hormones for several months, no. And some probably had low testosterone to begin with.",
Claire Jordan,Do you think Elon Musk's claim that 'civil war is inevitable' in the U.K. is a hyperbole or a genuine concern?,"It might be a genuine concern, but he’s still an idiot. It’s a few yobs blowing off steam when the weather is hot.",
Claire Jordan,Do you think the riots made by British people in the UK are justified?,"No, they’re completely idiotic. They’re attacking immigrants, Muslims and the police when the killing was carried out by a British, Christian teenager in a private venue where the police had no access. Meanwhile, they’re completely ignoring the *actual* problem, which is the chronic underfunding of mental health services, especially for young people. If what the killer’s classmates are reported as saying about him are true he was known to be obsessed with knives, and with the Rwandan genocide which his parents fled 30 years ago. He’s also reported to be autistic, and looks as if he may have a genetic disorder (the proportions of his head are quite strange). He should have been sent for counselling a couple of years ago, by either his form teacher or his GP, and moved to a secure unit if his obsession with knives proved intractable. *That’s* what we should be up in arms about - better mental health services. Instead we put up with a sky-high suicide rate, especially among males, while idiots scream at passing Muslims who had nothing to do with it (and completely ignoring the fact that a week earlier a disturbed young man killed three women with a crossbow, because hey, he was white so he doesn’t interest them).",
Claire Jordan,"Elon Musk says that because of the racial riots in the UK, it is heading for a civil war. Might this actually happen?","No, don’t be silly. The British, and especially the English, have always had a tendency to riot when the weather is hot. Kipling even wrote a very funny poem about it in the Victorian era. Do the words “football hooligan” ring any bells? “Skinheads”? “Mods and Rockers”?",
Claire Jordan,Are there any mammals that are smaller than the smallest known dinosaur?,"Well, the smallest known dinosaur, past or present, is the bee hummingbird: two and a quarter inches long and weighting less than two grams. The smallest mammal by weight is the Etruscan shrew, likewise just under two grams: and the smallest by length and skull size is the bumblebee bat, which is literally the size of a bumblebee but is a fraction heavier than the shrew or the hummingbird, because skin wings weigh more than feathers: If you want a really tiny land vertebrate you need to look to the reptiles and amphibians, who don’t need to worry so much about keeping their body temperature up.",https://qph.cf2.quoracdn.net/main-qimg-97ab5d89a31ebdc808dd47d5de211285
Claire Jordan,Where can I find the general tree of life that depends on clades? I want to know more about evolution.,"Try the OneZoom tree of life explorer. OneZoom Tree of Life Explorer I’m not sure how often they update it to take account of new discoveries, but it will certainly give you a good overview.",
Claire Jordan,Why did marsupials go out are going extinct everywhere placental mammals exist? Are they uncompetitive and only survived due to geographic isolation?,"Opossums are massively successful in south and central America - iirc there are well over 100 species of them. Marsupials also do quite well in New Guinea and Indonesia, and they dominate Australia despite the long presence of placental rats, bats, dogs and humans. Meanwhile wallabies have escaped from zoos and set up colonies in many places. Their reproductive strategy seems generally to be less successful than that of placentals, but they still don’t do badly.",
Claire Jordan,"If evolution is gradual and takes millions of years, how did all complex life begin during the Cambrian Explosion?",And? The Cambrian “explosion” took at least 20 million years. 20 million years = “millions of years”. And multicellular life already existed and had done for a long time: it just wasn’t terribly mobile. What happened in the Cambrian was an intense arms-race between predator and prey which led to the development of beaks and jaws and fins and limbs and armour-plating.,
Claire Jordan,"What are your thoughts on the BBC announcement about the urgent evacuation from London, Manchester, Birmingham, Liverpool and other cities in the NOT SO great britain amidst the all-encompassing civil war and declared martial law?","Is this the standard of Russian trolls nowadays? Cut back on the vodka, Ivan: you’re drunk.",
Claire Jordan,"Why is it that the theory of evolution only passes “peer reviewing” when it’s performed by fellow evolutionists that are in on the scam? Evolutionism has never passed peer reviewing by the likes of Dr Michael Behe, Dr Ken Ham, or Dr Kent Hovind.","You don't seen to understand what ""peer"" means. A peer in this context is somebody of a similar level of intelligence and knowledge to yourself. The likes of Ham and Kovind aren't peers to any scientist: their level is more that of a used car salesman or a carnival barker.",
Claire Jordan,"Why do people say this on Quora “Hi your posts worth reading, though we are not following each other, please kindly follow back, I want us to be friends”?","These are generally not people at all but bots, automated programs. They send out thousands, probably hundreds of thousands of these messages, then if somebody is foolish enough to answer they will be hooked up to a scammer who will try to get money out of them, either via fake romance or fake investment schemes. They want you to follow them because the people who write the bots have worked out that on Quora, a lot of people have their PM messages set so that only people they follow can message them. If you follow them they will then try to strike up an acquaintance via pm, again with a view to getting money out of you.",
Claire Jordan,"Attention evolutionists, your theory is now proven false. We have been aging and dying for thousands of years, yet we have not evolved to counter aging at all. Does this not show evolution is false since this is a prime situation for it to occur?","This is probably a troll question, since it uses the fake word ""evolutionist"", but it's still a question many people fail to understand. Evolution works via differences in reproductive success. Family lines which are good at having a lot of surviving offspring get to spread their genes. Humans *have already* evolved to have an unusually long lifespan for a creature our size, exactly because grandparents help with raising the young, and therefore continue to have an effect on the reproductive success of their family line until their grandchildren are in their early teens. As to why animals do not generally live to very great age, you have to consider that in a state of nature (and that includes humans until fairly recently, in evolutionary terms), individuals rarely get to die of old age. They get eaten, or they have an accident, or they die of disease, long before age takes them. Even in humans, the average age at death is decades lower than the maximum age, as so many of us succumb to cancer or heart disease. There is no benefit to an animal in having the *capacity* to live for centuries if it's going to be killed and eaten when it's seven. It needs to get its breeding done early, before something kills it, so selection pressure tends to favour having offspring early in life, and the selection pressure to prolong life gets weaker and weaker once you've already passed on your genes and you get past the point at which the likelihood is that you're about to be killed by something anyway. Only animals which are virtually predator-proof and/or live in very safe environments can afford to live long, leisurely lives and reproduce slowly, as we see in Greenland sharks, baleen whales and elephants. We can see this demonstrated most strikingly by the naked mole rat. They're the size of a hamster, and animals that size normally live one to seven years. But because the naked mole rat spends most of its life tunnelling underground and dragigng plants down into its tunnels by the roots, they are at very little risk from any cause of death and so live thirty or more years: extraordinarily long for a smallish rodent.",
Claire Jordan,Why was Tim Walz's tampon bill controversial?,Because people don’t realise that a) a small number of intersex or trans boys will need them for the usual purpose; b) some boys from poor families may want to take them home for their female relatives; and c) they’re terrific for stopping nose-bleeds.,
Claire Jordan,What are your views on the transgender controversy in women's boxing at the Olympics?,"That it demonstrates what I’ve been saying, that most sports shouldn’t be divided by gender but simply streamed by size and ability. This would have the added advantage of enabling small men to compete in a bantam class.",
Claire Jordan,How does the presence or absence of an X or Y chromosome affect human development?,"In the absence of an SRY gene (usually but not always situated on a Y chromosome) the human will develop as a female. [Occasionally they become female-ish even if they do have an SRY gene.] In the absence of an X chromosome, the zygote will never become human as it will never get beyond a tiny ball of a few cells.",
Claire Jordan,Why is the Paris Olympic opening ceremony so horribly woke?,"It wasn’t woke. Some of it I would say was a bit trashy - but then I switched channels when they started on that bloody song Imagine, which is one of my pet hates. I thought the parade down the river was lovely.",
Claire Jordan,Are the left and television news networks overlooking the fact that people rioting in Southport were doing so because 3 beautiful schoolgirls were murdered and there are not enough police to keep the streets of Britain safe any longer?,"This was a Columbine-style killing by a British (and Christian) teenager with mental health issues, carried out in a private venue. How would more police on the streets have helped? How does attacking the police help? If they were actually intelligent, unlike you, OP, what they *should* be protesting about is the lack of funding for good mental health coverage, as better mental health support for teenagers is the only thing which might have prevented this disaster.",
Claire Jordan,"What is Kamala babbling about? ""This is just an extraordinary testament to the importance of having a president who understands the power of diplomacy and understands the strength that rests in understanding the significance of diplomacy.""","This question so perfectly demonstrates the lack of education among right-wing Americans that I suspect it may have been planted by a Russian troll. Kamala’s sentence is a little long-winded - it wouldn’t win her any prizes in a writing class - but what she’s saying is perfectly clear and simple and easy to understand, to anybody who speaks English as a first language. Maybe the OP is Hispanic, if they’re not Russian? She’s saying that “this” - presumably the return of US prisoners from Russia - shows that diplomacy is important and gets things done, and that leaders who understand that diplomacy is important are in a stronger position than those who don’t. In case you don’t know, “diplomacy” is when specially-trained negotiators from different countries talk to each other and solve problems in ways that both their countries are OK with.",
Claire Jordan,Do people actually drink water straight from the tap?,"In the UK? Sure. although as Mats says, you usually put it in a glass or mug first. However, in older houses in the UK, stick to the cold water supply in the kitchen. Other taps may be drawing from standing tanks, in which case there’s a potential for the water to be stale or contaminated: but the cold tap in the kitchen is always straight from the mains. Mains water is always “potable”, i.e. safe to drink, unless there’s been some sort of disaster: and if there has been, the local council will distribute clean water for free from trucks until the problem is fixed.",
Claire Jordan,Can a biological male have two X chromosomes?,"Sure. He can be an XXY or XXXY male, although he’ll have reduced fertility and slightly feminised bone structure. Or he can be an XX male, in whom the SRY gene - which is what makes an embryo turn male - is on an X chromosome. In the latter case he’ll appear to be a normal male but will be sterile, because along with SRY there are some genes necessary for sperm production on the Y chromosome.",
Claire Jordan,Why do humans only have two types of chromosomes (XY or XX)? Is it possible to eliminate the X/Y chromosome system?,"We have 24 types of chromosome: X, Y and 23 autosomal types. You can’t live without an X chromosome: it’s vital for building an embryo. But we could evolve a different way of determining sex: many species have.",
Claire Jordan,Can a cisgender woman be XY?,"Yes, sure. There are two main way an XY person can be a cis woman. They may have androgen insensitivity. Their Y chromosome has an SRY gene and they develop internal, undescended testicles which put out androgens, but their body doesn’t respond the androgens and remains female-shaped. They are born with a vagina and identified as female at birth. Some will suddenly develop a penis and balls at puberty, and others will continue to have a vagina, and develop female-type breasts, although they don’t have a womb. They may well live and die without ever knowing they were anything other than a normal but sterile woman. Depending on the degree of androgen insensitivity, some of these women will be super-feminine and delicate - more so than most XX women - and some will be a little bit androgynous. The other way is that they have a Y chromosome but it doesn’t have an SRY gene on it. These people are women in every respect, with a womb. Many will be sterile, but an unknown number are able to get pregnant and have kids, although they will tend to have two daughters to every one son. We think this is rare but we don’t *know*, because fertile XY women are unlikely to ever have a gene test and be identified. *Any* of the women on here, *any* of us, even the ones with kids, could be XY, if they haven’t actually had that checked.",
Claire Jordan,Why are people protesting in the UK?,"It’s been very hot down in England, and we haven’t had a serious riot for 13 years.",
Claire Jordan,Can you name any countries that were only independent for a single day?,"Northern Ireland, iirc. The UK released the whole of Ireland in 1922, but Northern Ireland immediately petitioned to be allowed back into the UK.",
Claire Jordan,How did Donald Trump's ear heal so quickly?,"This supports the idea he was hit by a shard of debris, not a bullet. It means the wound was a clean and shallow cut: also that the old bastard is still quite vigorous (although at his age, vigorous cell regeneration increases the risk of cancer).",
Claire Jordan,Should polygamy be considered as cheating?,"Not if all the participants were aware they were getting into a polygamous relationship at the outset, or freely agreed to it subsequently.",
Claire Jordan,If black people are whiter than you. What's your reaction?,"Given how pale I am, mild passing curiosity about their genetic makeup.",
Claire Jordan,Why are the Olympics the only sporting event where second and third place are celebrated? In every other sport “second place is thought of as first loser”. How did it come to be this way?,"Most sports are between two teams, or between a small number of contestants. Coming second of two is clearly a loss. Coming second of five isn’t much better, But coming second of forty is impressive. In that respect the Olympics are more like horse-racing than football.",
Claire Jordan,Why do we say “where do your family live” instead of “does”?,"This kind of thing depends on whether you’re British or American. Afaik in American English group entities such as families, sports teams, companies etc are usually treated as singular, but in British English it’s purely a matter of choice whether to treat them as singular or plural.",
Claire Jordan,Could Trump’s horrific ear injury have been fake?,"I don’t think it was fake - just very minor. Wounds around the face and scalp bleed like mad but the actual wound must have been little worse than a paper cut, since it healed in a few days.",
Claire Jordan,1st it's loony left marches now its loony right whats to be done?,"If you mean in the UK, rioting is a local sport, Why do you think that telling somebody off here is known as “reading them the Riot Act”? Do the words “football hooligan” and “skinhead” ring any bells? I’ve often thought we should re-nsitute melee tournaments - basically mass brawls, with an umpire. We could have protective gear and a few rules - no going for the eyes or genitals - and St John’s Ambulance Brigade on standby, and then let the youths of the UK work off their frustrations.",
Claire Jordan,Why is it when it comes to the Holocaust we only talk about the Jewish victims? Why not the non-Jewish victims as well because truth is not all the Holocaust victims were Jews?,"Because the term “Holocaust” refers to those who were killed in attempted genocide, whose mass death was the point of the exercise: that is, Jews and Roma. You could make a case for including the disabled in that. The other victims - Slavs, socialists, Jehovah’s witnesses, gays etc etc - were often worked to death but were not intentionally slated for wholesale extermination.",
Claire Jordan,How do Holocaust survivors view ICC ruling on Israeli genocide in Gaza? Would Ann Frank support revenge killing of 40 thousand civilians mostly women and children?,"There’s no genocide and no revenge killing. What people overlook is the fact that Hamas didn't just carry out a single attack, however large and brutal, but bombarded Israeli cities with missiles every day for six months, and promised publicly that they would never stop from bombing Israel and killing Israeli citizens. The only way to stop the missiles is to eliminate Hamas and destroy all their gun emplacements - to say nothing of the fact that there are still about a hundred hostages unaccounted for. And the reason there are a lot of children among the dead is because Hamas is into using child soldiers in a big way.",
Claire Jordan,Do the British eat a lot of beef wellington?,"I’ve seen ready-made ones on sale in supermarkets, but I’ve never eaten it (and I’m 65 and have lived in the UK all my life). It’s quite an old-fashioned thing, something I’d mentally associate with the 1920s.",
Claire Jordan,What is the reason behind the belief that cavemen lived in caves instead of other structures like tents or huts?,"Survivorship bias. Human remains and tools survive better in caves than they do out in the open, once the huts and tents have crumbled.",
Claire Jordan,"What does it mean if your mom buys you an engagement ring in your dream, and it’s a little too big?","It could just be a random assortment of things that caught your eye during the day, or it could mean you feel your mum is trying to match you up with somebody who “doesn’t quite fit”.",
Claire Jordan,"What's your take on Imane Khelif, a biologically proven male boxer, taking part in the Women's Boxing event at the Paris Olympics 2024?","Khalif isn’t male, she’s intersex: neither one nor the other. She was born with a vulva and vagina, grew breasts at puberty, and probably didn’t learn until she was an adult that she had undescended testicles instead of ovaries. Her condition is called androgen insensitivity: her body doesn’t respond to the presence of androgens, so although she has the right gene to trigger male development, nothing happened and her body developed as 90% female. Some people with this condition are so completely resistant to androgens that they develop as super-feminine - far more so than most XX women are. Khalif however is slightly more intermediate, with slightly higher testosterone and longer reach than most women. However, she has regularly been beaten by 100% female contestants, so it’s not like she’s some kind of giant.",
Claire Jordan,Isn’t it true that most of the evolutionary skeletal examples of pre-modern humans get discovered as being scientific hoaxes carried out by the scientific community?,"No. There was *one* hoax skeleton, discovered to be a hoax 75 years ago. The other 6,000+ skeletons are all genuine.",
Claire Jordan,"What do we know about Axel Muganwa Rudakubana, the 17-year-old charged with murdered three girls at a Taylor Swift-themed dance class in Southport?","Church-going Christian (or at least his parents are), autistic, bit odd, signs of obsession with knives and with the massacres in Rwanda. Just the right age for this to be the onset of schizophrenia, but we’ll see what his mental health assessment finds. Little bit odd-looking in a way that might indicate a genetic problem.",
Claire Jordan,"What do you think would have been the ""best alternative"" or the least damaging alternative for Alan Turing after his 1952 trial which was a dead end: prison or the harmful chemical castration he eventually underwent?","I know this isn’t a direct answer, but please note that the medical evidence indicates that Turing died by accident, as a result of sloppy lab safety. The idea that he committed suicide was invented by a coroner who just assumed that all gay men must be fragile hysterics. The chemical castration ended a long time before his death, and he seems to have regarded it as a bit of a joke: he was significantly autistic and didn’t give a flying fuck what anybody outside his own immediate circle thought of him. The people who scream about his being hounded to suicide, so that they can milk his death for melodramatic outrage, are perpetuating what was only ever a homophobic slur against him. But in the unlikely event that he *did* commit suicide, his friends reported that what was preying on his mind at the time of his death was the fact that he had just had a very bad reading from a fairground psychic. In answer to the question, it’s difficult to know what else the police could have done. Having consensual sex with a 19-year-old soldier *shouldn’t* have been illegal, but it was (and iirc was viewed as paedophilia since the soldier was under 21 which, again, is ridiculous since at 19 a soldier was allowed to take part in actual battle). And Turing had so little awareness of social norms that he happily told the police all about his favourite sexual positions. If he had been even mildly discreet they would probably have found an excuse to let him go, but his total lack of conversational filters didn’t leave them with many options.",
Claire Jordan,What are the benefits of being big-boned (bone structure)? What are they and how can one identify themselves as having a big bone structure or not?,"The quickest way to decide whether you have big bones is to look at the proportionate width of your wrist bone, as it’s an area that has very little fat to confuse the issue. The main advantage is that you’re less likely to suffer a broken bone.",
Claire Jordan,"Do you have a hidden talent for igniting passion and purpose in others, with a natural ability to rally people around a shared vision and drive them towards collective success?","No. I’m good at encouraging individuals, but not groups. And a high, narrow nose and chronic sinus trouble has left me with an annoyingly nasal voice, which doesn’t help.",
Claire Jordan,"Why do humans have two arms and multiple other body parts, such as legs and heads? Is there a reason for this specific number of limbs?","Humans have four limbs because we are tetrapods, and tetrapods have four limbs (unless, like snakes, they have lost them secondarily). Tetrapods have four limbs because they descend from fish with flexible, sinuous spines, and when they first came out of the water they wriggled up the beach with their legs pushing out to the sides, rather than tucked underneath. If your body bends like that you only need to push against two points with each undulation, so you only need two limb-girdles and four limbs.",
Claire Jordan,The spree killer who attacked children in Southport has been named. Is naming such people 'in the public interest' or does it just satisfy the prurient interest of the public? How many killers have cited Anders Breivik or Brenton Tarrant as heroes?,"Normally we wouldn’t reveal the name of a minor, but he’s only six days short of 18. It was necessary to reveal his identity because insane Islamophobes were circulating a false name and claiming he was an Islamist terrorist (it’s about 96% certain that he’s a Christian), and this lie was being used to fuel sectarian riots. What we have here is either a random, Columbine-style killing by a disaffected teenager or - given that his family are from Rwanda - a boy whose worldview has been warped by family memories of the Rwanda massacres of 30 years ago. Large-scale horrors of that kind pass stresses down through families for at least three generations. When it comes to cases like this, the influence we need to worry about isn’t Islam but the US, with its extraordinarily high rate of schoolyard massacres carried out by children, unseen in any other society on Earth. Without the USA, the idea of children spree-killing children would be almost unimaginable, but the US gun lobby has turned it into a common trope which infests other societies. [Note: it’s just been revealed the boy is significantly autistic, so his degree of responsibility remains to be seen. Also btw he used a kitchen knife, so it’s not a matter of failure to keep combat knives out of the hands of teeenagers.] [Also confirmed that his family are churchgoing Christians.]",
Claire Jordan,Why have the Hitler Diaries become a valuable artifact but the Anne Frank Diaries are considered to be of questionable historical value?,"Anne’s perspective was quite limited: she was living in a box and getting only trickles of information from the outside. Her diary is immense as psychodrama but doesn’t tell us much about the progress of the war. [The Hitler diaries, as I’ve been reminded, were a hoax, but actual diaries from Hitler would presumably be very informative.]",
Claire Jordan,Can Netanyahu be called a titan of Israeli politics?,Inasmuch as the Titans were a disaster and ate their own young….,
Claire Jordan,"What existed before the Big Bang that led to the creation of our Universe? If nothing existed, why not?","As far as we know “before the Big Bang” is a meaningless concept, because time itself didn’t exist yet.",
Claire Jordan,"Do any other mammals walk on two legs like humans, or do they primarily use all four limbs for movement?","There are rodents and marsupials that *hop* mainly on their hind legs. All apes are able to walk on their hind legs if the situation demands it, although they more often go on all fours, and so can macaques, a type of monkey close to the stem where Old World monkeys and apes split. .The Indri, a large lemur is able to move fast on its hind legs although it’s more a sort of crab-wise skipping and bounding gait than a sprint Bears *can* walk on their hind legs, but don’t do so very often unless there is something wrong with their forelimbs. Goats are also able to do so if their forelimbs are missing or malformed. I’ve been reminded that pangolins sometimes lift their hands up and stamp along on their back feet, using their tails as a counterbalance.",https://qph.cf2.quoracdn.net/main-qimg-21a5ec73b6c103e3d500ed1bba5bd697-lq
Claire Jordan,Can you name any reptiles that are not believed to be descended from dinosaurs?,"All of them - unless you’re one of those people who insist on mixing up two different taxonomic systems and calling birds reptiles. [Hint: “reptile” is a loose physical type, like “fish” or “raptor”. The clade to which reptiles, dinosaurs (including birds) and the extinct pterosaurs belong is called the sauropsida.]",
Claire Jordan,"What was the appearance of flying dinosaurs? Did they flap their wings constantly or glide through the air with minimal flapping, similar to some modern birds?","Other than birds, the only flying dinosaurs were the Scansoriopterygidae. They were small and had bat-like wings, so they probably flapped like crazy. If you’re thinking of pterosaurs, who wee not dinosaurs, the big ones would have glided like an albatross, otherwise they would probably have snapped or dislocated something.",
Claire Jordan,"Why did the English name their timezone ""Greenwitch"" instead of just ""London""?","Greenwich, pronounced GREN-itch. London is 50 miles across, so you’d need to specify which bit of London you were thinking about. Greenwich is the site of the Royal Observatory, where most of the necessary measurements were done, and at the time it must have been outside the boundary of London anyway, and much more relevant to shipping, because the Naval College is there.",
Claire Jordan,"Are crocodiles typically larger than most dinosaurs, with the exception of the Tyrannosaurus Rex and Giganotosaurus?","Modern crocodilians are typically larger than most theropods (most of whom, despite the few famous giants, were cat-to-bear-sized), but smaller than most sauropods and ornithischians.",
Claire Jordan,What extinct bird-like creature (such as dinosaurs or pterosaurs) do you find most interesting and why?,"The Scansoriopterygidae. They were feathered theropods of the Jurassic, four species known so far, who had bat-like wings, and got outcompeted by the birds. As near as damnit, they were miniature (crow-sized) wyverns.",https://qph.cf2.quoracdn.net/main-qimg-49c669b7df7ab093b87095a38a819812-lq
Claire Jordan,Do you consider a house built in 1965 an old house?,"I would consider that a modern house. My place is about 130 years old (I don’t know exactly when it was built, but it was between 1860 and 1916) and that’s just average. Houses don’t begin to be “old” until they’re about 200.",
Claire Jordan,"Is it possible to contract COVID-19 after being fully vaccinated? If so, will the symptoms be less severe due to immunity?","Yes, there’s still a risk of catching it but if you do it’s much less likely to be severe.",
Claire Jordan,Which shark is considered the most intelligent and how does its intelligence compare to other animals in the ocean and on land?,"I’m not sure how the intelligence of sharks pans out. However, they are closely related to rays, and manta rays are bright enough to pass the mirror test, so being a cartilaginous fish certainly doesn’t equate to being stupid.",
Claire Jordan,"What did Trump mean when he urged Christians to vote, saying: 'You won't have to do it again'? End of democracy or is he going to fix everything or is he just desperate and knows he is going to lose to Kamala Harris without every evangelical vote?","The most harmless interpretation is that he means to adhere to the two-term rule, so he’s saying, vote for me this time, you won’t be able to vote for me again because this will be my second term, and I don’t care whether you ever vote again or who succeeds me because all I care about is my own ambition. The worst interpretation is that he means to end democracy.",
Claire Jordan,"What was the average size of dinosaurs? Were there any that were as small as a chicken, cat, or smaller?","It’s hard to be sure of the average because the smaller ones don’t fossilise as easily. But there were a lot of non-avian theropods in the crow to domestic cat size-range, and the smallest ceratopsian we know was about the size of a Rottweiler. I believe the smallest known sauropod was about as big as a cow.",
Claire Jordan,Is it true that dinosaurs ruled Earth for millions of years before going extinct in one event?,"Yes, aside from three or four species of bird that made it through. But although the mass extinction was triggered by one event, some non-bird dinos probably hung on for a few thousand years: but the climate and ecosystem had been wrecked, and they couldn’t adapt fast enough to avoid extinction.",
Claire Jordan,Is it recommended for someone who has recovered from COVID-19 to still get vaccinated? Will getting vaccinated provide protection against future infections?,"Yes, your immunity due to having been infected only lasts about six months, and also only makes you immune to the specific strain you caught, whereas the vaccine is tailored to immunise you against a wider spread of varieties. So look to get vaccinated a few months after you recover.",
Claire Jordan,"Many people told me that to make a vaccine that protects you from a virus, it takes years. Yet we had vaccines for covid-19 rolled out in months. Forgive me for using my brain, but how was such a thing possible?","As Mats says, we were already working on vaccines for other viruses that are closely related to the COVID one, so we didn’t need to start from scratch: just tweak the ones that were already in development. That was a huge help.",
Claire Jordan,"Is it true that being a woman is not based on what you wear or how you style your hair, but the chromosomes you possess?","No. Chromosomes have little to do with it. At its most basic, the sex of a therian mammal embryo is determined by a gene called SRY, which is usually but not always situated on a Y chromosome. Absence or failure of the SRY gene results in a female-form embryo, although they may or may not be fertile. Some XY women are fertile and able to get pregnant, but XX men are always sterile (and I’m not talking about trans people here but fully cisgender individuals). Then, even if the person has no Y-chromosome and no SRY gene, under some circumstances they may not develop as a normal female, especially if they either have only one X-chromosome, and /or are exposed to androgens during development. They may have no gonads, or combined ovotestes, or masculinised genitalia, with a penis combined with a womb and ovaries. They may have a masculinised body-map, resulting in a person whose body is female but whose brain is trying to map to a male body (F2M trans). Then, even if the SRY gene is normally situated on a Y chromosome it may fail to work properly, or the body may fail to respond normally to it, or their hormones may not match. From this, we get people with an entirely female and very feminine body-plan and appearance, but no womb, and undescended testicles instead of ovaries; and people with a feminised body-map, resulting in a person whose body is male but whose brain is trying to map to a female body (M2F trans). People who are XXY or XXXY will be mostly male (assuming there’s an SRY gene present on the Y chromosome), but quite feminised. Finally, male and female twin embryos may fuse in the womb, resulting in an individual who is a mix of XX and XY cells and of male and female parts.",
Claire Jordan,What are the reasons behind the desire to break up Great Britain into its individual parts?,"The UK has a fundamental problem, in that the population of England is nearly ten times that of the other three constituent countries combined. That means that if votes are apportioned by population, England automatically outvotes the other three, and if votes are apportioned by country, tiny populations can potentially outvote a large one. On the other hand, being part of the UK gives the small countries much more international clout (and funding) than they would otherwise have access to, and they get to share the UK’s defence and diplomatic capabilities. With the war in the Ukraine, and the possibility of Trump winning and taking the US out of NATO, sharing in the UK’s collective defence is more important than ever.",
Claire Jordan,Why does Trump pronounce Kamala as CAM-A-LA?,"Inability to learn how to pronounce unfamiliar words is a sign of an ageing brain. My mother was never able to learn how to pronounce Linlithgow - she pronounced the final syllable to rhyme with cow instead of low - but she was 90, with renal failure.",
Claire Jordan,Why was the Paris Olympics opening ceremony so Satanic and had trans people with kids mocking the last supper?,"It was nothing to do with the Last Supper: they were recreating a tableaux from a painting of Dionysus feasting. *Why*, I’m not sure. OK, the Olympics are Greek in origin, but nothing to do with feasting and getting drunk, so it was a weird choice. The parade along the Seine was lovely, but after that it all got a bit twee and I switched off.",
Claire Jordan,My rats currently have ringworm and I also have it now as well. I know the vet is the main one but right now things are tough. What can I do to treat it?,"You need Imaverol anti-fungal dip. You can get it online. You can use it on yourself too. For the rat you should dilute it with warm water, but for yourself you can dab it neat on the affected skin.",
Claire Jordan,Is there effective chemotherapy for pet rats with mammary tumors? I asked the vet if there's something that will shrink the tumors before surgery and she said no. But I did a search online and found articles about chemotherapy. I'm confused.,"Mammary tumours on rats, even big ones, are easy to remove. Chemotherapy would just make the rat miserable.",
Claire Jordan,What is the reason for the brain being located at the anterior end of an animal?,"Quicker reactions. The mouth and main sensory organs tend to be at the front to help the animal seize food, and then the brain is near the main sensory organs to shorten the nerve pathways so the animal can react swiftly to whatever it senses.",
Claire Jordan,Ron DeSantis said he is open to secession if Kamala Harris wins the presidency in November. What is your view?,"That states should be entitled to secede if a majority of their citizens vote to do so, just as Scotland could leave the UK if a majority of us voted to do so. What use is a marriage you have to force your partner to stay in against their will?",
Claire Jordan,Does nobody care about the attempted assassination of Trump anymore?,"If it had been a political assassination, it would have been important. But it was just another disaffected, far-right teenager with a gun and they’re ten a penny in the US. The people who support Trump, also support disaffected far-right teenagers having easy access to guns.",
Claire Jordan,"Is anyone familiar with the ""Cosmological Argument""? It says that everything that has existed has had a cause, and people have used this to argue that God should exist. What is wrong with this idea?","What’s wrong with it is that is doesn’t solve anything. What caused God? If God doesn’t need a cause, why does the universe need a cause? It’s just giving a new label to the same problem.",
Claire Jordan,Is it true that some animals do not evolve because they are already perfectly adapted to their environment? Can humans be considered an example of this?,"Yes, in a stable environment a well-adapted species may arrive at a position where natural selection tends to keep it the same, because any new variation is likely to be less well-adapted and will be weeded out. The species will then remain the same until either the environment (which includes the other species with which it interacts) changes or a strikingly good new mutation comes along. Humans aren’t quite there. Our diet has changed over the last few thousand years and we are still evolving to cope with it better. But our ability to modify our own environment to order has certainly slowed our evolution down.",
Claire Jordan,What is the strongest evidence supporting biological evolution by natural selection? Is there any evidence that is considered irrefutable proof of this theory?,"It doesn’t work like that. There’s not one big single proof of evolution: there are millions upon millions (literally) of little proofs. It’s like asking for proof that fire burns: strike a match. If you roll a die and get a six three times in a row, that could be chance. If you get a six 4,793 times in a row, with no sign of it ever stopping, then you know that every face is a six.",
Claire Jordan,Can someone believe in Darwinian evolution without being an atheist?,"Of course. Most religious people accept the reality of evolution, and most people who accept the reality of evolution are religious. Creationism is almost entirely confined to hard-line Muslims and a few heretical Christian sects founded in the Victorian era.",
Claire Jordan,"What is the scientific term for ""missing links"" in human evolutionary history? Is it a metaphor or does it have a specific scientific meaning?","The missing link is an outdated myth. When we first found Neanderthal skeletons, nearly 200 years ago, we assumed that they must be our ancestors and that there must have been an intermediate stage - a link - between them and us, but we couldn’t find one. Now we know they were our cousins, not our ancestors except inasmuch as we sometimes interbred with them, so there never was a link to find. We have an exceptionally complete fossil record for the hominans: now our problem isn’t that there are any missing species, but that there are around 30 hominan species we know of, so it’s difficult to sort out ancestors from cousins.",
Claire Jordan,"What is a counter argument to the claim that all theories must be supported by evidence, and that evolution cannot be true because there is no evidence for it?","That the first statement is true and the second rubbish. There is probably more evidence for evolution than for anything else in the entire history of human thought, outside of pure mathematics.",
Claire Jordan,"Is there evidence of a transitional species between apes and humans? If so, why has it not been discovered yet?",Who programmed this stupid Thickbot to be a Cretinist shill? We have the fossil remains of over six thousand individuals from around thirty species that fit in between modern humans and our last common ancestor with other modern apes. The record of human evolution is exceptionally complete.,
Claire Jordan,Why do we say that most modern humans descended from just two individuals? How is this possible if our ancestors were numerous throughout history and even now?,"Nobody says that. Your ancestors are a mix of male and female but (leaving aside very rare cases of fertile intersexes) there always has to be a father, who had a father, who had a father, who had a father, who had a father, who had a father, who had a father and a mother, who had a mother, who had a mother, who had a mother, who had a mother, who had a mother, all the way back to the dawn of fixed sexes. As you go further back in time you get “pedigree collapse”, meaning that you and your neighbours start sharing ancestors. Trace your male line ancestors back and eventually you’ll hit a point where your male line ancestor is also the male line ancestor of a guy from the next village. Y-chromosome Adam is the most recent man who is *everybody*’s male line ancestor, and mitochondrial Eve is the most recent woman who is everybody’s female line ancestor. But they didn’t live in the same time and place, and there were thousands, maybe tens of thousands of other men and women who were alive in their day and from whom you are descended: but those others are e.g. your mother’s father’s mother’s father’s father’s mother’s mother’s father’s mother, not your direct male line or female line ancestor.",
Claire Jordan,Why can't I hit women if she is equal to men?,"You can hit a woman under the same circumstances under which you can hit a man: that is, defending yourself or someone else from violent attack, military combat, or mutually agreed S&M play or martial arts. The only difference is that you’re meant to use only as much force in self- or other-defence as it takes to neutralise the threat, and it will *usually* take less force to neutralise a threat from a woman than from a man.",
Claire Jordan,Can you name any organisms that are not part of the evolutionary lineage leading to humans or other animals?,"Almost every organism in existence today is not (yet) part of the lineage leading to other species. There are a very few cases, such as the marmorkrebs and the slough crayfish, where a species and its ancestor exist at the same time, but most species are on the end of a line of descent with nothing (yet) descending from them. And of course plants, fungi and most single-celled organisms other than choanoflagellates are not and nev er will be on the animal line.",
Claire Jordan,What would an animal look like if it shares 0.00% of DNA with humans?,"No way to tell. It couldn’t literally be an animal, that is, a member of the clade Animalia, because all animals, and all living things, on Earth share a lot of their DNA. However different we are we share genes that control our basic metabolisms. So an “animal” which shared none of our DNA could only be something which was *analogous* to an animal (multicellular, mobile for at least part of its life cycle and needs to consume other life-forms in order to live), but came from another planet.",
Claire Jordan,"How did Charles Darwin come up with the concept of ""survival of the fittest"" to explain evolution without knowledge of DNA?","Because it was obvious that *something* was inherited, even though he didn’t know what.",
Claire Jordan,Is Darwin's theory of natural selection synonymous with evolution by chance or random mutation?,"No. Evolution by chance is called genetic drift. Natural selection is a natural *filter*, not chance, although there’s an element of chance in everything. And random mutation generates raw material on which evolution can act, but it’s not itself evolution.",
Claire Jordan,"If the theory of evolution has been proven, why is it still called ""theory""? Evolutionary atheists, how will you explain this?","As you probably know, troll, in science a “theory” is an organised body of knowledge which explains how and why an observed fact happens, and which has been very thoroughly tested. There is no higher level of scientific knowledge, and the Theory of Evolution is the ne plus ultra of all theories.",
Claire Jordan,Is Kamala Harris so far to the left that she can be considered a communist?,"No, of course not. By the standards of other countries she’s definitely right of centre. Even Bernie Sanders barely qualifies as left of centre.",
Claire Jordan,How is mass vaccination not a medical fraud and endangerment if it is performed on people without having evidence that something is wrong with their immune systems to have a valid reason for risky interventions?,"Think of the vaccine as like a seatbelt. You wear a seatbelt so that *if* your car crashes, you won’t be killed. There is a tiny risk associated with the seatbelt itself, but it’s much less than the risk from crashing while not wearing one. And if you wait until you crash before putting on the seatbelt, it’s too late for it to do any good. You’re already dead or maimed.",
Claire Jordan,How does the theory of evolution impact our daily lives? Is it purely theoretical or does it have practical applications as well?,"Natural evolution is how disease-causing organisms constantly change, so that we have to keep finding new ways to combat them. Human-directed evolution is how we produce the domestic animals and crops that feed us. And we are starting to use artificial, simulated evolution to design products which require complex components.",
Claire Jordan,"If Trump was a bad president, how do anti-Trumpists explain this argument that proves Trump is a good president? Trump is more well-known and popular worldwide than Biden. Even outside the US, no one really cares about Biden.","Trump was only “popular” worldwide as a source of entertainment: we enjoyed laughing at his antics, and getting to point the finger at the US and jeer. He was the most mocked and despised leader since Idi Amin, the cannibal. Biden is boring, but he’s respected, and he did a lot to restore the prestige of the US worldwide: prestige which has been lost again now that Trump might win. Plans are being made to sideline the US permanently if he does.",
Claire Jordan,Why do donkey's grow long hooves such that they need human intervention to cut them? Is this a result of poor selective breeding by like condition such as hip-dysplasia in dog or breathing problems in Persian cats?,"Donkeys come originally from North Africa where they run around on hard, dry ground, so their hooves are adapted to be hard and wear-resistant. That means that if they’re not getting plenty of exercise on a fairly hard surface, their hooves don’t wear down properly.",
Claire Jordan,"Why are certain animals born with the ability to walk, but not humans?","Having “altricial” babies who are born at an early stage of development is usually done so that the mother can carry a large litter and have more babies at a time. Having precocial babies (born able to get up and run) usually means the mother will only have room for one or two. Humans and bears are unusual in that we have only one or two babies, but they’re altricial. In bears it’s so they can give birth during hibernation and the babies can stay small and not needing much milk until the mother is ready to wake up fully and start hunting again. In humans, it’s the price we pay for high intelligence. Mammal brain tissue is inefficiently bulky, meaning that high intelligence requires a large head. A large head requires a wide pelvis in order to be born. If our babies were born at a later stage, the mother’s pelvis would need to be so wide she could barely walk. Of course, that doesn’t explain why our babies aren’t born tiny but walking, but as far as I know no mammal does this. Precocial babies are always fairly big relative to the mother. There must be some practical or developmental reason for this, but I don’t know what it is.",
Claire Jordan,Can all the characters in the Harry Potter series by JK Rowling be classified as either good or bad?,"No, most of the characters are grey. It’s one of her strengths as a writer. Of the characters whom we know in detail the only unambiguously bad characters are Voldemort and Umbridge (even Bellatrix is motivated by love, even if it’s love for a bad object), and the only unambiguously good ones are Neville, Luna and maybe Cedric.",
Claire Jordan,"Will eating raw broccoli sprouts, turmeric, medicinal mushrooms, intensive raw vegetable/herb juicing and a phytochemical rich diet strengthen and modulate the immune system to increase the chances of ""spontaneous remission"" of cancer (YES!)?","Maybe a little bit, but the odds of spontaneous remission are still very low, and so therefore is the chance of surviving cancer using diet alone. What you should be doing is having the conventional treatment *and* the ultra-healthy diet (after first checking with your oncologist that it doesn’t clash with your medication), using the diet to supplement the conventional treatment and help you to cope with the side effects. That will maximise your chances of recovery and make the treatment regime less unpleasant.",
Claire Jordan,"Why are the British Royal Guard horses allowed to attack the public? There are endless videos of this on the internet, and the people are often just standing there when they are bitten or even bitten and thrown. Why is this allowed?",These are *military* horses. They might be called on to stamp on a terrorist.,
Claire Jordan,"Did JK Rowling confirm that Snape loved Lily more than James? If so, where did she state this?","No, I don’t believe she ever said that. Snape arguably made much greater sacrifices for Lily: but we don’t know that James *wouldn’t* have made those sacrifices (or at least tried to - I doubt if he can act well enough to be a master spy) had he been in a position to do so.",
Claire Jordan,"What are the ages of the four main characters (Harry, Ron, Hermione, and Ginny) at the end of each book in the Harry Potter series?","Assuming term ends a few days before the end of June, at the end of first year Harry is four and a half weeks short of twelve, Ginny is about six weeks short of eleven, Ron is just coming up to twelve and four months, and Hermione is twelve years, nine months and three weeks old. Just add one year for each year after that.",
Claire Jordan,"Please, don’t offend me, this is a serious topic for me. Is it normal to want to talk to my husband every hour even when he is working or do I have a problem?","It slightly depends on the circumstances. If he works from home and talking to him just means things like “Do you want a cup of tea, dear?”, just touching base, that may not be a problem, because having somebody else be in the home but not speaking to them at all can feel a bit awkward. But if he works away from home and you feel the need to phone him at work every hour, or he works at home and you need to constantly distract him with long conversations, that’s a problem. It will make it hard for him to concentrate and make him feel stressed and hounded and, as Franklin says, it suggests a very anxious attachment style on your part, which would benefit from therapy.",
Claire Jordan,"Why do many US films and TV shows set in London include scenes near Buckingham Palace, even though it is not located in central London?","If this is even true, it’ll be partly because many Americans seem fixated on the Royal Family, but mainly because the area around Buckingham Palace is very open and there isn’t much traffic.",
Claire Jordan,Has Snape ever awarded points to Harry?,"No, we’ve never seen him award points to *anybody*. But he praised Harry twice, during the Occlumency lessons, and aside from Draco during the first lesson, Harry is the only student we ever see him praise.",
Claire Jordan,What would happen if all dogs were bred together? Would they become purebred or revert back to their original ancestors?,"Purebred breeds are only maintained by isolating the group genetically in order to preserve specific mutations: usually recessive ones which would be buried if the animal were allowed to mate with another breed with different mutations. Depending on the exact crosses involved, if you allow different breeds of dog to crossbreed ad lib, you rapidly end up with something that looks like either a large jackal or a dingo.",
Claire Jordan,"Can you explain the difference between ""I'm sorry"" and ""I apologize""? Also, is it grammatically correct to say ""I am sorry""?","“I apologize” means you are expressing regret for something which was your fault. “I’m sorry” can mean that too, but it can also mean “I am sad to hear that a bad thing has happened to you, even if I had nothing to do with it happening”.",
