Name,Question,Answer,Image
Rabiya,How do I study consistently for hours?,"I am studying 12–14 hours daily since a month now. So, the thing is you have alot of work to do or maybe lot of studies to do but hey !! you are here on Quora. Why ? Because life is difficult and it's hard to concentrate, right ? Rabiya",https://qph.cf2.quoracdn.net/main-qimg-3ec9d1716aab469829876dac3c511098-lq
Rabiya,What's the best surprise you've ever received from your partner/lover?,"It was my birthday on August 4th—my first birthday with him. Birthdays are special to me, and while I don’t go all out with extravagant celebrations, I do like to make the day count. So, a day before my birthday, my mister casually mentioned, ""You know I don't celebrate birthdays, right? I don’t celebrate mine either, and I haven't got you anything. But we'll go for dinner, of course."" I tried to play it cool and responded, ""It’s fine, I don’t mind"" ( of course, I did—though not because of the gift). Then he added, ""I hope you don't believe in 12 AM wishes?"" I said, ""No, not at all."" (Totally rolling my eyes now) I made up my mind that he wouldn’t wish me at midnight, so when the clock struck 12…. He sent a beautiful text that left me overjoyed. Who does that after making it seem like he wouldn’t? (Deep down, I knew he would, ahem). The next day, we met up, and he brought along a cool, aesthetic, and delicious cake. Also, did I mention he was twinning with me 👀 After we cut the cake, he suddenly turned to me and said, ""Please close your eyes."" I was clueless, standing there with my eyes shut, while ""Love Story"" by Taylor Swift played in the background. Still, I didn’t suspect anything. Then I heard him say, ""Show me your hand,"" and the next thing I knew, he was sliding a ring onto my finger. How cool is that? I was speechless, completely caught off guard, and absolutely on cloud nine. I felt so special. So, as the question asks—what’s the best surprise from your partner? This was the best so far. And I know, My Mister, you’re reading this—I’m looking forward to many more amazing surprises for a lifetime, haha! Rabiya PS - No evil eyes please, Lol. Say Masha allah please.",https://qph.cf2.quoracdn.net/main-qimg-8569a8ef9bdcb909f3484d67cd320eef
Rabiya,What is your life update?,"I got engaged 💍 Hey Quora Fam, If you've been following my posts, you know they often come with a side of gloom. But today, I'm serving up something completely different – a heaping portion of happiness with a sprinkle of excitement! Drumroll, please... I got engaged on June 22nd! Yes, you read that right. Somehow, the universe aligned perfectly, and I found someone who can put up with my quirks, mood swings, and my endless questions about the meaning of life. He’s kind, supportive, and everything I could have wished for in a partner. I feel incredibly blessed to have him by my side. For those of you who’ve followed my somewhat melodramatic saga of love (or lack thereof, lol), you know that finding ‘the one’ hasn’t exactly been a smooth ride. There were times when I seriously questioned if true love was a fairy tale reserved for rom-coms and people with luck. But here I am, living proof that love does indeed exist, even for those who are hopelessly romantic. Meeting my fiancé has not only brought immense joy into my life but has also restored my faith in love and happiness. He’s shown me that love is patient, kind, and worth every bit of the wait. (Plus, he tolerates my late-night debates and still thinks I'm cute in the morning, which is no small feat, haha). For those who've been through the ringer in the romance department, I feel you. There were times I wondered if my Prince Charming got lost and refused to ask for directions. But now, looking back, I realize all those wrong turns led me straight to him. Our journey has been nothing short of magical. Picture a romantic comedy where the clumsy heroine finally finds her footing (and stops tripping over her own shoes). That's me. I've gone from questioning if true love even existed to feeling like I'm living in a fairy tale – (minus the talking animals, unfortunately.) To anyone out there who might be feeling down or ready to give up on love, hang in there. Life has a funny way of surprising us when we least expect it. Sometimes, the best plot twists happen when you're on the verge of closing the book. Thank you all for being part of my story. Your support and kindness have been the secret sauce in my recipe for happiness. I can't wait to share this new chapter with you, complete with all the laughter, love, and possibly a few more clumsy moments. Lol. PS - Everyone will say ‘Masha allah’ in the comments 🤭🫣 Rabiya",https://qph.cf2.quoracdn.net/main-qimg-2ed49e8b4aab57a61c3b5036956988df
Rabiya,What do you want to write randomly here?,"One day you are 10 years old, in your dad's lap with your right leg fractured and the other day you are 25 years old pushing the wheel chair of your dad with his right leg operated. A full circle moment. Crazy how - I get this intense urge to write here when my heart sanks in the deepest ocean and nothing feels good to me. My dad recently met with an accident and he had to go under the knife. It's a bad feeling to see your parents getting old and when they get ill - that feeling worsens. Seeing your dad struggle to walk, him needing help in daily activities when he never relied on anyone for a single thing is a bit of an overwhelming sight. Growing up is a thing. It's a chaos. You feel lost. Blah. Rabiya",https://qph.cf2.quoracdn.net/main-qimg-d5bb1ca60af386d04b983358f0dccfe3
Rabiya,What made you think today?,"It's 4 AM and I am eating some watermelon. It's Ramadan and I am having ‘Suhoor’. I am alone in my room. As I have the watermelon - so many things from the past start running throughmind. 4 AM is a good time to think about life, right ? I read it somewhere, “There are decades when nothing happens There are weeks when decades happen” There are some prayers that you've been making for years and it feels like nothing changes or the prayers don't work. But the reality is that may be in those years of time, God is preparing you for what you are asking. And when the appointed time comes, your prayers turn into reality all at once. When the right time comes God will make it happen for you with ease. This is how it works. No prayer is wasted or unnoticed by God. Rabiya",https://qph.cf2.quoracdn.net/main-qimg-9db9c63cd99d894f3f6730a9a190ea0d
Rabiya,What is the best thing that has happened to you recently?,"I helped my client recover Rs.10 Lakhs from his customers. My client, a business owner found himself in a position that most businesses come across - non payment of goods sold on credit basis. Despite clear payment terms and numerous reminders, customer failed to pay him. Concerned about the situation, my client approached me for legal assistance. I understood the problem and issued a legal notice to the default customer. A legal notice serves as a → formal communication, → asserting the client's legal rights and → demanding compliance with specific terms or actions. And guess what ? My client recieved money from his customer within a week from sending legal notice. Client's win is my win. Truly happy for him. Rabiya",https://qph.cf2.quoracdn.net/main-qimg-9196e078a4b1d47a167bd9eb859c1e4d
Rabiya,Are you happy?,"Growing up I always wanted to be independent, take charge, and be tomboyish bcoz being independent was so deeply connected with being a man. I played cricket, learned to drive, wore shirts, and did everything that a ""guy"" can do, all in a vague attempt just to prove to people that women and men are no different. In all this, I never realized - I started losing my feminity. I continue to discover how as a child I never entirely embraced my femininity. It was always about looking, being, acting tough - different. The parts of me that bring me confidence, are now integral parts of how I express myself and most importantly those feminine details that I ran away from are my way of life today. Now, I feel like the sand has settled on the beach, in a corner that waves can't reach. I can slow down and finally live. Not just survive. I can walk towards the sunset holding hands with my 10-year-old self and show her that there is nothing to be scared of anymore. We made it to the shore, bruised but safe. We can make sandcastles, collect seashells, and live in the little moments. . Rabiya Happy Women's Day 💗",https://qph.cf2.quoracdn.net/main-qimg-b5f4832c979e2eeece1399e21fffbed2
Rabiya,What did you do today?,"As I stepped into the hallowed halls of the courthouse that morning, I couldn't help but feel a mix of excitement and nerves. It was my first time here, and I wanted to make a good impression. Dressed in my crisp, professional uniform, I was determined to show respect for the solemnity of the place. Little did I know that the day had a hilarious surprise in store for me. The rhythm of the court was in full swing, and it seemed like everyone knew exactly what they were doing. Everyone, that is, except me. You see, every case in that courtroom had not just a case number but also a special serial number assigned for reference. And as fate would have it, that was the part I had overlooked in my preparations. Undeterred, I confidently stepped before the judge and began stating my case number with utmost clarity. The judge listened attentively, but to my surprise, she interrupted me and inquired, ""What is the serial number?"" My heart sank, and my mind went blank. It felt like an eternity as I stood there, flustered and unsure of what to say. It was as if all the courtroom etiquette I had practised had vanished into thin air. Luckily, the court clerk came to my rescue. With a knowing smile, he whispered the right serial number. Throughout the rest of the proceedings, my initial awkwardness began to fade, replaced by a newfound sense of confidence and humility. I learned that everyone, even in a serious setting like a courtroom, is prone to making mistakes, and that's alright. It's all part of the learning process. As the day progressed, I observed the intricacies of the legal system, marvelled at the eloquence of the attorneys, and empathised with the individuals entangled in various legal battles. From the tense moments to the occasional lighthearted exchanges between lawyers, it was a rollercoaster of emotions. So, as I reflect on that day, I can't help but smile at my courtroom adventure. It's a story I'll cherish for a lifetime and one that reminds me that even in serious situations, laughter and the ability to laugh at oneself can lighten the heaviest of hearts. Here's to more learning experiences and unexpected moments of humour on our life journeys! PS - In case we are meeting for the first time, I am a business and corporate lawyer. Connect with me if you think, I can help you with your legal issues. All the relevant links are in my bio. Rabiya",https://qph.cf2.quoracdn.net/main-qimg-17844c79f49f2f7f7a13273ef3fc4583
Rabiya,Why do people fall in love?,"My partner should care for me” - I have heard this sentence from plenty of young men and women. Speaking about myself, it's true for me too. I also want my husband to take care of me. If this is a desire of mine or a obligation of his - I don't know. Or maybe, fulfilling my desires is his obligation. Haha. (See, what I did here ;) This often makes me question lot of things - ‘Am I not capable enough to take care of myself ?’ ‘Am I not taking care of myself right now ?’ ‘Will he feel suffocated while taking care of me ?’ . I am fully capable of taking care of myself and I do take care of myself. But sometimes, I wish ( just wish) After I comeback from long day at work, I want him to be there and just be there, doing nothing. I want him to call me everyday at around 2PM and ask me what matters did I do at the court today ? ( that's the time - when I usually get free from court and head towards office) In the middle of the night, when I wake up from nothingness, I want to snuggle into him and get back to sleep peacefully. When I am having a bad day, I just want him to tell me that it's okay. I hope he sees my eyes - when they are asking for a small squeeze in hand or a warmth of a hug. I hope he sees, the tears behind my smile. I don't necessarily need it. I want it. Caring - I guess, when we look for these factor in partners it's not just care, I guess it's about peaking into emotional intimacy and bringing peace. It's about lighting up their life just by being around. It's about feeling being loved and being able to get that love. The idea of being in love is what makes people fall in love, maybe !! Rabiya",https://qph.cf2.quoracdn.net/main-qimg-f2edaa36fd3d06bd6a2566052d2b17bc
Rabiya,What are you most obsessed with?,"I want to go home. I will always want to go home. Even when i am at home i want to go home. But i'm not really thinking of a place, it's more that feeling of everything finally being over, of seeing the light in the windows of your house on a cold night, of being safe, or sitting on a shore listening to the waves and lying down on the beack looking at the sky - forgetting every detail of your life. the relief of leaving a party you're not enjoying, like when you felt sick at school and they sent you home, or when you got upset at a sleepover and they called your parents and you wanted your mom to come get you. I want to go home. Rabiya",https://qph.cf2.quoracdn.net/main-qimg-7e80cdcc8d8b14f4ad45f863ee7e11dc
Rabiya,What weird or unusual things do you like?,"I have never dated anyone. Relationship is far fetched.I never been on a single date yet. I am 23. I have been approached, quite a few times - you know how it happens at university ? I have always been disciplined and dedicated to my career and education. (Don't want to get into the debate of doing both the things simultaneously :') I want to do it but in an ethical manner, (now this can vary from a person to person and the faith that you believe in) But I do write letters to my future husband 🥹 We haven't met yet, so he doesn't even have a idea about what and how my life is ? And there are certain parts that I want him to know specifically bcoz they have changed me in some way or the other. There is this folder with a cute name in my notes app where all these letters reside 😌🫣 As cringe this may sound but it's true. And this is the most unusual way to inform Quora Fam that I have got a job 🤧 In the picture is the little insight from the letter - Rabiya",https://qph.cf2.quoracdn.net/main-qimg-f6cec22e375e14e4fdd9b816be62c07a
Rabiya,What inspires you to study hard?,"I paid my fees today by myself. It was a huge amount. No, no - I don't study in a private college. Bar council India, for AIBE exam takes whopping amount for it. I always knew that one day, I would be financially independent but I didn't know if it was this near. I thought that day is far fetched. But no, I am getting where, I am wanted to be. Life has been kind in some parts and I am grateful to that. Things are not that bad, right ? We all can go through shit and still work on getting better. I just want to tell you - that you don't need to figure it out all at once. Trust me when I say this, but I have been through lowest phase in life, where everything seemed like an end but today I am at a better place. One jigsaw piece at a time and picture turns out to be okay. One second, one minute, one hour and one day at a time. Rabiya",https://qph.cf2.quoracdn.net/main-qimg-608e1927b6a137bc252b5491b3310eeb
Rabiya,What are some habits of a mentally strong person?,"You may feel lost, With your fingers crossed. Trying to figure out with heart full of doubts. It's an empty road, a dark tunnel. Right path seems too distant. But don't you give up, Keep searching for light. It will appear on the right time. It's just the matter of time, until you find your why. Keep searching for it, you will get it. Rabiya",https://qph.cf2.quoracdn.net/main-qimg-1b13cade9668ff149db56d4cc4ab9473
Rabiya,What would be the most important thing you would tell your younger self?,"Whatever you're yearning for, It's nice, But You can be happy while waiting for it too. You don't have to wait for the big moments to feel good about things. Enjoy the process and trust the outcome ✨️ Rabiya",https://qph.cf2.quoracdn.net/main-qimg-56fc5f48e2d0887ec4e440df1db34b20
Rabiya,What are your weirdest or coolest 3AM thoughts?,"To the precious hearts who were forgotten in party invitations, Left behind as they fastened their shoes, Forced to walk in the grass when the sidewalk was full, Whispered or laughed at, Were shushed when they had something to say, Forced to stand alone when others formed a close knit group, Were overlooked when they wanted a shoulder to lean on, Were given stares when they yearned for acceptance ! You my friend are so worthy of love ❤️ Rabiya PS - Long time, no see. Let's catch up in the comments 👀",https://qph.cf2.quoracdn.net/main-qimg-0f2b4a37827cf4ba4515f721a82e6a12
Rabiya,What golden advice did you learn in your life?,"I missed my exam. Intentionally. I was supposed to sit for my exam from today onwards, ending on 18th of May. CA Intermediate, May 23 attempt. I was even done with 70% of syllabus one month before. I was studying for 8-10 hours daily. Simultaneously I was pursuing law. I topped at my university last semester. But there is also the other side to the story - I used to cry most of the times. I had this intense fear of failure. I wasn't sleeping well. I would wake up in the middle of the night and try to recall the concepts. If I was unable to recall the concept, I would rush to my study table in the middle of night and look inside the books. I knew I had to come out of this. But, What about my visions associated with CA, I cleared the entrance too. I am studying since 2 years for CA. What about the expectations that I have with myself. What if I quit. They will laugh at me. Stoppppppp. I sat with myself. For a month everyday. Measured pros and cons each time. Prayed to god to help me make right decision. Cried alot. Talked to people. And With the hope that I don't regret quitting CA anytime in future, closed that chapter of my life. . And today I am working on my Startup with my very dear friend. Bagged one international client. Grateful. Relaxed. At peace with myself. Don't succumb to the weight of your dreams that you have outgrown. It's okay. Move on. Gave away all my books today. Felt super emotional. Rabiya",https://qph.cf2.quoracdn.net/main-qimg-bf9182a913a3080f41a92cac5fd63c59
Rabiya,What is the most beautiful thing in life?,"Guyz your gurl is growing !! 2 Business offfers down. Done with my graduation in law and getting admitted for masters in business laws. Life really is like woooshhh. Surprise! Surprise! I withdrawn my first salary two months back. It felt unreal. I manifested it for so long. I was desperate to become financially independent. And I did it. Yes, I finally did it. This place has always been special to my heart and my work has emerged from the writing that I do. It's an incredible feeling to see things finally falling in place after you saw them falling apart for so long. P.S - Guyz, no nazar lagaoing please ;) Rabiya",https://qph.cf2.quoracdn.net/main-qimg-e91ac2f55c486f3d02804be03ccda06f
Rabiya,What motivates you to study and why?,"I wasn't studying since four days because I had to complete my court internship diary and submit it in the university. I was busy doing that. I was lying on my bed, awake. I got up suddenly and rushed to my study table. Today, I was just procrastinating without any reason. I was finding reasons to not study. I told myself that I am really tired and I should take a break. I am not doing well, emotionally as well. The tornado that has emerged inside me, I don't know how to settle it down. All I can do is cry and weep for a while and get back to work. I knew I just want to beat this initial resistance and then I would be fine. I knew that once I reach my study table, I would not get up before completing atleast one chapter. And without getting a second thought, I threw my quilt away, sat on the chair, turned the laptop on, opened the book and started studying. Just after 10 minutes, my mom came and she kept her palm on my hand and gently started stroking my hairs. She started reciting some verse from Quran and probably was praying that I pass my exams. I don't know, what hit me but tears rolled down my cheeks. I wanted to hug my mom and cry. But I didn't. Maybe I never would. I just can't. Sometimes we get lost. Lost in the future. Lost in the past. Lost in the people who left. Lost in the people who are to come. I study late till night many atimes. Whenever I don't know what to do in life. When the fear of failure hits me hard that I end up crying my soul out, when the uncertain future to come, scares me to hell, I just go and stand outside my parents room. I just see them. I sit near the door and hear them snoring (haha). It makes me cry. It makes me feel something. It breaks me but also at the same time rebuilds me. I just look at them and get back to studying. Because that's the only way, I can do something from them. I can try to pay back to them. My parents and their dream to see me succeed is enough to beat that initial resistance and start getting some shit done. If not for myself, I do it for them. And that's enough to get me going and I hope it gets you going too. All the best ! Rabiya",https://qph.cf2.quoracdn.net/main-qimg-4870000ee55ec37b7cbf546958bdeb05
Rabiya,What are you going through in life right now?,"We all learnt about punctuation marks in school. A comma or semicolon causes you to take a little break from reading. A full stop is where you allow yourself to breath before you move ahead. An exclamation mark is used to put an extra emphasis. But there is this another, lesser known punctuation mark. You know which one is it ? Let me give you hints - It doesn't merely cause you to take a breath. It doesn't lead you to the next paragraph. Rather, It forces you to put the book down, altogether. Shut completely. The harshest of all punctuation marks. Grief. There is no moving to the following sentence. It basically reads ‘Stop’ in the middle of everything. And you do. And suddenly there is nothing. The part where you analyze the grief and live in its void. That part is difficult. So, so difficult. But.. After you have soaked all the grief in, There comes a time where courage flushes your cheeks and you pick up the book again. There's something. Something new. It's full of promising words and curiosity that makes you giggle. It tells the tales of adventure and discovery. Several pages are still blank. And you know the good news ? You can write, whatever you wish for. Joy, reinstalled. Hope takes flight. And I must say, this joy is sweeter than before. It buzzes inside your chest and makes you laugh all the time. You feel like crying out of gratitude. Because you lived in the state of numbness for too long. You fought battles every day with yourself. You crafted this prayer. Indeed with hardship comes ease. After the rain, sun comes out. Every single time, without fail. Rabiya",https://qph.cf2.quoracdn.net/main-qimg-819ab06a9e10a841cc2c1b4943f4946c
Rabiya,How often should we follow our hearts?,"I wanted to take sick leave today. I have got severe eye infection and staring at the screen for long hours, makes it worse. But my client has a product launch in two days. I am a content and a copy writer for him and I have a major role to play in it. I can't let my client suffer bcoz of my poor health. I know health comes first but sometimes you gotta put your work above all. When a person believes in your work, you can't just ditch them at the last moment. I hope, I am not sounding toxic. I was just about to send the client a text asking for a leave but then my inner voice didn't let me press the send button. So far, so good. Rabiya",https://qph.cf2.quoracdn.net/main-qimg-64aeca46333b3377468012bdd47a3621
Rabiya,What do you want right now?,"There are days when we wish to be left alone, but also wish that someone just make us our existence felt. There are days when we feel like not having anything to eat, but also wish that someone offers us a bite even if we hesitate. There are cold days when we don't feel like wearing a sweater, but also wish that someone forces us to wear one. There are moments when we fear being judged but we wish to share our deepest fears and vulnerabilities with someone. There are situations where we want to express our opinions and assert ourselves, but also wish that someone else takes charge and makes the decisions for us. There are days when we want to be independent and handle everything on our own, but also wish that someone offers to help us without us having to ask for it. There are instances when we want to be appreciated and recognized for our achievements, but also feel overwhelmed by the attention and prefer to stay humble. We may have days where we feel like going invisible, but all we ever want in life - is to be seen. Rabiya",https://qph.cf2.quoracdn.net/main-qimg-d3f5f350970a5745003508965d2c7be5
Rabiya,What is the most wonderful in this world?,"Your dad putting you on his shoulder and making you see the things, Your grandpa holding your finger while crossing the road, Your mom gripping your hand, making you write your first letter, Your grandma tapping your forehead while you struggle to sleep, You pointing fingers at your siblings while having stupid fight them, You putting your hand on your little sister's shoulder while coming back from school, You drawing something with pinky finger on your friends back, You holding the hands of someone you love, You holding the new born in your hands for the first time, Your fingers swiping through the phone while calling your friends, You pulling someone close when they are stepping away … Universe maybe bigger than mankind, and somehow it still manages to fit in your hand ! P.S - You using your thumb to like this post 👀 Rabiya",https://qph.cf2.quoracdn.net/main-qimg-bd7d77b9273e6e58a38194a5fe04741b
Rabiya,How's your life going on at the moment?,"‘FAIL’ and ‘FAIL’ I hate these words. I have always been great when it comes to academics. Not to brag but I have been one of the toppers throughout my academic life. I prepared for CA Intermediate exams for about 8 months. Along with that I am pursuing Law as a full time course. Managing two professional courses simultaneously is a task. I gave my blood and sweat in these eight months. I didn't see day or night. Just it was me who went on and on. Of course there were days where I wasted my time, didn't study, got a studying block but you know I got up everytime and kept going. Results were announced on 10th Jan in morning around 9AM. We were traveling to Mumbai. I was checking the website since 7 in the morning. My hands were shaking while I was entering the roll number. My mom was just besides me and when I saw that I failed, I couldn't resist but I just started crying. Dad was driving and he started explaining things to me, you know like how every dad does. This and that. But, what I understood is - Failure is never an option but rather it's a compulsion that is stamped upon you !! I kept crying the entire journey. I cried for two more days. You don't feel bad when you don't work hard and fail but it breaks your heart when you put everything into something and it doesn't work. It took me a week to analyze and introspect mistakes and lags from my side and how can I improve them. I started studying again from yesterday and hopefully, instead of working harder, this time I will work more smarter and nail that shit for sure. P.S - I have always my things here. Honestly, I am feeling pretty embarrassed sharing my failure here but I guess it's okay to fail as long as you learn something from it and strive to do better. P.S.S - I am sorry to disappoint people here to look upto me !! Failure is not a set back, rather it's an opportunity to comeback ! Rabiya",https://qph.cf2.quoracdn.net/main-qimg-8c62da946c8b29591f07cba859899671-lq
Rabiya,What are your 1 A.M. thoughts?,"You all ever lay at night thinking - Wow, I have been through alot in my life and I am barely an adult now. Like the emotional roller coaster you have been through, the devastating moments you faced alone, the times when you faced your darkest fears, the times where you even didn't know what was wrong with you. Despite of all you are here, laying down on a soft bed, upon you is a cozy comforter and you just thinking about the moments where you wanted to give up but you got up everyday and fought. It feels like - man, I didn't know if I could surpass all those storms. I didn't know if I was strong enough to take the curve balls life threw at me but I did it anyway. Things may not have turned the way you wanted to be but they are not bad either. You just start believing that whatever happens, it happens for the good. Think for a moment how far you've come. Once upon a time you were younger and your language was different, you spoke to the world differently. Now you are older, much equipped with dealing shit in life, much mature than you were before. Your goals are different now. You speak differently now. And most important you are different now much wiser than before. Rabiya",https://qph.cf2.quoracdn.net/main-qimg-c952c99b1ad86a0fdc12273fe9a16ce5-lq
Rabiya,What is something that haunts you every day?,The fear of not being enough. Studying but not enough to crack the exam. Caring with the whole heart but not enough to be reciprocated. Giving without making any boundaries but not being enough to be on receiving end. Cute but not being enough to make someone fall for it ;) P.S - Happy Diwali Guyz ✨ Rabiya,
Rabiya,How do I deal with someone being prettier than me?,"Let's be honest, Whenever I see a beautiful girl, I wonder how it must feel to be that beautiful and if I will ever feel like that ? How it would be to wake up to a beautiful face and then not getting petrified after looking at the mirror? Whenever I see someone with extremely great personality, the vibe they carry and they become a centre of attraction as soon as they enter the room, what it takes to be that ? I imagine how nice and exciting it must be, to be like them. Whenever I see people of my age or even younger who have accomplished lot of things in life - I feel I am failing. I see people who have been to various places, have experienced lot of things, it makes me feel out of place. All of these things makes me feel worst about myself. I just feel like - why am I so dumb ? Why am I not capable of doing things the way others do ? Why am I not beautiful as other people ? I just start questioning my existence. All of this exist for a while but then you gotta come back to reality, come back to where you belong. May be I don't have many pretty facial features but I have a big heart and it's full of love even though it's broken - not once many atimes. For any part where I feel I have not been blessed with what others have, I just remind myself what I have that others don't and things start setting down. If you focus on what everybody else has you will miss out on what you specially have and that my friend is precious. Rabiya",https://qph.cf2.quoracdn.net/main-qimg-6a99cde8f793e5dbc5b3e1d02ad1cb61-lq
Rabiya,What is the small thing that made you smile today?,"I have been weeping like anything since 2 days now. Extreme mood swings associated with PMS suck the life out of me and all I did was lay in bed like a dead body and cried continuously for two days. Still managed to complete two assignments (I think, I should stop doubting my abilities) during this emotional roller coaster. Today, I felt better. Did my things - study and all. I stood in my balcony after ages. Like all of these chaos that we live in - always carrying the busy tag, we miss out on so many little things. Honestly though, appreciating little things in life, enjoying the company of the people who actually care, sitting near the window, holding a cup of coffee, listening to your favorite track, feeling gratitude for everything and everyone you have, stroke of air hitting your face - this all quite mundane things we all fail to register in our lives. That's me - just trying to cheer myself with some Chocolate and Jim Jam biscuit. There are so many moments, I wish I could relive again. Especially the smaller ones. The quieter ones that we don't often think about. Those are the moments I look back and miss the most. ~Dustin Thao, You've Reached Sam. Rabiya",https://qph.cf2.quoracdn.net/main-qimg-7455c9ef0843b7b9310909ec189ff54b-lq
Rabiya,What is the most important thing in life?,"It's around 10:30 AM in the morning. I am sitting inside the university campus. I have to appear for the test at 12 noon. This tests are kinda normal for final year law students - we have 2–3 per week. I am wearing my uniform. White shirt, black wider leg pants and a brick red sweat shirt upon it coz I caught cold last night. I don't know why am I mentioning so much of details ? It was raining like crazy few minutes back. Everything is calm now. It's peaceful right here. But that's not what I want to write about today. I haven't slept well last night. May be not last night, I haven't slept well since few weeks. My mind stays active while my body is sleeping, I still don't know how that works but we will manage. Last night - Income Tax provisions were running inside my head. I was changing sides on the bed unable to sleep. Sometimes, I feel like running from everything. Going away from all of this expectations, all of this competition. But then it is what it is, right ? This is how it is and this is how it will remain. This feeling comes and go and I know everyone of us feels this. A guy commented few days back saying that my every post is about how much I study. I should stop remunerating about it and just study. But I don't think - if I study enough. Not enough to sleep peacefully at night. Not enough to not cry in the middle of the day. Not enough to not get scared. Not enough to have assurance about the success. It's not that I have been studying like crazy. I am not even able to complete my daily targets. I am infact running 2 weeks behind my planned schedule. While things are not in my favor today, I know for a matter of fact that they will be in future. I will have to do that for myself. I just panic and then figure it out on my own. May be this post is just about it. I know I will make it. It's just matter of 70–80 days now. I am ready to put whatever it takes. I am writing this, so that I can come to this post few years later. Things would have been changed by then, Perhaps. Challenges would be bigger than today but what will remain constant is - my self doubt, my panic and after all the panic, getting things done. This is reminder for my future self - You haven't come this far, just to come this far. You made it till here, so believe that you will make it ahead too. Rabiya",
Rabiya,What’s your purpose of helping others?,"“It's your final exam. The sole basis of your graduation and one of your classmate forgot to bring essentials for exam. If you help him, he will be a tough competition to you and thereby, you will risk your position. With that being said, how many of you will help your classmate?” - Asked our HR professor. Without thinking for a second, I raised my hand. There were more than 100 students in the class and the number of hands raised were 10–15 only. Other stated that- a competition is eliminated without even competing. So, eventually it's a better choice. Being a person who scores decent marks in exams, I recieve many such messages when there is a assignment, presentations or exam spree going on. And sometimes it takes an extra mile to help others. I choose to go that extra mile. For what ? I really don't know. Whenever any person approaches me for some work, I never weigh my pros for it. It may form very small part of my life but to many people it might be there good night’s sleep, for someone it might be a hassle free assignment, for some it might be a smooth presentation. Being in university for over four year, one thing I know is that - People really vouch for me. They know that - when they will knock on my door they won't be returned empty handed. And when I see this things happening - from a distance, it gives me a satisfactory feeling. It makes me happy. I sleep with a light heart. Some things remain undefined yet they entice the most peaceful part of your soul. Rabiya",https://qph.cf2.quoracdn.net/main-qimg-01730d963f782ca80ad0ef64a6adbf73-lq
Rabiya,Can you feel someone's love for you?,"I stay busy most of the days. Managing two professional courses simultaneously is a task and well it takes a lot to keep up with both of them. My days just goes around studying stuff. My university exams ended last week and I will be entering 5th and the last year of my graduation (Bcom LLB Hons.). Ahh, time flies and thanks to Covid, I lost 2 years of my college life to it. After exams got over and I didn't take a break, not even for a day and started making up with classes of CA Intermediate and I have been busy since then. Anyway, my sister has come over with her kids for spending some time with us as it's summer vacation. Earlier I used to play with them, took them to parks, went out with them and this time they are upset with me because I am caught with my studies. Today they were planning to go out. My sister asked me to come along and obviously I denied. She was convincing me and in the meanwhile, my niece pounced upon me and said - ‘Rabiya Maasi (aunt), aapke saath mujhe bahot accha lagta hai. Please aaona. Please.’ ( I like being with you, please come na,please) On the other hand, my nephew holded my chin and said - ‘Rabiya Maasi, you are my favorite’ Ahhh There, I melted!!! Love can be felt in number of ways. Sometimes it's spoken and most of the times it's silent. We often associate the love with expression. While expressing love is good, we often fail to show it by words but that love is reflected in our actions. Often love is very quiet,very still. Sometimes it's boring, sometimes it's irritating and becomes overwhelming at times. But it's always deep and calm. We just tend to not notice it. Look around, love is present everywhere in tiny bits and you ignore it all the time. P.S- Hey,future husband I can baby sit kids as well..XD Rabiya",https://qph.cf2.quoracdn.net/main-qimg-e0919bc77d72b684e436f3a19cb947b9-lq
Rabiya,What hurts you the most?,"I have been staying up all night these days so that I don't end up creating the huge backlog as it's Ramadan and I fast during the day. I somehow manage to study for 1–2 hours during the day but that isn't enough. Today was kind of gloomy for me. I overslept and I was upset. I was feeling overwhelmed. I everyday attend 9–10 hours of online classes for my CA Inter. Let alone the self study time. So, generally my study time is around 12–13 hours but still I am not confident about it. Plus I have to study for my university exams which is due in the next week. Yesterday, I went to college as well and I saw my classmates who were nicely enjoying college life. They would just study before exams and get away with it. People were having fun, bunking lectures to watch movies and attending parties and all those gimmick. After seeing all these - I was feeling miserable for myself. I was thinking - Why I have to study for whole year while my classmates just study during the exams ? I literally have no time even on Sundays for anything and even I do something for my pleasure, I feel guilty. All of these thoughts got into my head and I was pretty envious of my other batch mates. I got home and just slept so that I can just get away with my thoughts but it didn't help. After I was done with my iftaari and namaz, all this comparison was still in my mind. I generally get on my study desk by 11PM but I don't know why and from whom I was taking the revenge - I decided to waste my time. This continued till 1AM and then I went to my study table because I knew that I can't afford to create the backlog cause if I miss one day, I will miss 10 hours of classes and it will take me one week to clear just one day of backlog because it will add up to my everyday classes. I almost cried as soon as I turned my Laptop. I decided to write things in my diary because I was about to breakdown. I picked up my pen but I wasn't able to write anything. I just looked at the blank page for 5-10 mins. I closed my diary, took deep breathes and with eyes full of tears, I looked up at the sky, closed my eyes and prayed to God. After a while everything settled down. I was calm and I realized that this is what I chose for myself. I can't compare myself with others because I have big dreams and I want to accomplish big things in life. The fact that I am not where I want to be, should be enough for me to push myself everyday. My hardwork will never disappoint me. I know for a matter of fact, this thing everyday will not provide me enough motivation, somedays I will be low but when I know why I am doing all this, things will become more doable and a bit easier. Comparison is the thief of joy. But you know what hurts the most ?? - My back 😭 Rabiya",https://qph.cf2.quoracdn.net/main-qimg-e5dbcbd0bba2b796df6538c8c8a80530-lq
Rabiya,What should I do for being different?,"I have been a person who always wanted approval, attention and appreciation. I made every effort to get it. No matter what I did, I fairly got any of these. I wanted to be a popular among my seniors and teachers at school. I studied well, managed to get a rank, performed on the stage but still it didn't do any wonders to me. No matter what, I wanted attention. I did crazy things. None of which helped me get it. On the other hand, there were friends of mine, who fairly did anything and still got all that attention. I used to dispise them. Now, when I look back, I realize that I spent so many years of my life seeking validation, wanting attention from the other people. For what ? Just so that people would recognize me or would talk about me but does that really matter ? Today, at my college - all my professors know me, all my classmates know me, few of my seniors know me and I am unknown among my juniors. All of these, does it matter today ? Not really. My professors know me today because I have proved that I am worthy to be known. My classmates cherish for me because I have helped them. My seniors know me because I have worked with them. My juniors don't know me because I never went to freshers party. Today I am not desperate to gain attention of the people. Today I get attention because of the way I am. The way I work, the way I represent myself. I don't do the talking, my actions speaks for myself. Attention is just the by product that comes with it. Let people like you the way you are - as flawed as you might me, as unattractive as you are or as unaccomplished as you are. If you want to be different, be different because you want it and not because you want others to see your difference. If you want to be different, be different in your own skin. Make your strengths so strong that it makes you outshine among the rest. Rabiya",https://qph.cf2.quoracdn.net/main-qimg-0cc7f3d86f6237a1d04053b3a8adf74a-lq
Rabiya,"Be honest, why do you write on Quora?","I was born with a average look, average personality, average know-abouts of the world. I never had that extraordinary skill which made me a popular high school student. Never had that pretty face which got me laid nor did I had great communication skills to outshine others. I remained averagely popular student whose identity was confined to her classmates, teachers who saw some sort of potential and few little kids of the school with whom I have small yet very intriguing memories. I always knew I was more than someone who managed to get into top 10 of students. I always wanted people to know that I am something more than a typical geek or nerd personality. Guess what, I failed badly in prove this. What can you even expect from a fat and ugly looking girl who had zero self-esteem of her own. Everytime I think about my past self, each time I brush up childhood memories it delivers a kick to some part of my mind and kind of brings a very brief moment of regret or grief whatever you call it. On the other hand, I believe if I try to erase my past self,I will destroy my present self because the past has mould me into something worthfull,atleast that is what I would like to believe. It's been a year I started writing here on Quora, never in my dreams I would have contemplated this. Few things have changed - I lost some weight, I look less ugly than before, my round chubby face looks oblong now (maybe), I am more confident except for the fact that I still haven't got laid,haha and I don't even want to get laid. Quora has given me a sort of assurance that in the loud noises of this world, my tiny voice still can be heard. I am a close knit person in reality and I can't digest the fact someone getting close to me, it just scares me to hell but I don't know how effortlessly I sometimes share tiny details of my life here on the internet where it is accessible to all. I never had that attention part going around me but here when I recieve messages from people, it makes go crazy that people remember things I wrote months back. The way they interpret my bio, the way some people always fascinate about whether some incident is real or just fiction ? Some guyz want to get married to me ( I will cry on my wedding because someone actually agreed to marry me), few school going kids seek inspiration from me, some are sailing in the same boat as mine and seeing all these love and praise coming towards it gives me an unknown sort of comfort. It gives me a feeling that I can be loveable, I can change people's perception by my words, I can write relatable things. No matter for how long I write here or before I get lost some other way around, I know that a part of me will always remain here and it in itself is a solace. To all the readers - Thank you for reading all my blabbering. I am always and always grateful to you guyz.",
Rabiya,What is the biggest lie you tell yourself every day?,"Lies I tell myself everyday - One more Cookie , One more Nap, One more Song, One more Break, One more Episode, But you know what, they still can't be called lies 🤪 Rabiya",https://qph.cf2.quoracdn.net/main-qimg-85a8d684c5d8b580de12f6a8b8229fbd-lq
Rabiya,What do you like to do when you are feeling low?,"I plan. I set higher targets for myself. We tend to feel low when things don't go our way. Failures and disappointments are part of life and there should be a way to deal with it. One need break and recreation time to remain but I know when I deserve that break and when I don't. I can't chill watching a movie when I know I haven't completed my targets for the week. See, I can watch a movie, go for an outing, do an episode of emotional eating. There are innumerable ways, but I believe this will distract me for a while but at the of the day, I will have to face the reality and deal with it. There can be any sort of reason for me feeling low. Personal, emotional, academical or whatever. These failures and disappointment ignites something inside and I become more goal oriented. I find my motivation in my failures. I find motivation in rejections. I find motivation in humiliation. I find motivation in disappointments. I find motivation in awkwardness. I find motivation in silence. Negatives get inside me and push me to work harder than before. Constant self doubt and fear of failure keeps me going. Your past situation should never be a deciding factor for your tomorrow. Constantly work on changing your present, so that your tomorrow can be better. If you get comfortable in your present circumstances you will never be able to grow. There is always something inside me that wants change in my current situation and because I want that change, I consciously work for it. Rabiya",https://qph.cf2.quoracdn.net/main-qimg-97d2a62dafd826f03809c6fdd21cf298-lq
Rabiya,What are some things most people take for granted?,"Guess, who is studying on Sunday ?? I always mention to my friends, when they ask me about my weekends? “Jab zindagi jhandwa, toh phir kya sundwa, kya mondwa” - typical reply, you know. I have this habit, I start daydreaming while studying. May be everyone of us do that. Like how my life would be, how I would be living my dream life, to what extent my life will change and blah blah blah. While I was thinking about it, I realized that - few months back, there were days when I badly wanted to clear CA Foundation exams and wanted to get in CA Inter. I got this sudden realization that I am right in the middle of something where I wanted to be. How many of us realize this ? Generally, we don't get this often. Many atimes we are on the roads where we always wanted to walk on and when we finally get to walk those roads, we get so much lost navigating new road that we don't even realize that walking on that exact road is what we always wanted. Back in 2018, when I left medical field, I applied in a law school in my city. Being a science student, I would be granted merit after commerce student even if I have higher score than them. Now three and a half years later, I only have 3 semesters left to graduate from law school. I have spent freaking three years here and the journey will end soon. While I am writing this, one more realization hit me, a lot of students who appeared with me in CA Foundation exams, couldn't make it to CA Inter. At some point of time, they would have also dreamed about getting into Inter. Studying new subjects, attending lectures and working hard double the amount but sadly they couldn't make it. Getting to work hard. Taking that pressure. Squeezing your brain hard to get the concepts and Studying until your back hurts - this are few things that people do crave for. People who couldn't make it through crave for this. While I study, I always make sure that I do it because I wanted to do it and when I am getting to do it, I should not complain and whine about it. We never enjoy where we are. We always want to get better and that's great but what about today ? Yesterday, all you wanted was today and now when you have today, just look at you, you are so lost in tomorrow. Rabiya",https://qph.cf2.quoracdn.net/main-qimg-835ad6be62502a044936d388cb728000-lq
Rabiya,How did you avoid your distractions while studying?,"You get distracted because you can afford getting distracted. You get distracted because you have the time to get distracted. You get distracted because you don't value your time and efforts. Isn't it true that whenever you get distracted or start wasting your time, you subconsciously know that you are supposed to do something productive, something useful. How many of us listen to our subconscious ? We keep getting distracted and one day we realize that it's too late for not being distracted. The precious time you had in which you could have done something for your future self is gone far long. The biggest distraction we all currently have right now is Mobile phone. Everyone knows this and agrees to this. But tell me how many of us actually try to get away from this distraction. We keep phone just besides our books while studying. We keep checking notifications. We knowingly waste time in the name of study. Have you ever tried keeping your phone away from your study space ? Have you ever tried giving up that urge to not check the notifications every hour ? The truth is very few of us are able to do this and majority of us get tangled in this distractions and then regret it later. I will tell you my thing. I am not a saint either. One weekends my phone screen time is more than 7hours but on weekdays when I know I can't afford getting distracted my screen time is around 45–50mins. Yes, that's how I do it. I keep my phone away. In the cupboard far from my study space. I have figured out my biggest distraction and I stay away from it. Simple. I always say - Just know your WHY. Why you want to not get distracted ? Why you want to be productive and get things done ? You already have your answers. Keep that in mind. Keep your WHY's in your mind and you will overcome every - ‘How to’. If you don't separate your goals from your distractions then one day your distractions will separate you from your goal. Rabiya",https://qph.cf2.quoracdn.net/main-qimg-bf7ad18b5fcd2412bab676d063a0b585-lq
Rabiya,Can you share your 40 days study plan for your entrance exams?,"I have received many requests to share my routine as to how I managed to study 13– 14hours and cracked the entrance exam. My routine some what looked like this - This was daily schedule. I have never been night owl earlier but one day I pulled an all nighter and messed up my daily routine, so I had to stick on the night study plan. I found it very peaceful to study at night because there were no disturbances around. Studying for such long hours that too continuously for many days can make you feel burned out but for me the incomplete syllabus always gave me that kick to study no matter what. I believe in the presence of god very heartfully and I usually planned my day around prayers , so that I don't miss any of them. Prayer is like a meditation and god is like a friend to me. Sometimes I used to cry sitting on the prayer mat because I used to feel very frustrated and helpless. Crying has always been therapeutic for me and it somehow gave me strength to push myself further. Having conversation with god made me feel calm and composed. It gave me a feeling that things are doable. Make sure you have a venting out system because you may need it. Be it God himself, a friend, a diary or whatever. Take all the stress out from your mind. There were times when I felt like giving up. There were time where things seemed very impossible to me but then they say - what doesn't kill you, makes you strong. I also got food poisoning and it wasted my three precious days and it disrupted my study plan but I picked myself up and kept going. Incorporate a fun element for yourself if possible. I daily used to watch one episode of my favorite show doubling the playback speed. I somehow managed to fit that in my schedule at the end of my big study session. You can personally tweak the schedule ofcourse according to your needs and routine. One advice - If you have plenty of time, take proper sleep and don't leave things for last minute. Don't procrastinate. Use your time wisely and take care of your physical and mental health. Just know your “WHY"" and finding your “HOW” will not be too difficult. Wishing you all the good luck. Rabiya",https://qph.cf2.quoracdn.net/main-qimg-8f7a12e25076ce138cbee878275cf650-lq
Rabiya,What is something you are proud of about yourself?,"Three months back around end of October - I was skeptical or rather to be more precise I was very scared to appear for an entrance examination because I wasn't prepared at all - just may be 10%. I thought of skipping the attempt because I was only left with 40days to prepare for the entire huge chunk of syllabus. I had to watch around 400 lectures plus self study thing, mock tests, revision tests, past year questions, it was hell lot of work. It seemed impossible to me. A tiny part inside me whispered - Don't give up. At least you can try. After 2days of putting my mind into planning, I came out with a schedule which seemed impractical to follow, atleast for me. Dividing 400 lectures with 40 days, it came to 10 lectures per day - 2hours each. I stuck the plan infront of bed. Starting and implementing the plan was hardest for me. I have never studied for such long hours. But guess what ? -I did it. Previously also I have mentioned in my answers about the entrance exam. So, I have cleared CA Foundation Exam - which basically is a type of entrance exam for CA Course. , I have never been this happiest as I am today. Nothing is more pleasurable than doing things that people said that you won't be able to do it. Nothing can beat that feeling when you accomplish your goals by working hard. Studied for whole of nights and much of days - literally for 14–15 hours everyday. It was difficult but I, Rabiya did it and I am damn proud of myself. Real test and hard work will begin now in further levels of CA course. Cheers to more back pain and sleepless nights. P.S - Finally I can update my credentials. Rabiya",https://qph.cf2.quoracdn.net/main-qimg-c9b1f128bf1954d824b676c2f6262dc2-lq
Rabiya,Why do we fall out of love?,"You like a guy. You text him. He texts back. You write blogs. He make videos. Due to the high digital presence you get to know one another through each other's respective works. He asks for your phone number. You give. He sends you every picture of yours that you posted on your blog. He gave you a cute name. It makes you feel aww and special. You kind of start flirting with one another. It seems like it is mutual from both the side but it's still getting to know each other stage. He has exams. You wish him everyday. You have presentations. He wishes you everyday. Days pass. You talk. Feels like you found him. He is the one. The one you have been waiting for. He proposes you.You marry him. Go to honeymoon. Have kids. Ofcourse in your imagination. In real, you are not a couple yet but you know somewhere something something is there. Again days pass. You take it forward. One day he doesn't text you for the whole day. You wait and wait. You finally text him at night. It was last. You both never talked to one another after that. You feel like it was your mistake. You want to unsend every text you sent him that night. You want to unread every message he sent you back. You just want to erase that part from your memory. You turn sides on the bed. Your heart impounds in your chest. It keeps thudding. You want to sleep but your thoughts wander and doesn't let you close your eyes. Maybe it was your mistake. Getting attached very easily to the people is one of your traits and you can't let people go easily. You don't beg. You just stay there floating because one day you know it won't hurt that much. Few days later resuming the old patterns of life doesn't exhaust you anymore. It doesn't take enormous efforts to get out of your bed. To cook meals, to pray, to do chores. You do everything but you know that void still remains. Then comes a day where you no longer bewail for your loss. Not relentlessly. You don't remember much of the texts you sent one another. You don't remember how he called you a cutie. There comes a day when the details of his face starts to slip from your memory. Hearing his name don't make you smile that big anymore. You still smile though but it doesn't cut you adrift. Your passion for him begins to cool down. It was gradual. Somehow he doesn't cross your mind that often. The fever was passing, slowly. It was not something, a kind of sickness. It was a real thing. May be everyone passes through that crazy period. As long as it lasts you couldn't think straight. The void in your heart is still there but it doesn't crave to be filled anymore. Why do we fall out of love ? Love is a very strong emotion. Let alone love, if it was something genuine even a bit, let's just admit that it stays with you. It stays there, right in the soft corner of your heart. You still have something. Maybe you don't but you still care. You smile when you see him happy. He crosses your mind everytime you raise your hands to pray. You feel good seeing him grow. I guess you never fall out of love, you just learn to stay away from it. You just learn to care, without showing. You just learn to pray, without him knowing. I don't know how it ends. But I have a feeling that some hearts are just meant to house voids.Not love. P.S - This is fictional Rabiya",https://qph.cf2.quoracdn.net/main-qimg-dfbdb11c1ff15a631b235f0d26bb1adc-lq
Rabiya,What is love?,"Yesterday I took my mom to hospital. She is been not keeping well these days. Not the covid thing. The hospital is a bit from my place and finding an auto or uber while coming back is a task. So, we went with our own vehicle. Doctor checked her and prescribed some tests. The laboratory was some 1KM away from the hospital. We went there too. I parked my scooty in the basement of the building and got done with the tests. I brought the scooty from the basement and felt that something is wrong with it. Maybe it's nothing. May be due to inclination of basement parking, I might be feeling it. I told my mom to sit and as I started driving, scooty tilted left and right. There, it was a puncture. I parked my scooty on the service road and dropped my mom to the hospital in the auto. I told her to wait there because getting a puncture repaired in an unknown place is a task. I will have to figure out the shop nearby and stuff. I came back on the same street where I parked my scooty and searched for a puncture repair shop. I took me ten minutes to get it there. It was a shabby looking little shop. Tiny. I asked the guy to check. He checked it and told me that the tube of the tire is holed and it needs to be replaced. He didn't had one. So he went to purchase. Now it was already around 30minutes since I left my mom at the hospital. The sky was getting darker and so was my mom getting tensed about me. Finally after 70–80 minutes that guy handed me my scooty and I drove back to the hospital. As expected there was my mom, sorrounded by 2–3 nurses, standing outside, crying and sobbing. As soon as she saw me, she came running to me. First I started laughing telling my mom that what's there to cry in it. Honestly, I also became a bit emotional and my eyes got filled with tears. Nurses started telling me - ‘Where were you ? Your mom is crying since an hour.’ I thanked the nurses and left. While driving I asked my mom - Why she started crying in the first place ? She started telling me - I saw in crime patrol one day. Just like you, one girl goes to repair the puncture and then she gets gang raped. You know how much I was worried. I prayed to God that - If you wish please take me but give me back my Rabiya. It left me speechless. What can I even say beyond that. As soon as we got back home, I hugged my mom tight and assured her that I am strong and I would never let anyone do that to me. Though she was barely convinced. What is love ? I don't know, actually. If this is not what love is, I don't know what it is. How intense is the war of feelings that do not fit the boundaries of words. Rabiya",https://qph.cf2.quoracdn.net/main-qimg-28808aca065b0cc23b8fdf1bad9773c4-lq
Rabiya,Do you ever feel your college life is way more toxic than you can bear? How do you cope up in such a situation?,"‘You toppers are bunch of morons. You all mug things up like parrot and vomit on answer sheet. That's what you do. We can't do that. That's why we get less marks. We can't cram things like you do.’ This what I have heard everyday, coming outside from exam hall after giving exams. Why ? Because I use lot of extra sheets in exam and sometimes I get emotional and in flow flow I tend to write alot. But that's not we are talking about it, right here. Listening to this everyday during semester exams for two years, it started hitting me from inside. I started taking less extra sheets. Why ? So that I don't get to hear people outside examhall, which eventually made me loose my marks. One day I was talking to my classmate and she was asking me about why my marks have decreased considerably. I told her the thing and she was like - ‘Seriously, Rabiya. Just because they make fun of you, you stop taking extra sheets. Stop doing this'. Everytime professor ask questions in class, I always try to give my input, even if I am not sure. This is too my classmates took seriously and they would be like - ‘Why you always raise your hand, Rabiya? Because of you we have to hear taunts of professors. Can't you just keep quiet and keep your knowledge to yourself. It's better for the whole class'. Initially, I would take this. But one day I was like fcuk it. I will be what I want to be. I will take as many extra sheets I want. I will answer every freaking question that professor asks even if I don't know the exact answer, atleast I will try. One thing you need to realize is that don't be unfair to your future self just because of other people. Once you stop reacting, people stop telling. Don't let someone dim your light just because it's shining in their eyes. Rabiya",https://qph.cf2.quoracdn.net/main-qimg-5a5e1c120fbcfefb58eb357453266d07-lq
Rabiya,"What is more important, relationship or career?","It was around 11:30 PM last night when I decided to sleep. I put an alarm, kept my phone aside and snuggled into the blanket. This question is coming into my feed since a long time and whenever I start writing it, I can not frame a proper answer and I delete the draft everytime. Yesterday night this question crossed my mind and I gave a thought about it. Right now - I am 22, what matters to me the most ? Is it career, is it relationship or for that matter is it family or myself ? I want to hold hands of a guy and walk with him every night. I want to watch senti movies with my family and get emotional about it. I want to stay up late at night and complete my assignments and presentations. I want to stay awake whole night and appear for exams next day. I want to start a YouTube channel (will do it soon, if certain things go right way) I want to pet a cute cute cattie (meow) I want to cry if things get messy and then smile again when things fall into place. I want to be a working professional, have a lovely and healthy family, want to marry a cute cute guy, have kids - cute cute, travel alot and I want to inspire and touch the lives of people around me. You see, I want to do so many things and if I had to choose any from the above, honestly I won't make a choice. What I mean to say is that - Why am I supposed to make a choice when I can have it all ? Why to prioritize, when I can balance between all of it ? I don't want to choose. I want to treat everything equally, on the same pedestal. Why everytime I have to make a choice between this or that - Education or Relationship ? Career or Spouse ? These things are everlasting, your career will last whole of your life and so will be your family and relationship. At a certain point, you will have to balance. Isn't it magical - to have a person with whom you cn be real, who treats you with utmost patience and love, to experience highs and lows with ? Isn't it a pleasure - to have a loving family who stands by your side all the time ? I believe in balancing rather than prioritizing !! And at some point of time life itself becomes an act of balancing. P.S - Kids below 18years are advised to study and complete their homework. Rabiya",https://qph.cf2.quoracdn.net/main-qimg-31be03c80877b21778f0e9c6229f7f44-lq
Rabiya,What is the most under-rated pleasure?,"My friends or if I put it the other way-My non-muslim friends gifted me this Hijab (head-scarf) on my birthday.They gave me bunch of other things and it was one of them. When I opened the gift, I saw this head-scarf and it made me ‘awww'. I mean how sweet of them. Yesterday, I was driving back home and when I come back from long routes, that's when my philosophical mind gets on and I start thinking about bunch of things. So, as I was driving, this head-scarf crossed my mind, I don't know why, how but it did. Initially when I joined university, most of the people would question me about the head-scarf that I wore everytime. Some did it out of curiosity and some did it by the way of looking down upon me. The group I was previously with during my first year, they made fun of me and would ask me to remove my hijab, etc. Second year started and a student version of Indian Parliament was organized and that's when I started vibing with my then classmates and now best friends. They also asked me similar questions about my hijab and that's natural because many people are curious to know all that stuff. We started hanging out often, started attending classes sitting on the same desk and eventually our friendship bloomed. It's been almost four years and they never disrespected my choices. They infact take care of hijab when it tends to slip or anything of that sort. Once I went to friends place and we all three were alone, so I removed my head-scarf and clicked few pictures. After a while one of my friend said - ‘Look at this picture, we are looking so cute in it. I want to post it on Instagram but you are not wearing your hijab, so I won't post it' And I was pleasantly surprised by listening to this. I mean I never asked them to do some stuff but they did it anyway. I really feel grateful to have them as my friend. Isn't it a pleasure to find people who respect your choices and decisions ? That's us on group day, they came up with the idea and we all wore hijab !!! P.S - Don't come in the comment section telling me that hijab is oppression or whatever. I have had enough of it. Let's just learn to respect other people's choices and decisions.",https://qph.cf2.quoracdn.net/main-qimg-d5773284deadda4bc4074fd0f8c648bc-lq
Rabiya,What is something weird that you enjoy doing?,"I like to act clueless when I know exactly what is happening :p Basically I act innocent, I am innocent but I try to act super innocent. So whenever there is some adult talks going on (ahem..ahem) or something which is embarrassing or something which I am not supposed to be a part of … I would act like as if I am not at all listening or as if I don't get anything but in reality I get each and everything..Haha. Rabiya",https://qph.cf2.quoracdn.net/main-qimg-133328cd424fd0370f270ea6f62c7afc-lq
Rabiya,What small things immediately brighten your day?,"I met my childhood bestie after 6 years. We have spent so many years together in school and we were crazy but not stupid. Like we did random stuff, did fun but one thing that separated us from our other friends was that from a very young age we started discussing about our future ambitions and goals. Isn't it different like two girls around 10–12 years old sitting in the basketball court, eating tiffin together, talking in English ( also we were very discipline, it was compulsory in our school to talk in English and we would do that even if no one was around) and sharing different ambitions and view points every day ? I don't know if anyone from our class ever did that except making fun of other people. Yaa so I met my bestie who literally has my heart since forever. Meeting her after long time yet everything was the same, no awkwardness or weirdness. I think that's what bff's are for, right ? We were just talking, eating Christmas cake and recalling our memories. In between she mentioned - “You know everytime, I visit our school - Mangla Miss always asks about you. She always mention you and asks me your whereabouts. Also Zainab Miss she was also asking about you, she even took your phone number from me” I haven't visited my school after passing my 10th boards and my teachers remember me even after so long made me so happy. I mean I was never a outgoing and loud student rather I was shy and close knit. After listening my bestie - I made a cute cute baby face and I was like - ‘Aww, really. Like seriously they remember me !!!’. The feeling that your teachers still remember you and ask about your whereabouts is a different kind of proud and happy feeling. It's been more than a week but still I am happy since then :D P.S - I know that isn't a way to blur out the face in the picture but I am lazy, so please bear with me 》 As always Thank you for reading. I am always and always grateful to my readers. Rabiya",https://qph.cf2.quoracdn.net/main-qimg-f4a89680da600c34965e5c90e4794daa-lq
Rabiya,Have you ever experienced a random act of kindness towards you from a stranger?,"“No dad, I want it. Please this one is last. I promise” I said it loud standing outside a toy shop like any other stubborn kid would do. Back in 2011 - I and my family, we were roaming onto the streets of a ‘Jeddah' - a city in saudi arabia. I was 11 years old back then and I saw a huge toy shop nearby. Knowing no limits to my excitement, I ran into that shop and picked up 2 kitchen sets and 2–3 other toys. My dad was just looking at me while I was selecting all the toys. He was standing there and walking around with me. When I was done, looking at all the toys, I ran to the billing counter. Just the uncle was about to bill the items, I picked up, dad interrupted in between and asked me to pick up just one out of the two kitchen sets I chose. Both the kitchen sets were too cute and I didn't want to give up on any of it. My dad using his all time tactic told - ‘Rabiya, either select any one of the kitchen set or else I am not getting you anything’. Saying this to me, dad went and stood at the exit of the store. “No dad, I want it. Please this one is last. I promise” I said it loud standing outside a toy shop like any other stubborn kid would do. I thought time to use - crying technique, XD. I am stubborn and so is my dad. Sigh. I started crying and was requesting my dad to get me all the toys. ‘Tell me, which toy you want to buy' - I heard a uncle saying. ‘I will get it for you' he added. ‘Uncle, see my dad is asking me to choose between these two kitchen sets but I want both’, I said while making a cute crying face. ‘Okay, so the other kitchen set is on me. Come show, which one you want' said the stranger uncle. ‘No,no. Thank you. The thing is she already has too many kitchen sets at home and that's the reason I am reluctant to buy her two of it but anyway she is so stubborn, I will get her both of it. You please don't worry' - said my Dad while stopping that uncle. ‘ No brother, you know I am from Pakistan. I have a daughter. She is almost similar to your daughter. I am missing her so much today. Please let me buy your daughter this toy, it will make me happy’ - said that stranger uncle. So, he bought me that kitchen set and my dad bought me other toys. He was so generous, he just saw me crying from distance and gave me that toy as a gift. That was so kind of him. I still have that kitchen set. I don't play with it anymore. My niece and nephew, they play with it now. I clearly remember every detail about this incident. While writing this, I lived that moment again. Ahh.. a trip down to the memory lane. Some people they leave a significant imprint on your life no matter how small. Rabiya",https://qph.cf2.quoracdn.net/main-qimg-7272598de914ca4f90ab060b6a28f765-lq
Rabiya,What are some of the best Bollywood dialogues we failed to notice?,"There is a scene in Dear Zindagi, when Kaira (Alia Bhatt) asks Dr.Jahangir (Shahrukh Khan) - ‘You know my issues with my parents may get sorted but men, I don't know when that will happen. I am not gonna find anyone. Tell me something - Is there anything such as perfect relationship,like just one special soulmate ?’ That's when Dr. Jahangir starts explaining to Kaira - “I don't know. Kaira, I think…why just that one special soulmate ? I think one can have many soulmates in life. Different soulmates for different experiences. Like…a special music relation with someone, who share our interest in music. Or let's-get-coffee-together soulmates, perfect to have coffee with but not anything else. Or special gossip soulmate with whom you can have the perfect gossip. Or the special intellectual soulmates for all those perfect bookish discussions. So may different special soulmates. So many kinds… The romantic soulmate is just one of many. Why put the burden on one person to fulfill all your emotional needs ? It's a bit unfair.” This lines hit me hard. Like, how we start expecting everything from that one person either consciously or subconsciously ? We start romanticizing every feeling, every emotion, without even realizing it. That's how we have altogether romanticized the concept of romantic soulmate. Like it's always in our head, we expect that one single person to be there in every aspect of emotions. Isn't it true, that we have overburdened this soulmate thing. Why it always have to be your partner in every case ? Ofcourse not everyone can be our soulmate but confining it to only person is a bit unfair. Rabiya",https://qph.cf2.quoracdn.net/main-qimg-a33b55531cd49b3f4d97ee4e81ab6749-lq
Rabiya,How do you feel being loved?,"I am still a stranger to love. The feeling of being loved by someone is unknown to me. Love has always been a very extreme kind of feeling for me. All my life I have always feared falling in love. I have been approached by people, you know how it happens in school and college. I have always preferred to be single rather than being with someone. I have been very insecure about myself, my body, my looks, my voice and to be honest I am still insecure about it. I used to dispise the person I looked in the mirror. I have come a long way in accepting myself the way I am. I have worked alot to make myself better and today I am almost satisfied the way I look. The insecurity never let me fall in love and I never allowed anyone to come close to me. Last night I went to a wedding. It was a love-arrange marriage. The way they were looking at each other, hand holding and the happiness they had on their face really touched me. A part of me somewhere craves for a intimate-romantic relationship and whenever I see lovey-dovey couples, I kind of get a very strange feeling. Something starts running inside my blood. A feeling of not belonging to anyone, a lingering loneliness and that unexplored part of love, it gives me a very mixed feelings. As much as I want love-arrange marriage for myself, I always wonder if I would be ever able to find someone for whom I can be crazy. When it comes to me, I am very close knit person and not lot of people have access to me. I have this guard around me and I let it down only for few people. I am very emotional, when it comes to people and letting someone go aches my heart. It feels miserable when you adore and love someone and they don't feel the same for you and the sad part is you can't do anything about it. Many will not agree to me but I think - Your life actually begins after you find your person. A person you can experience your highs and lows with. Loving someone is so sacred and meaningful to me and I don't want any trial and error in this. Kehte hai opposite attracts, Jhooth hai. Hum har jagah bas apne aap ko dhundte hai aur agar woh mil jaaye toh usse sambhal rakh lena chahte hai. (They say, opposites attract. It's a lie. We only try to find ourself in another person and if we find it, we just want to keep them.) I personally feel this. You may not find the exact match of your own, but we always fall for a person who has a same basic understanding of people and life and it's subsets. How can you be with a person who completely perceive the world in a very different way as you do ? Rabiya",
Rabiya,What’s the best way to get over someone you love?,"You can't keep choosing someone who doesn't choose you. You can't. Your person should be your person forever and not only when things are perfect but also when things get messy, days are less shiny and when you are hard to deal with. Just make sure that you have someone who wants to be by your side, who wants to support you and encourage you. Someone who reciprocate on the same level as you do. Someone who wants you to be happy, be fine, wants to be with you and laughs with you on lame jokes. You need this person to be your forever because there are difficult things in life and it makes you feel heavy from inside and love should not be one of those things. Love should hold your hand in those times and move forward with you. Love should be your biggest adventure and safest home. So, please don't give your best parts to someone who doesn't see value in the things you are giving to them. Be with that person - when he looks at you and without a doubt he is clear that he wants to be with you without any hesitation. Truth is just an acceptance away. Accept and move on. Rabiya",
Rabiya,What do you like about yourself?,"No matter what I have been through. At any point even if I am feeling very low, no matter what I am going through, if someone needs me, I am always there. There have been times, where I was in a dark place I was in need of someone who would comfort me and even in those times, I filled people up when I was empty myself. Sometimes, I think this is the toxic trait in me. When you are always there for people, they take you for granted then I feel I am in the wrong world. Rabiya",https://qph.cf2.quoracdn.net/main-qimg-3f535e52ac94165ba6e9271b1a399a75-lq
Rabiya,What makes you happy?,"Imagine how beautiful is to open up to someone. Someone you can trust, you can open up to, you can talk stupid things, someone who knows the tears behind your smile. Someone whom you trust that they won't fcuk you over. They would be there no matter what. They would never think of giving up on you. Someone who is happy to be with you. The one who is scared of loosing you. Someone who just sees their world in you. The one who is proud to have you and shows you off. The person who loves you with all their heart. Someone who needs you as much as you need them. Imagine having a best friend and falling in love with them. Two people who were so awkward talking to each other before and now fart around one another without any embarrassment. Imagine a cozy shit, hand holding, playing with hairs, coming close and getting away, living those small moments together and cherishing it for life. Imagining such a person in my life while sipping on my tea and feeling hopelessly in love with that person and smiling endlessly makes me really happy ;))) Rabiya",https://qph.cf2.quoracdn.net/main-qimg-f4b7d92ef8827ac6dd37bea4c4d33811-lq
Rabiya,What is the cheapest thing that you bought that gave you the most happiness?,"Last evening I went to a nearby market to get some fruits and veggies. I know it's too boring to do that but yaa can't help. So, I saw this uncle with a small shop. He had so many cute little things to sell. I stopped there to see but I realized that everything was for kids. We have a househelp and she has a beautiful little daughter. I many atimes bring stuff for her. Those cute little accessories suddenly reminded me of her. I purchased few things for her and one of the cutest of this little hair clip. It was merely 3 bucks for each piece. Today, when the househelp came, I gave her the stuff I bought for her daughter. She called me in the evening telling me that her daughter has not even moved an inch away from mirror since she gave her this hairclip and she been staring herself for hours. Just a hairclip made a little kiddo smile and this fact itself made me happy. Thank you for reading. Rabiya",https://qph.cf2.quoracdn.net/main-qimg-3fa3053a93599806d6c7d627b16e2286-lq
Rabiya,How do you look after studying for 12 hours?,"Just 60 days to go for exams and I have so much to study. At this point of time - I wish I studied earlier in a better way but here I am with incomplete syllabus to study. So, I am studying daily for around 10–12 hours. It's my personal rule that I don't go to bed unless I complete my daily targets. Just one of the days, where I messed up my schedule and just got 45 minutes to sleep. Hardwork really pays off, so gotta do it. Rabiya",
Rabiya,What did you see today that melted your heart?,"Last month, my sister's online semester exams were conducted. My sister is such a free and careless person that she forgot an exam and therefore she was marked absent for her exam. Now, this week supplementary exams for detained students were conducted and the absent students for the present batch were also allowed to appear for the examination. My sister got lucky and now her result won't show her absent on the exam day. My mom was stressed about the fact that sister missed an exam inspite of my mom being very careful everytime because my sister is the most careless creature on this earth. Now, when the dates for complementary exams were released, I and my mom set alarm in every damn phone present in our house. Last night, while I was done studying, I went to kitchen to fill my water bottle. Everyone else went to sleep and as I filling the bottle from the filter, I saw a paper lying below the knife stand. I grabbed that paper to see as to what it is because I generally don't see a paper on kitchen counter top. This is what I saw. My mom wrote this on a paper. P.S - My sister's name is Fatema. This paper was intentionally put on kitchen counter top, so that when my mom enters the kitchen in the morning, this reminder will be the first thing she would see. I really got emotional after reading this. I mean mom's are so cute man. I got into a deep thought as to what if I don't have my parents around tomorrow ? Just thinking about this makes me very afraid. Even if mom dad goes out for a day or two, home doesn't feel like home anymore. The warmth that parents put into our home just goes away. There is a void which gets created automatically inside the home, inside our heart and remains till they get back. Sometimes we get so busy growing up that we often forget, our parents are also growing old. Rabiya",https://qph.cf2.quoracdn.net/main-qimg-a577eac04853b6d729a4c31d27479f57-lq
Rabiya,How was your experience with the Quora meet-up on Clubhouse hosted by Sachin Jha?,"On 30th September, I saw a message from Sachin, in my inbox. Sachin is a great writer and seeing his name in my inbox, I was really surprised at first. I read the entire thing for 4–5 times because I never expected this. I was like why would anyone invite me in the virtual Quora meet up ? But then I told myself that yes, this is happening for real and I am going to be a part of the meet-up where all these popular Quorans would be present. The meet up was yesterday that is 3rd October and it started sharp at 7PM and when I looked at the numbers, so many already people already joined within first two minutes. Sachin started the session and asked some questions to the amazing writers present there. It was really overwhelming listening to the writers whom I have read only. It felt surreal. Rana bhaiya, Akshay bhaiya and Alcatraz bhaiya, they kept the conversation going and made us laugh with their funny stories and comments. I was really pleased after listening to Divyansh bhaiya (his advices on writing), Krishna bhaiya (versatile writer of Quora), Rakshith bhaiya ( his answers are really very insightful and inspiring). After Sachin was done asking questions, the listeners who made this meet up equally successful, got the chance to interact with the writers. After sometime I heard the moderator saying that - ‘Next message is for Rabiya Didi. This person wants to stay anonymous and writes that Rabiya Di, I don't have any questions for you but I just want to tell you that I love you and your voice is amazing. Keep doing what are you are doing'. After listening to this, I was like - I misheard my name. This message was not for me because Damn it !!! I have always been insecure about my voice. My voice is not girly voice and I always hesitate to speak in public. So, I thought may be it wasn't obviously for me because how come someone like my voice ? Later, after the session was ended, Sachin dropped a text telling me that my voice is really good and it sounds pleasant and I was overwhelmed to the next level. All and all it was wonderful experience to be a part of the amazing session hosted by very amazing Sachin. Aditya and Anshika you both really have a cute voice. I loved it. Also Shubham and Adarsh you guyz are funny. I am really sorry if I missed anyone out there. It was a fun session. Once again Thank you Sachin for hosting this and inviting me there. Looking forward to many more upcoming sessions :) Thank you for reading. Rabiya",https://qph.cf2.quoracdn.net/main-qimg-ebb689b7917f5ca0d504ff3e7d5f8b87-lq
Rabiya,What are the simplest things one can do to make oneself happier?,"It's so simple by doing things that makes you happy from inside. I never noticed these beautiful flowers blooming in our garden. Just pay attention to small details around you, cherish the beauty of nature, like you put some seeds into the ground, water it and ut blooms into something beautiful. Isn't it admirable? Go out and venture onto new places. I am the one who hates going out, I mean my bed is so comforting, I never want to leave it. But just kick your lazy ass out and just go out to a place where you feel peaceful. No much crowd of people, no noises, a quite and serene place to spend your evening. Start falling in love with everything. There is always a light that beems out of darkness. Capture sunset and sunrise. See the rays of the sun outshining the sky. It's always beautiful. Capture the beauty around you. Some out of the social media for sometime and just wonder about the beautiful world we live in. Celebrate your victories no matter how small. Reward yourself when you achieve something. Gifts… you know..haha. Happiness has no perfect definition, better you create your own. Happiness is subjective and you don't need to follow the other people's definition of happiness. Create your own happiness, happiness that you cherish. The happiness that aligns with your thoughts, with your life. Rabiya",https://qph.cf2.quoracdn.net/main-qimg-2379cd710f9b88dd654b7fcea7de24d3-lq
Rabiya,How can I be happy being single?,"The thing about being single is you should cherish it. Because, in a week or a lifetime, of being alone, you may only get one moment. One moment when you are not tied up in any relationship with anyone. A parent, a pet, a sibling, a friend, a partner. One moment when you stand on your own. Really truly single. And then it's gone. ~Dakota Johnson. Have you ever felt that life is better when someone is around madly in love with you ? Or to the contrary have you ever felt that life is better when you don't have anyone to look forward to ? No expectations, no disappointments. Life seems easy this way. I feel there is so much to do in life then to find someone who wants you as much as you want them or being sad over someone who doesn't. Everything takes place when it's meant to be. You need to first fill yourself with love and not anyone else. Become a whole human on your own. Fall in love with everything around you. Sunrise, little flowers blooming in the park, wander around in the city at night, go to a cafe all alone, leave some funny or meaningful notes in library books (I do this always…haha), dress up for yourself, look at the person in the mirror and ponder onto that beauty. You are absolutely gorgeous and that's the least interesting thing about you ;) Live for yourself, for your dreams and be happy on your own. Being single isn't less beautiful than being in a relationship. I promise! Rabiya",https://qph.cf2.quoracdn.net/main-qimg-c58d087a78b5d33b657856d96ff47bdd-lq
Rabiya,What is the best life advice you would give?,"While I was preparing for my CA exams, even a well deserved break gave me lot of guilt. I had so many notions inside my mind - ⏸️ No taking time for yourself. ⏸️ No health and mental well being. ⏸️ No breaks. ⏸️ Giving up on relationships. Results ? Due to so much pressure that I put on myself, I burned out alot and at last I quit because my mental health was all over the place. 🗣 Hear me out - Whatever you're yearning for, It's nice, But You can be happy while waiting for it too. You don't have to wait for the big moments to feel good about things. Enjoy the process and trust the outcome ✨️ Rabiya",https://qph.cf2.quoracdn.net/main-qimg-56fc5f48e2d0887ec4e440df1db34b20
Rabiya,What is the hardest lesson you've learnt in life?,"Close the window that hurts you, no matter how beautiful the view is. Applies in every life situation. Rabiya",https://qph.cf2.quoracdn.net/main-qimg-e55e0240ebc92b0ab8fe7849a75b6c56-lq
Rabiya,Can you write something so deep that it would make me feel something?,"My friend commented on my photo ‘why are you so pretty ?’ and I replied with ‘Hayee!’ I had the other friend from whom I learned this word ‘Hayee' and we are no more friends. Haha. My bestfriend says ‘oh bhai' every now and then and after being with her for a while I also use ‘bhai/bro' more often than before. I was pondering onto this like - Have you ever noticed that we pick up little habits or phrases from the people around us? We get attached to people, their habits and everything they do infront of us and that's why it's no wonder why we get heartbroken easily when people leave. Their habits, some phrases, few words they tend stick with us even if the people don't. Isn't it true ? My school friend she used to eat malai + sugar with chapati and since then whenever I don't find anything in the kitchen to eat, I eat this combination. I am hardly in touch with her but everytime I eat this thing, it reminds me of her. I still listen to the playlist made by someone whom I don't talk anymore to. We humans get detached yet remain attached to the things people leave behind. It feels like we are all a mosaic of the people we loved and cared for. Rabiya",
Rabiya,What should I do to be at peace?,"Start romanticizing your life. Just embrace everything you have. Fall in love with the route you take everyday to your college or work. Believe it that your morning commute is fun and joyful. Every sip of tea or coffe fall in love with it. Start believing that it's the best you ever had. Just know that even smallest or mundane things can be exciting and new. That's when you start having peace with what you have. That's when you start loving the life you live. Just fall in love. Maybe not with a person. Fall in love with anything and everything. Fall for your smile, your personality, with your favorite music, late night drives, that last slice of pizza, that sky filled with all stars, the colors of the sky when sun is rising, that adrenaline rush you get when you think of your crush. Fall in love with noice, with silence, with light, with darkness, with little things that make you feel alive. Fall in love with your damn life and cherish the every moment of it. Rabiya",
Rabiya,What makes you feel loved?,"My mom hates hugging. She says she is not a hugger but on gloomy days when I wrap my arms around her she is the last to let go. My dad doesn't like taking advices but he patiently listens to my point and even sometimes take the outputs from them. He doesn't even like getting gifts, but he lights up with joy when I unexpectedly bring something for him. It makes him very happy. My sister never says - ‘I love you' but she does all of my work when I am not well. She again and again asks me about my mental health, gives me her input on how I can be become better. My friend never say - ‘ I will never leave you' but doesn't leave even if I ask to leave them to leave me. Always there for me. My other friend doesn't like giving compliments but whenever we meet, she will call me by my funny names and at the end will say - ‘You were looking pretty today'. The thing is not everyone who loves you will tell you that they love you. There love is quiet and it can be seen in tiny gestures and once you look for them with curious eyes, you start seeing them everywhere. I think this is very beautiful and makes me feel loved. Rabiya",
Rabiya,What's the best way to increase productivity?,"Productivity isn’t a life hack, it's a life style. You need to be consistent but that doesn't mean you don't deserve a break. Rabiya 💫",https://qph.cf2.quoracdn.net/main-qimg-628a1bad8d047735abc5cae1331157ea-lq
Rabiya,When did you realize small things matter?,"My school friend recently got engaged. On a lazy afternoon, out of the blue, I recieved a call from an unknown number. People generally don't call me coz I rarely pick up calls. I was free at that moment and went up on taking the call. I heard a sweet and a bit gushy voice - ‘Hey, Is this Rabiya ?’ I replied in affirmative. ‘Rabiya, it's me Sak. Remember ? Omg, I somehow found your contact number. I am so excited.’ So, a little back story. When I was in 6th standard, a new girl took admission in our class. She hailed from nearby village and would come and fro everyday around 60km. She was a bit weird. Her uniform was always dirty, her hairs were always out of the way may be because she traveled through bus, she was bit weird, one can easily spot her indifferent from the other.s She had weird eating habits, she used to be hungry even after having her tiffin. Due to her unusual behavior, no one in the class used to like her. Basically she was boycotted. I too joined the bandwagon and did what others were doing. I always knew that isn't right. If she is behaving differently, there must be reason to it. How come someone would do that to herself ? I decided to be friends with her. She told me that she doesn't live with her parents and her aunt does not treat her well, she has only one uniform and it gets washed once in a week only. Her aunt gives her too little food. Her parents have done so many efforts for sending her in our school and that's why she doesn't complain. After knowing all of this, I gained a lot of respect for her. I started bringing food for her, we became friends and were together till 10th standard. We were not best-best friends but were good friends. Everyone moved out of the city and eventually friends became strangers. It's been 6 years, I have left my hometown and haven't met my school friends even once. Receiving call from her made me so nostalgic. While talking she told me - “You know, my mom still remembers you by your name. She specifically told that please invite Rabiya first. You have been there for me always. A Thank you is a very small word…” When did I realize small things matter ? This phone call showed me two perspectives. Firstly, sometimes small things can make a big difference in other people's life. Like, I just tried knowing her, I showed her part to the rest of the class after taking her permission and things got better for her. I still think, what if I didn't made an effort in knowing her ? What if she would have remained that way till the end of school ? What if this weird behavior would have made her a negative person ? I still think about those kids who gets bullied. The way that girl was boycotted in my class, I would never forget it. No one is even ready to look at you. Everyone behaves as if you don't even exist. Secondly, I thought like it's so amazing, imagine someone out of the blue, thinks of your face, your smiles, your talk, your compliments and they get filled with so much of warmth and thankful attitude towards you. They remember you by your name, your favorite food you bought in the tiffin, how you dressed, the way you talked, they remember so much about you even if you haven't met in years. This is so satisfying. You think you are forgotten but you aren't. Rabiya",
Rabiya,Are you afraid of being alone?,"There are nights when I crave for someone. I want someone who would hug me tight and say that - ‘it's okay’. I desperately need someone to love me, to talk to me, to care for me and endlessly look towards me with all the hope and love in his eyes. I many a times think that being single outweighs being in a relationship. I feel life is easier that way. No expectations, no disappointments and most importantly no heartbreaks. No matter how much I enjoy being single, often I linger on to the thought of being with someone. I crave for someone who would be there holding my hand no matter what. Sometimes silence at the night haunts me. That empty place besides me on the bed makes me feel uneasy. I wish if I had someone who would ask me about my day, it would be nice to have someone who would care for me, to be with that one crazy person sharing every bit of mine with him. Every night I go for a walk and often feel to hold on to someone's hand, to walk with him, listening to favorite songs. There are days when I just enjoy the way I am now. The feeling of not being with anyone makes me feel light and cherish my own company. There are days when I want to remain closed in my room, no interaction with anyone, just me. When I just don't want my existence to be felt on this earth. Somedays a book with a cup of tea, sitting by my window is what all I need. Honestly, I am not afraid of being alone, I am afraid of getting lost in the crowd. I am afraid of being around lot of people still feeling lonely. I am not afraid of being with someone, I am afraid of being with the wrong one. Rabiya 💫",https://qph.cf2.quoracdn.net/main-qimg-a3e26a0cb9c57b0de6eaedb3be8e0333-lq
Rabiya,Which of your pictures reflect your life exactly?,"My screen time is crazy. 10+ hours daily (read 12 hours…. shhh) My eyes hurt at the end of the day. Anti-glare glasses don't work much. Most exciting part at the end of the day is going for a walk at night around 10PM. I live in a beautiful society, (touchwood) and at night it's so aesthetic and peaceful. This is me at the end of the day. Ready to sleep satisfied. Satisfaction part happens very rare though. Haha. Rabiya 💫",https://qph.cf2.quoracdn.net/main-qimg-f9c3ef7ad84fd08f3931525e76539867-lq
Rabiya,What do people underestimate often?,"Such small acts of care and kindness, have power to change the world. Always value people who keep a check on you. They are rare. Keep them close. Thank you for reading. Rabiya 💫",https://qph.cf2.quoracdn.net/main-qimg-dc405a9fe818480c3eac04862a4369b4-lq
Rabiya,What is the most embarrassing moment that ever happened to you?,"It was Republic Day 2014. I and my one friend we both were the anchors for the day. The program was supposed to begin at 9AM in the morning. By 8:45 AM, the assembly ground was full of students. Everyone gathered for the flag hoisting. Teachers, sisters, brothers and fathers everyone was present on the ground. Now, the chief guest for the day showed up pretty late and we were eagerly waiting for him to come, so that we get to eat the cake and chips after the flag hoisting. Finally, around 9:40 AM, his car made an entry through the gate and stopped near the main building of school. Few teachers were already present there to recieve him. We all got pretty excited and thought that he would walk towards the stage and after the welcome ceremony the flag hoisting would take place. But it didn't happen that way. He was clearly visible from the stage, he showed his tiny little finger to one of the teacher and asked for going to washroom. Every student was laughing silently after seeing this XD. I slowly whispered into the ear of my friend - “Yeh kaise cheif guest hai ? Late aaye hai, upar se ghar se halka hokar bhi nai aaye"" (“What type of cheif guest he is ? He is late already and have not done his business from home”) Now, I heard the same thing coming out of those huge speakers installed in the school premises and I also heard students laughing. Tubelight me, realized that I forgot to turn my mic off. I could see my class teacher looking at me with his haunted eyes. I was like - please sorry. Meanwhile the father, who was principle of our school was from south and his hindi was very weak. He said to me, Rabiya, don't you know speaking in English is compulsory in school campus. What did you just say ? Why everyone is laughing ? Will you please repeat in English ? I was like - “No father, nothing important. Just slip of tongue. I am sorry”. Everyone teased me for this incident for few weeks even small kids from primary section. It was hell embarrassing and I walked hiding myself from every teacher for a week. Thank you for reading :) Image source - Google. Rabiya 💫",https://qph.cf2.quoracdn.net/main-qimg-de32026ba0facb0db509d77d163bb344-lq
Rabiya,Is there's any decision that your parents took for you but ultimately it proved to be a wrong decision?,"It all started when one day I came back crying from my coaching classes. I was in 11th standard and my classes for pre medical entrance exams used to end by 7–8 in the evening. That day my scooty was punctured, so I went by auto. I was returning back home from the coaching, I was feeling frightened to sit in an auto alone, so I decided to walk back home. The distance was around 3 kilometers. As soon as I walked few paces, 3–4 guyz were standing at the cross road and they started some shitty things. This was the first time, I was experiencing eve-teasing, that too in the middle of a busy road. I ignored and started walking faster and faster. I walked for another 5–7 mins, I don't know but I got this gut feeling that someone is following me. I looked back again and again. A man in his 30's was moving his bike slowly and slowly little away from and everytime I looked back to check he awkwardly smiled at me. I was not understanding anything, what was going on? I walked and walked then finally after 2–3 mins, a lady was waiting for an auto. I went and stood next to her and started talking with her. Thankfully, she was going to the same area as mine. An auto came and I came back home. I was very disturbed by this incident, I didn't tell my parents anything about this. I just informed my mom that I won't be going to coaching for few days as there are no important topics to be taught. 1 week passed, my parents asked me about my coaching and I again denied going for it. They somehow felt that something is wrong. After they tried so many times, I told them the incident and they were mad at me for not telling them this earlier. They told me that this incident should not bother me. I need to be strong. I am a brave girl, etc,etc. Now next day, my dad bought me a mobile phone. A personal, my very own mobile phone. My parents are very strict and getting a phone that too personal, was not into my wildest of dreams as well. I was on cloud 9. My happiness knew no boundaries. It alll started from here. One thing I didn't get was that how and why a mobile phone solved my problem? But anyway who cares? I got my phone. Now, next day I went to school just for flaunting my new phone. The posters in bold letters hung outside every classroom stating - “mobile phones are strictly prohibited” did not exist for me after that day. It was 2016, few people in class had the phone and few didn't. I started showing my phone to every girl sitting around me, show off you know. Now, I was sitting on the fifth or sixth bench and when my phone took the stroll of an entire row is out of my knowledge. All of a sudden, I heard my not so favorite physics sir screaming in loud voice - “Whose phone is this ?”. I didn't seem to care because I thought my phone must be somewhere here around the girls near me. He then raised his hands and showed the phone and asked again. I stared at him in shock and stood up slowly. Then you know the drill, he took me to principal office. Now, the principal wanted to call my parents. I told him that they are out of town, which was a lie, obviously. He then asked for my father's phone number. Now, I thought of an idea, I gave him my dad's old phone number which was out of service. He tried calling on that number but all in vain, all thanks to me. Then, I recieved a suspension letter for a week. Anyway I hated going to school. My parenst came to know about this incident after 2 days and since then they regret getting me a mobile phone till now and I think they will continue to do so until I get married..lol. Meanwhile my parents after knowing that reason for my suspension was the very mobile phone they got me, Thank you for reading. Rabiya 💫",https://qph.cf2.quoracdn.net/main-qimg-1761073f138a9909893b801561ba02a4-lq
Rabiya,What is your favorite savage mom moment?,"Last year I ordered few dresses online. Finally after 25 days, I recieved the order as it was a foreign website. I used all of my pocket money to purchase those dresses. As soon as I recieved the parcel, I hastly opened it and started trying the dresses. Now, this dress in the picture has as a checkered print and it really got some pretty long-flared sleeves. I tried it the first thing and went up to my mom, asking her how it looked ? And my mom was like - “Yeh lungi mangvayi hai tune foreign se? Koi free mai bhi dega na toh bhi mai naa lu"" (You bought this lungi[1] from the foreign website. Even if someone offers this dress for free, I won't get it) Meanwhile me - Crying in the corner who purchased it for than 1000 rupees. To be honest, it somewhat looks like lungi. My choices are so weird sometimes, even I don't get it why I ordered them after I get my stuff delivered. Thank you for reading. Rabiya 💫",https://qph.cf2.quoracdn.net/main-qimg-1706a99c63af05a41e41d89add6717a2-lq
Rabiya,Share something you're grateful for today?,"My nani (grandmother) is diabetic. A week ago she did her quarterly medical check up. Reports stated that she has increased level of blood sugar and doctor advised her to take insulin injections. Injecting insulin is an easy task and I know how to do it. Now, my nani became a bit nervous as to who will inject her insulin everyday, then I assured her that I will do that. We live in the same apartment just the different buildings. So, everynight when I go for a walk around 10PM, I first give her injection and then proceed with my walking. I am always in hurry, I hastly open the door with keys, wash my hand, take out the injection and give it to her and leave. My nani resides at 9th floor and when I wait outside for the elevator she stands at the doorway until I go. She is so cute. She recites some quranic verses for me and gives me loads of blessings. Such a small act of mine, infront of her is much valuable. Whenever I cook something special, or when I bring her medicines, take her to hospital, bring her stuff from DMart, she always gives me lot of blessings and prayers. Actually my uncle (mama) lives abroad, so my nani and my aunty live alone. So, we make sure to get them the needful. While I was walking yesterday, it put in gush of emotional gratitude. Like I have so many people in my life who appreciate such a small acts of mine and give me lot of blessings in return. My nani calls my mom everyday (mother-daughter talks you know), when my mom isn't available, I pick up the call, tell her that mom isn't at home and will call her later and I hang up without listening the other side. How mean? Can't I talk to her for a minute or two ? Can't I ask her about her well being ? It reminds of good old days, when I used to live at Nashik and came for vacation here at Nani' place. That happiness, that peace is lost nowadays. I used to stay at nani' place for whole of the vacation and still would crave for more. Now, my nani just stays in nearby building but I don't even visit her unless due to some work. Isn't it ironic that we ignore the ones who love us and love the ones who ignore us? We the so called 'digital generation' do lot of stuff to seek attention of strangers on the internet. We seek validation and recognition from random people on web but fail to appreciate the presence of people around us who willingly accepts us the way we are. Strange, isn't it? I was pondering on these things so much while walking and it instantly reminded me of an answer I wrote about toxic parenting. So many people reached through comments and messages stating that they have narcissistic parents and family. They feel depressed and don't have anyone to reach out to. I can't even imagine the situation of these kids who have to go through this. Parents and family are suppose to be a safe place for kids. Home and parents are meant to be paradise for kids. They are the first people we reach out to when in trouble but what about these kids who don't even have a safe and happy place to grow? I lost my grand pa in this pandemic and he was the coolest grandpa ever. I have spent so much time with him in my early childhood and then so called grew up and lost my connect with him. After he was gone, I realized how beautiful the bond I shared with him was ? I wish I could have spend more time with him. It's really true that we only appreciate people and things when there are no more with us. This is what my nani gave me for Eidi. These envelopes were made by my cousin on the instruction of nani ji. She is cute, isn't it? The envelope reads - To Rabiya, May you become a successful lawyer. May god bless you with a good spouse. Stay happy and blessed always. Also get married soon :) I think this is gift plus bribe plus blackmail all rolled into one ;) I spent the money present inside but I still have the envelope with me. It's so precious. Thank you for reading. Rabiya 💫",https://qph.cf2.quoracdn.net/main-qimg-edf9cdb9fefeac7ac5b1cd2bfe48fed2-lq
Rabiya,What is your definition of a perfect life partner?,"In this world full of flings and hookups, I still believe in old school love. I think old school love is cute. In my teens I was never into guyz or dating and stuff or I guess my hormones reacted pretty late..Lol ;) How I want my partner to be ? I imagine myself looking hopelessly towards a guy in a cafe whom I know since long and staring at him makes me realize that I am in love with him. There is no violin playing around, there is no background music, the world is not at pause. Infact everything is quite, serene, I feel safe inside out. The coffee is all over the table and we still laugh among the chaos and it makes me think how deeply we are interwined with each other. I am the one who he thinks of first after getting up in the morning and I am the last person he thinks of before going to bed. In the room full of people his eyes always look for me. Who prays to god for us to be together forever. To the man whoever I end up with, honestly I can't wait to - I have wild longing for something, I can't put easily in words. I have so much to say but to keep it short and simple, I just want to experience my life with you. Loving someone is so sacred and meaningful to me, I would never want a trial and error in this. To the man of my dreams, I don't know if you even exist ? Image source - Google. Rabiya 💫",https://qph.cf2.quoracdn.net/main-qimg-9ed1d46175b3666c8a6720eec0f770a3-lq
Rabiya,"When someone is single, is the person lonely, or is that freedom? Why?","In my almost 22 years of existence on this earth, I have always been single. There are times when I feel lonely. I have my family, I have best friends and they love me, but there are certain days when I still feel lonely even if I am around lot of people. Loneliness doesn't come when you are alone or how many people you have in your life. I think loneliness is when you don't have a single person who knows that you are not okay, when you are pretending that you are okay. See, it's good to have someone by your side always, whom you look forward at the end of the day to talk to, to share anything and everything, who knows you inside out. Equating loneliness and freedom with relationship status according to me doesn't work. A partner should be a add on in a person's life, where you both grow and support each other in a varied circumstances. Being single helps you focus on your own growth, you don't need to look out to other person. Whereas relationship comes with it's own pros and cons. Like you can still feel lonely when you have a partner and you can still enjoy freedom when you are with a right partner. Rabiya 💫",
Rabiya,What is the most difficult thing in the world?,"Right now, I am sitting outside the emergency ward of a hospital in my city. There is so much going around me. A 14–15 years old girl is sitting and crying on the shoulders of her dad. Her mother has suffered a brain stroke and is in ICU since a month now. There are lot of people around me. Doctors and nurses are making there way in and out of the emergency ward. An ambulance arrived few minutes ago, the ward boys quickly bought the stretcher inside with a man on it. The family of that man, I don't know but they must be present somewhere here only, waiting for a hope. Everyone here has kind of same feeling here. There is an awkward silence. People are sitting here with just one thing that is hope. The hope that they will get to see their loved ones again, they will not have to take their dead body at home, that some miracle could save their loved one. When one person of your family is ill and is hospitalized, everyone at home has some kind of uncomforting feeling. Everytime there is a phone call from hospital, there is a fear inside. This feeling doesn't go away unless the patient gets back home. The people who are around me, I have never met them in my life and will never see them again but somehow I can feel them. I know what mental state they must be in right now. Every second feels like an hour, that hopeless expressions of the doctor, when you hear - we can't guarantee anything, it feels like end of the world. Those words rip you apart. People die here at hospital everyday, the pain that every family goes through after loosing someone close is unbearable. Many people say that the show must go on, life goes on with or without people. But it is not easy to implement such things in life. It's not very easy to move on in life. You wake up to a family member everyday, you see them as a very first face in the morning, you share smiles, secrets, happiness, pain, sorrow and everything. One day they are no more a part of your life. You can't see them anymore, you can't feel them anymore. It takes years to ease the pain of loss but memories remain with you forever and deep down you miss them every single day, their absence haunts you like anything. My aunt has some neurological condition and she has to get admitted for 2 days every six months to get her treatment done. She is all good and fine. Uncle is out of town, so I insisted to stay with her. Courts and hospitals are the two places where we get to feel almost every type of emotion. Some are happy, some are sad, some have got hope, some are hopeless, some are just visitors and some just get to see this till the very end of their life. I remember a year back, I was doing an internship at an NGO, there I met an aunty who was HIV positive. I wanted to talk to her, but never gathered the courage to do so. I often used to smile at her and greet her good morning. She used to smile and wave at me. I must say her smile was the fakest smile I have ever come across. Living with a disease where you know it will definitely kill you one day. Where those medicines keep you somehow alive for few months. People shun you and look down towards you just because of someone else's mistake. The difficult part here is to still keep smiling. Putting that fake smile on your face when you are crying inside. Staying silent with some sort of despair and hope when you are screaming inside. Pretending that you are okay, when you are in extreme pain. Facing the reality when you just want to escape it. The night is dark and long, but sooner or later, sun will eventually rise. It's beautiful isn't it ? How it hurts but we still don't give up. ~ 25th May 2021 Rabiya 💫",https://qph.cf2.quoracdn.net/main-qimg-689ec1e4d0ddb30befd90a479a644f1a-lq
Rabiya,What are some of the wildest things you’ve done in school?,"This is the incident when I was in 11th grade. So, once during our Chemistry class, sir told us that Sodium (Na) reacts very violently with water. It causes explosion and also blasting sound. I was very fascinated by this fact. Mere dimaag mai ek khurafaati idea aaya 😂. ( I thought of a mischievous idea ) After 2 days, we had our practicals in the chemistry lab. So, I thought I will just secretly take the Sodium from the cupboard. But, Sodium being highly reactive was kept at a safer place in the storage cupboard which used to remain locked. Now, I wanted Sodium at any cost. I purposefully emptied one bottle of a chemical I guess it was some form of Mangnese. So, I threw the chemical in the sink and asked the lab assistant to fill it. He then opened the cupboard, I was standing behind and my eyes were constantly searching for Sodium. After peeking here and there, ahh I saw Sodium which was kept in a dark bottle with some liquid, I guess it was kerosene. I distracted the lab assistant telling him that chemistry sir is calling you and then he left. Meanwhile, I quickly took the Sodium bottle and hid it somehow in my pocket. After the practical got over, it was time for a break. So, I decided to blast some explosives in washroom 😂. I was never this courageous but you know that curiosity, led me do that. I went inside the washroom and made sure no one is inside and slowly durr se ek dum, threw the piece of Sodium into the bucket of water. Now, as soon as the Sodium chunk came into contact of water, it started bouncing on the surface and flames were produced. I was watching all of this happening from a distance. Then I heard a boom sound and without even thinking for a second, I frighteningly ran from there. Haaesh. Everyone gathered around the washroom as to see what happened ? But no one could find out the reason. I was just laughing and smiling and looking at everyone. That's what you call a daring task. I am still smiling while writing about this. Naughty me 🙈. Also, I hated physics. Adding to my hatred Physics was our first lecture in the morning. So, what I would do was at the end of the day, while going home, once in a while, I removed air from the tyre of physics’ teachers bike 🙈😂. He used to reach his home safely and in morning he used to realize that tyre is flattened. This made him late many atimes and physics lecture - proxy. Maza aata tha 🤫😂. Until we meet again, Rabiya 💕",https://qph.cf2.quoracdn.net/main-qimg-b3ab729d9e35655b89fda054457a64b6-lq
Rabiya,What were some of the unforgettable incidents from your school life?,"It was 3rd of August 2012, just a day before my birthday. I was very excited, as soon as I came back from school, hastily had lunch, took some money from my dad and ran towards a shop to buy chocolates for my birthday. In my head, right now I am standing on that shop. The conversation with the shopkeeper went like this - He - Beta, you study at Saint Chavara, right ? I - Yes uncle. He - Do you know Prajakta ? I - Yes, she is my senior at school. But why are you asking me this ? He - She is no more. She met with an accident while returning from school. The rickshaw driver is also dead. I - No I don't know who is Prajakta ? And I don't study in Saint Chavara. I couldn't believe what my ears heard. I don't know what happened to me at that moment ? Prajakta, she was the only sister of my classmate, Kartik. She often used to visit our class. She was the head girl of the school. I saw her in the morning assembly only. How can she die ? Kartik, what happened to him ? How will he react ? Her beautiful face (and when I say beautiful she was damn beautiful), her loving nature, the way she used to arrange kids for assembly, her voice while singing the chorus, everything was revolving around me while I was returning home. After I reached home, I started crying. I don't know why ? She was just a senior. Just interacted with her few times. Just saw her from distant always. Never shared a bond with her. But I could feel her absence. When we are around few people, even though we don't interact with each other, they subconsciously become a part of our life. We may not see them everyday, we may not even know them properly but somewhere we get habitual to their presence. At night I received a call from a classmate. She told me that - Kartik needs to be operated coz he is injured so bad, their school auto was hit by a huge truck and he, his sister and driver, this 3 people were only present in the auto at the time of the accident. Kartik somehow survived the hit but the other two died on the spot. My classmate also told me that on that particular day, Prajakta asked her parents to let her and Kartik go by scooty to school, but parents denied. Now, the only regret their parents has is - they wish they would have allowed her to go by scooty that day. May be she would have been said. But it is said that no one escape death. While I am writing this I still can't believe that Prajakta is no more. Her beautiful face is infront of my eyes right now. How life is uncertain, you know ? Whenever I remember this incident, I think she must have also planned for her future. What about her dreams, the things she wanted to do, the places she wanted to visit, her ambitions, everything died with her. A huge filter was donated by her parents to the school which read as - In The Loving Memory Of Prajakta. Whenever Kartik drops message in the school group, it always reminds me of Prajakta. I was never close to her, but still I remember her very often. I wonder how her family must be coping up with their loss. We come across lot of people in our lives but few people become a strong part of our memory. Rabiya 💫",https://qph.cf2.quoracdn.net/main-qimg-ddf69b4163cc358b7bfbfd702a195256-lq
Rabiya,Are you chirpy in the morning or are you a grouch?,"A big yes to chirpy…. I usually wake up before sunrise with much of excitement. I get up around 5AMish, do my morning prayers. The freshness in the air, the sounds of birds chirping, clamness in the environment. The blue sky filled with fluffy clouds drifting in the cool air. The sun rising slowly through my window, the light seeping slowly in my room. I also workout in the morning as well. After I am done with my workout I hop on some soaked almonds and walnuts. Then I go for a walk for an hour. I like my mornings calm and peaceful. I hate talking in the morning. I usually stay silent. Mornings give me peace. I like the stillness that morning has. Most of the people are still asleep, there is so much silence. I like to take my morning slow. I don't rush things. Rabiya 💫",
Rabiya,What is a split-second decision you made that changed your life?,"I was standing inside the airport. Tickets, boarding pass everything was ready. Four and a half years of student visa, my college, my hostel, my companions everything was decided. I somehow agreed to go to Russia for becoming a doctor. My father always wanted me to be a Gynecologist. When I appeared for medical entrance for the first time, I didn't score too good. I told my dad that, “See it's not happening. I have somehow failed to meet your expectations. I want to call it a quit. I have a backup ready, can I do that ?” To which my dad replied- “I don't want to pressurize you in any form. People fail in entrance exams, it's alright. There is nothing to be ashamed about it. If you wish you can take a drop, I have seen your hardwork, so why not give another chance to yourself ? I decided to take a drop and appeared for medical entrance again. I somehow managed to fetch a seat in government medical college but not in MBBS. Another disappointment….ughh. My dad told me to go to Russia. He never forced to do anything. He just wanted me to try. I thought for a while, I told my dad few things and denied going abroad for further studies. I thought I didn't deserve it. I again thought for few days. When I was in school, I was never allowed to go to picnic, no parties, no night-outs, no hanging out with friends. I always somehow felt caged. I always wanted to fly freely. I thought that the freedom which I always longed for is infront of me. I will go abroad, there will be no one who will restrict me, I will have a complete authority on myself. This idea of freedom fantasized me. I agreed going to Russia. Desperation and hunger can make you do anything. That was so selfish of me. Visa was granted, I was admitted in a college, my hostel was decided, it was whole solid proof plan. I was getting everything which I wanted, but I was not happy from inside. I was feeling guilty. Something wasn't letting me sleep at night. Why was I not happy ? This is what I always wanted. Freedom, no restrictions, no limitations. But something was eating me inside. The day of departure arrived. I and my dad left for Mumbai. Whole of the while, I was thinking about my decision. I felt something was awfully wrong with me. I bid my Dad, a final goodbye and entered the airport. The boarding pass was stamped, my flight was ready to fly. I asked myself - Listen, how can you be so shallow ? You are putting your parents on stake. Just talk to mom and dad, this is what you will have to do..I know they will understand. I was standing on the air-bridge, just 15 mins before the take-off. I called my dad - Dad, I am really sorry. I don't want to go..please. He told me to come back outside the airport. I had a talk with my parents and they did understand me. One thing I learned from this - Once a NO, doesn't mean it always will be a NO. Now, I can hangout with my friends, I can attend parties, but I don't go now also. Earlier I thought I don't go because I wasn't allowed and now I don't go by a choice. Sometimes we feel that limitations and restrictions which are imposed upon us is unfair. It is unfair sometimes. But most of the time, there is a reason behind it. I think whatever things I was subject to, it has shaped me for how I am right now. Howsoever, I am right now, I would have never been better than this. I so much happy and content with myself. Just because you don't get to attend a birthday party that doesn't mean it's the end of the world. That birthday parties you don't attend, the nights you don't hangout and stay and work on yourself, will reap you benefits in future. You are just a decision away from an entire different life. Image - Google. Rabiya 💫",https://qph.cf2.quoracdn.net/main-qimg-0cc2252f6f783dd861e6bd1152a78edd-lq
Rabiya,What is something everyone should know?,"At whatever stage of life you are at right now, don't just let it go. Don't treat it like a fleeting phase. Like if you are in school right now, don't keep on thinking that when will you finish school and get into college ? Or if you are in college don't waste it wishing to be already graduated and having a job and making money. If you are single don't waste it wishing to be in love with someone. If you are old don't waste it wishing to be dead already 😜 Everything you wish for will come in due time. Things will reach out to you when they are good for you. Just wait and let things happen. There is no point in wishing about something which you will eventually get in future. There is nothing like looking back and feeling sad about those years because you were missing out on something which you already had in pursuit of hoping for something better. Ofcourse it's important to make goals and reach them at earliest, but in the process don't neglect the present because this things you have right now you won't get it again. We often ponder upon things and wish that a certain thing should happen to us right now, everything will come to you when you are ready for it. Eventually every part of your puzzle will fall in place to create a wonderful masterpiece. Just embrace the place you are at right now, it's lovely to be here and journey ahead is beautiful as well but just don't miss on stars while waiting for the moon ✨. Rabiya 💫",
Rabiya,What made you think more deeply today?,"Today I went to my university for submitting examination fees. While I was waiting for my turn to come, I said to myself- ~Don't you think you should do something, like something exciting. -But what will I do ? ~YouTube channel ? Podcast ? Your life is anyways interesting. It will be fun and exciting. -Chal Jhoothi (Ahh Liar) After giving myself tons of stupid ideas, I realized that I can do anything, whether I succeed in it or not that's a secondary thing but still if I wish to do anything I can do that. It kind of feels overwhelming sometimes. Like sometimes I feel like going somewhere out in snows and mountains. I want to cut my hair really short. I want to fly to different country and travel the world. I want to talk to strangers in the languages which I don't know. I want to ditch everyone in my life and you know start from scratch at a new place and between the people who are completely unknown to me. If we look this way, like all of us has power to do anything we want. Ofcourse there are certain limitations but still we possess a power and we can do anything what we wish to, right ? I have the power to do endless things which I wish to do but I don't do anything. I just have to start and do something about it. Like if I want to cut my hair really short all I need to do is go to a Salon, that's it but I don't do it. Most of the things I want to do I can do it today or tomorrow, it's all that can be done and achievable, this is really overpowering and wierd you know. Everyone has so much of potential to do but we don't do it. Then there are some exceptions who get up and do things what there heart desires. They do what they actually want to do. To pursue that not so common dream, to do something exceptional, to do something which is beyond ordinary, I get so fascinated about these things and I adore the people who went against all the odds and became what they wanted. I admire such people. Image - Google Rabiya 💫",https://qph.cf2.quoracdn.net/main-qimg-548e683a798d0e68dcf6b12b281c6dab-lq
Rabiya,What are you missing in your life?,"A Guy…. A guy who will always be there for me. Who will push me to achieve my dreams. Who will hold my hand when it's difficult. Who will not leave when I am hard to deal with. I am 22 almost…. I have come across so many guyz, I have received many proposals, I never accepted any. I never found a guy who has that spark. Someone who can understand me. When it comes in person, I am really weird to deal with. I have created so many expectations in my minds for my guy and sometimes I feel I will be disappointed because I don't think someone exists the way I want him to be. I believe love is not something romantic or intimate though I am a hopeless romantic ;), I think love is friendship. Someone who understands you, someone who will be there for you even at your worst. Sometimes I wish I just want to know who will be my life partner, just tell me who is he and how he is exactly ? I never had a boyfriend, I am very much happy being single but you know sometimes I feel I am missing on something. Not many would agree on my statement but I believe - Your life actually starts after you meet or get your better half. Loving someone is so sacred and meaningful to me. I can't just get into relationships just for the sake of being in it or whatever. Someone who you can talk to everyday, with whom you can share anything and everything, someone who thinks of you when he goes to sleep, someone who prays for you, someone whom you can rely on blindly, with whom you can fall in love over and over again. Love is a beautiful and amazing feeling, though I was never in love but whenever I think of Love, I smile. It excites me and also scares me at the same time. Component of love is only missing in my life right now, I guess otherwise by God's grace I have everything. Rabiya 💫",https://qph.cf2.quoracdn.net/main-qimg-2dd6e66a8aef79d1ccd67a8bff0e9d09-lq
Rabiya,What do you think of life?,"This weekend I went to Ahmedabad with my dad due to some work. We went by our car. I was sitting on the front seat. As the time passed, sun was infront of my eyes. Sun rays were directly hitting my eyes. I was kinda feeling hot. As the next toll plaza came, I went to the back seat to save myself from scorching sun. After sometime, the sun was now hitting it rays on the back seat. I thought of moving on the side of the seat but then I thought again after sometime the sun will start hitting on the other side. This time instead of changing place, I used those sun rays blocking black sheet. I asked my dad to increase the AC on my side. Minutes later the sun was on the other side of the car which I planned moving on. After this I was just thinking that this thing can be applied in real life as well. Like just because you are having a hard time or facing some problems that doesn't mean you have to move immediately or just look for temporary solutions. You have to lean to stay and try finding solutions to the problem. You have to learn to stay and witness what's bound to happen. You have to stay, work, and wait for something better. It may take time, it may cause you some pain but it will be worth it. Don't go switching sides and running from problems and magically wishing everything to turn out into something which you wanted. Life is all about Patience and Learning. Patience is one of the hardest and beautiful thing in life. It's hard to keep patience, sometimes we loose hopes but my dear you never know what's next to happen so just learn through the tough times and see the things happen. ~ Rabiya 💫",https://qph.cf2.quoracdn.net/main-qimg-c1db3abb15c39760e7ae4e1cfa1fe37c-lq
Rabiya,What is one piece of simple advice that actually changed your life?,"Main tere baare mai kya sochti hun, Tu mere baare mai kya sochti hai, kya farak padta hai yaar ? Jab tak saath hai tab tak rehte hai aise hee. Ek din toh alag ho hee jayenge. (What I think of you, what you think of me, how does that matter ? Let's live the way we are right now, until we are together. One day we will not be together anymore) So, I have 2 best friends. We are group of three best friends. I met them at university and day by day our friendship grew stronger. We are together always. Our seniors, juniors and even professors know that we are best friends. So, few months back, we were talking some random shit. One of my friend said - Yaar, we will go on our honeymoon together. It will be exciting. Yaar, our babies will be very cute na ? To which I replied - Bro, see realistic dreams na. No matter, how much we are best friends and no matter how so many promises we make to each other that we will stay together, one day this friendship of ours will be lost eventually. We will just look at each other's stories and like each other's post. That's it. To which my other friend replied - Rabiya, actually what you said is truth. Main tere baare mai kya sochti hun, Tu mere baare mai kya sochti hai, kya farak padta hai yaar ? Jab tak saath hai tab tak rehte hai aise hee. Ek din toh alag ho hee jayenge. (What I think of you, what you think of me, how does that matter ? Let's live the way we are right now, until we are together. One day we will not be together anymore) How true is this ? No matter howsoever bestfriends we make, at the end it's you and your family. Who are we fooling ? It's beautiful to make lifelong bonds but as the time passes, as we move out of college, we make our own career, we settle down in our life and make our own family. Friendships looses it's flavors bcoz we get so interwined in our own life, everyone does. This conversation remained in my mind for many days and I changed a lot after this. Like you know we unknowingly start expecting things, start dreaming about things, but eventually things change. We move on and relationship or friendships are left behind. Why to burden any kind of relationship with any sort of expectations ? Just live how you are, just stay happy in the present moment, and enjoy it without thinking about future. Now, I don't expect anything from anyone, and I am writing this is in my full senses. It's weird to not expect but once you know, once you learn how to not get attached, you eventually understand and often it makes you happy bcoz you do things without expecting them in return. The way I see people in my life is very different now. I have found new insight in my life. I have changed alot in behavior wise, emotions wise. Why to place your happiness in the fragile hands of others ? This way life is more beautiful, more happy and cheerful. No expectations, no disappointments. This is us. (I am in the extreme right, just in case, but anyway photo is blurred 😅) Rabiya 💫",
Rabiya,Can you explain your life in one sentence?,"My life is a long endless list of procrastination. I have accumulated insane amounts of things to do, books to read, movies to watch, places to explore, things to buy but for some reason I never manage to do any of it 🤷‍♀️. Rabiya 💫",
Rabiya,Who are you in love with?,"‘I hate you' - he said. But his smile betrayed the words that came out of his mouth. His eyes told all the truth. He video calls at eight in the morning, just to show me his outfit, because he thinks that he looks cute 😍. I tell him exactly what I feel about him, when he asks ‘why are you looking at me, like that ?’ It always gets impromptu, kind of gets slip, clumsy, exact opposite of how I want it to be, but the smile on his face tells that it was exactly meant to be that way. Sometimes I am afraid of telling him certain parts of mine but I tell him anyway. It's like making tea with him every morning and dancing with him along, when you both don't how to dance ? Purposefully singing wrong lyrics just to make him laugh. I am in love with his smile. But I don't know where he is ? Where to find him ? 😂. Picture from Google. Hey, If you liked what you have read so far don't forget to hit that follow button. To never miss an upload press the bell icon here - Rabiya 💫",https://qph.cf2.quoracdn.net/main-qimg-63b841bcba1fbeb965ccebaeb993d837-lq
Rabiya,"What morals do we get from the TVF web series ""Aspirants""? Which character do you like the most in Aspirants?","Spoilers Ahead. Here are my takeaways from ‘Aspirants’. Episode 1 Episode 2 Episode 3 Episode 4 Episode 5 I can relate to two characters so much. 2. Sandeep Bhaiya. “I feel like a satellite, who achieve its orbit with the force of rocket, but forgot the importance of rocket. I left it somewhere behind. I just go round and round alone in my own orbit. I am of help to the world but have got trapped in the axis.” I can relate with this dialogue so much. It gives me goosebumps. Hey, If you liked what you have read so far don't forget to hit that follow button. To never miss an upload press the bell icon here- Rabiya 💫",https://qph.cf2.quoracdn.net/main-qimg-025c08aea0faf08391b8af4cb3603e61-lq
Rabiya,What is the cutest way someone has ever proposed to you?,"~Can we meet ? He texted. —Sure, I replied. ~Tomorrow ? -Have patience. We met today only. Stop being a despo. ~Right, that's why I said tomorrow. I want to see you again tonight. But I am ready to wait for whole of the night and much of tomorrow. —Where are you copying these lines from ? They are too cheesy. ~I am serious. Don't act dumb always. I know that you also like me. --Haha, very funny. Btw what are you doing ? ~I was looking at our picture. Don't you think we look cute together ? I was thinking about us. I was wondering why you have always been so kind to me. Like so many times I fight with you for no reason, I ignore you but you never leave my side. Whenever I need you, you are always there. I am lucky to have you.You always guide me correctly. You give me good advices. Stay in my life.I love you pagal. --You are my friend na, anything for you pagle. rulayega kya abhi ? ( Will you make me cry now) You know na, I don't believe in love and relationship. I am not sure if it even exists and even if it exists for some people, it won't exist for me. But but, you think you love me, aww, cool ❤. ~ Rabiya, tell me one thing. Don't you love me ? Like seriously you don't ? Then Why you care so much about me ? —I care for you because you mean so much to me, I have got attached with you and I want to see you happy always. Don't you remember you said me that you don't want that we develop feelings for each other, the very first day we met. I promised you that it will never be from my side. You only wanted only f-----friendship right ? ~ Yes, I did, I do and I do want to be your friend. I want to be the friend you hopelessly fall in love with. The one with whom you can share anything and you do that, right ? The one you take into your arms and into your bed and into the private world that you keep trapped in your head. I want to be that friend. The one who will memorize the things you say and will notice the shape of your lips when you say them. I want to know every inch, every frickle and every shiver of you, Rabiya. --🥺🥺🥺 Why you keep building things up. Why you didn't tell me this earlier. You are mad, okay. ~I think I am losing it. I don't know what's happening, what happened but when I look at you, I keep looking at you. I love you so much. Not because of anything that you've said, or done or anything at all. I look at you and I just love you, and it terrifies me. Please you have to tell me.. tell me that I am not crazy. Isn't this the cutest 🥺 ? I also wanted to tell him that I do like him, but before I could say anything, I realized that it was too late. . . My alarm started ringing and I got up from my sleep 💤 . . Lol 😂 Hey, If you liked what you have read so far don't forget to hit that follow button. To never miss an upload press the bell icon here - Rabiya 💫",https://qph.cf2.quoracdn.net/main-qimg-8b408c7aa48abd4fa40bba6cf365a283-lq
Rabiya,Who do you miss the most?,"Every cool breeze of air, reminds me of him. Every flower of rose, I can smell him in it. Every song in my playlist, has him in it. Every moment I live by, he is with me always. He gave me forever, in a short period of time. I think when you truly love someone when he is always there in the back of your mind. Like he might not be there in person but you wish he was there with you all the time. Right now I just wish if I could laugh with him, gossip with him, smile with him, hug him, hold him tight, pull his cheeks, run my fingers through his hairs.I honestly wish I could do so many things with him. I just want my dopamine levels to go silly all over again. Isn't it crazy ? You can have so many feelings for one person. You see everything in that one person. Love is a very weird feeling but it's the most amazing feeling in the world. When he texts you ‘ I Love you’ or calls you out of the blue. Your heart pounds and eyes lights up with the joy. It's crazy. It's been more than a year, but still I love him and why will I not ? we were together for four freaking years. Like most amazing years of my life. I wish I could just go back and fix things up. I met him in Mumbai, while I was there to study for medical entrance. One day out of nowhere, we crossed each other at the coaching classes and we started talking. We happened to be from the same city, same area. It felt like I found someone who was a home to me. Staying away from family is something which you can't describe. Somedays you miss them most when you hit the rock-bottom. We were always there to support each other - emotionally, mentally. We saw so many things together. We explored Mumbai and nearby cities -Lonavla, Pune, Nashik, every weekend we had such road trips. We have enjoyed so much. We have so many memories together. Those deep emotional talks at Marine Drive, Shopping at Lokhandwala, Finding hidden cafes at Pali Hill Road, Long walks at Colaba Causeway, we have seen it all together. If I have to write about us, our moments, I can write endlessly without lifting a pen. Friendship turned into Love. But we never changed. We were the same. Two stupid, idiots working their ass off on weekdays and having literal shit fun on weekends. First relationship, first boyfriend, I was his girlfriend, he was my love, he is still my love. Everything was going well. We appeared for entrance. I bagged a seat in a government medical college but the field I got didn't interest me. He never wanted to be an engineer, but did it for the sake of his parents. We came back to our city. I took admission in Law School and he went to New York for his studies. Who the kucf says long distance doesn't work ? It does work for sure. With right person everything works. You know what's the most beautiful feeling in the world ? To be loved by the same person so intensely and purely whom you love the most. It's the most beautiful feeling in the world. Last year, he came back from New York due to Covid. I saw him after almost a year. That hug at the airport, still gives me chills at the bone, everytime I remember it. We were together again. My favorite picture of us together ❤. Our relationship was as beautifull as a movie. We have sweetest of lifetime memories. We have done everything together, watching a stupid flop movie to prepping for exams, we have seen it all. I still wear that ring he gave me with our initials carved together. He still wears the hoodies and jackets that I gave him. I saw him yesterday only,wearing black hood that I gave him. He still has our picture as his wallpaper. It's our childish ego that is keeping us separate. We both are still stuck at the same page. We haven't moved on. One day I asked him, how much he loves me ? He sent me this - He is the most cutest and most sweet person, I have come across. I was very lucky to have him. I took him for granted. I messed up our magical love story. Aasan hai kya aisi mohabbat karna, jiske badle mohabbat na mile ? Is it easy to love someone unconditionally, when you know you will never get the same in return ? Is that love easy ? It's very weird feeling you know. To love someone whom you never saw, you never met, you never spent a second with, you never known each other, you don't even know if he even exist ? To know what love is, when you never had one. To know what a relationship feels like when you were never into one. To know what heartbreak is, when you never gave your heart to anyone. It's weird and stupid sometimes. P.S. - I was never into a relationship. This is just a figment of my imagination. Picture from Instagram Hey, If you liked what you have read so far don't forget to hit that follow button. To never miss an upload press the bell icon here- Rabiya 💫",https://qph.cf2.quoracdn.net/main-qimg-852167f83d38e214c1d7b0baabb36aa4-lq
Rabiya,What is crazy?,"It's crazy isn't it ? How two humans are just made for each other. How when they meet, they just connect. How when they hold each other's hand, it perfectly fits and locks. How when they hug, their faces just fit right above the shoulder. How when they come close, their heart just beats in each other's ears. How they know each other's pain without words. How they talk with those signs of eyes. How they endlessly smile at each other. How that heart keeps pondering love. I believe that it's not a coincidence how two souls perfectly unite and hold on to one another. They were just designed to love one another. Zamaane Mai Tanhaaiyon Ka Aalam Toh Dekhiye, Hum Khudko Taakte Hai, Le Le Ke Selfiyaan. ~A.K. Hey, If you liked what you have read so far don't forget to hit that follow button. To never miss an upload press the bell icon here - Rabiya 💫",https://qph.cf2.quoracdn.net/main-qimg-b2a5095a16951084f79a32bffad8f14e-lq
Rabiya,What are you afraid of and why?,"I am a cancer survivor. You know, when I was undergoing my surgery, my husband died of a heart attack. I lost my son, in an accident few months back. He was just 23. Said a lady in her late 60s, I met last week. She was smiling with all her will, very cheerful and had positive outlook towards life. I was amazed as to how she was surviving in such an extreme conditions, that too with so much courage and positivity. I was touched. She was a retired judge of a Sessions court and I being a law student, we talked alot. I told her about my plans and dreams. While she was about to leave, she took out a page from her purse, wrote something and handed me. You are an ambitious and intelligent girl. Your dreams are very beautiful. You have biggest of potentials. Your attitude is your biggest asset. Never loose it. All the very best !! Keep shining. I was deeply touched by this gesture. I certainly remember, few years back I went to Dubai, and I met an uncle there at the hotel. He always used to smile and wave at me. On the last of the trip, he came to my Dad and said, Your daughter has biggest capabilities to outshine others. I see in her a spark, which is already lit. She has a way to go. She will make you so proud one day. I am a dean at this XYZ university. Send her at my university, and I won't ask for a penny. We never had a conversation with this uncle. But, I don't know, what he saw in me and said such things. What afraids me ? What if… Someday, I don't see the potential in me, the way people see in me. I just don't rise after I fall. I turn out to be a disappointment to my parents. I am unable to give what ai owe to my parents. I just can't keep with the promises I made to myself. I just loose hope in everything. I just don't fight the odds and give up on things. I stop chasing my dreams and do nothing. I waste all of my potential and become worthless. Every step I move is taking me away from my goals. I don't know, but there such so many similar thoughts that keep hitting me, everytime I think about my career and future. Like you know that future is uncertain, there are somethings that are totally out of your control, but still you keep thinking about them. Howsoever you are confident about yourself and your plans, there is certain unrest inside you, which keeps haunting. A certain longing which is undefined. There is always a fear of failure and disappointment. Each moment is passing by and is never coming back, still sometimes I just let the time pass without doing anything, when I know each second I waste is taking me away from my dreams. Strange !!! Hey, If you liked what you have read so far don't forget to hit that follow button. To never miss an upload press the bell icon here- Rabiya 💫",
Rabiya,What are some of the best feelings in life?,"Happiness and pleasures don't have any definition. So, better you create your own. Life is pretty small, stop living in your past, let people go who don't want to stay, take yourself off from the people who don't value you. Just be yourself. What goes around, comes around 💫. Hey, If you liked what you have read so far don't forget to hit that follow button. To never miss an upload press the bell icon here - Rabiya 💫",https://qph.cf2.quoracdn.net/main-qimg-1a8c00132310bb082985e888148253a0-lq
Rabiya,How can I force myself to study?,"Open your phone and start scrolling. Seriously, if you need to force yourself to study then please don't do it. How long will you force yourself to study ? For 2–4 hours, okay ? Then what after that man ? Do you need to force yourself to use phone ? Do you need to force yourself to play games ? Do you need to force yourself for wasting time ? Most probably no, right ? Why, because you like doing it. You are somewhere subconsciously attached to it. I am a 3rd year Law student, believe me, there are days when I don't even feel like opening a book and studying. There are few subjects which I just hate them for no reason at all. But you know what ? I still study everyday, I still score good in the subjects I hate the most. Why ? Because no matter how much I waste time, no matter how much I run away from a particular subject, at the end of the day I will have to study it. Do I have a choice ? Imagine two scenarios, you are sitting in the examination hall - Which one is more scary ? Ask yourself. In which of the above scenario you want yourself to be ? Most importantly, you should have that one damn reason to study. You know what that reason is ? Your dreams. Your dreams are the only reason you need to study. Because no matter how much you say - A single sheet of paper can't decide my future then trust me, don't run behind that other sheet of papers called ‘degree' and ‘money'. Your dreams, your goals, your targets should scare the hell out of you, It should scare you so much that you no longer press that snooze button, You no longer need to ask yourself that - Am I in a mood to study today ? You no longer get distracted by the internet world. Your dreams should hit you like a train, once you miss these train, it's never coming back. You know, I have appeared for examinations with only 45 minutes of sleep. My eyes used to get shut while reading, I have drank black coffee whole of the nights, my parents used to scold me for not sleeping, but did that stop me ? No, because it's Now or Never. Just start. Start is always confusing, start is the hardest. But once you start na, then there is no coming back. Easiest way to study is to open the book and start studying. Get that shit done, man. Raftaar, Pagalpan aur Junoon, har din itna dhamakedaar ho ke tumhe apne dil ki dhadkan apne kaano tak sunayi de. (Speed, madness and passion, should be so big that you can hear your own heartbeat in your ears). Hey, If you liked what you have read so far don't forget to hit that follow button. To never miss an upload press the bell icon here- Rabiya 💫",https://qph.cf2.quoracdn.net/main-qimg-2093190ef626752b11ff2880646ffbd6-lq
Rabiya,What is the best piece of advice you could give someone about life?,"Last week, I was having lunch with my friends at a restaurant after we were done with our university work. We were simply cracking jokes and laughing that's when I realized something. I stopped laughing and I was just looking at my own reflection that I could see in the glass which was infront of me. I realized that - Life is nothing but moments. That jokes we cracked and laughed about were moments. Moments come and go. Life is all about moments. That fight you had with your best-friend, that whole night you stayed up for a project, that frightening moments before a interview, everything is just matter of few moments. Those days you spend talking to a guy you thought you would end up together was just a moment. That exam you failed, that race you never won, that presentation you messed up, that game you lost is a moment. Those nights when you cried to sleep, that phases of loneliness, that day when you were just crying aloud sitting on the floor, everything is moment. Every high and every low, every up and every down and everything in between is moments. You may remember these moments or you may even forget them. But you know what ? You will always remember the people you spent your moments with and the way you felt. The way she made you smile, the way she was a light in the darkness of your boring life, the way she was a cool breeze of air, that patch of happiness she was, the way she cared for you, the way she gave you all of her attention, the way she made you feel special, everything was a moment and it passed. All of these moments, people and the way they make us feel makes bigger moments called Life. All in all, life is the collection and combination of these moments. So, appreciate the moments you are given, and people with whom you share those moments, because no matter how happy or tragic a moment is eventually it will end. So, Hug a little tighter, Smile a little more curvier, Cry a little louder, Smile a little harder, Forgive a little quicker, Care a little more, Love a hell lot more deeper. Because these are the moments you will remember one day, when you will be sitting on your arm chair and will be counting days, these moments will come across as a flashback infront of your eyes, and only thing you would regret - I wish I could just go back and live a little more. You would want to rewind. Nothing lasts, everything passes, better enjoy it before it's gone. Hey, If you liked what you have read so far don't forget to hit that follow button. To never miss an upload, press the bell icon here- Rabiya 💫",https://qph.cf2.quoracdn.net/main-qimg-17375a2d7eb6290c4a09d4686089a1ad-lq
Rabiya,What is one ridiculous reason for which you got kicked out of class?,"So that day I was late for the third time consecutively. I was late by 30 freaking minutes. Still I had that courage to go and ask for the permission to sit in the class,besharam (shameless) me 😂. So, I asked to sir, May I come in sir ? He just gave me a very angry and weird look and let me in. I was his favorite student 😎 (shabash me). Also, that weird look the whole class gives you when you enter late is so horrifying, like for few seconds everyone's eye is on you. Students stare at you as if you committed a crime. As soon as I sat on my place, my friend looked at me and she smiled. I smiled back. Now, after 5 mins she again looked at me and smiled. I just don't know what happened to me, I started laughing. I have serious disorder of controlling my laugh. I just can't stop laughing. I can even laugh without any reason paglait (insane) me 😂. Meanwhile sir was like - Rabiya, you already came late for the class and why are you laughing ? Don't test my patience. I was like - Sir sorry. I won't repeat it. After saying this sentence, I started laughing again 😅. Sir - Rabiya, you just get out of the class. I think you didn't sleep well at night. You go home. I - No sir, please sorry. Sir - I said get out of the class. Right now. Seriously, who throws student out of the class for laughing ? Huh. Fun fact - I once laughed so hard at a funeral as well. I just can't control laughing 🥲. Any tips for controlling laughter at serious situations ?? Hey, If you liked what you have read so far don't forget to hit that follow button. To never miss an upload, hit the bell icon here- Rabiya 💫",https://qph.cf2.quoracdn.net/main-qimg-b487143629ce65024ddc8c746aeee3cc-lq
Rabiya,What have you found out today?,"Today while I was just randomly going through the garden of my apartment, I found a ring which I lost a month back. It was utterly unexpected, and I found it when I wasn't even looking for it. I became so happy and I started laughing and my sister took this photograph, it is actually candid 😂 And you know what sometimes like you have lost your favorite T-shirt in the cupboard which is full of clothes or any other random item and while you are just looking for it, you come across something else you once lost and even forgotten about it. Well like whatever it was, at one point of time you stopped searching for that thing, may be because you thought you actually lost it or you found a alternative for it and we easily forget about that thing as it was not even there. It is almost like it never existed before, until you discover it all over again. Like this I guess, everyone has an inventory of all lost things actually waiting to be found. It is lying somewhere just around but it is out of sight, and it's still there to be found, to be acknowledged for the value it added once in your life. I have whole bunch of my ID cards from school. It lying somewhere in the storage, but is useless now. Once it was really important. I just kept it as a memory. My mom tells me that you show it to your kids when they grow up, just to show them how you looked in your school days 🤭. I think this where I belong - among all your other lost things like, A crumbled letter lying somewhere between the pages of the book, An old photograph lying somewhere in the drawer. I hope someday you will find me and remember what I once meant to you like any other lost things. Hey, If you liked what you have read so far don't forget to hit that follow button. To never miss an upload press the bell icon here - Rabiya 💫",
Rabiya,What are some of the best life tips?,"Hey, If you liked what you have read so far don't forget to hit that follow button. To never miss an upload, hit the bell icon here - Rabiya 💫",
Rabiya,What are the lessons people most often learn too late in life?,"We spend our twenties trying so hard to be perfect. Peer pressure, following trends, major FOMO's, conventional standards, etc. because we are so worried about what people think of us. We always try to act cool, Just agree with a group of friends even when actually we don't, Comply to those preconceived notions just so that we don't stand out among the rest. We try to get the attention of that hot girl/guy, do silly things to impress him/her, go head over heals for someone, just to get noticed by that one person. But later we realize it was not all worth it. Then people get into their late twenties and thirties, Try to find a decent and loving spouse, build a family together, still that society haunts us every other day. Still there is a bug inside you to live by the standards set by society. People meeting the societal norms get into their fourties and fifties, yaa now finally they just start to be free. Because by now they have realized that ‘ No one gives a damn about us'. Now, comes the best part, sixties and seventies, many just don't witness this phase, but nevertheless, People just finally realize this comforting and liberating truth - No one was thinking about you, anyhow. They aren't thinking about you. They weren't thinking about you. They never will think about you. People are mostly thinking about themselves. Everyone is just thinking about their own self. No one even gives a flying fxuk to you. People just don't have the time to think about you, to worry about you, or what are you doing and how well are you doing ?. People are caught in there own dramas, they are busy with their own shit. People's attention may be drawn to you but it won't last long. What's the lesson people learn too late in life ? Nobody is thinking about you. No one gives a damn about you. So, start living the way you want to, don't live in illusion of this societal judgements. Go to hell people, go to hell society. It's your life, It's your canvas, Paint it the way you want to. It's okay if your sun isn't yellow, If your sky isn't blue. If your dessert isn't dry, It's completely okay. Add your own sparkle and glitter to your masterpiece. Hey,If you liked what you have read so far don't forget to hit that follow button. To never miss an upload, press the bell icon here - Rabiya 💫",
Rabiya,What do you do to motivate yourself when you are about to give up?,"Let me tell you a incident which happened today morning. I kept water in a container on a gas stove to boil for my green tea (not a health freak, okay) After few minutes the water started to simmer and was on the verge of boiling. Accidentally I turned off the main supply of the gas stove and the water which was about to boil, settled down. I turned on the main supply again, and water boiled and I had my green tea. Now, let me tell you I am a keen observer and also an overthinker. So here you go. After the above scenario, I started to think - How the water that was about to boil, settled down just because supply was cut for few seconds ? What if water had a capacity to boil itself (please bear with me) ? and many such similar questions. After few hours I realized the rocket science 😂. Water for boiling was dependent on a external source, and as soon as the source was cut, even for a few seconds, it stopped boiling. Similar is the case for motivation. You can watch hours and hours of motivational YouTube videos. Listen to the success stories of a billionaire or a struggle of a student who outperformed everyone. Motivation can be found anywhere. Motivational videos are everywhere like it's confetti. But does this motivation lasts ? It may last for few hours, or few days or even few weeks. But, what after that ? As your motivation goes down, your efforts, productivity everything declines, right ? This is inevitable. It has to happen. As long as you seek external motivation, one day or the other it will fade away. So, why not have some internal source of motivation ? Why not burn the fire inside yourself, so that no external thing can extinguish it ? At the end of the day it all depends on how eager you are to achieve your goals ? How desperately you want them to be true ? How badly you want your dreams to become your reality ? How passionate you are towards your goal ? Why is there a need to have somebody or something to motivate you to work hard ? Why do you want someone to push you towards your goal ? Can't you do that for yourself ? If you depend on the external sources of motivation, you will not be self- relied. Every morning you will be needing something or someone to motivate you, to make you get up from your bed and start working. If you ever feel to give up or someday think that you are low on your motivation - Just imagine yourself achieving that goal, just imagine the smiles of your parents who would be more happier than you, just imagine you living your dream life. That's what you call an internal drive, drive which accelerates you to move ahead, ahead of others and that internal drive will lead to the most beautiful destination of your dreams. This is how I motivate myself. Just imagining about living my dream life, me having what I always wanted, those smiling faces of my loved ones. Just this is enough to motivate myself. If you are the hardest worker in the room, then you are in the wrong room. Hey, if you liked what you have read so far don't forget to hit that follow button. To never miss an upload, press the bell icon here - Rabiya 💫",https://qph.cf2.quoracdn.net/main-qimg-3d5660481c1af971934dcd3705eba8bc-lq
Rabiya,What are the top ten reasons why someone should date you?,"I am not open for dating or relationship. Just writing this answer for fun. Also because, (mujhe khudki tareef karni hai, koi karne wala bhi nai hai.) I want to praise myself, because no one will praise me So, better I do it by myself 😂. You still reading this ? Awww… It's okay, if you like me. I know I am good enough to be liked by someone 😌. That's it, you can go now. Bye 👋 😂 Hey, If you liked what you have read so far, don't forget to hit that follow button. You think you are missing on my answers lately, hit the bell icon here - Rabiya 💫",
Rabiya,What thing made you feel both happy and sad?,"Yesterday I was standing in my balcony and kids were playing in the apartment's park. All these kids were just lost on their own, as if they exist to play and enjoy. How innocent 😇. I just said in a very low tone, Kids, just enjoy these moments you have right now. Once you get into adulting, life will be different. You won't be a kid anymore. I just saw myself in those kids. Few years back I was in there place, playing without any worry, dancing freely on the streets with no fear of judgement, expressing my heart out. I just missed the innocence in me. How do we grow up all playing and enjoying and suddenly one day we just stop living and start existing. Remember the innocence we had ? I am happy that I have grown up but it makes me sad that my perspective towards life has changed completely. We don't find joys in small things. We always look for something big and huge to be happy. My best memory from childhood is making those sand castles and playing with sand. I did it, not because other kids were doing it or I was getting a FOMO or I wanted to click selfie while doing it. I did it because I liked doing it. It made me happy. That's it. No 10 other reasons were required for doing it. Now, the insecurities, self doubt and being my biggest critic changed lot of things. I just can't go and play in sand anymore cause - Abhi bhi bacchi ho kya ? (Are you still a kid ?) Log kya sochenge ? (What will people think ?) I feel sometimes, if my bachpan (childhood) self would see me like this, what will she have to say ? She would just throw a soft toy at me and would pull me to a heap of sands. Sometimes, just ask that what my younger version would have done in this situation ? Let the child inside guide you sometimes through situations. Let the small kid in you show you path sometimes. Ohh so much of Nostalgia. Hey, If you liked what you have read so far, don't forget to hit that follow button. You think you are missing on my answers lately, click the bell icon here- Rabiya 💫",
Rabiya,How do you know if someone cares about you?,"*Just after 5 mins of reaching at University, when Mom calls* -Beta, you reached ? ~ Yes, mom. Sorry, I forgot to call you. I reached before 5 mins only *When I am just about to leave, I hear my sister coming hastily* -Rabiya, you forgot your mask. Take it. ~Ohh, I hate you sister ❤ *When my dad sees me studying very early in the morning* -Were you awake whole night ? ~ Yes, dad. Just studying for exams. -Have sufficient sleep. Don't take too much pressure. Your health is more important. *When my best friend calls me out of nowhere* -Rabiya, are you okay ? ~Yaa, I am fine. What made you think, I am not fine ? -Just, I felt you are not okay, so called you. ~I am fine. Love you. *When my househelp arrives* ~Happy holi aunty. I will wash the utensils today and will also do the mopping and dusting. You take leave for today. -Arre beta, you told this is enough for me. Why will you do my work ? You know no one told me this today. You told and you cared, means a lot to me. Thank you Beta. ~It's okay aunty. You are precious to us. Thank you for everything you do. *When I and my friend go to different places for internship from university* -Rabiya, I will miss you 🥺 ~ Haww, but I will not miss you 😂 -Katti. I love you. ~I hate you too re pagal. Be grateful to the people appreciate your presence around them. Hold them tight. Never let them go. Hey, If you liked what you have read so far, don't forget to hit that follow button. You think you are missing on my answers lately, hit the bell icon here - Rabiya 💫",https://qph.cf2.quoracdn.net/main-qimg-a79c1a437de0ee24ae516d91ec241d9d-lq
Rabiya,Who is the best person you have come across on Quora?,"Someone really really SPECIAL ❤💜 So, I started writing by the January end on Quora. I met this person during this time only. I was not this serious about Quora those days. But, this person liked what I write. Then to impress that person I started writing daily, daily. I tried my best to upload regularly. Then, you know the drill, *friend request exchanged and accepted* From complete strangers to friends, friends to best friends, it changed quick. We started talking daily. Those heart to heart conversations. It became a daily affair. I was like why I didn't discover this person earlier ?How awesome and best this person. Reads my mind and soul which no one ever did. I was just feeling lucky and blessed to have this person in my life. I thought I can spend my entire life with this person, even if I have no one, just this person is enough. Soon, I realized that I have fallen for this person. Infact, it was a mutual feeling. We both started liking each other. I fell in love for the first time in my life. This feeling was different. Something which can't be put in words. Often we have late night conversations, deep emotional talks, late night drives, chai dates, dinner on weekends, I cook for that person, I do everything to make that person feel special and important. Chalo yaar, ab bata bhi do. (Come on just tell) Whom you met ? . . . . . . So, that person is none other than - . . . . . . . . . . . Rabiya 💜❤🌸🌼💜💕🌸🌼🌸🤍 Yes, that person is Me. I met myself while writing at Quora. Earlier I never listened to my thoughts. I never knew what mess my mind thinks of. Writing was just my way of putting my mess into words. I didn't even know if I would be even able to put my thoughts into something which can be understood. But I am glad, I tried. I feel peace after writing here. So many people reached out to me and said they also feel the same, but they don't know how to put it in words. They say I have become voice of their thoughts. Many people tell me that they get inspired by my writings. I never expected such response. I never expected this much of love. Today, we complete total of 2 months and 7 days of successful writing on Quora with 1.5 Million Views and 1000+ followers. Thanks to each one of you, who were with me in this journey, thanks to them also who will join later. Let's grow together guyz. Cheers 🥂. I fell in love with myself. I found a voice which always wanted to speak, but often went unheard. I discovered myself in this 2 months. Sometimes, I just read my own answers and I think how can I write all of this, stuff ? I never imagined I can pen my words or thoughts this way. I write because it makes me feel like someone's listening, -or am I finally listening to myself. I will call you baby, You are my friend, I am your lover up until the very end, Let me show you love, ohh I don't pretend, Don't… don't you worry, I am that somebody, who will love you at your worst. You ain't perfect but I know your worth. Hey, If you liked what you have read so far, don't forget to hit that follow button. You think you are missing on my answers lately, hit the bell icon here - Rabiya 💫",
Rabiya,What is the best advice your father ever gave you?,"Never trust boys. One day during normal conversation, out of something my dad told me - Never trust boys. They come, they stay, they play and when they are done, they leave. -So, whom should I trust Dad ? Trust the man of his words. -How do I know, if he is man of his words ? Watch out on his words and on his actions. If both contradicts each other then he isn't the right one. Not everyone is the way they pretend to be. *Same applies for girls too* Image source- Google Hey If you liked what you have read so far, don't forget to hit that follow button. You think you are missing on my answers lately, don't forget to hit the bell icon here - Rabiya 💫",https://qph.cf2.quoracdn.net/main-qimg-d8c453dd1c9623e0ede33c102d990063-lq
Rabiya,When did you realize that you had grown up?,"Yesterday I and my mom went for COVID-19 Rapid Test. We were getting all the symptoms. We reached the hospital. I parked the car on the opposite side of road. We were just about to cross the road, I realized someone just hold my hand from behind, I looked and, That was my mom. When the nurse was about to put the Covid testing strip into the my mum' nose she looked at me and said- Rabiya, come here. Hold my hand. I am afraid. When we were waiting for the reports in the waiting area, my mum became very emotional. She was worried. I consoled - Mom, why are you crying ? Everything will be alright. Just relax. Thankfully, we both tested negative for covid and we got back home. While I went to bed last night, I realized the reversal of roles, Until yesterday, I was the one who hold the hands of my parents while crossing the road, I was the one who was afraid while getting an injection, I was the one who was consoled by my parents. But the sides have swaped now. I am no longer a kid. I am no longer that little girl, I have grown up. My upbringing is done in the most beautiful manner. I was never considered a fragile flower, rather I am that typical touch me not flower. I can drive, I can cook, I can get out of the house even in the middle of the night if it's required. My parents have made me a strong girl. My parents have always heard from the people that Ohh, you don't have a son. What will you do ? It's better to have a son. I never agreed with such thought process. I have always made sure that my parents should never feel that - they don't have a son and for that matter my parents never realized the need of a son. I was just thinking, I am 22 now. By the time I complete my graduation I will be 24. Eventually I will get married. I will have to leave my parents and go. My time with my parents is not much left. Just 2–3 years may be. Time for the good bye. This hit me like a train. I was just wondering, how my parents will be alone in their old age. I just wish I can stay with them forever. I always tell my parents that - I am never getting married, never leaving them alone. Last night I was convinced that those people were right. It's good to have a son as well. Because eventually daughters get married and they leave their parents. I was just thinking I wish I had a brother, at least he who would have stayed with my parents till the end. These many thoughts kept me awake for so long last night. I was just wondering that if I could pause this time or I could delay the ageing of my parents or if I could just change my gender. Such thoughts hit me very often and I find myself in a dilemma of situations. It's funny, how day by day nothing changes, But when we look back, everything is different. Hey, if you liked what you have read so far, don't forget to hit that follow button. You think you are missing on my answers lately, hit the bell icon here - Rabiya 💫",
Rabiya,What fascinates you?,"Yesterday I was just planning my studies, like I have to complete the syllabus before the scheduled exams 🥺. I made TimeTable stuff like for 90 minutes, writing every detail, (I can never in my entire life, follow the timetable) Anyway, after I was done planning my studies, a strange thought suddenly hit my mind. I started thinking - Rabiya, you made this whole timetable for 90 minutes and planned for like 2 months, but what you just don't get to reach at the end of these 2 months ? What if the building I live in collapses ? What if I die in a road accident ? Then my heart answered me - No matter the situation, tomorrow is never guaranteed. But there is always a HOPE, that keeps you going. Everyday I plan for future, but do I even know, how tomorrow will unfold ? Still there is a hope that everything will workout as planned. Every night I go to bed without any assurance of being alive the next day, still I set an alarm to wake up. There is a hope that I will be blessed and see the new day and new morning. Everyday I wait for the message from my crush (ahem ahem), he doesn't even have my number. Look at the height of hope, literally 😂. There is a hope that out of nowhere my crush will message me… Lol. What fascinates me ? HOPE - This four letter word fascinates me. A child sleeping in a cradle to a man on a death bed, A person living on a street to a person living in a mansion, A student struggling with assignments to a bachelor juggling with a job, No matter the person, no matter his age or sex or position or status, every human dwells on one concept that is HOPE. We hope that at the end of the dark tunnel, light is waiting for us, We hope that at the crossroads, a new path is yet to be taken. A very simple thing Hope, which we doesn't even know if it exists ? If it is even real, or is it a feeling or is a thought or is it a concept ? We don't know anything, still we Hope that there is a thing like HOPE which exits. Fascinating, Isn't It ? Hopping on the Hope 🤠. Hey, If you liked what you have read so far, don't forget to hit that follow button, You think you are missing on my answers lately, hit the bell here ~ Rabiya 💫",
Rabiya,What bothers you?,"It's really bothering to see how we all are in a rat race to be our perfect self, while our perfect version of ourselves isn't even ours. We look to the celebrities or influencers and we try to be like them. We think of their version to be perfect version of ourselves. That version of theirs we want it to be ours. Strange, right ? We keep running behind those conventional beauty standards. But do we even realize - How beautiful our morning face looks ? How beautiful our messy hairs look when we wake up ? How mesmerizing we look when we are just about to breakdown, eyes filled with tears ? How cute our sweaty face look after that last set of squats ? How sweet do we sound, when we are breathing heavily after climbing up the stairs ? How imperfectly perfect are we ? Our clumsy tee, that morning face, cute chubby cheeks, not so visible jaw line, our piercings, moles, pores everything adds to our beauty. Just because - There are pretty people that doesn't mean you are ugly, There are cool people that doesn't mean you are uncool, There are smart people that doesn't mean you are dumb, There are skinnier people that doesn't mean you are fat. And you know what ? The truth is- Someone someday will come in your life and will love you just the way you are. For them your looks will not matter, you will be absolute perfection to them. They will touch your soul in a way, no one ever did. They will look at you beyond your imperfections. They will fall in love with every inch of you. Untill that happens, don't hesitate to love yourself. There is a hope waiting for you in the dark, You are beautiful just the way you are. ~Alessia Cara If you liked what you have read so far, don't forget to hit that follow button, Also you think you been missing on my answers lately, hit the bell icon here ~ Rabiya 💫",https://qph.cf2.quoracdn.net/main-qimg-260837b812a1be7b64ed5e38f94373a2-lq
Rabiya,What is the worst feeling in a youngster's life?,"You are sitting around consciously scrolling through your phone, You are fully certain that you are procrastinating, You are over aware that each second that passes is a waste of time, You still pass hours and hours, You still procrastinate and you are crazy, You just can't stop wasting time, Your creative and intelligent brain is trapped inside a lazy body which refuses to be productive, Inside your brain is screaming at you, It's begging you to just open the book and start studying, But outside you are just scrolling through the phone and reading this useless answer, instead of doing some productive work. Can we just agree that this is the worst feeling ever? Getting this so much lately 😫😭 ~दिल ये निकम्मा बाज़ ना आये. Hey, If you liked what you have read so far, don't forget to hit that follow button, You think you have been missing on my answers lately, click the bell icon here - Rabiya 💫",https://qph.cf2.quoracdn.net/main-qimg-309ada4f360a019a0c4a118e7d5ee76c-lq
Rabiya,"How would you complete the sentence ""I love it when ____________""?","I love it when you call me señorita I wish I could pretend I didn't need ya But every touch is ooh la la la Hogaya? Nexxxttt. Hey, If you liked what you have read so far, don't forget to hit that follow button, Also you think you are missing on my answers lately, press the bell icon here ~ Rabiya 💫",https://qph.cf2.quoracdn.net/main-qimg-95afa65c008978e237437755b57f0853-lq
Rabiya,What is something that adults always get wrong?,"And most important for parents If you liked what you have read so far, don't forget to hit that follow button ~ Rabiya 💫",https://qph.cf2.quoracdn.net/main-qimg-bb8562e5fe07bd02a97b5c0e4c819d27-lq
Rabiya,What's the biggest thing you've ever changed your opinion about?,"When I was a kid, I used to become so happy while seeing a Airplane ✈, I will become Pilot and then I will travel world. I will be happy. (P.C - Instagram) When I grown up little, I used to get filled with power when I saw police officers fighting in a movie, I will become a lady police and then I will catch all the theives. I will be happy. When I was a teen, I was so attached to my school, I used to say, I will become a teacher and will do job here in my school only, so that I can relive my moments here everyday. I will be happy. 3 years back, I appeared for medical entrance, I used to think, I will become a gynecologist, I will never charge anything from a poor patient. I will be happy. Then, I took admission in Law school and said myself, This is it, I will become a lawyer. I will fight for the people's rights. I will be happy. 1 year back I decided to give a entrance exam, which is due in few months, I said myself back then, Just clear this entrance, life will be set. I will be the happiest. What's the biggest thing I have changed my opinion about ? If you look at the above examples, through out this many years I always looked for happiness in something external, something which is outwards. But then this few months of lockdown really took a toll on me[1] and then I realized one thing, If you look for happiness in something external, you may never get it. Happiness always begins with you. Everything you do, should revolve around you. Happiness is never external, it's something which comes from inside. Never make happiness as a by product of something. And if you are happy from inside, you will be able make people around you happy as well. Sometimes you realize you had a thing that kept you going, But when you really understand that the whole thing was lie all the time, it hits you hard. If you liked what you have read so far, don't forget to hit that follow button ~ Rabiya 💫",https://qph.cf2.quoracdn.net/main-qimg-f8c488a198b709d34c6304b654526b65-lq
Rabiya,What hurt you today?,"*Software update available* This notification is popping on my screen since a week now and everytime I push ‘ Remind me later'. This thing took me into a deep thought. Yes, guys I overthink 🥴. How often our life tells us to update ourselves ? How often do we push ‘ Remind me later' button to our life. You know while our phone is updating you can't use it for the time being it is updating. It requires some time, it requires to be kept aside for some time. Same goes with our life. Life asks us to update ourselves. Our life asks us to stop, so that we can be better. Our life asks us to rest for a while, so that we can come back stronger. Sometimes, we get caught with so much rush going on in our life. We keep pushing ourselves everyday, to work hard, to give our best. That's a good thing though. Everyday when I get up in the morning, I say to myself - Rabiya, only 1 upload for Quora today. But at the end of the day, I upload 2 or 3 answers everyday. Sometimes I just not feel like writing, I feel drained but still I push myself to write. If you are strong enough mentally, you can push yourself physically to any extent. Our body is capable of doing anything, it's just our mind that plays game with us. Sometimes our body and mind needs to shut. Shut for good. Shut to bounce back harder. Give your body and mind the peace and rest it deserves. Also, today wi-fi was not working. My younger sister, she used her daily data limit and took the hot-spot from my phone just to watch some memes and useless videos. She exhaust my data too. You will encounter lot of people in your life, who don't require your energy or your attention. No offense to my sister though 😂. Some people will just encounter you and drain the shit of you. Be mindful of the people whom you give your attention and energy. Some people will just exhaust you and leave. Sorround yourself with the people who provide true value to your presence. What hurts me ? How often we get lost into finding the purpose and meaning of our life ? Hell lot of times, right ? We are always focused on reaching a point of our journey, some worthwhile goal or some sort of happiness. We often ask - When will Life happen to me ? In this, we have failed to realize that this journey we are onto, is itself a life. Here happens Life everyday. Let's be thankful to ourselves of how far we have come and embrace the journey we are onto. Now, after I am done writing this answer, I realized that I overthinked alot about that notification. I hope this answer makes sense. Maybe I am not sure. If you liked what you have read so far, don't forget to hit that follow button ~ Rabiya 💫",https://qph.cf2.quoracdn.net/main-qimg-e5b47e7594c712e0a0fc644c7f73c6d5-lq
Rabiya,What are some unwritten social rules everyone should know?,"Most important one, very important in social media world- If you liked what you have read so far, don't forget to hit that follow button ~ Rabiya 💫",https://qph.cf2.quoracdn.net/main-qimg-94d1342abc51c33518ee729922f0869b-lq
Rabiya,What are some of the best screenshots you have taken on your mobile phone?,"Well below are the best screen-shots I took on my phone. All of the screen-shots are very close to my heart and I want to cherish them forever. So, I seriously started writing here on Quora from Jan End. Almost 2 months. 1 Million Views 600 + followers That's a huge number for me. Also there are few constant people who read and upvote my answers no matter what. I know each of one of you, I am really grateful to have my small community on Quora who are always there to support and appreciate. You guyz are the best. Personally I have also grown in this time. Never imagined I would give such a serious thought to writing. Writing here feels amazing. Thank you lovely people. Thank you is an understatement. This is surreal. The stories are fun and lovely, But I have so much to say, So much to write before I sleep. If you liked what you have read so far, don't forget to hit that follow button ~ Rabiya 💕",https://qph.cf2.quoracdn.net/main-qimg-cb848fc0a800bec2632cb3cf6c43011f-lq
Rabiya,What was your most unexpected proposal?,"I don't know why I am writing this one, this is so embarrassing. Lol… This one is the most recent one and totally unexpected. There is this guy in my class let's call him Kabir. I am a very good student when it comes to studies and when someone creates disturbance in class or troubles professor I hate it. So, this Kabir is a notorious student, always creating chaos in class. Because of his behavior we had quite a few arguments and I usually avoid him. One day I was just sitting outside near the parking of our department waiting for my friend. So, now comes Kabir. Kabir - Hi, Rabiya. Meanwhile inner me - (Isko kya hogaya. Why is he talking to me ? ) I just smiled. Kabir - Wassup ? Me - Nothing much, just waiting for X. Kabir - You write good at Quora. I have read your few answers. Me - You want notes ? Actually I didn't make notes this time. Kabir - No, when did I say I want notes ? Me - Okay, Thanks. Kabir - What's going on nowadays ? Me - Nothing much. Kabir - Are you single ? Inner me - *That went quick* Me - What ? Kabir - I know you are single. I also know you don't get into relationships. But ,you are a good girl, anyone would want you as a girlfriend. Please meri girlfriend banja. Me - 😳😳😳 At that moment I didn't know how to react. I was like - Rabiya, kat le yaha se. (Just leave from here) I just got up from there, literally ran towards my scooty and came back home driving really fast. Aise thodi na hota hai yaar 😂. (This is not done) This proposal thing always makes me nervous. I just don't know what to say. Saying NO on face seems rude to me. Idea of casual relationships doesn't makes sense to me. So ,I kindly take myself off from that place. Edit - Imagine Kabir reading this 😂 Lol. In this world full of casual relationships, Look for a old fashion sort of love 💜. If you liked what you have read so far, don't forget to hit that follow button ~ Rabiya 💕",https://qph.cf2.quoracdn.net/main-qimg-fcc7d7ac6d89523218ace43dbd0512dd-lq
Rabiya,What are some things that make you sad?,"Today morning in the lecture of Public International Law, our professor said a statement - Genocide is an International Crime. Genocide in common terminology means mass killing or mass destruction of human lives. Suddenly the genocide right now going in China of Uyghurs striked my mind. Many of you might know - So, I instantly asked our professor about the Genocide of China. Me - Ma'am right now the Genocide that is going on in China what about that ? Who is responsible for these acts ? Prof. - Yes, genocide is an International crime. But for that you can't blame a country, bcoz you can't punish a country. You will have to find individuals responsible for this act. Me - Why any country is not taking a suo-motto cognizance for this ? Prof. - See when it comes to international affairs every country plays safe. Why will anyone risk their relations with China ? Me - Then what about International Court of Justice (ICJ), why they don't do anything about it ? Prof. - Look, you guyz will find it funny but when it comes to ICJ, their judgement and decisions are binding but their execution is not guaranteed. It depends upon the parties, whether they want to execute the decision or not. Execution of the judgement of ICJ cannot be forced on the countries. Me - But then Ma'am what other countries play a role in this ? How this all will end ? Prof. - See when it comes international affairs other countries can just only condemn the acts of the other countries that's it. They can just express their view point nothing beyond that. I was really disappointed and shocked after listening this. I mean sab golmaal hai (everything is a maze and cluttered). The genocide going on in China is against the basic human rights. This are just human rights necessary for a human existence given by Universal Declaration of Human Rights. The people there are detained unlawfully, systematic rapes, mass sterilization, children are separated from parents, inhumane treatment. Why aren't we talking about this ? We can make trends out of shit things but no one will talk about this. This genocide is going on from 2014 and still is continuing. What's sad ? The world is silent despite all of these testimonies by the people. This inhumane torture is exposed and is infront of everyone yet is blatantly ignored. I feel sad for the people surviving in those detention camps and I also feel sad for myself that as an individual I have no power or authority to stop this. How helpless are we ? If you liked what you have read so far, don't forget to hit that follow button ~ Rabiya 💕 All the links are attached below - [1] [2] [3]",https://qph.cf2.quoracdn.net/main-qimg-8a8d7ba8a6b10faaf165b2d67ca6cd70-lq
Rabiya,What is your most embarrassing moment at school?,"This one is embarrassing. So, in our school eating tiffin inside the classroom was not allowed. Students need to go to playground or near the basketball court to have their tiffin. Also did you have a teacher who was always curious about tiffin of students ? Well, I had one.Let's call him Bajirao Singham 😂. He always used to ask - Rabiya, aaj tiffin mai kya laaye ? (Rabiya, what you bought today in tiffin ?) This question used to irritate me alot. One day our group was having a tiffin in the playground - Friend - You know what ? Sir asked me today what I bought in tiffin ? I - He asks me this question every day. It is so irritating. Friend - Ohh, but why does he asks this ? I - *very loudly* - Woh chatora hai isiliye 😂. Pura din tiffin tiffin karta rehta hai. Ghar se khaa ke nai aata hai kya ? (Coz he is a big fat foody). Guess what ? Something like a movie… Bajirao Singham was standing behind me and heard what I said. He tapped my shoulder and said - Rabiya, what did you just say ? ---What did I say ? I said nothing sir. What are you talking about ? I was embarrassed to the next level. I just wished at that moment- Kaash yeh zameen mujhe apne ander lele, Kaash koi mujhe yaahe se uda le jaaye 😅 (I wish this land takes me inside it or someone just take me away from here) 😐😐😐😐😐😐😐😐 If you liked what you have read so far, don't forget to hit that follow button ~ Rabiya 💕",https://qph.cf2.quoracdn.net/main-qimg-40b5b95a73856d12b44fb8f4002b056a-lq
Rabiya,What is your most ridiculous trip to the principal's office?,"I have visited principal's office many a times. Yes, good girl Rabiya was a very mischievous student at school. Little back story- There was this one lady teacher at my school. Let's call her Misha Ma'am who always had shawl on her head, and she seemed bald to me. Out of curiosity I asked one of my senior, and she told me - Ma'am had cancer in past and due to her treatment she lost all of her hair. That's why she wears a shawl everytime. I was literally shocked listening this. Few days passed, it was all good. One day my junior asked me the same question. I gave her the same answer. Who knew it would land me in principal's office. One day we had our PT period, and we went to play ground for playing football. As soon as we returned back to the class, that Misha Ma'am furiously was waiting for me in the classroom. Ma'am - Where is Rabiya ? Me - Yes Ma'am, here I am. What happened. M - Come with me, outside the class. Me - M - Are you mad ? Who told you that I have cancer ? Me - Ma'am that… M - I don't want to listen anything. How dare you tell this ? Me - Ma'am… M - I will take you principal's office, come with me. Me - Ma'am please. I am very sorry. I didn't intend to hurt you. I am really sorry. Please don't take me the principal's office. Please. M - I said I don't want to listen anything. Come with me. Me - 😭😭😭 That junior landed me in principal's office. Phew. I didn't know she would go and just ask to Ma'am about this and she even told my name. Hattt. Also, Ma'am never suffered from cancer. If you liked what you have read so far, don't forget to hit that follow button ~ Rabiya 💕",https://qph.cf2.quoracdn.net/main-qimg-27242d99720dbf022032e9c7814dd190-lq
Rabiya,What are some effective affirmations?,"As a student, I have written below affirmations in my diary. I read this everyday just before I start studying. I don't know how, but this affects subconsciously to me. 1.I become better and better everyday.I know better and better everyday. 2.A chance of learning is a chance to grow and I am growing. 3.I accept my negative emotions also. 4.I love giving tests. It tells me about myself. 5.I value education because it makes me valuable in life further. 6.I focus on knowledge and not on result. My thirst for learning is alive. 7.Some days my progress may be very small, but it's still better than nothing. 8.I set high standards for my educational experience. 9.I am smart and I will become smarter and smarter. 10. I am a student and this is the best phase of my life to learn. Note - I have written the above affirmations from a YouTube Video, 2 years back. All the credits to the video. What affirmations do you guys live by ? Nobody cares, Keep studying. If you liked what you have read so far, don't forget to hit that follow button ~ Rabiya 💕",https://qph.cf2.quoracdn.net/main-qimg-4d006c07f45c74cd85c3d4fd8cfedc7e-lq
Rabiya,Are you happy being single?,"Yes, Yes, Yes. Did that sound like - Qubool hai, Qubool hai, Qubool hai 😂 (Sorry for the bad joke) I have never been into relationship, so I don't know what it feels like to be in a relationship. But I can guarantee that being single isn't bad either. I like being single coz it gives you freedom. You don't need to text anyone constantly. It's great. I like being single coz I don't need to care about someone where I can barely take care of myself 😌. I like being single coz you are not committed to anyone. No expectations. No duties. No disappointments. Whenever I see couple holding hands in public - I often say myself - Oh Rabiya, you aren't ready for this shit yet. Single is better. Relationship comes with embarrassment 😁. Leople who often ask me, Rabiya, you so good. Why you never get into relationship ? ---Well, I can never align myself with the idea of casual relationships. For most the part I am definitely happy being single. Single life - mast life. Dil Bechara Isn't Looking For A Makhna 💜. All the single people - Let's Nacho. If you liked what you have read so far, don't forget to hit that follow button ~ Rabiya 💕",https://qph.cf2.quoracdn.net/main-qimg-13aa7af805238913a0c3e6a11e3e3f2b-lq
Rabiya,What are you doing right now besides reading Quora?,"My city is again suffering from Corona virus. It was just 2 weeks before my offline college lectures started. But again increasing spikes of covid cases, online lectures have presumed from today. Well online lectures are boring like hell. Everyone just sits at home and scroll through phone. No one is interested in listening to the professor, including me. Right now writing this answer while virtually attending Property Law lecture. It's boring man. Any tips to pass time during a boring lecture ? If you liked what you have read so far, don't forget to hit that follow button ~ Rabiya 💕",https://qph.cf2.quoracdn.net/main-qimg-1a47a453f7aece9963018ca584a925d1-lq
Rabiya,What blissful thing made your day?,"Today I woke up pretty late, it was my sister who woke me up. She was holding a glass of lemon-water which I drink every morning. I thought may be it is for her, but then she handed me over the glass. I was surprised but happy too. As I came out of my room, I saw that there is so much rush going on. I thought like some family get together must be there. But then I didn't bothered to ask. I took my phone and opened Quora. Oh man this Quora, Never works well. It keeps crashing nowadays. Finally , after 5 mins it worked. I was really surprised, my Quora was full of notification. I mean to be exact there were 456 notifications. I was like Kuch toh gadbad hai, itna kya tehalka mach gaya Quora par. (Something is definitely wrong with quora, how come so much notifications overnight ? Then as I opened my notification box, I realized that I went viral on Quora. Yes, you heard it right, your good girl, Rabiya went viral on Quora. Her message box was overflowing. She was just wondering how did this happen overnight. She was happy. Happy is a understatement. She was beyond that. Her happiness knew no boundaries. ***** Rabiya, come here. Come in the kitchen. Subah subah why you are using your phone. Ughhh. You get ready, your friends must be coming over. --Why, my friends are coming here ? Who called them ? Arre, what's that behavior ? You only called them. Woh tumhara kya hai, Quora par you went viral. You only invited them. --What, you know what Quora is ? Who told you that I went viral ? Ya, I know what Quora is. You only told me yesterday that you went viral on that app. Leave this things now, go and get ready. ------- Strange, I went viral last night. What is mom talking about. How is she so cool with the Quora. I never told her about this. Only few people know that I write on Quora. Is this shit even real ? Let's get ready first. *Ding Dong, Ding Dong* Hii Rabiya, many many congratulations to you. You are a great writer. We are so proud of you. -Thank you so much guyz. Tell me one thing, have you ever even read what I write on Quora ? Nai nai… itna lamba lamba hum nai padhte. Kabhi kabhi padhte hai, padhkar dil khush hojata hai. ( No no, we don't read your long long answers, once in a while we do, you write good) Chalo chalo, let's play some music and cut some cake. -Ya ya. Let's do this. *H̶a̶p̶p̶y̶ ̶B̶i̶r̶t̶h̶d̶a̶y̶ ̶* *A very happy viral going to you, a very happy viral going to you* -What happened ? What ? Who is this ? Why are you tapping my shoulder ? *Rabiya, Rabiya….. just get up. What are you singing this, what song is this ? Get up fast we are getting late for college * Well what if your girl can't go viral in reality, she can definitely go viral in her dreams. Right ? Well this dream made my day. It made me happy. Also you guyz can make my dream come true 🥺😂. If you liked what you have read so far, don't forget to hit that follow button ~ Rabiya 💕",https://qph.cf2.quoracdn.net/main-qimg-acefabc29c0598de0e194bb62c43f73c-lq
Rabiya,"Which ones are the most interesting life experiences that you can have, and why is that?","Today was a weekend. I went to college but then was not in a mood to attend lectures.(Weekend vibes, got me like 😅) The lecture was about to begin and I just came out of the classroom with my friends. We have a huge campus at our university. So we thought we would just explore it. And OMG !!! What we found was a beauty 😍 This beauty was undiscovered by us. We have been into the university for 3 years but then we never got to see this. Early mornings, bird chirping, wind flowing and no human disturbance. It was peaceful. We spent good 2 hours here, clicked lots of pictures and videos. Then we decided to go somewhere, we all were crazy today and came up with a crazy idea. We literally drove 20 Kilometers away from the city and went to a famous beach. All girls ride, driving with all the fun on empty roads, loud music, wind blowing… Aha haha.. Maza aagaya. Spent quality time here. Played games and had lot of fun at the beach. Still the day was long today, and the crazy girls didn't want to go back home. Movie ? Then, god went for a movie as well. Movie was not that great, but then… nevermind. Stillll… Stilll.. We didn't want to go back home. What about going to a cafe ? Me right now sitting in the cafe, writing this answer and waiting for the food while my mates are busy clicking pictures. Dedication though 😂. Meanwhile thinking that my parents should not throw me out of the house after I get back home. So, what I want to convey here is, I bunked lectures, lied at home and but at the end does that even matter ? Once in a while, it's okay to - Bunk lectures, To explore new places, To get back home late. Because once this phase of life passes, what you will be left with is - Memories and Moments. Memories that you made. Moments you collected. This small moments create a big impact on our lives. It makes us feel alive. It makes us feel crazy. Just do it. Happiness is never out of reach, It's already there within your grasp, You just need to grab it. P.S - Here in no way I teach or advice students to bunk lectures and to do all fun. Readers discretion and adults supervision is needed . Sounds like a disclaimer though 😂. If you liked what you have read so far, don't forget to hit that follow button ~ Rabiya 💕",https://qph.cf2.quoracdn.net/main-qimg-1550f59403bbb478ec0350c27ddc671e-lq
Rabiya,What touched you deeply today?,"This ad by Clinic Plus, it touched my heart. Daughter - Mom, please teach me something, quickly make me a doctor. I will dress your wounds. I will apply ointment on your face. Mom - *Smiles* D - Mom, quickly make me a teacher. I will teach my dad. I will complain about him in his school diary and will call his parents. M - *Hugs* D - Mom, quickly make me a pilot. I will make you sit in the plane and will fly you away from dad. M - *Smiles* D - Mom, quickly make me strong, then I will protect you. I will stand in between you and dad. M - *Cries and Hugs* Every daughter says - Why do you suffer silently mom ? Speak against Domestic Violence. Be strong and teach your daughters to be strong as well. If you liked what you have read so far, don't forget to hit that follow button ~ Rabiya 💕",https://qph.cf2.quoracdn.net/main-qimg-3180ad9e1ee11502035e6b7b08f0cc01-lq
Rabiya,What scares you most in life?,"My own thoughts scares me the most. Plethora of contradictory emotions inside me. For some time I can feel everything and the very next moment I am numb. For a moment I feel I can conquer this world, the very next moment I feel powerless. Where I want to cry so loud but I don't want anyone to hear me. Where I want to convey but I don't want to talk. Where I want to express what I feel but I am afraid to speak. Where I want to say but I run out of words to describe myself. Where I want someone to hug me tight, but I don't want anyone to come near me. Where I want to scream out loud but then I realize I don't have a voice to shout. Where I want to share but I just don't want to say something. Where I want to write what I feel, but then pen fell down my hand and pages remain empty. And then all of a sudden I feel really tired, Like the world had drained me for everything I had. Sometimes the worst place you can be, Is in your head. If you liked what you have read so far, don't forget to hit that follow button ~ Rabiya 💕",https://qph.cf2.quoracdn.net/main-qimg-a683a6b6094ca1b458b55278604f48b3-lq
Rabiya,What made you think deep?,"Last night it was almost 11 PM, I went to buy some medicine which I forgot to bring during the day. After purchasing the medicine, I saw ice-cream shop. I was like - Rabiya, ice-cream ? Chalo, let's eat. After getting the ice-cream, I exited the shop and just took the bite of the candy, this little boy came near me. Boy - Didi, bhook lagi hai. (Didi I am hungry) I - Chal bata kya khayega ? ( Okay, tell me what you will eat ?) Boy - Ammm… Dal roti. I - Accha, lekin yaha par toh saari chinese restaurant hai, chinese khayega ? (But here only chinese is available, will you eat chinese ? ) Boy - Haa, chalega. Waise bhi maine kabhi chinese nai khaaya. (Okay, I will eat) I took my wallet out of the purse and found that I was out of the cash. Shitt. I - Yeh le, pehle ice-cream khaa le. Mai khaana laati hu. ( You first eat this ice-cream, I will bring you food ) Boy - Didi, bahot bhoog lagi hai. ( Didi, I am very hungry ) I - Haa ha. Pehle ice-cream khaale. ( Okay, eat this ice-cream first ) I was just so mad at that moment. Then I thought for a while, and somehow exchanged my digital money with the cash from the medical store and bought that boy some food. While driving back home, I was wondering, that how this boy ate the candy which I took a bite of. I don't like eating anyone's leftover or taking a bite or sip from something of which someone already had. But then I have a choice, that boy doesn't. That is the only one thing which he has. He don't have any options. I was thinking - How often do I crib about my life. This and that. But then there are this people, who don't even have proper food to eat. We spend our lives thinking about better future, Thinking how we will one day escape from today's chaos, How awesome life will be in the future, But do we realize that we are just using our present as a escape for the future. We are escaping our today, for a better tomorrow. But this vicious cycle of life continues everytime, Cribbing about present and dreaming about future. Then, we fail to appreciate what we have today. Just look around, the life you are living is the dream of many. So be grateful for whatever you are blessed, be thankful for the present. Live your today as a good , tomorrow will be definitely better. Circling the cycle 🚲 of lost and found 🔁. If you liked what you have read so far, don't forget to hit that follow button ~ Rabiya 💕",https://qph.cf2.quoracdn.net/main-qimg-5f7a7b8f25c93596245e190fd94138c3-lq
Rabiya,What made you smile today?,"This - This is what we need, urgently. All due credits to the original creator. If you liked what you have read so far, don't forget to hit that follow button ~ Rabiya 💕",https://qph.cf2.quoracdn.net/main-qimg-37308e7165d51c0564ee7c58765ed67c-lq
Rabiya,How deep can you go within ten words?,"We all are starving and craving for that unexpected love. We, the generation Z are always glued to our screen. Typing with our fingers throughout the day. Posting pictures on social media. We try to understand people with their pictures, with their words, very few words. Everyone has just created a digital world of their own. We send snaps of everything we do - from the route we take to the the food we ate. Everything has now just become a matter of pictures. Conversations just start with - ‘Hii' , ‘What you doing’ and ends with ‘nothing much'. No people take the efforts to carry forward a conversation. We often talk about how being single outweighs being in a relationship. We feel life is easier that way. No drama, no expectations, no duties, no commitments, single life-mast life. But on some days we crave for a person, Who will be there for you no matter what. Some nights, the silence just haunt us. We wish what if we had someone - who would ask us about our day, It would be nice to have someone who would care. It would be nice to have someone, who loves you more than you do. May be it would be so good to have that one crazy person, who is your humsafar types. Then we start looking for love in the unexpected and unknown places. In the streets full of people. In the library full of silence. On the social media full of strangers. In the park, full of little ones. In the apartment of unknown people. We look for love, anywhere and everywhere. ADMIT IT… You walk through the streets looking at that guy/girl thinking that why can't I be that cool ? You walk past through a cute guy/girl thinking why can't he/she be mine ? You come across a lovely couple, think that why am I not good for any relationship ? You come across this beautiful writer on Quora, and think that why can't he/she be my friend 😉 (Ahem, Ahem). You look at that cute face in the mirror and often ask - ‘What's wrong with me ?’ We have got up so attached to the feeling of being in love, we try to get that love, the love which we always dreamt of, fairy-tale wali mohabbat… Hayee, we try to find it all but then end up getting none. We all starve and crave for love, don't we ? “Our souls already know each other, don't they?” “It's our body that are new"" If you liked what you have read so far, don't forget to hit that follow button ~ Rabiya 💕.",https://qph.cf2.quoracdn.net/main-qimg-5919576ac058e8d86b43a508536e91a7-lq
Rabiya,Do looks matter honestly?,"Looks matter ? Yes and No, Both. How ? Looks matter -? Yes, Looks matter when the only differentiator you have is your physical appearance. When you are no one beyond your looks When your looks only define you When you have nothing to offer to this world except your looks, In that case looks matter. Your face, physical features are already made by god. You cannot change it, unless you got money. So, Looks matter ? No, it doesn't. How can you represent the best version of yourself. That matters. And that best version of yourself need not to be your appearance- Your personality matters - Work on it. Your work matters - strive for it. Your consistency matters - thrive for it. Your ideas matter - flaunt it. Your thoughts matter - express it. Your existence matter - make it felt. And most importantly you matter - just be. If you enjoyed what you have read so far, don't forget to hit that follow button ~ Rabiya 💕.",https://qph.cf2.quoracdn.net/main-qimg-f4c9b3f25d48ce62d0eff297b7dfc573-lq
Rabiya,What made you happy recently?,"Today during the break of our college lectures, this is what happened - My friend - Rabiya, come with me I - Where ? Canteen ? Friend - No, you just come. I - But tell me where are we going? Friend - Don't ask anything, just come with me. I - Okay, I will come. She drove me near the parking of our university, where my another friend was waiting. Guess what, I mean she was waiting for us, with this - ~ Last week on 4th March, we just crossed 500K views and 300 followers. Hence the cake. I was out of words seeing this. I was never expecting this. I was just smiling and laughing seeing this. For a moment I thought- Rabiya, what did you do to have this friends in your life ? You don't deserve them. People who are happy in your happiness, The people who make you smile in your sadness, The people whom I can trust blindly, The people who are just a call away. They are these people in my life. Feeling really blessed and grateful to have them. They are love ❤💜🌹. I may not be a best person to be friends with. But now if I have held your hands, I am never leaving them. Also received this msg from my another best friend. What else do I want ? On Quora I may sound like a mature or sensible girl. But then there is one side of my personality which is hard to deal with. Sometimes I am very quiet, sometimes I am very outspoken, sometimes I will just make you laugh and sometimes I won't utter a single word. But my people know me this way and they are good with it. People accepting you, the way you are the greatest blessing in your life. Just hold them. Never let them go. Dear Best Friends, If Life Is A Rain 🌧 U Are My Raincoat. Please Stay 🥺. I am also never leaving you 😂. If you liked what you have read so far, don't forget to hit that follow button ~ Rabiya 💕.",https://qph.cf2.quoracdn.net/main-qimg-e7a931067f4697655f6341590353d609-lq
Rabiya,What has made you smile recently?,"This picture made me smile. Isn't it cool ? Having food on a video call that too with such a fancy setup. It's little things that matters. If you liked what you have read so far, don't forget to hit that follow button ~ Rabiya 💕.",https://qph.cf2.quoracdn.net/main-qimg-2a2b1e62cb6ecc228b5b5d7112f5726c-lq
Rabiya,What do you wish guys knew about girls?,"Image source - Google. I make myself Laugh, I should date me ❤. If you enjoyed reading so far, don't forget to hit that follow button ~ Rabiya 💕.",https://qph.cf2.quoracdn.net/main-qimg-e49c459502c78b4d69cec8403454b276-lq
Rabiya,What is bothering you today?,"Last night at 1AM, I wasn't feeling sleepy. I got up from my bed and came near the big window which is present in our drawing room. It was full of peace. I started staring at the sky. It was laden with the stars. After few minutes, questions started hitting my head - Why can't I see beyond this building ? Why can't I see this infinite sky ? Why can't I experience the dawn of the other part of the world ? Why humans are so limited, with limited time ? I was just wondering about this things and my mom arrived in the drawing room and asked me to sleep 🙁. I got up with very weird thought this morning. Isn't it crazy ? Like really, This world is so large and huge and We can only experience a tiny part of it. We can't go to all the places in the world and explore each and everything. How much we try still something will be left. There are the mountains which needs to be trekked. There are the beaches whose sands will remain untouched by you. There are the beautiful sunsets which will be missed by you. There are the cool cafes which will remain undiscovered by you. There are streets which will go unexplored by you. Imagine this - Sleeping in your bed, Waking up next morning at a completely new place, In a city you have never been to, Around the people unknown, Language they speak cannot be comprehended, Isn't it crazy, like whole shuffle of the surroundings ? This thoughts are just bothering me today, in a good way I guess. What I want to convey is - There will be times in your life, Where your instincts will tell you, To do something, Which is illogical, unplanned and crazy. When this happens, Just do it. Ignore the logic, ignore the odd. Do it. Kitna bhi try karlo, Zindagi mai kuch kuch na kuch toh chootega hee. Islye jaha hai, Wahi ka maza lete hai. If you liked what you have read so far, don't forget to hit that follow button. ~ Rabiya 💕",https://qph.cf2.quoracdn.net/main-qimg-dd765dfc62adabff5f9e3a575a46968e-lq
Rabiya,Which childish things you still do?,"Be it a swing or that melted chocolate, We all need to let our inner child out. After all it's choti choti khushiyaan that matters. If you enjoyed reading so far, don't forget to hit that follow button. ~ Rabiya 💕",https://qph.cf2.quoracdn.net/main-qimg-c70eaf3d850bea8ac855e33974688fef-lq
Rabiya,What made you happy today?,"I went to District Court today. This was my first visit to court as a Law student. I was very excited to go inside. There was this huge building of 9 floors. It was full of people. Everyone rushing here and there. All the lawyers with damn personality with the interns following them. It's like a dream for every law student to be at that spot, where you are walking ahead and few people are following you. It's surreal feeling man. Very serious vibes you get everywhere. People walking around with files and documents. Lawyers and their associates discussing the matter. The witnesses giving their presence. But I must say the court rooms we see in movies are much different in reality. I just somehow managed to creep into the court room and get a click. I was afraid while clicking the picture. I didn't get to see the proceedings :(. But I went inside the court room where no proceedings were going on. Entering court room in itself was a tense feeling. As soon as I entered the court room, a sense of nervousness started creeping me as if I was going to be a part of proceeding to be conducted there at. Meanwhile managed to get a click of this beautiful cable stayed bridge from the window of a court room. Yes that's my city. City of bridges 🌉. If you liked what you have read so far, don't forget to hit that follow button. ~ Rabiya",https://qph.cf2.quoracdn.net/main-qimg-3d7ccf47acda56d214886043cf7f8fd7-lq
Rabiya,What toxic behavior has been normalized by society?,"Today I went out for dinner with my cousins. We were having a good time eating our favorite food. Passing jokes, laughing, giggling and we were having fun. But again and again, a voice was striking my ear - Arey yeh kya kar rahe ho. (What are you doing ? Yeh mat khao. (Don't eat this) Aise mat khao. ( Don't eat like this) Dheere dheere khao. ( Eat slowly) Itna saara mat khao. ( Don't eat too much) I was ignoring it for a while. But I heard this statements again and again. I realized that the voice was coming from the table besides us. I looked at the table, a couple with their son who was approximately of 8-9 years were having their dinner. Father was so much dominating over the kid. He was again and again nagging his child. The child seemed very docile. Then I saw the waiter who came with food, waiter asked the kid if he wants the food to be served in his plate. The boy became happy and asked the waiter to serve him. To my surprise, father stopped the waiter. He didn't let waiter serve the child. Strange ! Very strange !!!!!!. Then the waiter went away. I was trying my best to ignore them. I thought it was their family matter and I have no right to judge the parents. Afterall, I believe that parents always wish good for their child. After 5 mins, the child went running to the washroom keeping mouth on his hand. May be he was feeling nauseous. Mother of the boy seemed to be very ignorant of this fact. If my mother was at her place then she would have come running back to me. I couldn't resist myself. I got up from my seat and went to the washroom. I saw the boy was puking in the wash basin. He was frightened. I went to him. Boy - Didi kuch nai hua. (Didi, nothing happened) I - Haa, koi baat nai hota hai. Tum ghabrao mat. (Yes, it's okay. Don't be frightened, okay) Boy - Didi kuch nai hua. Kuch nai hua. ( Didi, nothing happened, nothing happened) I - Haa baccha, kuch nai hua. Aaram se. ( Yes my dear boy, I know happened. Calm down.) Boy - Haa didi. (Yes, didi) I - Tum theek ho ? (U fine na ?) Boy - Haa didi. Kuch nai hua. ( Yes didi, nothing happened) The boy was so frightened and afraid. I could see the fear in his eyes. But I was helpless. I was feeling bad for that child. It seemed like he was very much dominated by his father. On other hand, mother seemed very ignorant of the fact. She seemed to be very careless for her child. Seriously dear parents stop making your child a chattel. Treat them as a human. Being a parent does not give you a right to dominate your child. Please let your child breathe in free air. I literally don't get this about parents - Why is it okay to insult your child ? Why is it okay to poke your nose in every silly matter ? Why is it okay to bring your child down every time ? Why is it okay to nag them in every little thing ? P l e a s e S t o p . S t o p . S t o p . I don't really admire you as a parent if you make your child feel like a shit. If you don't respect your child then don't expect them to respect you in return. Parents should bring up the self-esteem of their child and not shatter it. If you liked reading so far, don't forget to hit that follow button. Rabiya 💕",https://qph.cf2.quoracdn.net/main-qimg-78b02439b4a134f067d6a33aea2d1f7f-lq
Rabiya,What is the biggest lesson that life has taught you?,"Nothing is accidental. Universe is too intelligent for that type of creation. A little back story - my sister is an average student, she scores good and passes in her examination. On the other hand, I am an intelligent student (not boasting), I have scored pretty good throughout my academics. So, my little sister spends so much time on online shopping apps. She tries to do every possible jugaad to grab that lowest price deal. She tries to find loop holes in the deal so that we get the best price. Today I told her, I - Tu agar itna dimaag padhne mai laga leti, toh aaj pata nai kaha se kaha hoti ? ( If you have applied your brain this much in studies, then today you would be at different place.) She - Mai toh wahi hu jaha mujhe hona tha. Chahe mujhe 90 % aate ya 72 % aaye, mujhe toh hamesha law hee karna tha. Infact tune itna dimaag lagakar kya hee karliya, tu jaha chahti thee tu waha nai hai. ( I am already where I wanted to be. Even if I would have scored 90 %, I would have ended up in Law school only. Infact, you applied so much of your brain in studies, still you are not where you wanted to be) Meanwhile inner me - Hogayi bezzati. (Insulted) This conversation ended as I did not had anything to reply her. Yes, and whatever she said was absolutely true. I mean I wanted to be a Doctor and my sister wanted to be a Lawyer. She is doing what she wanted to, but I am studying law because it was my back up plan. Sometimes in life howsoever hard you try, you won't get things that isn't meant for you. Always believe in the plans of universe. You don't always need to have that steering wheel of your life. Sometimes you have to let go off things. Life takes who where you are supposed to be. I am really happy today about where I am. Like I discovered it later, that I have OCD and I face struggles in my daily life due it. If I would have, by chance entered into medicine I would have risked my life as well as life of others. This very thing keeps me sane. Allow the universe to take you where you need to be. Just go with the flow. Be brave to let go off somethings. Trust the process. Allow the universe to reveal it's beautiful plan to you. Have faith in your journey, even if you don't understand it. Everything is working out as it should. Kahin par pahuchne ke liye, Kahin se nikalna jaruri hota hai.",https://qph.cf2.quoracdn.net/main-qimg-2cd2c3344337e7d6772f0490834b11f5-lq
Rabiya,What is the best spoken line in any movie?,"No. No, your Honor. No is not just a word. It's a complete sentence. It doesn't need any reason or further explanation. No simply means ‘NO' My client said ‘NO' your Honor. And these boys must realize that No means No. Whether the girl saying it is an acquaintance, friend, girlfriend, a sex worker, or even your wife No means No And when someone says so, you stop. Consent is important, regardless of the gender 🙅‍♀️🙅🌈. Until we meet again, Rabiya",https://qph.cf2.quoracdn.net/main-qimg-61630d10c7fd2fc085c91407bf23ad91-lq
Rabiya,What are your top 7 rules of life?,Thoda sukoon bhi dhundiye janab. Yeh zarooratein toh kabhi khatam nai hogi. -Gulzar.,https://qph.cf2.quoracdn.net/main-qimg-acfa985f74cae11162eda9d1fff248c4-lq
Rabiya,What is something that needs to be said?,"People around the world believe that Hijab oppresses a muslim women. I have come across many views regarding this. Being a ‘Hijabi' myself, I wonder, Where in a world hijab is seen as a oppression against muslim women - Why do I wear a Hijab ? Why I feel empowered when I wear a Hijab ? What my Hijab means to me ? When looking at the literal meaning of Hijab, it means a ‘partition' or ‘curtain’. But this meaning mean different to different Hijabis who choose to wear it. For me- My hijab is not oppression but rather it signifies and symbolizes my modesty. It gives me a sense of empowerment. It states that my outward appearance is not everything. It makes me represent the most raw form of myself. Some women feel liberated wearing the clothes of their choice, some women feel liberated wearing revealing clothes, some women feel liberated nude and likewise some women feel liberated when covered. When I criticize your nudity -I am a conservative. When you criticize my hijab -You are an intellectual. Ah…Really ? When I wear a Hijab, it makes people to look at me beyond my looks or physical appearance. It shows the real me. It often becomes a initiator of the conversation of my faith and I feel good when I talk to people what Hijab is and why I wear it. What do you think about this picture ? What comes to your mind when you see a girl or a woman in hijab ? Do you think that I am oppressed by my religion to wear a Hijab ? Do you think that ‘I am must be obedient and docile’ ? Hijab being oppression or not has become a major issue nowadays. People often associate that a hijabi women is submissive and lacks freedom. As a hijabi university student, I am often asked about the purpose of hijab. People also ask - was I forced to wear it ? What's the objective of wearing a hijab ? As a hijabi, people always have views about me. They either think of me - Little do they know that I wear Hijab because I love to wear it. Infact I am proud of myself wearing a hijab. I often get judged wearing a Hijab. People consider me as a conservative or traditional girl. They ignore me and don't even make an effort to know me. People - I am also like any other ordinary girl who got some witty sense of humour and has got some brain. I am a simple and innocent human being trying to live a beautiful and peaceful life. Hijab sets me apart from others. It acts a distinguishing factor. I wear it so that I am identified as a practicing women of Islam. I feel proud when people know that I am a muslim when I enter a room. I don't want to hide my religion or culture. I am not the one who hides it. I believe my beliefs and my faith should be accepted by others. People should respect one another, if not love, regardless of their religion, ethnicity or culture. It's more on the humanitarian ground. Am I oppressed ? No, I am not oppressed. Wearing a Hijab was my personal choice - Alone. No one forced upon me neither my parents nor the society. It was my choice. I am also the first person in my extended family who did her schooling from a English school. My elder sister is the first person in my extended family who runs an office on her own and also has a staff of 10 people working under her. As a matter of fact I don't have a brother. My father gave us all the liberty when it came to education, to pursue what interests us. My hijab doesn't stop me from doing anything I want in anyway. I don't feel oppressed wearing Hijab, but I do feel oppressed when people try to convince me to remove it. For me a real oppression is when you deny a person of a choice. So yes, forcing someone to veil or wear a hijab amounts to oppression. Similarly forcing them to take the hijab off is also an oppression. Also it's an undisputed fact that some women are forced to wear a hijab and are oppressed. Does the Hijab is only for women ? Hijab denotes a modest lifestyle. It applies for men and women both. When men wear tight T-shirts showing their muscles they also go against the modesty described in Islam. Modesty lies in the character and lifestyle of a person. Quran when stating about hijab does not adress the women first. Indeed wearing a headscarf is a form of Hijab but people don't realize that hijab is much more than that. Quran first commands men to lower their gaze and not to stare at women. Sikhs wearing turban, Christian wearing crucifix, jews wearing kippah, women from different faiths wearing ‘pallu', etc. are the similar expression of faith as a Hijab. Lastly I want to tell that Hijab is my way of expressing myself. It's my way of telling people that I want to be judged on the basis of my character, my behavior and my personality rather than being judged on my appearances. I want to be heard before being seen. Hijab is the form of liberation ; not the form of oppression. Until we meet again, Rabiya",https://qph.cf2.quoracdn.net/main-qimg-454286aa719f35bcb99575ba13d6d6b7-lq
Rabiya,What is something that needs to be said that nobody wants to hear?,"While I was watching an online class, a notification popped up reading- A woman is raped every 5 hours, 10 mins in Delhi. While the overall number of crimes against women decreased in 2020 when compared to the previous year owing to the 4 months of lockdown, the national capital still reported 1,699 rapes, 2,186 instances of molestation and 65 cases of sexual assault against children. This numbers just represents Delhi. What about the other parts of India ? This numbers states only about rape and molestation of women. What about rape of men ? What about rape of LGBTQ+ ? Sadly, at present we don't have rape laws for men and other genders. Sexual offenses in the law is described only against women. Law describes only women as a victim of sexual offense and men as a perpetrators of it. Even after decriminalization of section 377 by which carnal sexual intercourse was legalized, which ultimately widened the scope of law. Still at present, we don't have proper laws to address the issue with regards to sexual abuse of men and other genders. After reading this, I was thinking - Who should be blamed for this ? Police or system ? No, I don't think so they needs to be blamed. Ofcourse flaws are everywhere. System is at fault. Loop holes are present. But, is this only about system and it's execution ? They are not to be blamed in entirety. I think we as a society have failed. How often do we see a headline on rape ? Every single day, right ? Honestly, we all swipe through it unless it gets a lot of media coverage. Problem is we have normalized rape and it's consequences. Because we as an individual think that nothing can be done about it. We don't have our anything to offer in this. The real problem lies here. Rape and sexual offenses are pervasive in nature. It revolves around the way we think, the way we speak and the way we live in this society. Although there may be different context for rape,however it is deeply rooted in the patriarchal mindset of power and control. There are reasons or let's say a person has an intention when he/she commits any crime. But, have you ever thought a reason as to why someone could commit rape ? I think no one can provide a reasonable reason for rape. It is done either I think the problem is that we have started normalizing the objectification of human body, irrespective of it's gender. Pornography, nudity, item songs these have become so common nowadays which contributes so much to the objectification. Why do people actually commit rape ? There can be many sort of reasons but majorly it lies in - And I think, due to easy availability of internet, the exposure to pornography among young kids is very common. Young people fail to distinguish between what they see and what the real women is. We need to talk about this without any shame or judgment. No one is born a criminal or rapist. They are made the one. Men who have been through sexual or physical or emotional abuse during childhood tends to be vulnerable to these crimes. Who creates rapists ? We do, as a society. It's a high time we need to have a broader approach with respect to rape and sexual offense. Rape and sexual offenses affects all the gender and the sexuality. We need to look beyond the sexual orientation of a person when talking about such offenses. Gender neutral laws with regards to sexual offenses is the urgent need of the hour. It's the time that we all see gender as a spectrum instead of two opposing set of ideals. We should stop defining each other by who we are not and start defining ourselves by who we are. Written By - Rabiya.",https://qph.cf2.quoracdn.net/main-qimg-2cee1b97e4200184ea54bb99eff349f7-lq
Rabiya,What five ideas do you wish someone gave you at 18?,"P.S - I know it was supposed to be 5 ideas but 1 extra with love from my side😀. You and I exist as we are, And that's enough 💜.",https://qph.cf2.quoracdn.net/main-qimg-00348248048fdfb5c156f590daae8775-lq
Rabiya,What is the naughtiest thing you did in school?,"This is the incident when I was in 11th grade. So, once during our Chemistry class, sir told us that Sodium (Na) reacts very violently with water. It causes explosion and also blasting sound. I was very fascinated by this fact. Mere dimaag mai ek khurafaati idea aaya 😂. ( I thought of a mischievous idea ) After 2 days, we had our practicals in the chemistry lab. So, I thought I will just secretly take the Sodium from the cupboard. But, Sodium being highly reactive was kept at a safer place in the storage cupboard which used to remain locked. Now, I wanted Sodium at any cost. So I purposefully emptied one bottle of a chemical I guess it was some form of Mangnese. So, I threw the chemical in the sink and asked the lab assistant to fill it. He then opened the cupboard, I was standing behind and my eyes were constantly searching for Sodium. After peeking here and there, ahh I saw Sodium which was kept in a dark bottle with some liquid, I guess it was kerosene. I distracted the lab assistant telling him that chemistry sir is calling you and then he left. Meanwhile, I quickly took the Sodium bottle and hid it somehow in my pocket. After the practical got over, it was time for a break. So, I decided to blast some explosives in washroom 😂. I was never this courageous but you know that curiosity, led me do that. I went inside the washroom and made sure no one is inside and slowly durr se ek dum, threw the piece of Sodium into the bucket of water. Now, as soon as the Sodium chunk came into contact of water, it started bouncing on the surface and flames were produced. I was watching all of this happening from a distance. Then I heard a boom sound and without even thinking for a second, I frighteningly ran from there. Haaesh. Everyone gathered around the washroom as to see what happened ? But no one could find out the reason. I was just laughing and smiling and looking at everyone. That's what you call a daring task. I am still smiling while writing about this. Naughty me 🙈. Also, I hated physics. Adding to my hatred Physics was our first lecture in the morning. So, what I would do was at the end of the day, while going home, once in a while, I removed air from the tyre of physics’ teachers bike 🙈😂. He used to reach his home safely and in morning he used to realize that tyre is flattened. This made him late many atimes and physics lecture - proxy. Maza aata tha 🤫😂. Until we meet again, Rabiya 💕",https://qph.cf2.quoracdn.net/main-qimg-b3ab729d9e35655b89fda054457a64b6-lq
Rabiya,"What is something you learned very late in life, but wish you knew much earlier?","I am almost 22, I don't know if it's too late. But I think people should know this at earliest. And suddenly you know, Its time to start something new and trust the magic Of beginnings 💫.",https://qph.cf2.quoracdn.net/main-qimg-7c32a83901ad049351c8418fce033460-lq
Rabiya,What's something silly that made you smile today?,"Today was a Valentines Day, now to give sympathy to single people, like me, I received notifications like below. They definitely made me smile. When your online food application knows that Biryani is your favorite. Some much love pouring in the notification box 😂. Feeling is Mutual 🤜🤛 This were the test instructions for the online quiz today. And below, this was on Teddy Day, That day I was looking for a PDF to study, and this notification made me smile. This is so cute 😍.",https://qph.cf2.quoracdn.net/main-qimg-d40b5dd458d9654b5011e30aa7df12f5-lq
Rabiya,How did one experience change your view of life?,"I finished writing my exams this week only. I am on a break for a week, then again grind will begin. So, my sister has a coloring book and once in a while when I am bored I borrow the book from her and fill colours in it. Yesterday, I was coloring this picture. Did you find anything new ? No, right ? Just a ship 🚢 seems sailing in the sea. But, while I was coloring this picture, it made me to look at life with a different perspective. Below are the observations that I made while coloring the picture - Can u see in the picture, the windows lane of the ship. Only windows are colored. While coloring I was confused which color to fill in. I thought it for a while. Then, I decided k I will complete the picture first and then will think of it later. Once I was done coloring the picture, I again started to think of a color which would look good. I was thinking, thinking. But, after sometime I realized that it looks better uncolored. That void space is complementing the whole picture. Even if I add a color, it will seem crowded. This is the case with our life. Sometimes we often ponder upon things, why certain things happened the way it did ? why I did not get what I wanted ? what if I was this and that ? We waste our precious time while looking for answers to this question. But we fail to realize that somethings don't have or even don't need an answer. It's better if they are left the way they are. Constantly putting an effort to such things will take away our mental piece and will not yield anything. If left the way they are, they will definitely add beauty to your life. 2. Value people who care and love you. Can you see the clouds in the picture ? What color is it in the cloud ? Blue right ? Yes, certainly there is a blue color filled in the clouds. But, after filling the blue color, I put white color on it, just to add a gradient and make it look more pretty. But you can't see it ,right ? That's what role our loved ones play in our life. We may not everytime recognize and appreciate there presence but certainly they are there, adding beauty and value to our life. They are the ones who constantly keep us in there prayers and blessings. They would never want anything wrong for us. They will just stay, without you even knowing. So, value them. Appreciate there presence. Tell that you love them. Thank them for there presence. It will definitely make them happy. 3. Some mistakes can't be erased You see the steam coming out of the ship. As I started coloring the clouds, I mistakenly thought that steam is a cloud too. I colored the steam with blue 🤦‍♀️. Then I realized that it's not a cloud. It made me upset for few seconds. So, I thought I will just try to erase the blue. I end up using half eraser to rectify the error. Color did fade away but not too much, it was still visible. While erasing, the page many a times came on the verge of breaking. So, I thought let's just put another color on it. I thought to put brown. But still blue is visible. But how does that matter ? it's okay. ̶M̶i̶s̶k̶a̶t̶e̶s̶, Mistakes are part of you. It doesn't make you any worse. It's not the mistake that matters, it's how you deal with it, what you learn from it and how you apply the lesson in your life. Take chances, make mistakes. That's how we grow. Mistakes are what we often call them experience later. Few years later these mistakes will be your strength, learned lessons and will give you a sense of pride that you made it through. So, it's okay to make mistakes, unless you don't repeat them and you don't learn from them. 4. Broken but beautiful ❤ While coloring the picture, my sister who was also coloring besides me, broke a crayon :( . She - Yaar, I broke a crayon man. I - What difference does that make ? It still colors the same. She - Okay, okay. Don't give me gyaan. I know. I - Huh, whatever. The broken still colors the same. Infact, the edges of it, became more sharper than before, which allowed to color easily at narrow spaces. How beautiful is this ? Broken but beautiful ❤. This is what makes life more beautiful. Somethings at some point of time seems broken to us. But, eventually we realize that the healing process made something very beautiful out of broken. All of your mistakes, worries, failures, define you. They are a part of you. Embrace them. They add meaning to your life. Make them worth your efforts. We do not see things as they are, rather we see things as WE ARE 💞. Our thoughts shape our vision. We see what we choose to see. It's just the matter of perspective.",https://qph.cf2.quoracdn.net/main-qimg-9a017ba01294749369c638f6881cecf0-lq
Rabiya,What is a random thought you’ve had today?,"Today I and my sister went out to buy some household stuff. We reached the supermarket. Guess who was so lazy to go inside and bring stuff ? Ya, that was me. I asked my sister to go inside the store while I waited outside for her. I was inside my car, a soft music was playing, cool environment in the car was giving me comfort. I was just about to pass out, I saw a lady crippling from the opposite road. She was young and was extremely skinny. Her hairs seemed like they were deadlocks. She was carrying some 2 small packets in her hands. The sun was scorching outside. The lady was barefooted. She just came near the store. Adjacent to the store there was a ATM and 2 shops which were closed. The ATM was situated in the corner and there was no sunlight there. That place seemed cool. The other two closed shops were soaking the sunlight. I saw lady approaching towards that side. I thought she will go and sit near the ATM where there is a shadow. To my surprise she didn't sit there and instead chose to sit in sunlight. I was surprised because it was already heating outside, any prudent man would choose to sit in the shadow rather in the sunlight. I was just observing her. As she sat she hastily started opening the packet which she carried. Her hands were trembling. She was trying so freaking hard to open the packet but she was not able to do it. She tried for good 2 minutes. Now, she started tearing the packet with her teeth. I could feel her frustration. She again tried to force open the packet. She failed. I can not explain what I felt at that moment. I was feeling very weird. I looked around myself, I was peacefully chilling in the car doing nothing, while that lady was struggling so hard to just open that packet and eat the food inside. I felt grateful for myself and I felt miserable for her. I was happy for myself and I was sad for her. Too many contradictory emotions and feelings were residing in me. I would just have believed that - ‘may be it's her destiny’. But no I have to overthink. I have to put some efforts in making meaning out of meaningless. I started to think - What if everyone around is successful ? What if everyone of us in this world are same, same in terms of status, standing, etc.? Will there be any difference in this world if everyone is equal ? What would be the scenario if this thing comes true? Now, what if every poor has a car and was chilling inside like I was doing ? What were to happen if every poor becomes rich. Every failure becomes a success. Every sadness turns into happiness. Every wrong become right and so on. After some time I realized that every person here gets what they deserve. If all the people become rich, successful and so called eminent personalities who would care about the work these poor, unsuccessful people do ? The work they do is indispensable in our daily lives. If the watchman become rich who will guard my building ? If the maid becomes rich who will do the domestic help ? What if this lower class people become rich then who will play their role in the society. This world is designed to create equality. Equality amongst people. So that everyone has their job to do. So that everyone has their role to play. Yet this equality seems unequal, right ? This world creates equality, yet we strive to become unequal. P.S - Here I have no intent to demean or derogate any class of the society. Until we meet again, Rabiya",https://qph.cf2.quoracdn.net/main-qimg-9feb3a0b78adf908778b8528352b71d8-lq
Rabiya,How can I be happy?,"Few nights back, it was 1AM in the night. I was just randomly scrolling through my phone. No excitement. Just blindly looking at the screen. I decided to switch to prime and netflix instead, just in a hope to find a hidden gem. I was feeling unmotivated to do something productive out of my time. A slight uneasiness was slowly creeping over me. I was just looking for escapism for sometime. My younger sister was sitting beside me, studying for her exams. She saw what I was doing and recommended me to fill colours in her coloring book. I denied. She asked me ‘why ?’. Honestly, I just couldn't really think of the answer. I randomly told her that ‘you may still be a kid who fills colors in the coloring book, but I am not that type of person'. After ignoring her recommendation I could have again started to search for something to watch, but I felt a slight tinge of guilt. I realized that I was being narrow minded and fussy. I took my sister's recommendation and started coloring the book. It turned out that my inclination towards watching something, which I was too reluctant to drop - was proven to be wrong. 90 minutes passed and I was feeling different than before. That uneasiness was gone. The escapism which I was looking for was found in my sister's suggestion. As I went to sleep that night, I was at peace. I revisited all my childhood memories. I could feel all my memories flashing before my eyes. I felt more connected with the world - the colours, my people, my bessstt friends❤, everything which I was blessed with felt very different that night. I just filled colours into some papers. Such a small and childish thing. But it mattered, it made a huge difference. I just realized that above example might seem insignificant. But in my experience, these tiny little things add up over time and add magical moments to our lives. They put something magical in our daily monotonous life. Just come out of your lazy comfort zone and say ‘yes’ to things often. A closed mind is a hoax. Keep your mind open, otherwise life will just pass you by, without realizing that you failed to live many magical moments. In this way moments of joy, happiness turns into days, weeks, months and years of joy. Happiness is just a state of mind. We either make ourselves happy or miserable. Efforts and amount of work required in both remains the same. ~ Probably some of best things that happened to you, was because you said ‘yes' to someone. Or else things would have remained just the same. Until we meet again, Rabiya 🌈",https://qph.cf2.quoracdn.net/main-qimg-c69a69da4c453682f034d439263095fd-lq
Rabiya,What is it like to have a sister?,"It's a headache to have a sister.. LOL 😆… especially when she is younger than you. I and my sister share a very weird relationship. We fight innumerable times every single day. Yes, everyday. But, at the end of the day, we forget our fights. No sorry nothing. No emotional drama. It's just how we are. My sister is only 2 years younger to me. We went into the same kindergarten Same school Now, we are in same college as well 😁 And and… She wants to get married to younger brother of my would be husband 😂😂. Future planning you know. When we were small, she would always follow me. She would repeat what I say, she would follow me wherever I go. She was my shadow. Infact, she is my shadow. But, we are totally opposite in terms of behavior. She is childish and immature. I am a responsible adult. I study few weeks before exams, she studies just a day before exams. (I have to teach her🙁) 2 years back she completed her 12th and asked me write something for her. Hey, Taki Taki Momo !!!! My lovely sister (no you are not lovely at all). You are forcing me to write this, so I am writing. Otherwise not interested LOL !!!. First of all beware of me. Don't mess with me. Secondly, I am the boss at home, so do as I say. Let me write few good things for you. You are a bit childish but this world is cunning, so beware of it. You are a lazy and kaamchor person, so please do some work yaar. You are good, too sweet and innocent. You are my lovely, little (not little anymore) cute sister. My love for you is like a river, which merges in the ocean of love. (Doesn't make sense, i know 😂) Okay, I praised you so much now, don't boast about it. But one thing is for sure- “ I might not be there with you always, But I will always be there for you"" You are adopted..LOL 😂 Your Boss, Rabiya. Last year on my birthday, she wished me via whatsapp. Isn't she the cutest ? ~ Of all things my hands have held, the best by far is YOU, my lovely sister. Until we meet again, ~ Rabiya",https://qph.cf2.quoracdn.net/main-qimg-00b469bcb6a55a958a709d8360a0be89-lq
Rabiya,What made you upset today?,"Seriously Bombay High Court ? In a recent ruling by the Nagpur bench of the Bombay High Court, it was observed that there should be ""skin-to-skin contact with sexual intent"" in order to be considered as sexual assault. The ruling also said that 'mere groping' will not fall under sexual assault. The High Court further ruled that mere touching the chest of the minor will not amount to sexual assault unless the accused removes clothes of the victim or slid hands inside the garments, making it a physical contact. The sexual assault under the POCSO Act involves committing assault with sexual intent and getting physical without penetration by touching the private parts of the child or making the child touch the private organs of the accused, noted the judge in the court hearing. ""The act of pressing the breast of a child aged 12 years, in the absence of any specific detail as to whether the top was removed or whether he inserted his hand inside her top and pressed her breast, would not fall under the definition of ‘sexual assault',"" the judge held, adding, ""it would certainly fall within the definition of section 354 of the IPC, which penalises outraging the modesty of a woman."" Ironically today 24th Jan is celebrated as National Girl Child Day in India. Edit - I know that the man was punished under s.354 IPC under the offense of outraging the modesty of women. Here the court specifically stated that skin to skin contact is necessary for the offence od sexual assault under POSCO. This statement of the court doesn't make sense. Just because there is a barrier of a cloth that doesn't mean that it isn't a physical contact. Edit 2 - (27–1–20) - Supreme court has now put this order on stay and also notices has been issued to the accused and the Maharashtra government. Now, Supreme court will look into the matter. Source- Groping 'Without Skin-To-Skin Contact' Does Not Qualify As Sexual Assault: Bombay HC",https://qph.cf2.quoracdn.net/main-qimg-dd658d3c5779642ddcd09684f7211a43-lq
Rabiya,Do marks really matter in life?,"Yes, marks matter. At some point of time marks matter and after some time it doesn't. Your 10th grade marks will ‘help you’ to decide which stream you want to choose next. Your 12th grade marks will decide your college. Your graduation marks will decide your post graduation or your job or whatever. So, what I am trying to say is ‘marks' do matter. It's just the matter of time. Once you enter college, your 10th grade marks won't matter anymore. Once you complete your graduation, your 12th grade marks won't matter anymore. Image source - Google Now, marks matter in Life? Overall speaking about Life, for some it may matter and for some it may not. There are extremely successful people out there who were not good at academics and also there are people who were extremely good at academics but are not successful. People who want to add value to their life, will add it anyway whether with good marks or bad marks. ~Marks define a phase of your life, it does not define your life.",https://qph.cf2.quoracdn.net/main-qimg-3ec0e53ed19d7a4eaccd9df2afd92279-lq
Rabiya,What disgusts you?,"My dad believes in charity. He makes sure that once in a week, he distributes food to poor and needy. Last week he was out of the town for work, so he called and told me to distribute the food among poor people in the nearby vicinity. I agreed. So next day, I went to a restaurant and ordered 50 parcels of the food. After the food was ready, I went to nearby slum, where many poor people used to live. More than half of the food packets were distributed there. Then, I moved forward and saw a lady who was sitting a bit far on a footpath. I took my vehicle there, and gave her a packet of the food. That lady suddenly started crying. I consoled her and gave her water. She was sobbing in pain. I asked her what happened? Lady- Beta, meri bhi tere jaisi beti hai, hum dono idhar hee rehte the aur idhar hee sote the (I also have a daughter like you, we both used to live here and sleep here) I - Accha aunty aap ro kyu rahe ho, aap aise hee bol dete mai aapko aur ek khaane ka packet de deti hu. (Okay aunty, you don't need to cry, take this one more packet of food for your daughter) Lady- Arre, nai beta. Mai khaana nai maang rahi hu. (No, I am not asking for food) I - Toh phir aunty kya hua aapko? Aap itna kyu ro rahe ho? (So, what happened to you aunty, why are you crying so much) Lady - Mai aur meri beti 8 din pehle yahi par soye the. Raat ko achanak ek gaadi par 2 log aaye aur meri beti ko uthaakar le gaye. Mai kuch karu usse pehle woh log meri beti ko lekar chale gaye. ( I and my daughter were sleeping here 8 days before. Suddenly, in the middle of night , 2 guyz came and took my daughter away. I couldn't do anything.) After listening to this I was completely blank. I didn't know what to tell her. I could only see that lady crying infront me. I was helpless. I- Aunty, aap ne kch kiya nai kya? Police mai complaint kee aapne? (Aunty, have you reported this at police station) Lady - Arre beta, police hamari kaha sunti hai. Mai gayi thee police station, maine bola unko. Mere pass meri beti ka photo bhi nai hai. Unhone bola ke photo ke bina hum kaise dhunde tumhari beti ko. ( I went to the police station, but they don't listen to poor people like us. I don't have a photograph of my daughter and they told it's not possible to find your daughter without her photograph.) I - Aunty aap tension mat lo, aapki beti mil jayegi. (Aunty don't be tensed,your daughter will come back) After listening to that lady, I was awestruck. And yes I gave her my number and asked her to call me if she needs anything. Image source- Google No, I am not here to blame police or administration of justice. What makes me sad is that how some humans have become so heartless. What makes them to do such acts, what compels them to commit such things ? What disgusts you? Helplessness. That feeling when you know something is wrong somewhere, someone is in trouble somewhere, but still you can't do anything. You just stand still, with no hope, no strength, all blank. This disgusts me.",https://qph.cf2.quoracdn.net/main-qimg-d793fa79a86339d99473044c16aefd74-lq
Rabiya,What is the life of a law student like in India?,Image source- [1] Image source- Google [2] Rabiya 💕,https://qph.cf2.quoracdn.net/main-qimg-7117732579d14b2a2e3d940e6e5f9d9f-lq
Rabiya,How do top students study?,"Here is the scientifically proven, evidence based study tips. Image source- Google[2] Image source- Google [4] Image source- Google [5] Rabiya 💕 Source-",https://qph.cf2.quoracdn.net/main-qimg-ca472bc6265643499997ba261d6440fd-lq
Rabiya,What tiny daily habit could be life changing?,Speed Listening. Image source- Pinterest [1] “Try to learn something about everything and everything about something.” ~T. H. Huxley[2] Rabiya 💕 Source- https://youtu.be/Fk3csAdegBI,https://qph.cf2.quoracdn.net/main-qimg-3a0e4e30d75ca55ee85c5f8ff0945436-lq
