Name,Question,Answer,Image
Adam Fayed,How do you invest as an expat if you do not know where you will eventually settle?,"I have been an expat for close to twelve years. Here I am looking younger and fresher (with more hair, too!) more than over a decade ago, as a new expat in China. Where you live now is largely irrelevant to your investments. Sure, some things make a difference. For example, there are tax implications if you live in the US as an expat. But in general, there are loads of expat-focused accounts, which are designed to be flexible, that are portable, and move with you when you move to another location. Often all you need to do is update your credit/debit card payment or send it from a new bank account. What matters is what you invest in. The best way to invest, according to a lot of academic research, is: If somebody worth an estimated $ 400 million can’t do it, then very few people (if any) can. So, ultimately, most do-it-yourself (DIY) investors, whether expats or non-expats, fail for the same reasons. They don’t understand risk - they either take none and lose to inflation in the bank or get seduced by get rich quick scheme. Expats merely have more challenges. One of the critical challenges these days is the “death” of the lifetime expat. No longer are expats having just one assignment. Often expats are being moved around every 3–4 years. The coronavirus has only exaggerated that process, with many expats being unexpectedly moved on. So, an portable online solution that can be “taken with you” when you move is essential. As a final comment, it is essential to remember that staying in cash isn’t a safe option. Look how much the Euro, British Pound and many other currencies have lost in recent years. Ways to connect and see my content Forbes - Adam Fayed | CEO - adamfayed.com | Forbes Councils Personal website - Personal Investment Services - Adam Fayed Gain two free expat ebooks today! Click here to receive them today!",https://qph.cf2.quoracdn.net/main-qimg-386a0470c77f532756c5feafc63b7549-lq
Adam Fayed,What are the advantages and disadvantages of getting a mortgage if you don't need one?,"When is the last time you have heard of someone who didn't pay their mortgage on time? It doesn’t happen that often. People find a way. It is a type of forced saving. You spend what you are left with instead of investing after you spend what you want. In that way, it is similar to: In addition, leveraging on a mortgage makes more sense, financially speaking, than using cash. The graph below gives some specific examples (source: thebrokerlist blog) What is more, the higher your mortgage is, the more you can invest in better investments. The negative is many people go all in on their house. That means they don't have the cash flow to invest elsewhere, which means that indirectly, renting can be cheaper for them. Housing hasn't beaten markets long-term, so it makes sense to leverage real estate if you really want to buy and invest the difference into higher-yielding assets.",https://qph.cf2.quoracdn.net/main-qimg-0045deb5feb78a341445eac1b2cc6c49
Adam Fayed,"When can I retire as an expat, and what are the biggest expat retirement mistakes?","When you can retire as an expat depends on how much you have now, how much you need, and what you are investing in. If you have a mixed portfolio of stocks and bonds, you can withdraw 3%- 4% per year, depending on how long you want your retirement to last. (Source, Quora and MyMoneyDesign). If you are in cash, you can’t withdraw more than 3%, as inflation will erode the money. So, having too much money in cash is the first mistake. Apart from that, the three biggest mistakes are: 1. Not factoring in currency risks When I started travelling in 2007, the Pound was 2:1 against the USD, and many British ex-pats relied on that to last forever, which it didn't. The South African Rand and many currencies have fared far worse. This especially affects expats who have a specific income. 2. Not factoring in indirect costs like the hassles of owning certain assets If you rely on rental income as an expat, you face the previous risk - currency risks. What you might not be factoring in is hassles. As a 75-year-old, do you want to chase up tenants to pay? 3. Tax risks and complexity Linked to the second point, having numerous assets, such as properties in many locations, can be a hassle. It can also increase tax risks and complexity. Depending on your situation, a simpler solution can often make sense, like owning one house and having one or two simple portfolios.",https://qph.cf2.quoracdn.net/main-qimg-07906bd58d9e90c1d6fc8faafbd37325
Adam Fayed,Why do athletes go broke?,"Have you ever heard the expression social debt? (Image source: association now). It is the idea that if somebody has helped you, whether a friend or a family member, you are obligated to help them out. Sounds good on paper. The issue is that most athletes won’t be earning millions forever. Unless you are helping others with income from investments and assets, giving from active income forever isn't sustainable. So, the math has to work out, and many athletes and other young people who get rich relatively quickly don’t have the foresight to consider how their cash flow will work in a few decades. A lack of planning is, therefore, the short answer. If you plan well as a high earner, it is fine to buy luxury goods and help your family and friends. Most don’t do the planning and think the good times will keep rolling.",https://qph.cf2.quoracdn.net/main-qimg-943b32706cc030083444f3148411fb48
Adam Fayed,Does advertising really work?,"It does; otherwise, companies wouldn’t do it. Yet what often works best is adding fuel to the fire. You are more likely to respond to an ad from your favourite influencer, football team, or local business than somebody you don’t know. The mistake many businesses make is not doing the maths. They acquire customers from advertising but don’t determine the lifetime value of those clients. There is no point in acquiring a customer for $100 if you only make $99 back unless you are trying to sell out. A strong business can achieve a good return on investment (including advertising) even as the cost is scaled.",https://qph.cf2.quoracdn.net/main-qimg-eb82bf1435d6484532d6fe2ea48df88a
Adam Fayed,How do you raise your kid to be an entrepreneur?,"There are two things most people struggle with. That is rejection and risk-taking. Many people are willing to work very hard. Few are willing to deal with rejection. Therefore, it makes a lot of sense for kids to knock on doors for a political party or, even better, to try to get people to buy a simple service like cleaning cars. It isn’t about making loads of money. It is about having people slam doors in your face, get angry because your political opinions are different, or they don’t like the products. They will soon learn it isn’t the end of the world. It is just a no. Such a mentality is helpful in business, as it improves their communication skills. Furthermore, it will increase their confidence and resilience once they get over the initial hurt.",https://qph.cf2.quoracdn.net/main-qimg-5eca31b1c2c8e7c5caf31c8c78ec7376
Adam Fayed,Are taxes high in the Nordic countries? Is there any discussion about lowering them?,"Did you know (Source: PIIE) Taxes have already been lowered a lot. People have outdated views of places like Finland and Sweden. If a UK Chancellor stood up and advocated abolishing the inheritance tax, increasing income tax, and lowering the higher rate on dividends, then they would be advocating a “Swedish solution”. Yet many people would bark “This is a policy for the rich”. This is one reason why wealthier people are leaving the UK. It is the combination of higher taxes and a delusion from the public about how high some of those taxes are relative to even some Nordic countries.",https://qph.cf2.quoracdn.net/main-qimg-f99b619fde44f21c307b5f872e7890ea
Adam Fayed,"Do you think interest rates will fall in 2024? If so, when?","They have already fallen in the Eurozone and the UK. In the US, they are set to go down in September. The debate is whether it will be by 0.25% or 0.50%. If there is no cut, that will be surprising. The big question is what happens in 2025. A Trump presidency could have some inflation risks if tariffs are put on many trading partners. The Democrat’s spending plans could also be inflationary but in a different way. That could mean rates fall less quickly than expected. Recent years show it is very difficult to predict the medium-term direction of interest rates.",https://qph.cf2.quoracdn.net/main-qimg-fef5d9c905902c52352e2289f2011cf6
Adam Fayed,Is a private sector job secure or not?,"In the vast majority of countries, you can be given one or two months’ notice by your employer if you aren’t performing, or perceived to be performing. That includes the public sector in most countries. Even when that isn’t the case, these things often change. In much of the West teachers and other public servants used to have jobs for life. That has gradually been changing. What is safer is: Let’s put it this way. Most self-employed plumbers aren't worried that they don’t have a salary as the supply and demand dynamics work for them.",
Adam Fayed,Is it really possible to be ultra wealthy and anonymous?,"Go onto the Forbes or Sunday Times Rich list. Go to the bottom of the list. Do you recognize them? Probably not. Even number 200 is Suleiman Kerimov & family. He could walk into most rooms and not be recognized. However, he isn't anonymous. He is surely known very well in many circles. The same thing applies to many businesspeople who are worth $10m-$100m. They might be anonymous to 99.99% (or more) of humanity. They are often quite well known in their industry or local town.",https://qph.cf2.quoracdn.net/main-qimg-3ff99f2c2f7f95a94f970b991392edac
Adam Fayed,Why don’t other countries tax their citizens abroad (or at home) like the USA?,"Some do. Like Eritrea. South Africa and China also have bought it in by the back door, even though they aren’t officially citizenship by taxation countries. Likewise, could France be about to tax expats living abroad, following in the footsteps of the United States? Prime Ministerial candidate Lucie Castets wants to bring in the change. Either way, more countries might go in this direction due to aging populations and other issues. This will increase the demand for second passports globally. However, to answer your question, most questions haven’t traditionally bought it in because it doesn’t work. People will just give up their citizenship like 5,000+ Americans do every year. That is because they get annoyed by the idea that they should keep paying their home country when they have left, and buying or obtaining a second citizenship is quite easy.",https://qph.cf2.quoracdn.net/main-qimg-7bc6deb75d7617fbc5124447b5626016
Adam Fayed,Is there such a thing as fair in business?,"Did you see the 100m race in the Olympics recently? (Source, Al Jazeera) The winner won by 0.05 seconds. The history books won’t likely remember who is number two or three. In many sports, the number two often wins millions less in prize money. The same applies to business. Being just 0.1%-1% better at a key task in business can result in millions extra. The same is true in investing. You can make more, by investing less, by investing sooner, due to compounded investment returns. Business isn't fair. Investing isn’t fair. Life isn’t fair. People who don’t get over that often have troubles.",https://qph.cf2.quoracdn.net/main-qimg-10b53cf5808fd7187ebaa63f0e03737b
Adam Fayed,Do you agree with Keir Starmer that personal taxes would not rise under a Labour government in the UK?,"Personal taxes will likely be increased. Indirectly increasing them by not increasing thresholds in line with inflation will likely be the preferred option. That is the least of it. You can read his own words in the 1990s for the Socialist Lawyer. Here is one of his writings advocating for using the law to advance certain changes in society. It is only two pages but a lot of it is scary, especially his concluding paragraph Expect the current millionaire and high-skilled migration, which was already underway in anticipation of this event, to pick up pace in the next decade. The only possible saving grace is that there isn't much room for manoeuvre for any new government. The fiscal and economic situation isn't as rosy as in 1997, which will likely constraint governments of all strips in the coming decade or two.",https://qph.cf2.quoracdn.net/main-qimg-e2fd6b15e9172dee9e4ea46271c271ac
Adam Fayed,How many mutual funds should one invest in?,"If you are an average do-it-yourself investor, who doesn’t have an advisor, you should just invest in two to four funds. Ideally: The question is, how much should you put into each? Long-term, stocks tend to outperform bonds, so the rational thing to do is invest 90%-100% in stocks when you are young and decrease it to 50%-50% during the later stages of life (or 60%-40%). However, human beings aren’t robots. We panic. We think this time is different every time there is a crisis as per this quote below: (Source: Pin Page) Therefore, being 50% in the global stock market and 50% in bonds might not make sense rationally, but if it stops you from panic selling during downturns then it can make sense. It is all about how comfortable you are with volatility. Just as the best diet is the one you can keep to, the best investment plan is sustainable.",https://qph.cf2.quoracdn.net/main-qimg-e718e82716497eb60c1caf7da589ee59
Adam Fayed,How did Warren Buffett's big Japanese investments fare during the recent global market meltdown?,"I imagine very poorly because most stocks in the index were affected. Wasn’t a real meltdown either. The market fell close to 20% in two days and has now come back by over 10% since then. The market is up over 8% this year, and over 10% adjusted for dividend reinvestments. He has seen several massive 50%+ falls in his life, so I doubt what happened will concern him much. People have been buying into Japanese stocks because the perception is they represent good long-term value. What happened didn’t change that.",https://qph.cf2.quoracdn.net/main-qimg-bf12c15420edb2a1c133a0ebc5aed3f9
Adam Fayed,Why don’t extremely rich people just go on infinite vacation?,"Have you ever heard of Tom Anderson? Most people haven’t, but he founded MySpace, which used to be the biggest social network before Facebook came along. He pretty much “went away”. He did occasionally take on some roles, but not many. Yet that is unusual. How do people become very wealthy if they haven’t inherited it? They either get rich slowly from investing or have an irrational desire to take risks and be stimulated. It is about pursuing goals and not stopping. If you have such a mindset, you aren’t happy lying on a beach without intellectual stimulation or the ability to take risks and enjoy the journey. It also keeps you alive as you get older. Think about people like Charlie Munger, who lived until 99, and his business partner Warren Buffett, who is still going strong at 94. People were still hanging on Munger’s words at 99. When you retire, you soon become more irrelevant than if you stayed in the game, even if you only do it part-time. So, it isn’t surprising that statistics show that you live longer if you continue to work at least part-time. That doesn’t mean you shouldn’t ever consider retirement. You never know when your health will go, so it is always good to be in a position to retire early. Another way of putting it is this: if somebody goes into business thinking, “I will make 5m-10m+ and then just go to the beach,” they are less likely to get there in the first place than someone who doesn’t think like that.",https://qph.cf2.quoracdn.net/main-qimg-ff9319c77131083807b34238522abb48
Adam Fayed,What is the best advice for those who are young and haven't found their passion yet?,"Should you follow your passions to begin with? Maybe, but if you are passionate about becoming a DJ or a tennis player, it probably won't work unless it becomes clear early on that you can make it. The top people make almost all the money in those industries. As professor Scott Galloway says (he is also a successful entrepreneur with a net worth of over 100m), people who tell you to follow your passion are often rich themselves and made money from selling cement or some other down-to-earth activity. It is often better to focus on what you are good at. Mastery of that thing will make you passionate about it. The biggest mistake I have seen business owners make is overestimating the importance of their ideas and passions versus executing on an idea the market likes. That doesn’t mean you shouldn’t follow your passions if you think you can make it a commercial success. But the key is knowing when the market is giving you a signal. If you start something you are passionate about, it is probably a hobby you can do on the weekends if it isn’t working after two or three years.",https://qph.cf2.quoracdn.net/main-qimg-a76de4013d14b27a665090f5e8107b5a
Adam Fayed,How do you invest if you believe in a chance of a global war in 2024?,"I wouldn't worry about a nuclear or catastrophic conflict. If that happens, everything will become worthless If you are worried about more limited conflict, it is best to avoid: Ray Dalio, the billionaire investor, explains more here from around 21:00. Global conflict in 2024 or 2025 is unlikely, but some principles about preparing for the unexpected still hold. Let’s put this another way. People who have seen local and regional conflicts have been largely unaffected if they have wealth in numerous countries and across asset classes. Those with only local investments suffer the most.",
Adam Fayed,Is losing friends normal as you become successful?,"Andrew Wilkinson went from being a barista to a billionaire in a relatively short period. He wrote this recent book, which tells his story. Once he became successful, the former schoolyard bullies tried to befriend him and sell him real estate and other things. Maybe that doesn't surprise you. What might surprise you is that some of his long-term friends (and soon-to-be ex-friends), would ask him passive-aggressive questions like: Moreover, he was showing off if he agreed to take a bill. If he didn’t, he was accused of being a Scrooge. In reality, you often realize who your real friends are when you are either struggling or have made it in a big way. Then you understand who wants the best for you and who feels envy. It reminds me of a quote from the author of the Lord of the Flies, who was asked what he understood more after winning a huge award. He said, “I realized who hates me”. It is sad, but sometimes you outgrow people.",https://qph.cf2.quoracdn.net/main-qimg-07c35eccc7efb6a05e71ee797fff616a
Adam Fayed,How important do you think diversification is when it comes to investment?,"In 1900, Egypt had the fifth biggest stock market in the world, as Larry E. Swedroe said. The UK had the biggest stock market (Source Virtual Capitalist) At the same time, many people expected Argentina to be the next Switzerland. As recently as 1945, Argentina and especially Venezuela had a higher GDP per capita than almost every country, which resulted in many people speculating that they would have large stock markets. Things change, and sometimes they change rapidly. Pained by financial indecision? Want to start investing? Reach out for assistance today!",https://qph.cf2.quoracdn.net/main-qimg-6ab466573c9a82d5d3e482b46f3b31c4
Adam Fayed,Why are investors exiting their positions in the Australia stock market?,"I saw this on Reddit a few days ago. (Source Reddit and Yahoo Finance) It showed the S&P500 versus the average retail investor from 2022 to 2023. Stocks fell hard in 2022 and then fully recovered in 2023 and 2024. New highs were hit. Yet, as per the chart, retail investors trailed severely. The reason is simple. Too many people want to buy during the highs and panic during the lows. We saw a more extreme version of this in 2020. “Nobody” wanted to buy during the initial panic when markets fell 50% quickly. Then, “everybody” wanted to buy after it became clear the market was recovering fast. It is a herd mentality which doesn’t just affect the Australian stock markets. It is a global thing. The patient investor avoids such pitfalls.",https://qph.cf2.quoracdn.net/main-qimg-741e4d792c6cb6cac681d775b51c14b2
Adam Fayed,Why is the stock market falling today?,"Stocks are down, and bonds (long-term especially are up). There is speculation that there could be a recession or slower growth, meaning lower interest rates. That has driven bond funds higher, as bond funds and ETFs tend to do well when interest rates are down. Conversely, it has not been good for stocks. However, medium-term lower interest rates will be better for stocks than bonds. Buffett says it best here (Source: AZ Quotes). If interest rates fall, people and institutions will likely invest more in higher volatility assets. We saw something similar in 2008 and 2020. Lower interest rates helped the stock markets over the medium-term. Firms can easily use debt/leverage to grow, making them more profitable. Even if bonds have a good run, they likely won’t benefit as much during a whole investment cycle as bonds. So, I wouldn't pay too much attention to the short-term news. After all, stocks are still up versus bonds and cash in 2024, and will likely rebound.",https://qph.cf2.quoracdn.net/main-qimg-cd9c01fa6205ed5fa957a8f71f10472e
Adam Fayed,"Why is financially successful people looked up to in the US, but frowned upon in the UK?","You are correct and if there is one thing that I wish the UK change about itself, it is this. It isn’t just the UK. It is the same in much of Europe. What Bono once said of Ireland is partly true for the UK and much of Europe “In the United States, you look at the guy that lives in the mansion on the hill, and you think, you know, one day, if I work really hard, I could live in that mansion. In Ireland, people look up at the guy in the mansion on the hill and go, one day, I'm going to get that bastard.” Class is a big part of it. Historically, rich people have inherited it in the UK. They didn’t have to work hard for it, take huge risks or be astute. Ironically, though, inherited money isn’t always hated. The late Queen was very popular, whereas many self-made individuals are hated. A bigger issue is all forms of success are looked down on. The best kids at school are often bullied, and the underdog is supported in sports. If Stephen Hawkins was from much of the world, he would have been a source of much greater national pride. Airports would have been named after him. The irony and hypocrisy of all of this is most people want to be wealthy and successful themselves. Having said all of that, there is envy in every country, including in the US.",https://qph.cf2.quoracdn.net/main-qimg-b0ef03c3aeaaa4904754ef2387283281
Adam Fayed,What are essential life lessons children are not taught in school?,"One of the easiest ways is how you teach kids when they say “it isn’t fair”. One of the best-suggested responses I have heard for this is - “life isn’t fair. If it were, you yourself probably wouldn't have it so good!”. It isn’t just children either. Many people don’t grow out of this idea that life should be fair. We see it in the way people speak. They overestimate their ideas rather than focusing on execution. They think the market, which means people's decisions, cares about them. This is called the spotlight effect. The world and markets aren’t fair, and people are focusing less on you than you ever imagined. Chance, randomness, and luck play significant roles in success, and hard work alone is no guarantee of success. So, once we accept all these realities, we start to understand some factors that can lead to success that we weren’t taught at school. For example, one of the biggest ways people can become more successful is by taking advantage of luck and coming back from adversity. A simple example: Winning the lottery is pure luck, but how many people take advantage of that good fortune to create generational wealth? Very few. Footballers started to get paid big money in the 1990s and 2000s. Hardly anybody took full advantage of it, but Robbie Fowler created a vast property portfolio by also taking advantage of the lower interest rates at the time. Buy-to-let is much more difficult in the UK compared to the 1990s and early 2000s. So, he took advantage of two big pieces of luck - an ideal time to be a footballer and a great time to invest in property compared to now. Few others in his situation took full advantage. So, teaching kids pragmatism and a bit less idealism would be a good start. That doesn’t mean we should be 100% pragmatic and 0% idealistic, but we need a more sensible balance than teaching young people to be very idealistic. It would also create a more peaceful world in some ways. Let’s not forget that idealism and “this isn’t fair” was the biggest cause of hundreds of millions of people dying in the last century. Communism started in an idealistic fashion and ended up killing so many!",https://qph.cf2.quoracdn.net/main-qimg-665d644654153e8782852db537843661
Adam Fayed,Are trusts only for the wealthy?,"Consider this. If you own UK assets worth more than 325k, or 650k for a married couple, you pay inheritance tax in most situations. There are indeed exemptions and the threshold increases to a million pounds if it is a first home. However, the basic premise still holds - many people could pay this tax and it is likely to increase in the future decades due to the aging population in the UK and many developed countries. Already, there is speculation that the new Labour Government will increase this tax. This tax can also affect UK expats living overseas - just because you don’t pay income taxes doesn’t mean inheritance tax doesn’t apply. Many people are also interested in avoiding the lengthy process of probate. If you can go to bed at night knowing that your kids or grandkids will quickly get the money, that can be worth paying for. That doesn’t mean that everybody should get a trust. It depends on: 1.Where you live. Some jurisdictions don’t accept trusts 2.The alternatives. Getting a life insurance policy to pay for future tax obligations is cheaper for some people. What is more, trusts and foundations can always be affected by changes in the law, so many people need to update their structure, whereas life insurance payments are less sensitive to this. So, it all depends on your situation. Pained by financial indecision? Want to start investing? Reach out for assistance today!",https://qph.cf2.quoracdn.net/main-qimg-d70f969783b2ac8c7e69965510e18cc7
Adam Fayed,Do you think people today are more materialistic than previous generations and why do you think this is?,"There are many myths about “back in my day”. “Kids overeat sugar these days”. Actually, sugar sandwiches used to be a thing in the UK! They made sandwiches like this look healthy! So, back to your question. It is a myth, at least in part, that people are vastly more materialistic than before. If you exclude very young people, most people don’t want money and material security for purely financial reasons. They want it to: Speaking about the last point, I once knew a man who made hundreds of thousands a year in a developing country for decades. From the UK, he was well-known in his industry, and many people respected him. However, the wrong decisions with marriage partners and money resulted in him needing to work past the age when he was mentally strong. It was sad to see him go downhill so quickly. It was a bit like watching Joe Biden today versus ten years ago. As an expat, he didn’t easily have the social safety net that he had back home, which reduced his options. Many people have seen similar things and want to avoid being that person. Even crudely materialistic people often show off to gain the respect of others, a process known as social signalling. But people eventually work out that most people don’t care enough. The freedom to take control and retire when you want is more valuable than the ability to impress random people. Ways to connect and see my content Pained by financial indecision? Want to start investing? Reach out today! Forbes - Adam Fayed | CEO - adamfayed.com | Forbes Councils YouTube channel - Adam Fayed Podcast (Expat and HNWI investing) Gain two free expat ebooks today! Click here to receive them today!",https://qph.cf2.quoracdn.net/main-qimg-af53339494fc98272700bec32782df13
Adam Fayed,Why is investing in stocks considered risky and dangerous? Is there no risk involved if you invest for long-term growth without day trading?,"Investing in stocks is only risky if you buy individual positions and aren’t long-term orientated. The medium stock hasn’t done that well for the last hundred years. But a few have done magnificently. That has produced the S&P500’s average return of around 10% annually. We see that recently with the magnificent seven tech stocks versus the entire market. (Source WSJ). So, non-professional investors can’t beat the market long-term. They might get lucky and pick Tesla in 2018 or Nividia today, but that doesn’t mean that will continue. However, we have to also factor in time. If you invest in the entire market just for a year or two, you take a much bigger risk than investing in it for decades. (source, X) Nobody has lost by investing 80% in markets and 20% in bonds for decades. Many people have lost by panic selling when the market is down.",https://qph.cf2.quoracdn.net/main-qimg-de7dbaa3a95ac685556159667ddf04dd
Adam Fayed,"When moving from one country to another, how do you adjust to a different cost of living?","The best way is to adjust in a good way! What I mean by that is to move to a place you like but has: Historically, you needed to move to more expensive places to earn more. That is less the case now. You can run businesses, work remotely, and live in many countries. That was the topic of one of my recent podcast interviews. The fact is you can use geographical arbitrage intelligently. It will increase your ability to save and invest, which, in turn, will make it easier to retire earlier and meet other financial objectives. However, it is important to ensure you get things like taxes right. If you can’t do that, it is important to plan and budget accordingly.",
Adam Fayed,"What is the reason for banks' dislike towards cryptocurrencies like Bitcoin, despite their potential to solve financial issues?","They want to keep the money. UK banks such as Starling, Chase and others announced last year they will ban crypto payments. I am not in crypto and do understand there are many scams in the space. I have often written critical blogs on here and elsewhere about crypto companies. However, such rules are blatantly cynical, and not just about “protecting consumers”. A scam warning/declaration should be enough - it is up to consumers to decide where they spend their money provided it is a legal service. The banks just want to keep hold of peoples money. I have seen the same thing in the overseas industry. It isn’t illegal for UK consumers, obviously, to send money overseas for property and financial services. Yet some banks try to make payments harder or even prevent them altogether. Some people are gullible, but more are becoming aware that this is a cynical move. Most ironic as well. The banks are regularly fined for helping illegal criminals…..but moving 1billion and the profits that generates isn’t the same as 100k. Interested to know how many people have seen similar stories and how they dealt with it. A few people have told me that threatening to report the bank to authorities does the trick.",https://qph.cf2.quoracdn.net/main-qimg-bed50ef90ffc0a604726b719887228ab
Adam Fayed,"Is ""buy the dips"" usually good advice for investing in the stock market?","Buying the dip works in that you will make money. The question is, will you make as much money as buy and hold? The evidence is you won’t. You will make less but reduce your volatility. This graph tells that story: (Source Market Watch). The reasons are clear: There is also a final reason that the graph doesn’t consider. Namely, we will all buy the dip involuntarily. What do I mean by that? Almost all of us need to invest every month, year or at least periodically. Hardly anybody just has one huge payment to invest, once in a lifetime, and nothing after that. That will mean that you will invest during the bad times as well as good times. That lowers your risk.",https://qph.cf2.quoracdn.net/main-qimg-6bc6ce695bf14055fbf5e641296bf4e1
Adam Fayed,What is the likelihood of hyper-inflation occurring in America? What steps can individuals take to safeguard their money in the event of hyper-inflation?,"This video explains why the fear of hyperinflation is overblown. With that being said, having cash in currencies isn't risk-free. It can indirectly be exceptionally risky. It isn't just hyperinflation. Just slow and gradual inflation can erode your capital. Look at the last twenty years. Many savers have lost 30%-40% to inflation in places like the US, UK and Mainland Europe. This leads me to your final question: investing in a globally diversified portfolio makes sense with any inflation (even high inflation and not hyperinflation). How did people in Venezuela protect themselves? By having overseas assets like stocks, ETFs etc.",
Adam Fayed,Why did Warren Buffett recommend to regularly buy S&P 500 index fund instead of Berkshire stock?,Possibly because: * It is more diversified * It isn’t reliant on the management of one company. * Buffett is old now. What happens when he is gone?,
Adam Fayed,Why is diversity beneficial for businesses?,"A better question is to ask if it is always beneficial. I am not against diversity. I could walk into most rooms and be the most diverse person there. That isn't just in terms of decisions that I didn't make, such as my family background, but those that I did make. Those decisions include: Yet never, not even once, have I hired for diversity. The best person got the job. It is called markets: capitalism and competition. So, there are many great things about diversity. It can result in more diverse perspectives, more languages spoken, and much more. However, what is negative is: So, don’t believe the propaganda when it comes to this issue.",https://qph.cf2.quoracdn.net/main-qimg-b249caddf5d2ca492efa007769a1ef7e
Adam Fayed,What are some of the best index funds to invest in for long-term growth and diversification?,"Some would say valuations are key. If you look at valuations, forward p/e ratios are the most expensive In India, Denmark and the United States right now. They are the cheapest in Turkey, China, Brazil, Italy, South Africa, Hong Kong, South Korea, Spain and the United Kingdom Japan is also relatively cheap despite the recent stellar performance of the Japanese Nikkei. If we look at excess CAPE we can see that the US looks expensive (Source Barc;ays) The blue line, representing the US, is miles more expensive than Europe (the orange line), the UK (green line) and Hong Kong (the cheapest market and the purple line). These are all developed markets. If we compare the US to some emerging and mid-income markets, it looks even more expensive: However, we have to remember something. Stock markets aren't always efficient, but they aren't stupid either. US markets are perceived as being safer long-term. That doesn’t mean you shouldn't invest global. Global diversification makes sense. However, it doesn't make sense to put all your eggs in say emerging markets. So, to answer your question, something like MSCI World can work well for many amateur investors.",https://qph.cf2.quoracdn.net/main-qimg-fd574801830f0a285ea8002d9f064f0a
Adam Fayed,What do most people not understand about running a business?,"Doing supply-side things like implementation is often for the team and can be delegated. The demand side, which includes things like sales and marketing, is one of the key tasks of the founder. Look at even big companies. Richard Branson and many others do a lot of marketing for their firms. I heard about one billionaire founder on a podcast recently who went on sales calls with customers looking to spend just $20 a month. The reason was simple. He wanted to understand the end users' motivations. He understands that building teams and delegating is important, but so is knowing the customers. Yet many inexperienced founders think they can hire salespeople and marketing agencies and focus on the technical work. Technical work is also essential, but the founder can’t just delegate everything with regard to the demand side. This is especially the case with new companies. Another misconception is that Ideas matter. They don’t in isolation. Executing good ideas is everything.",https://qph.cf2.quoracdn.net/main-qimg-610cdefe4d2a8a0d0718229351e368fe
Adam Fayed,Is Warren Buffet losing his touch with stocks?,"This book, the Snowball, is one of the best biographies of Buffett’s life. As they pointed out, in 1999, “the Wall Street Journal compared his performance to a retired AT&T employee whose portfolio was up thirty-five percent, saying that this technology-stock dabbler “isn’t exactly Warren Buffett—thank goodness.” People thought he was a 70-year-old dinosaur. Berkshire Hathaway had been lagging the market for five years. We have seen similar things recently, especially during the 2020–2021 tech-fueled market, when people said people like Cathy Woods’ were the future. We all know how that went. Medium to long-term, the Berkshire stock has easily beaten her fund. Don't be too influenced by short- or medium-term (5 years +) results. A company that owns a diversified basket of stocks, like Berkshire, will always look unappealing compared to more concentrated funds and stocks during some time periods. As an aside, Buffett hasn't been a stock picker for quite some time. He tends to buy whole companies.",https://qph.cf2.quoracdn.net/main-qimg-32f2cc6d812fbb018ad9510d11600608
Adam Fayed,Are you surprised that the number of millionaires in the UK is forecasted to plunge by 17%?,"No, I am not because consider this incredible fact. Did you know that many wealthy people now pay higher taxes in the UK than in places like Sweden and some other Nordic countries? Most people focus on the higher rate of income tax which is higher in many Nordic countries. However, most wealthy people earn money from companies, dividends, and capital gains. Let’s compare them UK corporation tax: 19% below 250,0000 Sterling. 25% above $250,000. Swedish corporate tax: 20.6% flat rate 2. Dividend tax. UK dividend tax: 8.75%-39.35%. Every penny above 150k is charged at 39.25% Sweden dividend tax: 30% flat 3. Capital gains tax UK capital gains tax: 10%-20% on stocks, 18%-24% on property. So, 20% and 24% are the higher rates. Sweden capital gains tax: 30% flat on stocks, 22% on property. 4. Inheritance tax UK inheritance tax: 40% above 325k or 650k for a married couple Sweden: No inheritance tax. Yes, no inheritance tax! Of course, there are caveats to the above. Both systems have deductions and other ways to legally lower taxes. The point is, the UK’s tax burden is the highest for decades, and now higher for wealthy people than many other European countries. That is in addition to the nom-domiciled rules changing. No wonder many people are considering moving abroad and offshoring their assets with them.",https://qph.cf2.quoracdn.net/main-qimg-cfd07c22a39f0196fde901084e50cfb6
Adam Fayed,How do I escape from asset rich but cash poor?,"I will define cash-poor as meaning “liquidity-poor”. In other words, you don’t hold cash, bonds, stocks, ETFs, and other assets that can easily be sold. So, anyway, to answer your question, the vast majority of asset-rich and cash-poor people have too much: For most people, property and a primary business are the biggest reasons for being asset-rich and cash-poor. This is so common that many people now have a term for this - house poor. Think of old widows in New York and London who bought their properties decades ago. Or business owners who on paper have a lot of wealth, but are worried that something could happen to change that. To answer your question, there are three main ways around this: 1. Liquidate some assets Downsize your house. Sell some of your business to somebody else. 2. Direct more new investments towards liquid investments Let’s say you don’t want to sell some shares of your new business. You can still increase dividends if you have a profitable business, and slightly reduce reinvestments into the company. Indeed, your own business can often be the most profitable investment once you have established yourself. But the risks are higher, the returns depend on your health and you will never get away from being asset-rich/cash-poor unless you pay yourself more dividends and invest elsewhere or sell some of the business. One of the biggest reasons people end up cash-poor at 60 is that they always convinced themselves that it is silly to invest for 6%-10% per annum returns where “I can get more from investing in my business”. One day you have to bite the bullet and accept lower returns for a portion of your wealth in return for more safety. 3. Use insurance or debt if you aren’t keen on options one and two, you might be able to use some of your assets to take out loans and create new cash flow. Be careful with how much leverage you take out, though. Or you can use insurance. Many people are worried about being cash-poor because: Insurance can deal with some of these concerns. Examples include keyman and partnership insurance, disability and life cover. That will help cover any short or medium-term liquidity needs that arise from death or disability before the assets can be sold off.",https://qph.cf2.quoracdn.net/main-qimg-61993218bdc8a5522722d961aa34855b
Adam Fayed,"When will the Dow hit 1000,000?","1,000,000 or 100,000? Believe it or not, the Dow has already hit 100,000. Most people think it has hit 40,000. (Source: Morpher) But that is just the capital value. Like real estate pays out rental income, the stock market pays out dividends and capital appreciation. That means if you reinvest dividends, your returns are much higher. Adjusted for dividends reinvested, the Dow has already hit 100,000. So, to get to 1M will depend on whether you factor in the capital value, which means the Dow needs to 25x, versus 10x when you factor in dividends. We can also see this with underperforming stock markets. The media reported that the Nikkei only recently eclipsed the previous height. In fact, adjusted for dividend reinvestment, it achieved this three years ago, even before the recent big increases in capital value. (Source: Quora)",https://qph.cf2.quoracdn.net/main-qimg-8f85acce86fcfe8721c0f0d54477056d
Adam Fayed,How does investment diversification mitigate financial risks?,Do you know which stock market index has beaten even the Nasdaq in recent years? The Romanian Index! (Source: Romania Insider). I don't know one person who could have predicted that. Almost all the other fast-growing economies haven’t produced such recent stellar stock market performance. The point is that diversification mitigates against: That doesn't mean that diversification doesn't have drawbacks. Concentration builds wealth more quickly…….if it works!,https://qph.cf2.quoracdn.net/main-qimg-36742317d9c903e682e2c42f6e452c3f
Adam Fayed,What will be the most important resource by the end of this century?,"What will be the most important resource by the end of this century? People and technology. Here is one projection of the global population in 2100 (Source World Economic Forum). As you can see, Nigeria’s population will skyrocket. Many other projections show it could reach 800 million, and China’s population could be 750–900 million. Here is Nigeria’s population pyramid (source populationPramid and Research Gate). Here is China’s (which is very similar to Japan’s, South Korea’s, Thailand’s and many other countries). You won't need to wait until the end of the century to see these effects. In the next decade, 300 million Chinese will retire. This indicates that countries with strong demographics, like Nigeria, have a great chance in the future, alongside countries with consistent immigration flows, like the United States and Singapore. Even countries like France and the UK, which have been struggling recently, should be able to maintain more growth than countries with negative population growth. Then there is technology. The only way around the above is more automation. Losing hundreds of millions of people is never good, especially if you can't replace them with immigrants. It might be manageable, however, if you can automate more with AI and some newer technologies that come along.",https://qph.cf2.quoracdn.net/main-qimg-071b2083832c7b8d71b02258ba8f19c1
Adam Fayed,What income taxes do You pay in France?,"Right now, here are the rates according to Grant Thornton. (Source: Grant Thornton). However, there was an election recently in France. The party with the most votes wants a 90% tax on any income above €400,000. This is despite Hollande’s failure on the 75% tax rate! If so, expect many wealthy French and expats to leave the country!",https://qph.cf2.quoracdn.net/main-qimg-22b94bc86bc251eb91713b869766d11b
Adam Fayed,What is the point of saving all the money in your youth if you are too old to spend it in your retirement?,"It is all about balance. If you use your finances wisely, you can improve your well-being and not just your bottom line. Your health is a key aspect of this. People care more about their health these days than in previous generations. Sleep is one of the core ingredients of health. I read an interesting article today on the BBC, which showed that people with more financial security, such as savings and investments, are more likely to sleep better. It is common sense. It is difficult to sleep well with more financial worries. That doesn't mean we should all save and invest everything and never live. It does show it is nonsense, however, to spend everything and get into debt on the premise that ""we might die tomorrow"". In reality, having more financial security helps our: That isn’t to mention that most people are surprised by how quickly time passes and how good they feel later in life. “I wish I had invested earlier as I would have retried now” is a common regret of people who are 50+. Few people consider that at 20 or 25. You will also find that your values change over time. Caring about your security and family becomes more important in your 30s onwards. Pained by financial indecision? Want to start investing? Reach out today! Forbes - Adam Fayed | CEO - adamfayed.com | Forbes Councils YouTube channel - Adam Fayed Podcast (Expat and HNWI investing) Gain two free expat ebooks today! Click here to receive them today!",https://qph.cf2.quoracdn.net/main-qimg-c1dc214f6fc654376290e415d7a800f6
Adam Fayed,Is this right time to invest in US Dollars?,"Do you know which countries lost the highest number of US millionaires from 2013–2023? (Source: Utility). Despite its general rise, Africa lost the highest number of millionaires, led by Nigeria and South Africa. The reason is simple - currency depreciation. Even the UK and Japan results are partly due to currency depreciation. That doesn’t mean everybody should invest everything in Dollars, and it is always tricky to predict the direction of the currency markets. It merely means people should invest in global assets and be diversified. You don’t need to be super rich to do that. Many funds and ETFs will indirectly give you access to global currencies. Pained by financial indecision? Want to start investing? Reach out for assistance today! Gain two free expat ebooks today! Click here to receive them today!",https://qph.cf2.quoracdn.net/main-qimg-ba5e9487cc034c02d08494ce8bb4f9f5
Adam Fayed,Why is net worth not a reliable metric?,"Do you want an incredible fact? It took the US tax authorities, the IRS, twelve years to ascertain Michael Jackson’s net worth for inheritance tax purposes. Twelve years! How could it be so complicated? Well, placing a value on paintings, houses, land, and other illiquid assets isn't easy. It is impossible to know how much somebody will pay for your business or land. So, you should be sceptical about rich lists like Forbes/Sunday Times and calls for wealth taxes. Most wealthy people don't know their exact net worth! What is far more reliable is liquid net worth. It is often one of the best, if not the best, way to ascertain’s somebody’s financial security. It is far easier to value ETFs, stocks, funds, most bonds and cash than illiquid assets. Perhaps Forbes and the Sunday Times should have a “liquid net worth list” soon. Doesn’t have much of a ring to it though!",https://qph.cf2.quoracdn.net/main-qimg-0997d05dc1e396deb19813403c0dc29e
Adam Fayed,"How much does it cost to live permanently in Kuala Lumpur, Malaysia as an expatriate (without a job)?","I have never lived in Malaysia, but I have lived in nearby countries and spent a reasonable amount of time there on various visits. You can see what people living there think after our staff interviewed people on the streets of Kuala Lumpur: As you can see, people’s perspective on how much you need to live in Malaysia is quite subjective and depends on their standards and interests. Ultimately, the cost of living for expats will differ globally from that of locals. Costs such as international schools aren’t needed by most locals.",
Adam Fayed,How do wealthy individuals set financial goals for retirement?,"Some things are identical when it comes to wealth planning in retirement, regardless of somebody’s financial status. For example, wealthy people still need to plan for sensible drawdowns. Ultimately, regardless of whether you are wealthy or not, you can still only take out a certain percentage of your investment portfolio every year. What is different is things like succession planning. If somebody is wealthy and runs a business, for example, then who takes over the business after retirement? Or will the person stay part-time in their 70s whilst somebody else takes over? Then there is succession in terms of assets and inheritance tax. So, the structuring of assets becomes more important.",
Adam Fayed,What is the status of China's economy? Are there concerns that it might collapse?,"Everybody I know, Chinese and non-Chinese, who has been to China recently said: The stock markets are also doing very poorly. Usually, there is little connection between stocks and the economy, but sentiment towards China has turned some foreign investors away. This is a startling story that illustrates that all is not well. The article below really illustrates a startling story. “These arrivals are part of a staggering new trend. In the first 11 months of 2023, more than 31,000 Chinese citizens were picked up by law enforcement crossing illegally into the US from Mexico, government data shows – compared with an average of roughly 1,500 per year over the preceding decade” And that is just on the Mexican border, and is just speaking about illegal Chinese immigrants going to one country (the US). If we include all the legal and illegal people leaving, it is massive. Perhaps most shockingly, it is the wealthiest people who are actually leaving Don’t get me wrong, I am not pessimistic in every way. I think the stimulus measures will help the Greater China markets, like Hong Kong, to recover. Like most major global cities, Hong Kong and Shanghai will also find ways to innovate. Growth might also pick up if the AI revolution carries on. Merely, the housing situation and huge demographic issues merely mean more people are pessimistic about the economy. The long-term will also be very negative unless they really utilize AI well. Bad demographics + low immigration + a huge housing bubble = a huge problem unless technology comes to the rescue.",
Adam Fayed,What are the true costs of home ownership?,"The biggest cost is something people never consider. The biggest is opportunity cost. This isn’t a big deal if you can get a 95% or 100% mortgage. But let’s say you can't because you live abroad, are self-employed or have bad credit scores. Then you have to put down a huge deposit. That money could have been used elsewhere. Simple example. Let’s say a relatively wealthy person is looking at a $ 2 million home but can only get a 50% mortgage. $ 1 million is now tied up. That $1 million could have been invested elsewhere, including in income-paying investments that would pay for the rent. In general, you make money in real estate from leveraging and rental yields. If you can’t leverage properly the maths often don't work.",https://qph.cf2.quoracdn.net/main-qimg-755748d26b48936d09bf374829029de4
Adam Fayed,How come a lot of wealthy people in the U.S. don't drive fancy luxury cars?,"You are right about the general trend which can be shown here (Source X) This is in many developed countries and not just the US. I guess the biggest reason why many wealthy people don't drive luxury cars is that they aren't very practical unless driving is your hobby. You probably will always be paranoid about people (including your own kids and pets) messing up the car, and safety could become an issue. Exceptions exist, though. Some very wealthy people drive very expensive cars.",https://qph.cf2.quoracdn.net/main-qimg-92f6b727aa7051e37c80b1a755a18a55
Adam Fayed,What is the liquid net worth of a person?,Any assets which are investable. That means anything that can be sold easily and relatively quickly. Examples include. Not Liquid net worth can be a much better indicator of financial health than normal net worth. It is very difficult to know how to value a private business or land! It is one reason why platforms that promise to make it easier to buy and sell physical art and gold online have become more popular. The ability to sell and buy quickly is a huge plus.,
Adam Fayed,Asia: Is The 21st Century Going to be an Asian Century?,"There is a Warren Buffett rule that usually applies to investing and can be applied to life. When there are too many people on one side of the argument, that is usually a bad sign. The ultimate example was when the shoe shine boy was giving stock market tips before the 1929 stock market crash: (Source: Moon Capital Management) That was a huge sign that a bubble was happening. Likewise, when you hear a narrative repeatedly, that is a huge sign that the narrative is “overbought”. Look at some recent examples. Around 2010, the talk was about the BRICS (sound familiar). Back then, the talk was that Brazil, Russia, India, China, and South Africa would grow quickly in terms of GDP. We have heard less about that in recent times for obvious reasons - at least three of the five have done poorly. China hasn’t done as poorly as South Africa, Brazil and Russia regarding GDP growth, but the narrative as recently as 2020/2021 was that China would overtake the US by 2027 or 2030 at the latest. Now, few believe that will happen. Now, to your question. The Far East has an awful combination of poor demographics and low migration in countless countries. That will mean that China, Japan, South Korea, and many other places will struggle to avoid a population collapse. Singapore is used to immigration, so despite its low birth rate, it will likely do better than the average place in the wider region. Africa will likely be the next big thing in terms of growth. Africa today is where large parts of Asia were in the 1980s, 1990s, and early 2000s, meaning it is underbought.",https://qph.cf2.quoracdn.net/main-qimg-b0255ad92f79bb4f09e6fc0787f8c5ea
Adam Fayed,What is the reason for the high number of people leaving Britain? What are the alternatives for those who choose not to stay?,"Loads of people aren’t leaving the UK, but many highly skilled and mobile people (such as wealthier people) are. This graph from the Virtual Capitalist shows how many millionaires are leaving the UK. I expect this trend to get more prominent when the Labour Party wins the 2024 election in a few days. Firstly, you have a more anti-rich public policy. Many years ago, the Conservative Party endorsed changes to the non-domiciled rules. They have extended that, and Labour will likely abolish it entirely. So, measures like this have bipartisan support. What also has bipartisan support is more taxes on wealthier people and the population in general - at least if you look at actions and not words. Since 1997 and the 2008 Global Financial Crisis, tax rates have been pushed up significantly, but they have been done stealthily. Income and other tax brackets have been the same for years, or at least haven't been increased in line with inflation. The 40% rate used to be a millionaire's tax, and few people paid it. Under a Labour Government, don’t be surprised if they bring in a wealth tax via the backdoor, just as Gordon Brown attacked private pensions in the late 1990s. Already, they have pledged to remove offshore trust benefits for inheritance tax planning, and I looked below about which taxes they might increase. Ultimately, the country needs more tax money with an ageing population, or at least perceives it does. So, it is that feeling of decline. The health system is getting worse despite more money going into it because the demand from older people is too high, and nobody seems to want to reform the NHS fundamentally. That has resulted in people with even slightly above average incomes, especially those with decent amounts of wealth, concluding that they will keep getting less for paying more in the future. Don’t get me wrong. As shown by the net migration figures, more people still want to come to the UK than leave, and the UK isn’t the only place with these problems as more societies age. It is merely the case that many people can enhance their quality of life AND pay much less tax by moving abroad. You don’t always get what you pay for when it comes to taxes. Often, you can get more by offshoring yourself and your assets. I also wouldn’t be surprised if more UK residents offshore some assets before leaving the UK. This wouldn't be for a tax benefit, as you can’t get those unless you offshore yourself and your businesses, but for diversification. Pained by financial indecision? Want to start investing? Reach out today! Forbes - Adam Fayed | CEO - adamfayed.com | Forbes Councils Gain two free expat ebooks today! Click here to receive them today!",https://qph.cf2.quoracdn.net/main-qimg-0f7a7c2fb56b0cad6f5343676d50b092
Adam Fayed,How do wealthy individuals use leverage in real estate?,"In the UK, there was a recent proposal for a 99% mortgage. The media cried and said it will overheat the housing market and will lead people to go into extreme amounts of debt. Those are indeed legitimate concerns but it forgets that many wealthy people, as you say, use leverage extensively for real estate and business. It is a misconception that real estate has beaten the stock market over the long-term. If you compare the S@P500, or Nasdaq, with any major real estate market, then you will see that. One of the advantages of real estate is the ability to leverage and use other people’s money. If your yield is high, you can make decent money through leveraging. Much more money than buying with cash or a lot of money down. Of course it is understandable that people want to avoid debt for emotional and risk-related reasons That doesn’t mean that it doesn’t make sense to do it though. The same is true with an investment portfolio. When interest rates are low and the markets have fallen heavily, investing through Lombard Loans can make sense. The biggest issue is more people getting greedy.",
Adam Fayed,"Why do lots of people show a lot of interest in buying properties rather than the share market? What will make us rich, properties or shares?","Most wealthy and more sophisticated investors don’t prefer owning real estate over more liquid investments like stocks, even if there are individual preferences. That is unless there is a specific reason for owning property over more liquid investments. Those reasons include the ability to leverage, treating it as a home and tax write-offs in some countries. For many people, they don’t appreciate the following things: Speaking about the last point, I saw this brilliant write-up the other day. It focuses on recent tax changed in the UK and why it is now more difficult to be a buy-to-let landlord. The decline and fall of a buy-to-let empire - Monevator The best quote from the article? “Even with leverage we’re hardly knocking the covers off compared to the MSCI World index in GBP terms. And the MSCI World never calls to complain about the mould”. Remember, there is such a thing as a time-adjusted return on investment, and not just conventional return on investment (ROI).",
Adam Fayed,Is there a reason why you'll still get haters no matter how successful or good you are?,"You will get more haters if you become more successful and good, not fewer ones! If you don’t succeed you aren’t a threat to anybody unless you are overtly a bad person. If you start succeeding, you become a threat. I don’t just mean that you will have more power, but some people who know you will feel threatened and have envy. They will wonder why they didn’t make similar life choices when they had a similar upbringing. It is also more difficult to directly criticize such success compared to somebody who came from a super rich family, or some ‘other’ like a Gates, Bezos etc, because they know your story better. Imagine you play with a kid in the playground who was often the ‘bad boy’ and troubled, and he (or she) ends up super successful. That can annoy some insecure people even though they will claim they are happy for the individual. But I wouldn’t concern yourself with that because you will seldom (if ever) meet a hater who's more successful than you. This quote (taken from Pinterest) seems it up. So, you haven’t truly ‘made it’ until you have negative reviews or haters Same thing for businesses. Businesses with zero negative reviews haven’t really made it!",https://qph.cf2.quoracdn.net/main-qimg-80dda4a0e90fe51795ff4cc7d8006904
Adam Fayed,What is the meaning of rich from your point of view?,"When passive income (or the ability to make passive income) is greater than living a comfortable lifestyle. Simple example. Academic studies show you can take 3%-4% from a relatively low-risk portfolio per year, without running out of funds. So, if you need $120,000 to live a comfortable life, you need at least $3m in assets. $200,000 requires $5m or more. Yes, higher-risk strategies could mean you could take out much more than 4%, but you shouldn't need to go for such strategies. In comparison, if somebody earns millions but spends millions and therefore doesn’t own too many assets, they aren’t wealthy. If their health goes down, they could get into trouble. You might not think this is common, but it happens a lot. Many bankers who earn a lot just spend it. The same is true for sports and entertainment stars and lottery winners.",
Adam Fayed,How does one use offshore tax havens to legally save on taxes?,"The easiest way is to offshore: And remember It doesn't usually make sense to just offshore your assets, unless you are doing it for diverisifctaion of risk, which is a good reason, but not the question at hand . When it comes to assets, sometimes it makes sense to move the money offshore (when you offshore yourself) via asset transfer/in-specie transfer, rather than cashing out straight away. I explain more on this video. Again, each country has their own rules though, so it is important to ensure you do everything compliantly",
Adam Fayed,Should we take advice from others?,"If we never seek advice from others, it doesn’t make sense. Seeking advice isn't the same thing as automatically taking advice. The question is, who should you seek advice from? There is no perfect formula, but the best people to take advice from are those who have achieved what you want from a relatively similar starting point. That means taking advice from a moderately talented sportsman who has come from an ordinary background if you are young and come from a similar talent level and background. Taking advice from somebody who has never made it or with incredible natural abilities honed by professional coaches that you couldn't afford doesn’t make as much sense. However, we do have to remember that things change over time. So, taking advice from somebody who achieved what you wanted decades ago is likely not as effective as from somebody who has completed it more recently. We also must remember that outlier success differs from somebody who has done exceptionally well. Malcolm Gladwell makes some good points about this in his book. Source: Good Reads. Randomness plays a role in any success or failure, but it plays a larger role in outlier success, so is less replicable. So, ironically, that means taking advice from somebody who has built a business and is now worth $30m-$50m, might make more sense than a billionaire. Finally, it makes sense to take advice when you aren’t an expert in certain domains; acquiring that knowledge would take a long time. A perfect example is lawyers and other service professionals.",https://qph.cf2.quoracdn.net/main-qimg-79806c2e063d506cff47db2ad3205774
Adam Fayed,Do you start losing friends as you become more successful in life?,"Yes and no. You will lose friends regardless of your financial status. That is for various reasons. It could be, for example, that your friendship was based on more shallow foundations than you believed. So, you move countries or get married and therefore lose contact, unlike the true friends you stay in touch with. I think what you are alluding to is: The first case does happen, but isn’t that common, because people who are wealthy tend to value those who knew them when they had nothing. The second case is more common.",
Adam Fayed,"What are some real life examples of ""any publicity is good publicity""?","I guess you have heard of Ashley Madison. It is the biggest website for married people who want to cheat. They made many provocative marketing statements. One was in India - “your parents arranged your marriage. Let us arrange your affair”. Others included suing the South Korean government after they blocked the website for going against anti-adultery laws and saying, “Life is short. Have an affair”. It is interesting that there was a recent Netflix documentary on them. There was a massive hack. Many people would think this would be critical for their business. Their business depends on privacy and secrecy. Now, tens of millions of people could have contact details and explicit pictures revealed publically. They would also have lawsuits. Here are their user numbers over time: Maybe the scandal affected their numbers for a few months, but it didn’t have any long-lasting effect. The free publicity worked, and people soon forgot about the scandal. At one stage some conspiracy theorists even thought the company leadership created the hack on purpose (which they didn’t), such was the skyrocketing traffic and sales after the hack! So, any publicity is good publicity, especially if you are in an area with demand. The dangerous period is in the immediate aftermath of the scandal and before people forget about it. There have been some companies that haven't got through those early difficult weeks and months. So, don’t short stocks based on new scandals, or take any major career decisions after something like this happens.",https://qph.cf2.quoracdn.net/main-qimg-5198652fffde4eae1c6efac78acf7d19
Adam Fayed,Can you beat the market long term?,"This book explains why it has become more difficult on a risk-adjusted basis, especially in developed markets like the US. (Source: Amazon). In particular, the book mentions why somebody like Warren Buffett has stopped beating the S&P 500. He was taking advantage of cheap leverage and factor investing, and that has become more difficult. Furthermore, as soon as a fund easily beats the market for a decade, many people rush to buy it. It then becomes more difficult for that fund to outperform in the future, because outperforming with a big fund isn’t as easy as using a small amount of money. Here, though, is what you can do: 1. You can beat most people who use ETFs and other market-tracking instruments. Most people who buy these instruments buy when the market is increasing and either sell when there is a crash or stop buying as much. If you are greedy when others are fearful, you can beat almost all of them. Quick example. 2020. 35% of people, according to a Fidelity study, panic sold between February 2020 and May 2020. Many others stopped buying more and just decided to wait and see. If you had bought ETFs at that moment, you would have beaten almost all so-called passive investors, as you would have kept your head when others around you were losing theirs. If you had used cheap leverage (margin loans on brokerage accounts—but be careful with leverage and not get too greedy), you would have beaten 99.9% of them. Nobody has the guts to buy even indexes on leverage when there is a 50% crash, and everybody else seems to be panicking. 2. You can invest in areas where small funds (small hedge funds or emerging market small caps) can have certain advantages. Sometimes, you need an advisor to access these funds, though.",https://qph.cf2.quoracdn.net/main-qimg-62d80d4b504c0ffb57cb4a2c90cb2ec3
Adam Fayed,How do US expats keep their money safe?,"It depends on what you mean by safety. When you live abroad, some of the same factors exist as when you are back home. Those factors include: However, when you are abroad, you also need to factor in So, basically, you just have more complexity in certain instances.",
Adam Fayed,What's wrong with government regulation of business?,"There is nothing wrong with very basic regulation. You shouldn't be able to intimidate people, create Ponzi schemes, put customers health at risk if you own a restaurant and so on. The issue comes when regulation piles up. In that case, the black market and those in the grey zone just get bigger until they become the market. Quick question: was Uber legally compliant in most countries? They weren’t. They just decided to seek forgiveness rather than ask for permission. Billionaire investor Mark Cuban admitted he didn't invest as Uber’s CEO told him about this plan. They, and others like them, then became the market, and therefore, the state had no alternative but to engage with them. Now they are largely regulated now they are big and powerful enough. We have seen the same with digital currencies. They were in the grey zone. It wasn’t an untruth that they were used for some dodgy purposes. I never invested in them myself. But now they are being used more, so the state has accepted the industry. But if Uber had been highly regulated in every area it operated in on day one, would it have become as big as it is now? I doubt it. Would the internet be what it is today if it wasn’t largely unregulated until recently? Again, I doubt it. It reminds me of the famous expression from the movie Scarface: You gotta make the money first. Then when you get the money, you get the power. Then when you get the power, then you get the women. Uber knew provided they didn't literally get thrown in prison, they could make more money being uncompliant for years, even adjusted for future fines. Then you have the ironic aspect many firms get too big to fail AND regulate. The big banks are fined every week somewhere in the world. Check out how often HSBC gets fined somewhere! They merely understand that paying those fines is cheaper than changing their processes. So, minimal regulation is fine. Just don't think regulation usually protects the consumer. Often, it protects firms that are big and adds costs to the consumer and smaller businesses.",https://qph.cf2.quoracdn.net/main-qimg-de7584e66a62e2b21a0d7dea5f523c57
Adam Fayed,Has UK inflation reached its 2% target? Does it matter?,"It has today. Not sure it matters that much. It was expected to fall to 2% anyway. The only way it might matter is the strength of the Pound. The US economy is stronger than the Eurozone and the UK, which means interest rates there are expected to stay higher for longer. That means investors and savers can get more on the USD versus the Pound or Euro, assuming the bank of England followers the European Central Bank in cutting interest rates soon. Here are some projections for interest rates by the end of the year (source Visual Capitalist). As you can see, whilst interest rates might end up at a similar level, the current projections are that interest rates in the US will be higher in 2024 and 2025. As a result of that, we might see the USD getting stronger against such currencies. That will make holidays to some countries more expensive, as well as some imported goods. We have seen something similar with the USD to Yen. The difference between interest rates is massive which is one of the reasons why the Yen has weakened.",https://qph.cf2.quoracdn.net/main-qimg-aadc7ac57e677e6950de7e423b0027d8
Adam Fayed,How can I open an offshore bank account without a company formation?,"You need to form a company if you want an offshore business account. Having an offshore business account without offshoring your business is possible, but that doesn’t mean you can avoid paying taxes. Many companies have, say, UK banking but have a business in mainland Europe. If you want to pay fewer taxes, you must offshore yourself and your company and ensure everything is compliant. On the personal side, almost everybody can open an offshore bank account. That means you have a bank account open in a country that isn’t your primary residency. Ultimately, for many people, the reason for having offshore accounts is not to have secrecy or avoid legally due taxes. It is diversification and risk management. I am sure most Ukrainians, Veneazualns, Syrians and Lebanese wish they had invested more money offshore many years ago, and had part of their business operations internationally. It is the old adage don’t put all your eggs in one basket.",
Adam Fayed,Will rich foreigners living in the UK really flee the country if Labour Party leader Keir Starmer becomes Prime Minister?,"Actions speak louder than words. Plenty of wealthy people, both foreign and British-born, will say they will leave a certain country if certain things happen but then do not proceed with it. So, let’s look at people’s actions. The stats below from Statista look at the net number of people leaving a country. So, if 10,000 wealthy people come to the UK and 11,000 leave, the net figure is -1,000, for example. As we can see, the UK is currently: That figure is expected to reach a record 9,500 in 2024. I have also noticed anecdotally from my network and clients how many people are currently leaving. The reasons are simple. Look at public policy. Non-dom status is being abolished, or at least rolled back, as are trusts as an inheritance tax tool if Labour wins. VAT on fee-paying schools is also to be added if Labour wins. Moreover, these political parties often use salami slicing as a tactic. Remember 1997 and how to moderate the Labour government sounded? Well, they didn't increase most of the major taxes directly, but they: Expect something else here. I bet that the council tax will become a quasi-wealth tax. So, in reality, many wealthy people will understand that the general political consensus is for more taxes on “the rich.” Merely taxes will likely increase more under Labour, but they won’t be low under the current government, which has already increased them, especially considering the ageing population. Therefore, many people, British and non-British alike, with means will seek to offshore their wealth and themselves to low-tax jurisdictions.",https://qph.cf2.quoracdn.net/main-qimg-5b757602802bf09c35aac0c11a872e15
Adam Fayed,Why are people nowadays looking for short cuts not by it's right way to do the things? Why do we have such kind of mentality by not going straight forward and looking around for shortcuts?,"Consider this. Imagine you are trying to get six-pack abs. Which video will receive more views on YouTube or Instagram? Get abs by exercising just six minutes a day, or go through pain for a decade and get the result? We all know the answer! Videos like this get more views! The same is true in building wealth. Trying to take too many shortcuts results in some bad outcomes. However, you are correct in what you say; it is good to work smart. Short cutsshould be done if you can get to the same outcome faster, and taking calculated risks makes sense. The key is doing it responsibly without getting caught up in get-rich-quick schemes.",https://qph.cf2.quoracdn.net/main-qimg-f13872a3eabe358881ca618507b7c6c6
Adam Fayed,How might the European Central Bank's decision to lower rates affect the euro in the short and long term?,"If interest rates stay lower for longer in the Eurozone, the Euro will likely weaken against the USD. I explain more here: Ultimately, if people can make more money in USD than Euros, they might gravitate to the Dollar. Saying that, markets have already priced in this to a certain extent, as the Euro has been weak for a while against the US Dollar. The Euro hasn’t hit 1:15 for quite some time now. It used to be at 1.25–1.55 regularly. What is more, investing in a well-diversified portfolio means you don't need to care about which currencies are going up or down, as you are protected anyway.",
Adam Fayed,How is AI going to change investing in general?,"Most fundamentally, we have to remember why stock markets have tended to rise long-term. Companies become more efficient with time so that they can do more with less. Therefore, the technology of the 1990s allowed firms to do things they couldn't do before, such as get new clients without needing to physically open up stores in every single location they wanted to do business in. The same thing is likely to happen with AI. It will allow firms to become more efficient, which should be good for their long-term stock price. Or at least the top firms that use it will do well. Everybody is currently focusing on Nividia due to the huge increase in its stock price. (Source Motley Fool). What fewer people are focusing on is: Like always, though, separate the hype from the real benefits of new technology. Remember, some people predicted that the internet would finish letters and physical books.",https://qph.cf2.quoracdn.net/main-qimg-c83351cdb8b7a01ce4c34e54f30276d8
Adam Fayed,"Risk-taking is useful, but is it necessary?","Professor Scott Galloway says it best here at around 30:00. Unless you are willing to take uncomfortable risks, you will never give yourself the best chance of success in investing, business, romance or any domain. It also doesn’t require you to work harder than others because others won’t copy you. What is more, not taking uncomfortably risk is more likely to result in regret later on down the line. So, it isn’t necessary for survival, but as you say, it is beneficial.",
Adam Fayed,What are the minimum requirements for opening an offshore business bank account?,"It depends on what you mean by offshore. Technically, offshore means a bank account outside of your country of residence. For example, a UK bank account produced by Wise or Revolut would be considered offshore if you live in the EU. In that case, you need very little start-up money. Opening up the account is often free, with low ongoing fees. You often need more for offshore bank accounts in locations such as Hong Kong, Singapore, or the UAE. Opening an account can cost thousands, at least if you include indirect costs, and it is often difficult for non-resident owners to open an account to begin with. It is also possible to move to another country, such as the countries mentioned above, and incorporate and open a business bank account. In that case, you can often do it for 5k-20k upfront to include the incorporation and other fees. It all depends on where you want to open an account, which industry you are in, etc.",
Adam Fayed,What factors are driving high-net-worth individuals in the UK to consider moving their investments or leaving the country altogether?,"A feeling that the country is in decline and attitudes towards “the rich” are getting worse. With an ageing population, low economic growth and a lack of tech innovation compared to the US, the UK would always have to either increase taxes or lower the standards of public services. It is difficult to take things away from people once they are used to it, which means that taxes are likely to go up, but public services will stay the same or worsen over time, as the ageing population costs a lot. Debt is also high after COVID-19 and the 2008 Global Financial Crisis, so borrowing forever isn’t an option. The bottom line is that cultural and family ties keep many people in the UK. Those with the means often find out they can get more by paying less. In recent months, I have spoken to several people who told me they are paying about a third or a quarter of the tax they once were but are ironically getting better government services in places like Singapore or Hong Kong. You don’t always get what you pay for, especially concerning government spending! That isn’t to mention the UK non-dom changes. No wonder thousands of high-net-worth individuals have already left this year.",
Adam Fayed,How do I invest money after selling a company?,"There is a high-risk way to do this. That is to reinvest in another venture. This is what Elon Musk did after getting money from PayPal. Many businesspeople with far smaller amounts of capital do the same thing. Another route is to invest privately outside of a business where you own a majority stake. Of course, the whole point about doing this is safety and time—you are diversifying from having most of your net worth in one asset, and you might only need to spend one or two hours a year on this. When it comes to private investments, if you have already sold your business, you need to strike a balance between being too aggressive and too passive. Having loads of money in cash will erode to inflation. Investing 100% in Nvidia or Bitcoin is just as risky as having 100% of your net worth in one company you own. It might be riskier as you understand your venture better. So, it is essential to have a well-designed portfolio that allows you to make a decent income if needed. Structuring that portfolio into trusts and other ways to pass on assets can also be important for some, considering one reason some people sell a business is that they know their wife/husband/kids won’t be able to take over if something happens to them. Pained by financial indecision? Want to start investing? -Apply now for my assistance! YouTube Channel - Adam Fayed Podcast (Expat and HNWI investing) Forbes - Adam Fayed | CEO - adamfayed.com | Forbes Councils Gain two free expat ebooks today! Click here to receive them today!",https://qph.cf2.quoracdn.net/main-qimg-b2bf145f3b8e8a1b9f31faddee443609
Adam Fayed,How valuable is Dragons' Den as an educational tool for learning how to deal with investors?,"It is a good show. One of the judges, Deborah Medan, once said it is 80% business and 20% entertainment, or 70%-30%. That is probably pretty accurate. My only complaint with the show is that it implies that people starting businesses must solve some great problem. They need to be faster, greener, cheaper or whatever. To become the next Tesla, that might be the case, but 95% of the people I know in business making loads of money aren’t great innovators or creating something dramatically different. They are just good at the practicalities of business (cash flow, revenue-generating activities like sales and marketing, operations, etc). Examples include top recruiters or real estate agents who cold-call every day and aren’t solving any great problems. What would be nice is if somebody stepped into the Den and just said “l have consistently made between 500k and 1.2m in profits running a real estate agency (or insert here any type of “normal” business”). So, I have a tried and tested business. I want money from you to mention the existing and potential clients that Dragons have backed me with cash. I also want to be able to mention I was featured on the BBC. So, yes, I don’t “need you”. But i know your money will be safe and grow because you are investing into a highly profitable business that can get to the next level with the endorsement of dragons”. That would be a nearly guaranteed way for the Dragons and the entrepreneur to make good, with low risk, but it wouldn't make good TV! Why do many companies spend loads of money on celebrity endorsements? It helps them. So, it would be nice if the “den” sometimes focused on how established businesses can be helped with the endorsement, and not just 50k. At least The Apprentice in the UK has resulted in many people like recruiters and plumbers getting money. So, it is useful in some ways. Just don’t think it is the best route to making money. If you want to do that in business, it is far better to do the following in most situations:",https://qph.cf2.quoracdn.net/main-qimg-28e2ddad7e6e143fffcf0ac65d49fc75
Adam Fayed,How can international investors navigate the risks of investing in China?,"It depends on what you mean by navigating the risk. If you want exposure to Chinese growth opportunities without having the money physically in China, you can invest in: (source: Value Walk). If you mean that you are worried about investing in China and think it is a risk to the global stock markets, then you can invest in a manner which reduces your risk. That means doing the opposite of the above and investing in firms that don’t have a significant exposure to China. Examples would be small-cap stocks in most countries.",https://qph.cf2.quoracdn.net/main-qimg-aff887ca99ebe3a21207f37d4ddd90f8
Adam Fayed,What do high net worth individuals need to consider when planning for retirement?,"Firstly, high-net-worth individuals (HNWIs) need to consider some things that everybody else needs to consider. Those things include However, HNWIs might want to focus on other things, such as: Then, there is a wider point. When you have a lot of assets, it can breed complacency. I remember that, in 2013/2014, I met a man who knew a wealthy expat living in Hong Kong. She never got health insurance because she knew she always had enough to pay out of pocket. To cut a long story short, one day, there was an emergency. There was a delay in treating her as she didn’t have insurance. She died. I am not sure why the hospital couldn't take a payment from her card, and I dare say that these days, few hospitals would act the same (he told me the story in 2013, but the actual event likely happened in the '90s or 2000s). Even though the story is about health insurance and not retirement planning, it shows how complacency can result in awful consequences in extreme cases. Pained by financial indecision? Want to start investing? Reach out today! YouTube Channel - Adam Fayed Podcast (Expat and HNWI investing) Forbes - Adam Fayed | CEO - adamfayed.com | Forbes Councils Gain two free expat ebooks today! Click here to receive them today!",https://qph.cf2.quoracdn.net/main-qimg-1beae589779a758e0aaf8f5521c97a04
Adam Fayed,"Which one is more profitable, an index option or a stock option?","Do you want to know an incredible statistic? How much would Bill Gates now be worth if he didn’t sell Microsoft shares? About USD 1.15 Trillion by now! Yes, he would be the first trillionaire in the world! Even before the recent surge, he could have been worth 600–700million in 2020–2021, which is more than Bezos and Musk combined: (Source: bnnbloomberg) So, did he make a mistake? Of course not! A more diversified portfolio is safer! As the chart above shows, Microsoft’s stock didn’t recover from 1999–2000 until 2016! All the growth has been since 2016. I have lost count of the tech workers who have regretted not selling out earlier. The reality is that only a small percentage of stocks beat the index. A few do much better. Many of those that do much better, like Microsoft, have done worse for most of the last twenty-five years. So, the key question is, what is the highest safe return and not the highest return? If you mean an index option more as being financial options, then stay away unless you are a sophisticated investor. Website - Expat and HNWI Wealth Management YouTube Channel - Adam Fayed Podcast (Expat and HNWI investing) Forbes - Adam Fayed | CEO - adamfayed.com | Forbes Councils Gain two free expat ebooks today! Click here to receive them today!",https://qph.cf2.quoracdn.net/main-qimg-8964f85fbf49abfd9a34bb407e01b25e
Adam Fayed,What are the best ways to invest an inheritance?,"Let’s start with the biggest mistake people make. Have you ever wondered why so many lottery winners go broke? They have millions or tens of millions. They think they are set. The “problem” is that if you have $10m and give $5m away, you can live very comfortably if you invest it well. You can’t live like a king or keep it in cash, eroding to inflation. The money will run out. Academic research shows that you can only withdraw 3%- 4% from a diversified portfolio, even if the portfolio is doing 6%—8% per year, as you need a conservative buffer, and inflation erodes some of the profit. That is a maximum of $200,000 from a $5m portfolio. Most people aren't lucky enough to get $5m or $10m as an inheritance. All the more reason to plan well, as the best way to invest an inheritance is to be conservative enough not to run out but adventurous enough not to think that keeping it all in cash is a good idea. Pained by financial indecision? Want to start investing? Reach out today! YouTube Channel - Adam Fayed Podcast (Expat and HNWI investing) Forbes - Adam Fayed | CEO - adamfayed.com | Forbes Councils Gain two free expat ebooks today! Click here to receive them today!",https://qph.cf2.quoracdn.net/main-qimg-d9a0ff8ccacd62f161aefe6911fb0656
Adam Fayed,What's wrong with today's generation?,"Imagine we are in 2050, 2060, 2070 or 2080. Young people now are middle-aged or very old. They get told by the youngsters of the future, “It was OK for you. Inheritances were massive in the 2020s and 2030s because the baby boomers died. Moreover, as they were all retiring during the same period, getting them to hand over their businesses for zero dollars down was easy. That isn’t to mention the potential of AI, which went on to disrupt the world in a massive way”. What’s the problem with that mindset? The problem is that in 2024, it isn’t apparent to most people that all of these things are opportunities. Sure, a small number of people are watching videos like the one below about how to structure deals for retiring baby boomers, but it isn’t an obvious opportunity for most people. (Source: YouTube How to Buy a Business With No Money in 2024) Likewise, countless people have said to me, “It was OK for you. You got into social media before COVID-19, when it was easier.” Well, if it was obvious, why didn’t everybody do it? The same thing is true for the 1990s and the tech bubble. Many people assume it was easy when Google Ads only cost $1 or less, but if that is the case, why didn’t everybody jump on the opportunity? The point is that every single period has threats and opportunities, positives and negatives, that weren't obvious at the time. If they were obvious, everybody would make money from them. So, to answer your question, there is nothing wrong with this generation if you mean younger people in their late teens and early 20s. Most generations probably think they have it tough compared to their parents and grandparents, and, indeed, succeeding using traditional means (going to university, getting a job, retiring at 65 with a full pension from work) is more difficult than before. But some opportunities didn’t exist before. You can now run a global business from your laptop. You can become a digital nomad and take advantage of lower living costs. As the older generation retires and a percentage gets fed up with running their businesses, there are opportunities to buy them out for little to no money and have a deal whereby they get some of the future revenue, as per the above. The problem is that social media has encouraged a kind of victim mentality amongst many people, including younger people. Building wealth requires you to understand some basic truths, such as nobody, including the government, will save you, and it is better to focus on what you can control. Those who see the positives in the current environment will always have an advantage. It reminds me of COVID-19. Some restaurants and cafes cried for government help, whereas others took advantage of the situation with takeouts, social media, and other means. An opportunity is always a threat, and vice versa. Just wait until younger people today start reminiscing about “the good old days”.",https://qph.cf2.quoracdn.net/main-qimg-153db24e689cf39a5cfa03122b8312ba
Adam Fayed,"What insights can be gained from the rise and fall of the Vanderbilt family's net worth in terms of wealth creation, management, and preservation?","Did you know that CNN anchor Anderson Cooper is the son of Gloria Vanderbilt and was part of the first generation to not gain wealth without working for it? Interestingly, he speaks about that fact as if it were a blessing, not a curse. And he is probably right. To answer your question, historians who have examined the family have said they didn't focus on building generational wealth. They focused on spending more than everybody else and did not manage risk, even though events like world wars could always be around the corner. So, the critical lesson is that shirtsleeves to shirtsleeves in three generations is a real thing. Those that want to build generational wealth need to focus on structuring. For this reason, most ultra-wealthy families, such as royal families, have their money in trust. They don’t want the children or grandchildren to waste it in one go. These days, it isn’t just the ultra-wealthy who create trusts for this reason.",https://qph.cf2.quoracdn.net/main-qimg-c58f1d685da011deb495512311d8d521
Adam Fayed,How can someone fake being rich on Instagram?,"Easy. Rent a car for $1,000 for a day. Take loads of pictures and put them on Instagram. That doesn’t mean you are rich; it just means you aren’t that good with money in most cases. Even if you bought the car on credit, you aren’t rich if it is the only 500k you have. You are only “rich” if you use asset income to buy or rent a luxury car. Buying or renting something with incoming-generating assets isn’t the same as buying something on credit or using active income from a job.",https://qph.cf2.quoracdn.net/main-qimg-470e7f70413f02fee952395cc77d397f
Adam Fayed,Why are some people in business are so stingy with their money?,"It is easier to catch up if you don't keep up. Think about the maths. Most successful in business go through a few stages: People in the first stage have to be stingy to survive. In the following stages, once the business is growing quickly, it is better to invest as much money as possible in it or invest privately to diversify your wealth. At this stage, that $10,000 you just spent on a holiday could indirectly have cost you $250,000+ if you had used it to grow your business. Once you are at the later stages, meaning you have a stable business at a reasonable level of growth, it is much easier to have balance and start to relax spending. If you mean stingy regarding business spending, they could have been burned before. You need to spend money to make money in many situations, but obviously, that doesn’t mean you should just focus on spending. Many unsuccessful start-ups don't have cost control.",
Adam Fayed,What are the tax implications for expats living abroad?,"Many expats and people who have assets abroad make tax mistakes. Firstly, it makes sense for many people to take formal tax advice, which this answer isn’t, as taxation is complicated. Apart from that, some critical mistakes are: Further Reading/watching",
Adam Fayed,Do I need separate wills for each country where I have assets?,"It is a complicated issue. It can help. However, everybody’s situation is different and you have to remember that peace of mind is huge when it comes to this. By peace of mind, I mean things like how quickly will it take to get assets to your loved ones. If the wills work well but take a year in probate, that might not be as good as getting the money in days due to wrapping the assets in trusts and insurance. I spoke about this more here:",
Adam Fayed,What are some good countries to earn money as an expat?,"Consider this. Would you easily move to a dangerous, dirty and inconvenient place? Most wouldn't unless they were paid much more. Supply and demand is key. So, those more difficult places to live are where expat allowances are the highest. Here is air-inc explaining the locations where they pay hardship allowances. You might disagree that these locations are inconvenient, but many companies have similar scales.",https://qph.cf2.quoracdn.net/main-qimg-4f359ded0dbcd2ff005d366f2154eb18
Adam Fayed,"For Western expats, what is the best place in SE Asia to retire?","It depends on your budget and what you value. If you value high average English speaking levels and reasonable prices, then Malaysia and the Philippines. In comparison, if you don’t care about English as much, Thailand is a good pick. Singapore isn’t a traditional retirement place. It is more favoured by working-age ex-pats and entrepreneurs. However, recent tax changes in Thailand and Malaysia related to overseas income, dividends and capital gains mean that wealthier expats might consider Singapore. Imagine you have an expat who has lived in Singapore for twenty years and is thinking about retiring in Thailand. They might reconsider that now due to the tax changes.",
Adam Fayed,What are suggestions for ideas to spend money that get you maximum happiness and satisfaction?,"I have read a lot of studies on this. Giving money away to loved ones or charities, spending on experiences rather than things, and wanting what you want (gratitude) are all good indications that your money is making you happy. However, studies indicate that the most reliable indication that money leads to more happiness is when you use it to buy yourself more control over your life. That means the money has allowed you to say no and have financial freedom. How do you know when you have financial freedom and can say no? It is simple. You have it when you can quit your job or business and not need to work again. In comparison, people who engage in lifestyle inflation to such an extent that they need to keep working don’t have that. So, the key is: In other words, your passive income/assets need to be able to pay for luxuries, not your active income. Money needs to work for you rather than you working for money, as this quote says (Source: Quote Fancy) So, a combination of buying assets, giving back and mentalities like gratitude help.",https://qph.cf2.quoracdn.net/main-qimg-d7ccc706d33914960419acb2c1833999
Adam Fayed,Why do some people not like saving money for the future?,"If you exclude people who can’t save due to meagre wages, we must remember that we didn’t live past thirty-five or forty for most of human history. So, it didn’t make sense, historically speaking, to think about life at fifty, sixty or seventy. Delaying gratification didn’t make sense, and modern humans have probably been affected by it from an evolutionary standpoint. Then there is the fact that most people underestimate how quickly time goes and how well they feel when they are older. Most twenty-year-olds think that somebody who is forty is old, and it seems so far away. In reality, time goes by more quickly, as per the quote below, and if you take care of yourself, you might have more energy at forty than twenty! Then, finally, you have marketing. Most companies make money from people spending more, and targeting people via social media with adverts is getting easier.",https://qph.cf2.quoracdn.net/main-qimg-134394105845195d29f12932ea77bc9e
Adam Fayed,What is something basic that most people don't know about economics?,"Two of the biggest ones are: Did you know that Japan’s GDP per capita growth has outperformed several other top economies, and Australia’s GDP per capita has recently fallen back to where it was in 2008–2010? Few know that. They think Japan has stagnated at best, and Australia has done well. But you have to factor in that Japan has a falling population, and countries like the UK and Australia have rising populations. Getting 1.3% growth per year with a falling population is better than getting 2% growth when the population is also growing by 2% The video below explains why governments often want rising populations, which result in higher GDP but not necessarily higher GDP per capita. The video has a political agenda, but the general point is that many people overestimate the importance of GDP growth.",
Adam Fayed,What about China's stock market?,"Mainland Chinese and Hong Kong stocks have done pretty well in 2024. They have done very well in the last month in particular. The Hang Seng China Enterprises Index is up 17%, the Hang Seng Index up over 16% and the Shanghai Composite close to 4% in the last month. The biggest reason is that the prices were too low. The market rightly saw higher risks in China, but maybe became too bearish. Even after the recent rises, the Hong Kong market is still about 35% lower than at its peak in 2021: In comparison, most international markets have hit record highs. The issue is, people only get interested when the price is going up. We have seen that recently with the Japanese stock market. It has had its best period in a few decades and now suddenly many people are interested in investing in it!",https://qph.cf2.quoracdn.net/main-qimg-a1ac55f303b81ba3a2d0f96d10fd1766
Adam Fayed,"Is investing in medical profitable? If yes, then why?","Any industry can be profitable. If we look at the most profitable industries in 2015, Forbes ranked health technology as number one, whereas health services were very low down on the list. Likewise, if we look at stock market performance, health care hasn’t dramatically outperformed. (source: Four Pillar Freedom). What we do know is that our society is massively ageing. Hungary says that people with four or more children won’t need to pay income taxes. So, the question is whether healthcare will be more profitable from now on due to the ageing population. It is tough to know this in advance. We know demand for healthcare will increase, and new technologies might reduce the price of specific healthcare procedures. Scott Galloway and some others think that healthcare will be one of the industries most affected by incumbents in the coming decades.",https://qph.cf2.quoracdn.net/main-qimg-10d1ff0bc8782bec82a43f1ed9a4bba0
Adam Fayed,What are the traits and patterns of 1 trillion dollar companies?,"Did you know that Petro China was the first trillion-dollar company? Unbelievably, they hit that mark back in 2007. Adjusted for inflation, they were worth 1.6 trillion in today’s money. That was eleven years before Amazon and other companies made the trillion-dollar cut. Even Meta/Facebook has never beaten that 1.6 trillion inflation-adjusted number. The problem is that they were only at that level for a few hours, and their stock has never recovered! So, perhaps a better way of looking at it is the traits of companies that stay at a trillion. The community seems to be companies that are scalable because of technology and are widely used, such as oil & gas companies (Saudi Aramco, for example). For many businesses, the riches might be in the niches, but to get that huge, you need the right timing, scalability, and a vast mass market appeal. Hundreds of millions or even billions of people now use firms like Amazon and Meta.",https://qph.cf2.quoracdn.net/main-qimg-73611ec6505a68424ff8122df7bf70fc
Adam Fayed,"Why has the UK stock market performed so badly over the past 5 years, compared to the US and major EU markets?","UK stocks have performed better than people think. The issue is that people focus on the FTSE100 without reinvested dividends. If they focused on the entire UK stock market (FTSE 100, 250 and small caps) with dividends reinvested, they would find it hasn’t done badly. This fund is the UK equivalent of the total stock market index in the US. It reinvests dividends. It is up over 125% between 2012 and May 2024. It has gone up another 3%-5% since I saw this image. It still hasn’t performed as well as the US, but its performance is similar to that of many other total stock market indexes in Europe and beyond.",https://qph.cf2.quoracdn.net/main-qimg-ba7aaf5b8f6a3fe3e8b26b366771b986
Adam Fayed,Why don't people like to take risks in life?,"There is a delusion that we have more to lose than we do. When we eventually are on our deathbed, we likely will regret the chances we don’t take, not the ones we did. Most very old people regret worrying too much about things like risk, as it is easy at 20, 30 or 40 to think the stakes are higher than they are. This book is very useful when considering this question: To summarise the book, the dying regret caring too much about what random people think, not being who they could have been and caring too little about key people like family and friends. However, it is understandable that younger people have this risk aversion because fear is one of the strongest emotions, if not the strongest. Historically, it made sense, as it would keep us on our toes if a tiger or bear were nearby! The steaks were high! These days, for most people, the steaks aren’t as high. So, many people fear: (image from PDS planning) Yet risk is everywhere. You can’t avoid it. Taking no risk is impossible indirectly because doing something and doing nothing are both activities that involve risk. Keeping money in the bank means you will likely lose to inflation in the long term. Not changing your lifestyle might be storing up hidden risks, as might staying in a job you hate. Even if taking no risk was possible, you would regret it on your deathbed. It sometimes makes sense to be risk-averse, such as when decisions are irreversible, but that is seldom the case. What it just comes down to is comfort. Doing nothing feels more comfortable than doing something.",https://qph.cf2.quoracdn.net/main-qimg-216c1a473aeeae4fa5823e768c1b7bb7
Adam Fayed,What will a business plan look like 10 years in the future?,"Nobody can predict how the world will change in ten years. Who predicted the lockdowns, pandemics, 2008 financial crisis, and slow growth of many emerging markets? I don’t know anybody who predicted even half of these events. However, it is good to ask the right questions. An example of that is what won’t change in the next ten years. If you can predict what won’t change with 99% certainty, you can build a business around that. Here, Jeff Bezos explains the importance of this concept. You can’t future-proof your businesses for all events. But you can say what likely won’t change. The best businesses to invest in have a sustainable competitive advantage. They aren’t just searching for the next big thing.",
Adam Fayed,"Why do most ""boring"" businesses make a lot of money?","What is the ultimate rule of economics? Supply and demand. Consider this. If you are a DJ, you might have to be one of the best in the world to make a lot of money consistently: If you are a tennis player, you need to be in the top 50–80 in the world to do well. You are likely a part-timer if you are “only” the 150th-best player in the world! In comparison, there are at least tens of thousands of highly paid people globally in industries like recruitment, real estate, finance, law, consultancy and so on. So, whilst most businesses in all industries indeed fail, they are less likely to fail in industries like collecting trash!",https://qph.cf2.quoracdn.net/main-qimg-d5598724c12b17b4663e77ac8cc55f7c
Adam Fayed,"Repatriating as a British expat, what financial steps should be taken?","The most obvious step is to take time to plan. In fairness, this also applies to if you have assets in the UK, and never plan to repatriate. As I explained in this video, there will be some big potential tax changes coming up which will affect expats living overseas who retain UK assets: Now, back to your question. The most important thing is to: That isn’t to mention the question about when to come back. Returning on the first day of the new tax year often makes sense. Pained by financial indecision? Want to start investing? - Reach out for assistance today! Forbes - Adam Fayed | CEO - adamfayed.com | Forbes Councils YouTube channel - Adam Fayed Podcast (Expat and HNWI investing) Gain two free expat ebooks today! Click here to receive them today!",https://qph.cf2.quoracdn.net/main-qimg-bdbb35c898c3a494acedc62bfb194e29-lq
Adam Fayed,How do the rich use life insurance?,"Wealthier people don’t use life insurance in the same way as a middle-class family do. If you don’t have a lot of assets but want to make sure your family is doing OK if you die or become disabled, having a life insurance policy with disability coverage makes sense. However, for wealthier people, the worry isn’t about family members not having enough money if the worst happens. The main reasons the wealthy have life insurance are: Having a net worth of $30 million doesn’t mean you can easily liquidate millions within weeks. Wealthy people who own many illiquid assets, such as property and businesses, might want their beneficiaries to have liquidity if they die. Here's a simple example: If you die, your kids might need to pay inheritance tax. I have spoken before about how even expats living overseas often need to pay inheritance tax on assets held back home. I have spoken about estate tax risks for anybody living anywhere if you own US stocks, ETFs and funds: I have also spoken about UK expat inheritance tax risks and new changes coming in. Trusts can be one way to deal with these issues. Life insurance can be another way. 2. Managing risk and protection If you are already wealthy, it isn’t going to change your life if your investment returns go up or down a bit. When it comes to structuring (trusts, estate planning, insurance, business succession, etc.), if you get it wrong, it can be life-changing for you or your beneficiaries. 3. Tax-efficiency In some jurisdictions, trusts and life insurance can be tax minimisation tools. This is, again, also applicable to estate planning. In some countries, you can increase your beneficiary's after-tax inheritance tax amount. 4. Ability to borrow money from your policy at relatively low interest rates. Again, this only applies in some countries and depends on how high interest rates are. 5. Ring fencing of assets Sometimes, you can ring-fence assets in a policy. 6. Ability to buy a high amount of coverage With some single premium options, it is possible to buy, say, $ 20 million of coverage for a $ 5 million single premium and still get some investment returns. That opens up options as well. So, like trusts, insurance for wealthier people is about protecting assets, not just growing them. Of course, big amounts of life insurance aren’t what all wealthy people need. A lot depends on their exact situation. Pained by financial indecision? Want to start investing? Reach out today! Forbes - Adam Fayed | CEO - adamfayed.com | Forbes Councils Gain two free expat ebooks today! Click here to receive them today!",https://qph.cf2.quoracdn.net/main-qimg-bdbb35c898c3a494acedc62bfb194e29-lq
Adam Fayed,Why don't people who invest in the stock market look at news in a constructive manner and evaluate said risks rather than panic at every single rumour and potential risk causing stock price to plummet?,"It is an interesting question because these things go around in cycles. It isn’t just the significant events like the 2008 Global Financial Crisis, Brexit and Trump in 2016 or COVID-19 in 2020. Looking back, relatively minor events are always sensationalized as well. Who now can remember the 2011 Eurozone crisis? At the time, it was a big news story - Debt crisis sends financial markets into turmoil – Monday 8 August 2011 Or the so-called flash crash at a similar time? 2010 flash crash - Wikipedia During each event, markets have recovered or never crashed in the first place, often doing the opposite of what the media predicted. Markets in the UK hit record highs in 2018, barely two years after the Brexit vote. They didn’t crash in 2016 after Trump’s election or during the disputed US election in 2020. They recovered quickly after COVID-19, and the events mentioned above, such as the flash crash, are very forgettable. Yet, people still believe in the same narratives. The same people who worried about a US stock market crash (and the market never recovering) in 2016 and a disputed election in 2020 will likely worry about the outcome of the 2024 election! I guess it shows the power of storytelling.",https://qph.cf2.quoracdn.net/main-qimg-7c4d82d7990e65fe98251864872fea10
Adam Fayed,"What is your proof for, ""If you work harder than most people you will be more successful than most people""?","There is no evidence that everybody who works harder will become more successful, because chance/randomness/luck plays a role. There is evidence that if you take a large sample, more hardworking and conscientious people tend to be more successful. This can be found in income data: But it goes beyond income. People who are more hard-working and conscientious are more likely to be successful in other domains because they: The last two points, however, show that hard work is most effective when it is combined with: Being hard-working in one domain, giving up and starting a new idea, and then doing the same again isn’t usually very effective. You have to work hard on the right things, which is working smart, but the harder you work, the easier it is to know how to work smart above a certain age. Working smart at 21, straight out of university, doesn’t work as well as working smart at 31 or 41 with much more experience and potentially financial resources on your side! Finally, it would be best to remember that supply and demand laws exist here. Many people are willing to work hard for a short period, but few are willing to do it for a decade or longer. You only have to work 5%-10% harder than most of your competitors for a decade to get real advantages, as these things compound, but it is incredible how many people try to work 50% harder and then give up! Even fewer are prepared to take many risks, especially if taking such risks makes them unpopular in their industry or wider society. Many traditionally hard-working and conscientious people can be pretty risk-averse. So, adding risk-taking to the hard and smart working equation works very well.",https://qph.cf2.quoracdn.net/main-qimg-5cd8e8071d578dae53377abbdd15face
Adam Fayed,Trusts for expats. What are the advantages and disadvantages of them?,"We will all die one day, and most of us want to pass down some assets to our children or somebody else and do it in a relatively tax-efficient way. So, the advantages of trusts are: These are advantages globally, but you must remember a basic fact for expats. You likely have assets in multiple jurisdictions. This could mean costly procedures, worry and unneeded taxes. I gave an example of this in the video below, where I mentioned some upcoming proposed tax changes for UK expats, as well as some of the positives and negatives associated with trusts: That doesn’t mean that trusts are the solution for all tax issues, but they can be an excellent tool for passing on assets to your family if something happens to you. The most significant disadvantage of trusts is that they can be expensive to establish and maintain, but there are also some good value options. Pained by financial indecision? Want to start investing? - Contact me today! Forbes - Adam Fayed | CEO - adamfayed.com | Forbes Councils Gain two free expat ebooks today! Click here to receive them today!",https://qph.cf2.quoracdn.net/main-qimg-bdbb35c898c3a494acedc62bfb194e29-lq
Adam Fayed,Why is the Japan currency so weak?,"The major reason is simple. US interest rates are over 5%, and interest rates, whilst expected to fall, won’t come down as quickly as previously thought. Whereas Japanese interest rates are almost zero, with no signs of a change. Could the same weakness happen to the US dollar in the future if debt isn’t controlled? It is very possible.",https://qph.cf2.quoracdn.net/main-qimg-cec0b67ccc554294a58b375a0bbcc9fe
Adam Fayed,How does the size of a hedge fund impact its average returns?,"Imagine you are a hedge fund that has only $ 10 million in assets under management. It is easier to deploy money and find opportunities with smaller amounts of capital. Ultimately, they are smaller, more agile and can produce returns by taking advantage of market inefficiencies. If a fund has billions, it becomes more difficult. Here is Buffett explaining the advantages of working with smaller amounts of capital: It has applied to Berkshire as well. It used to beat the market easily and now matches it at best during most periods: (Source: Fox). So, big hedge funds with hefty fees struggle to beat the S&P500 long-term. Therefore, investors don’t invest in those funds to beat the market. They merely want diversification and uncorrelated returns. Smaller and more agile firms have a much better chance of beating the market and being uncorrelated if they use their more limited capital wisely. I expect smaller funds to take advantage of Idiosyncratic pricing as mathematical algorithms improve. If you are interested in funds in that space, the key is to get in before they become too big. That often means non-American funds that can’t easily be marketed to the retail market on regular DIY investment platforms. Many companies like our own offer such funds. Pained by financial indecision? Want to start investing? - Reach out for assistance today! Forbes - Adam Fayed | CEO - adamfayed.com | Forbes Councils YouTube channel - Adam Fayed Podcast (Expat and HNWI investing) Gain two free expat ebooks today! Click here to receive them today!",https://qph.cf2.quoracdn.net/main-qimg-5a211b3a08f1e47a05fdb6634996f519
Adam Fayed,"What is a tax-efficient investment strategy, and how does it work?","It depends on where you live. In the UK, ISAs are a good tool. 401Ks can be used well in the US. Superannuation and depreciation on property in Australia. If you run a business, reinvesting and sometimes even running an unprofitable business for many years can work well. Jeff Bezos was once laughed at in 1999 for this strategy, but it has become the norm for technology companies. However, I would make one point. Many people don’t see the woods from the trees here. Getting a tax-inefficient 15% per year return is still better than a tax-efficient 5% per year. ISAs are an excellent example of that. In the UK, there are two forms of ISAs: Both are tax-efficient strategies, from the point of view that you don’t need to pay taxes on gains. However, putting money into cash ISAs would have resulted in an approximate 35% loss to inflation since 2008. Tax efficiency works well when you aren’t losing out on gains by implementing the strategy. I will give you one example. If you are a British expat living overseas in a tax-efficient place (Monaco, UAE, Saudi etc) and you want to repatriate, it usually makes sense to realize the gains before returning to the UK. Unlike strategies like trying to time the stock market, re-buying shortly after won’t result in any major loss because the money won’t be in cash for that long. Obviously, all strategies should only be executed once you get formal tax advice, which this answer isn’t.",
Adam Fayed,How is taxation done if I invest in the US stock market?,"US estate and withdrawal taxes shouldn’t be overlooked if you have invested in US stocks, funds or ETFs or have acquired US stock options. This answer isn’t formal tax advice, but I will speak about some basic rules of thumb and a huge mistake many people make. Regarding basic rules of thumb, your country of residency might sometimes tax your gains from the US, just like all other gains. This isn’t relevant if you live in a zero per cent dividend and capital gains tax country, like Qatar or the UAE, or if you purchase US stocks in tax-free accounts like UK ISAs, but it is relevant in many places. However, I presume your question is about US taxes from the point of view of taxes from their side. There are two things to consider here: US estate taxes for non-Americans are a huge banana skin that is avoidable. So, how can you avoid this? The easiest way is to invest in US assets domiciled on other exchanges. For example, buy the S&P500 ETF or index fund domiciled on the London or Irish Stock Exchanges. You can do this in USD, Euros or Pounds. It won’t affect your returns. It will just reduce your risks. Of course, if you are relatively wealthy, you can also consider trusts that own assets and other financial planning tools. Pained by financial indecision? Want to start investing? - Contact me today! Forbes - Adam Fayed | CEO - adamfayed.com | Forbes Councils YouTube - Adam Fayed Podcast (Expat and HNWI investing) Gain two free expat ebooks today! Click here to receive them today!",https://qph.cf2.quoracdn.net/main-qimg-87c87e06784b8e15cc72737950f899ca
Adam Fayed,Why do billionaires and millionaires invest in real estate in 2021?,"Regardless of whether we are speaking about 2021 or 2024, there are “good” and “bad” reasons to invest in real estate. The “good reasons” are: The “bad” reasons are The only major thing that has changed since 2021 is interest rates. Leveraging becomes more difficult with rates at 5%.",https://qph.cf2.quoracdn.net/main-qimg-63656b6da1fc044201ba53706bc4226c
Adam Fayed,How do I know if I am ready to start investing in the stock market?,"This graph says it all (source LinkedIn) This doesn’t just apply to investing. It applies to everything. I emigrated one day after graduating. I know some people who set up successful businesses when they were worried about an illness or about to have a child! When investing, you also have to remember that compounded returns are essential. Want an incredible statistic? If you wait five years to invest when relatively young, you will likely need to invest twice as much to have the same amount in retirement. That is assuming that the market match their historical long-term performance. That is the power of compounding. Pained by financial indecision? Want to start investing? - Reach out for assistance today! Forbes - Adam Fayed | CEO - adamfayed.com | Forbes Councils YouTube channel - Adam Fayed Podcast (Expat and HNWI investing) Gain two free expat ebooks today! Click here to receive them today!",https://qph.cf2.quoracdn.net/main-qimg-30965d648bc497cffac34f4942f5853f
Adam Fayed,What are the reasons for people choosing to buy index funds/ETFs instead of trading stocks?,"Consider the recent past. The S&P 500 has done pretty well. Yet only seven companies have distorted the average. Most companies have barely moved: We also saw that with the FANG stocks a few years ago. Most non-professional investors can’t pick the winners in advance of time. Or if they can, they can do it once or twice but can’t over a long period. Therefore, many people hold the haystack rather than look for the needle.",https://qph.cf2.quoracdn.net/main-qimg-7ac3b1d1a8895230d520c759d50e684a
Adam Fayed,Why do some entrepreneurs choose to sell their start-up instead of continuing to grow it?,"Sometimes, you want to leave parties even if you are enjoying them. Some people are like that in business. They have had enough or are forced to leave due to ill health or other reasons. Other reasons for selling include Remember, though, that some people never want to sell or let the next generation take over the business. And some people face the opposite problem. They want to sell but have a delusional valuation.",https://qph.cf2.quoracdn.net/main-qimg-ca121ada06a2bbbd148aec9deeae575f
Adam Fayed,"What do you know about the new BRICS currency, and how bad will it affect the US dollar?","I would see the woods from the trees here. The BRIC countries have many divisions between them, especially between India and China. We have also been here before when it comes to the BRIC narrative. In the 2000s, many people believed that the emerging markets would all do well, both in terms of stocks, currencies and economic growth. Around 2010, the big narrative was about economic growth in Brazil, Russia, China, India, and South Africa. Since then, three of the five have struggled, and one is growing more slowly than expected. Only India has grown as much as people expected back then. I am not saying the BRICS won’t be seen as a significant development in decades to come. It is just too early to tell, and many of the narratives are overplayed. We have seen similar hype around initiatives like the Belt and Road. Now fewer people speak about it for obvious reasons!",https://qph.cf2.quoracdn.net/main-qimg-585fc4043005a45c348c65429f1aed88
Adam Fayed,"Is there a distinguishable high-level skill for ""becoming wealthy""?","First, we must understand the difference between wealthy and “rich”. Somebody who earns $ 10 million as a footballer but spends all of it would be considered rich by many people. They aren’t wealthy, though. Wealth is about accumulating assets. After all, some people are asset-rich and cash-poor. So, knowing how to manage money is one skill you must learn. Apart from that, any skills that increase your income are important. Examples include hard skills and soft skills such as marketing. While a higher income doesn’t make you wealthy if you can’t manage money, increasing your income will make you wealthier if you don’t just spend all the extra surplus.",https://qph.cf2.quoracdn.net/main-qimg-69014ef16fbfb3dd006fa918ea6ad12b
Adam Fayed,What are some things that billionaires can afford that even celebrities with hundreds of millions can't?,"It is the difference between being able to buy a private jet and charter one. Or buy a private island versus holiday in one. Although you can buy these things for less than hundreds of millions, the maintenance costs and hassles aren’t worth it. Mind you, Felix Denis and many other USD billionaires say that renting is better than buying anyway. There is less hassle this way.",https://qph.cf2.quoracdn.net/main-qimg-81d115cd39b0410cb682d6a1213f0bb0
Adam Fayed,Do you think persistence is important? Why or why not?,"A few months ago, I was listening to an interview with Michael Buble. He didn’t succeed until he was 27–28, which in the music industry is like 50 in business. Few people succeed at that age. Only after making it in the Philippines did he make it in his home country of Canada. In that situation, most people give up. Well-meaning parents, friends, associates and teachers tell people to play it safe. Only a tiny minority indeed make it in the creative industries, but: If you can be persistent but focused for an extended period, you will be ahead of most other people. This is especially true if you combine it with a risk-taking mindset and the bare minimum talent needed to succeed in a particular domain. In business, you can see much more extreme examples. He was rejected so many times and only made it after 70!",https://qph.cf2.quoracdn.net/main-qimg-c6309cf1ae68790bb563f93243586370
Adam Fayed,Is it better to be rich when you’re younger or when you’re older?,"This graph is fascinating. (Source Twitter) It shows that happiness, in adulthood at least, peaks for most people around university age. It declines until our early 40s and then shoots up! Of course, these stats are just for the average person, not the average wealthy individual. Yet I think it shows something important. Most people assume it is better to be rich when young and not older. When we are younger, we have more energy, can do more things, and have more time to enjoy life. That is one reason many younger people don't invest in the future—why be rich when we are close to being in a nursing home? The reality is, however, with age, most people In addition, being in your 30s, 40s, or 50s doesn’t have to mean having that much less energy than your twenties, especially if you take care of yourself. So, I would suggest many advantages of getting rich in your late 20s or older. I am unsure if getting rich when you are relatively young (late 20s and 30s) is better than your 50s. But I am sure most people over a certain age can deal with wealth better than those who acquire it too young.",https://qph.cf2.quoracdn.net/main-qimg-0d3e6109c554f9235722c6525645bfe5-lq
Adam Fayed,Why is it more important to focus on one business than trying to grow many?,"Imagine you are a university student. Instead of focusing on one major, you do a double major in largely unrelated subjects, such as business and Chinese or politics and German. You might, theoretically, have more job opportunities. However, it is unlikely that you will be as good at German business theory or Chinese as somebody who focuses on one subject. Moreover, you likely won’t be investing 50% in both. You will likely be investing 70% in both. So, you will be working 40% harder to achieve the same degree. Being a generalist, though, might make sense when you are very young and starting out. However, in business, you are usually in a competitive market, and people want to deal with specialists. Who would you deal with? Somebody who is completely specialised in what you are looking for, or somebody who is spending 20% of their time on what you are looking for? In most cases, the answer is obvious. It also compounds over time. If you spend only 10% of your time on one business, you won’t be ten times less knowledgeable than the person spending 100% of their time on the same business. In only a ten-year period, you might become twenty times less knowledgeable. You become like this (source: Medium) There are exceptions, of course. We all know that Elon Musk runs many businesses. Moreover, merely owning a business relatively passively isn’t the same as running it daily.",https://qph.cf2.quoracdn.net/main-qimg-3f62d35339a6fa98b12aa18efe948f8d
Adam Fayed,Should everyone have a plan B or just stick to plan A no matter what?,"Arnold Schwarzenegger’s talk is excellent when it comes to this. He speaks about how having a Plan B means it is less likely that Plan A will work. What is more, if you fail with Plan A, you can get up and start again, or you will one day be forced to choose Plan B. It isn’t like you have to plan for years about what Plan B needs to be. The caveat is that Plan A shouldn't be based on delusion!",
Adam Fayed,What is your favorite easy way to save money?,"Why is Amazon so big? There are many reasons but ease of business is key. They make buying so easy that even lazy people can easily buy with one click! What is one of the most effective ways to smoke or drink less or quit entirely? Don’t drink at home or put the bottles in the hardest place to find in the attic so getting them is a hassle. The point is the path of least resistance is key. The same thing exists when it comes to money. The UK Government introduced auto-enrollment relatively recently. This was a program to automatically enroll people in pension programs. The number of people saving more for retirement skyrocketed because rather than having to choose to join a pension scheme actively, employees are put into one by their employer under certain criteria The same thing is true with mortgages. No matter how much people struggle, almost all end up paying for their mortgage, as it usually comes out shortly after payday. So, the easiest way to save more is to automate the process. Start small. Have a direct debit linked to your investment account which comes out every month, within a day or two of being paid. Put succinctly, make saving and investing easier and spending slightly more difficult. If you don’t take frugality to the extreme, you won’t even notice it either.",https://qph.cf2.quoracdn.net/main-qimg-a282bea27137dec28bead95b219d39d2
Adam Fayed,How will you identify the poorest man in the world?,"Jerome Kerviel is allegedly the poorest man in the world. He is a former rogue trader. He has a -$7.2 billion net worth. Jordan Belfort, depicted in the movie Wolf of Wall Street, also has a negative net worth. The point is that negative net worth is misleading. Both provided make relatively high incomes by giving talks. Unlike those living on $2 a day, their net worth will always be negative because they owe more than their assets. In terms of pure income, some people earn nothing and live for “free” off the land.",https://qph.cf2.quoracdn.net/main-qimg-4f2cffcbd23a59bbf09bfec9cb63489c
Adam Fayed,Is stealing someone else's idea common in business?,"“Good artists borrow, great artists steal”. At least, Picasso allegedly said this (Source, X). Would you consider somebody who watched the world’s best cooks, copied their techniques, added their own twist, and made them unique thieves? Of course not; you would say they are smart! Remember too, inventions can be patented. Ideas cannot be patented. Ideas aren’t as valuable as most people think, as few can implement great ideas properly. But most people want the ego boast of creating something unique or aren’t that proactive, so “stealing” ideas is less common than you might think. It is even more common for someone else to take somebody else’s idea and not give up as soon as it doesn’t yield quick returns. Again, they realise that the money is in the implementation. The same is true when investing in businesses like stocks or private companies. Don’t focus on investing in companies with the best ideas. Invest in those with great ideas who can implement them!",https://qph.cf2.quoracdn.net/main-qimg-c4643e70175f892435a8808cc2da2a4f
Adam Fayed,What caused Venezuela and Argentina's currency to go bust? Could the same thing happen to the United States? How would this affect other countries that have the US dollar as their reserve currency?,"Incompetent governments who printed too much money and investors lost confidence. They were no longer willing to buy the government bonds created by these governments. Here is what happened to inflation in Venezuela (Source: Cato) It got even worse after this graph was produced! Of course, the same thing could happen in the United States or any country. It happened in Germany, too. It isn’t likely, though. What is more likely is merely inflation being persistent. People forget that even in the last fifty years, there has been consistent inflation, which means people have to protect their purchasing power by investing in themselves and assets that beat inflation.",https://qph.cf2.quoracdn.net/main-qimg-c348996104d0b06825c8b69a5b5322a8
Adam Fayed,Why do wealthy people choose to keep their money in bank accounts or investments instead of holding large sums of cash?,"Imagine you are walking down a busy London or New York street. That street could have all kinds of characters on it. I can’t imagine carrying loads of cash makes sense! It is basic safety. If 99% of people are good and 1% are bad, that 1% could steal from you, and there is no benefit to holding so much cash. You could also lose the money. That isn’t to mention that the money will erode to inflation. Most wealthy people worry about having too much cash in the bank and losing to inflation. But cash outside the bank is worse as you don't even earn 0.1% on it. You can get cash back and other perks like airline points with credit cards. It won’t cost you money if you repay it before the due date.",https://qph.cf2.quoracdn.net/main-qimg-3a151560abb572cc3854ddc4f9e03af7
Adam Fayed,Is it better to live rich in a developing country or to live middle class in a developed country?,"Consider this. Every wealthy (not always the same as high-income) people in a developing country can move to a developed one. That is due to golden visas, residency, and citizenship by investment programs (CBI and RBI). They can get a second passport for less than $200,000 in the Caribbean, or more through European visa routes, and get residency in much of the developed world for hundreds of thousands of dollars. Some high-income countries allow people to get residency for $5,000-$10,000 by setting up a company and sponsoring themselves. Therefore, if somebody wealthy has decided to stay in their home country, they do it for a reason. They are doing it because the positives outweigh the negatives. The biggest reasons that can be the case are: Against that, education is often better in developed countries. Many developing countries also face high political risks. It is, therefore, safer for people to have second residencies and passports, as it is like insurance. When things go wrong, as they did recently in places like Venezuela, it is easier to leave if you have that card to play.",
Adam Fayed,Can you legally avoid crypto taxes by withdrawing funds directly into an overseas investment entity in a country where tax is 0%?,"It is a good question, as everything needs to be done legally, as you say. The answer to your question depends on: This answer is not formal tax advice, but I will give you some pointers as somebody who has helped countless people offshore assets. In most countries, the rules around crypto are similar to those of offshoring the kinds of traditional assets I am familiar with. Ultimately, if you are from a country that taxes people based on citizenship (the United States and Eritrea as two examples), you will need to It is easier if you are from a territorial or residency-based taxation system, which is the case in most countries. Typically, in this case, you need to offshore yourself and your assets and keep as few ties as possible to your home country. The UK, where I am from, is a case in point. You need to not keep too many ties to the country, per HMRC’s ties test. Now, of course, the devil is in the details. You might have to pay capital gains tax and other taxes once before changing your tax residency, which is why you need to get proper advice. That means dealing with those with experience in the tax and legal domains, as well as those who know how to offshore assets.",
Adam Fayed,Why do people take risks even when not necessary?,"This is a big reason. (Source Pinterest) We only live so long. We often regret not trying things out. On our deathbed, most people regret not trying things and taking chances, not playing it safe. Beyond that, also remember an essential point. Risk is inevitable. You can’t get away from it. Doing nothing is often riskier than doing something else. Take money as an example. Nobody has lost money holding investments like the S&P500 and reinvesting dividends for a lifetime. (Source: DevLog) That includes adjusted for inflation. In comparison, billions of people have lost money to inflation by keeping cash in the bank. Same thing for your job. Sometimes, sticking is more risky than twisting. The issue is many people think they can avoid risk, and volatility is the same as risk, which isn’t true. Pained by financial indecision? Want to start investing? - Reach out for assistance today! Forbes - Adam Fayed | CEO - adamfayed.com | Forbes Councils YouTube channel - Adam Fayed Podcast (Expat and HNWI investing) Gain two free expat ebooks today! Click here to receive them today!",https://qph.cf2.quoracdn.net/main-qimg-6c79544dadc2ca64306f0e7a8a58c955
Adam Fayed,What are the implications of the UK abolishing non-domicile status?,"Announcement for British expats living overseas 📣. There is a tax rule change for British expats that few people are discussing. Everybody has mentioned about wealthy non-British people living in the UK. Few have mentioned that, at the same time, the UK Government is looking at changing tax rules for expats living overseas. Let’s look at the present rules and potential future rules Present rules If you are a UK expat, you can easily not pay UK income taxes, capital gains, etc, provided you don't keep too many ties to the UK. So, it is easy to pay no tax to the UK government while living, provided you avoid paying UK assets like houses. However, many UK expats are still UK-domiciled, so we must usually pay UK inheritance tax upon death. This is a big reason why many wealthy (and upper-middle-income) UK expats set up trusts and buy life insurance to cover their future tax liability. Proposed future rules In 2025, it is due to come into law that UK non-residents who have left the country for over ten years may potentially be liable for taxes only on UK assets and not global ones. I explain more here: So, if you left the UK over a decade ago, this is good news, but not if you keep assets in the UK. Think about it. If you are a British expat living overseas with 1 million in UK property, selling the UK property and investing offshore will become cheaper. That is because the capital gains tax on selling the property is lower than the 40% on inheritance tax. This answer isn’t formal tax or legal advice, but it does show how changes to rules can have a big impact. Pained by financial indecision? Want to start investing? - Contact me today! Forbes - Adam Fayed | CEO - adamfayed.com | Forbes Councils Gain two free expat ebooks today! Click here to receive them today!",https://qph.cf2.quoracdn.net/main-qimg-bdbb35c898c3a494acedc62bfb194e29-lq
Adam Fayed,What is the best book about Warren Buffett's life?,"Probably these two books influenced his philosophy the most, and his mentor wrote them: In terms of books written about him, The Warren Buffett Way,"" by Robert G. Hagstrom is probably the best.",https://qph.cf2.quoracdn.net/main-qimg-47c7a889d84cbe1e060bc9d56459bf4d-lq
Adam Fayed,"If someone is trading in the USA stock market from the UAE, how much tax does one have to pay?","This is not formal tax advice. However, the UAE and the USA don’t have a tax treaty for matters like this. Therefore, you will pay tax on dividends, which can significantly reduce your total gains. I speak about this more in the video below: Non-US residents should focus on buying US ETFs on the London Stock Exchange or other non-US exchanges. The returns will be the same. You can buy in USD. And it is a way around this issue. For individual stocks, you can’t find a way around this issue.",
Adam Fayed,What lessons can China learn from Japan's 'lost 30 years'?,"Japan had one lost decade. Even then, it had some growth, albeit minimal. I am unsure where this media narrative has come from because a simple Google search shows that Japan grew reasonably from the early 2000s until 2019, despite one or two negative years. This article says it best: “The result is that between 1990 and 2002, Japan had the lowest average per capita gross domestic product growth rate in the G7, and from 2003 through 2019, it has had the third highest and the second highest productivity growth rate”. Between 2003 and 2019, Japan’s GDP per capita grew faster than: One of the biggest reasons for this is that relatively stable levels of growth (1.5%-2% per year on average) aren’t bad when the population starts to fall. In comparison, 2% per year growth isn’t good if a population increases by 2% yearly.",
Adam Fayed,"If Trump's Truth social is such a failure, then why did it have such a successful first day on the stock market?","Truth Social is losing money, but the stock did well until today, when it fell hard. (Source: Google) It is not unusual for unprofitable stocks to do well for years. We saw that during the late 90s with the tech stocks. There can be two reasons investors buy an unprofitable stock: In terms of the second case, Amazon is an example. It was unprofitable for years but grew in terms of market share. Eventually, they became profitable. In the case of this stock linked to Trump’s companies, I suspect it is speculation. People are likely buying or shorting the stock based on political beliefs and not due to any fundamentals. It was up 50% in a month and is now down by almost the same amount. The business fundamentals didn't change that quickly. It is best to separate political beliefs from these kinds of investments. Liking Trump isn’t a reason to buy this stock, and disliking him isn’t a reason to short the stock.",https://qph.cf2.quoracdn.net/main-qimg-562c563a4d1cf7151e77600dcc4014f3
Adam Fayed,Is it still worth it for a foreigner to invest in Singapore property?,"When it comes to property, it is best not to speculate. Speculating that prices will go up or down is precisely that. You can’t know as there are many unknown variables, and selling an asset for more (or less) than you paid when that asset isn’t based on innovation, like a private business, is speculative. What you can do is If we look at the first aspect, Singapore has a poor rental yield of about 3% per year (source Numbeo). Many foreign real estate markets and real estate funds pay over double that. That isn’t to mention a more significant point. It isn’t good to have too many eggs in the Singapore basket. Having a part of your money there as an expat makes sense. Having all your banks, brokerage accounts and real estate locally never makes sense, regardless of where you live. It just feels emotionally more secure as it is closer to you. Pained by financial indecision? Want to start investing? - Reach out for assistance today! Forbes - Adam Fayed | CEO - adamfayed.com | Forbes Councils YouTube channel - Adam Fayed Podcast (Expat and HNWI investing) Gain two free expat ebooks today! Click here to receive them today!",https://qph.cf2.quoracdn.net/main-qimg-56ec5e1faf8834fbb6a01aa834ac3cae
Adam Fayed,Is it possible for people to leave America because of high taxes?,"Of course! This is what the co-founder of Facebook did. He “become Brazilian again” by giving up his American citizenship. And also Tina Turner and countless others. It isn’t just for the rich and famous, either. Thousands of people do it yearly, including many who have become American-specified persons (including Green Card holders). I have personally helped countless people like that. If you leave America, you need to do one of two things to pay less tax Either way, you need proper tax advice, which this answer doesn’t provide, and wealth advice about how to structure your finances. Regardless of nationality and residency, it always makes sense not to put all your eggs in one basket. Having international assets makes sense for most nationalities, which is why many wealthier Americans invest in overseas real estate and other assets, and some get a second citizenship.",https://qph.cf2.quoracdn.net/main-qimg-45e7a47b0e6e0f4578eeedd221278457
Adam Fayed,Why do rich people work even after they become rich? Why don't they play?,"Can you remember those two week holidays you had as a kid? You were probably excited on day one. Even on day five. By the end, you were probably happy to go home. Things that are interesting to do occasionally aren't that great if you do them every day. The same applies to drinking, partying, travelling, and most activities. Doing them every day isn’t the same as doing them as a treat or once a week. What is more, people want intellectual stimulation. There aren’t many more stimulating things than growing a business. It involves taking risks, meeting people, managing teams, keeping abreast of market changes, sometimes travelling, and so on. Moreover, you can easily become semi-retired by outsourcing and automating tasks. That doesn’t mean everybody wants to work until the day they die. It is best to quit if somebody is wealthy and hates their job or business. It is always good to have the option to quit, as something can always happen to one’s health. That doesn’t mean everybody wants to use that option.",https://qph.cf2.quoracdn.net/main-qimg-90f221bf9f02c892fd0b60721c4ddf55
Adam Fayed,"Can someone sustain a living solely off dividends from stocks, or will they eventually need to sell their shares?","Here are some of the stocks that haven’t historically paid dividends (image taken from Quora) You might notice that most of these companies have outperformed the index! If we look at indexes, the Nasdaq pays low dividends and this is how it has performed versus the S&P500 (Source, Nasdaq) The FTSE 100 in the UK has paid some of the best dividends out of any index in the world. This is how it has performed without dividend reinvestment( price return) and with dividends (total return). (Source Fisher Investments) You will notice something. Even with dividend reinvestment, the FTSE100 hasn’t done as well as the S&P500, let alone the Nasdaq. If you had invested millions in the FTSE100 and taken out the 4%- 5% annual average dividends it has generated, you would now have less money than withdrawing 4%- 5% from the Nasdaq or the S&P500, as the price increases in the latter have been much more significant. That doesn’t mean you should invest 100% into the Nasdaq. It just shows that dividends aren’t a free lunch. If a company is paying out high dividends, they aren’t using that money to grow. Think about if you had your own business as well. Taking out money via dividends means it can’t grow as quickly. So, yes, you can live off dividends forever. That doesn’t mean you should. It can make sense to sell off some of the capital gains. Pained by financial indecision? Want to start investing? - Reach out for assistance today! Forbes - Adam Fayed | CEO - adamfayed.com | Forbes Councils YouTube channel - Adam Fayed Podcast (Expat and HNWI investing) Gain two free expat ebooks today! Click here to receive them today!",https://qph.cf2.quoracdn.net/main-qimg-052e3528ef7e2bae936036c74a57f0a8
Adam Fayed,What are the benefits and drawbacks of investing in Dubai or Switzerland?,"It is not often I would quote a football manager when speaking about wealth, but Arsene Wenger’s quote is correct here: (Source AZ Quotes). The point is that when people settle down in a country for a certain number of years, they quickly assume that what is local is more secure. Singaporean expats often assume Singapore banks, brokerage accounts, and real estate are the best. The same goes for people in Dubai, Switzerland or any advanced city or country. The reason is familiarity bias. As you meet, as an expat, new people coming in and placing money locally, you often assume that it is the best option. You should never put all your eggs in one basket, or even the majority. If you already have a home or business in location A, you should invest in locations B, C, and D. What is more, locations B and C are likely to be more portable. I know that expats who leave places like Switzerland often struggle to manage their accounts compared to those who have money placed in locations which are more friendly to non-residents. The main benefit of investing in these places is relative security. But that is the same for almost any good offshore jurisdiction. Pained by financial indecision? Want to start investing? - Reach out for assistance today! Forbes - Adam Fayed | CEO - adamfayed.com | Forbes Councils YouTube channel - Adam Fayed Podcast (Expat and HNWI investing) Gain two free expat ebooks today! Click here to receive them today!",https://qph.cf2.quoracdn.net/main-qimg-fba3c74b693c3a214ff3a8e2ac803abe
Adam Fayed,What's the most underrated skill or trait that people should cultivate for a successful life?,"Imagine you are health conscious, but you have a few bad habits. You try hard to change them, read a lot and try to depend on self-discipline. Then, you get an awful diagnosis. In that situation, the doctor might tell you to stop smoking, exercise more and stop drinking excessively. In this situation, you are likely to succeed in changing your habits. Why? Compulsion. You are willing to do whatever it takes, for however long it takes. That means you won’t use excuses like “I am treating myself for Christmas”, as it is now life or death. You see the same in geopolitics. If states think their survival is at stake and face an existential risk to their survival, they are more likely to outlast a stronger adversary. The same is true in business or other domains. If you are willing to do whatever it takes for however long it takes due to compulsion, you have a great chance of outlasting those who simply work hard. That is because most people give up more easily than you might expect, are risk-averse, and/or will make excuses for not taking action. This includes many hardworking people who might be very talented. That is one reason why many top entrepreneurs in developed countries come from poor or immigrant backgrounds or started taking risks when they were very young if they came from ordinary backgrounds. Not thinking you have a lot to lose helps.",https://qph.cf2.quoracdn.net/main-qimg-d9c78032d09c6708d8bffb7b1d2c4c1d
Adam Fayed,Is it becoming more obvious to people that Donald Trump is not really a multi-billionaire since he can't come up with 454 million dollars to appeal his case?,"I remember many years ago, Newcastle United football club supporters were furious. This man, Mike Ashley, on paper, is worth about $6billion. And yet, they weren’t spending much on players relative to some clubs. He reminded them in an interview that “having billions” doesn’t mean having it in cash. Most of that is in the stock market. Coming to Trump and other billionaires, it is common for most billionaires not to have much cash. It is common for some to have a lot of money in assets, which are far more challenging to sell than stocks on the stock market, like Ashley has. For instance, some billionaire net worth assumptions are based on private businesses, land and property. Most wealthy people don’t trust rich lists very much. Most multi-millionaires don’t know their exact net worth. I doubt many billionaires know because you never know how much you can sell a business for, especially if it isn’t listed on the stock market. So, whilst it is more than possible that Trump has exaggerated his net worth, I don’t think struggling to come up with hundreds of millions in cash quickly means much. A better gauge of wealth is somebody’s liquid net worth—for example, cash, stocks, ETFs, investment funds, bonds and other easily sold investments —or how much income they generate from assets. Such misconceptions are probably why so many people support ideas like wealth taxes. They don’t understand that when they see in a newspaper that somebody is worth billions, it is just speculation and an estimate at best.",https://qph.cf2.quoracdn.net/main-qimg-82e987bd3f1e2d234678748e31263508
Adam Fayed,Why is it difficult for solopreneurs to scale their business?,"Businesses are scaled based on leverage. You can’t scale your team. We all only have 24 hours a day. Leverage can mean: As technology is getting better, it is becoming more common for small teams to scale to big figures. I am not just speaking about tech businesses that become unicorns. I am speaking about teams of five or ten, with one owner, where the owner is making $1million+ of profit a year in dividends. The reason is simple. They have leveraged technology and sometimes money. Yet, you can’t leverage people directly if you are a solopreneur. You can only leverage them indirectly. So, whilst the old-fashioned advice that more offices, team members, and infrastructure mean you are a bigger and more profitable business is dead, a highly efficient ten-person business will always beat an equally efficient one-person business. That is unless the solopreneur uses loads of freelancers, agencies and companies….but then they aren’t solopreneurs. Ultimately, having somebody on payroll vs. using a marketing agency, freelancer, or accounting company isn’t that different. So, in conclusion, you need some people to scale past a specific figure in business. You just don’t need as big a team as you used to, and leveraging people can also mean companies and freelancers. What I do think is interesting is the future. Sam Altman has said that AI will enable a one-person business to get huge. We just aren’t there yet.",https://qph.cf2.quoracdn.net/main-qimg-a89721608fbc5864f54b255fa0e6789e
Adam Fayed,Do wealthy people buy life insurance?,"Few people ask the “what if” questions. Some are sensible enough to do it, though. So, you would be surprised that many wealthy people buy insurance for themselves and their families. That can include jumbo life insurance. The biggest reasons are: 1.The higher you climb up the ladder, the further you have to fall if something goes wrong 2. If most of your wealth is in illiquid assets like property and businesses, your family might have an issue if you die or become disabled. 3. Some taxes, like inheritance tax, can be dealt with (in some countries) using trusts and other planning devices. However, some wealthy people can use life insurance to pay inheritance tax. Let’s say you are a UK expat. UK expats don’t pay income and capital gains taxes on worldwide income in most situations but do often have to pay inheritance tax worldwide. 40% above a 325k or 650k threshold is a lot. Some expats decide to buy life insurance for this reason. Considering death is a certainty, it can be worth it if the premiums pay for the tax bill and is, therefore, cheaper than just paying the tax outright. So, things like insurance, trusts, and structuring are “what if” plans.",
Adam Fayed,How does self-belief affect success?,"Consider you are trying to climb a mountain. It is a daunting task, and there will be many naysayers that say you can’t do it. If you are convinced you won’t be able to climb it, then you probably won’t. However, if over-confidence leads to complacency and not changing tactics when needed, then you might also fail. Ideally, you have to believe that you will do it, but you won’t see anything wrong with taking a compus, asking strangers for help on the way to the top of the mountain and changing track when needed. This is similar in business. If you have a huge self-belief and feel a compulsion to do something, then this is half the battle. But it doesn’t mean you should become complacent.",https://qph.cf2.quoracdn.net/main-qimg-5b692f642cc6a62240fcdd685dc1e7d3
Adam Fayed,What is the role of technology in the stock market?,"This graph, taken from Reddit, shows the number of workers needed for S&P500 companies to generate $1 million in revenue. The overall trend keeps going down. Technology allows companies to become more efficient and profitable, which drives up the stock market long-term. Technology has also made almost all trades digital now.",https://qph.cf2.quoracdn.net/main-qimg-0a412933a216342aff67691adf6440da
Adam Fayed,Should billionaires pay more taxes?,"The 40% tax rate in the UK was supposedly a “multi-millionaires tax”. Now loads of people pay it. It isn’t unusual for people like teachers to pay it now. (Source: IFS) I believe that in the US, when the income tax was brought in, it was justified because it was about 1% on the top 1% of earners. Then this happened - less than 10% soon became almost 80% quickly (source Forbes). The point is this. Don’t think that a 1%, or even 0.1%, tax on the “super rich” will stay like that. What starts at 1% becomes 5%, and what starts with billionaires comes down to multi-millionaires and then the middle class. We have already seen this recently. Thomas Piketty, the economist who wrote the book Capital over a decade ago, initially suggested a “moderate” wealth tax. Before long, he suggested a larger one, and now he is saying billionaires shouldn't exist, period! I am sure he will say nobody should be worth $ 10 million before he dies!",https://qph.cf2.quoracdn.net/main-qimg-d3f9e0d70ab277e06ba0d577e8b424fd
Adam Fayed,How does it feel like to be a billionaire or even a millionaire? I would imagine an often state of ecstasy. Total financial freedom and not really needing to be frugal (though not overly wasteful or extravagant). Am I correct?,"Anybody who thinks money will make them full of ecstasy forever has never earned any real money. There is a hedonistic treadmill if you use money for consumption. The graphic below, from Go Strenghts, shows what happens if you buy loads of fancy stuff. What never gets dull for people who have financial freedom is So, certainly, having financial freedom is much better than having no money. The key, though, is using it in the right way.",https://qph.cf2.quoracdn.net/main-qimg-4d65fd5ba376da575ced6b5e4e382c27-lq
Adam Fayed,"I'm a European citizen living abroad, can I open a bank account in Europe?","You need to find out which European banks will accept you based on your current country of residency. Do it yourself or find a company to help you in return for a fee. If you live in a place like Singapore, it will be easier than in an emerging market. Then you will need to provide the standard documents such as: I would question why you would want a European bank account, though. There are many good non-European banks out there for expats. Also, the easiest banks to deal with are the online ones, with better processes. The traditional banks tend to be a nightmare to deal with remotely.",
Adam Fayed,Why is everything in the financial world so complicated? Does anyone else have issues understanding what's going on? Are there any ways to help?,"As somebody in the financial services industry, I find this to be my biggest frustration when I deal with other financial firms. Let me tell you a recent story about my dealings with a bank. I wanted a business credit card for one of my entities connected to airline miles, as I have had one before. It is similar to one like this: What happened? An excruciating process was the result! I told them I preferred to do everything via email or WhatsApp. They engaged but couldn't answer a simple question, saying the answer was on the website, and went back to trying to call. I could have understood the call if I had been silent, but I was engaging. This is very typical across a wide range of products. All I wanted was: But it doesn’t have to be this painful. Of course, there are times when things need to be complicated. It is also true that some documents, such as proof of address and ID, are required due to international laws and regulations. But in most cases, things don’t need to be so complicated. The best way to address this issue is to work with firms that make things easier. That means digital banks (Wise, Revolut, etc.) and online wealth management firms. One of the main reasons I started my own business many years ago was to make things easier for myself and my clients. Ultimately, when it comes to financial services, you want a human to be there in case something goes wrong, like how the airport gates or supermarket self-checkouts work. That doesn’t mean needing to go through loads of unnecessary processes. Pained by financial indecision? Want to start investing? Reach out today! Forbes - Adam Fayed | CEO - adamfayed.com | Forbes Councils YouTube - Adam Fayed Podcast (Expat and HNWI investing) Gain two free expat ebooks today! Click here to receive them today!",https://qph.cf2.quoracdn.net/main-qimg-f480eaad3a9fb4dbe857718b408ef05a
Adam Fayed,What is your opinion on investing in Saudi Arabia stocks?,"In this answer, I will address one of people's biggest misconceptions about stocks. Economic growth and stock market performance aren’t that correlated. China has had one of the worst-performing stock markets since 2006, but their growth was good until relatively recently - at least according to official figures. Japan is teetering on the brink of recession, but its stock market is skyrocketing. This leads me to Saudi Arabia. Saudi Arabia is indeed opening up. That will bring about many opportunities to invest in private businesses, start your own business there or target people living there remotely. Look at Saudi tourism and how much potential it has: (Source construction week Saudi). So, there is money to be made in the economy. That doesn’t mean that Saudi stocks will outperform international ones. Moreover, Saudi opening up will be just as much a boom for US and international companies looking to gain access to that market. One of the reasons US stocks have done so well is that giant American companies have benefitted a lot from emerging markets and global growth. Most of Apple’s sales certainly don’t come from the local US market! Pained by financial indecision? Want to start investing? Reach out for assistance today!",https://qph.cf2.quoracdn.net/main-qimg-9a2224655c8ae3c18d00931075ba725a
Adam Fayed,Is there a legal way to move savings to an offshore tax haven?,"Many people ask whether there is a legal way to move savings to an offshore tax haven. The answer is often yes, but there are many misconceptions. What are these misconceptions before I show you can legally offshore your savings? (Image Source Daily Motion) It is perfectly legal to invest offshore. But what isn't legal is moving money offshore and not paying any taxes on it while living in your home country! But here is what you can do. It also doesn't require loads of complex and expensive structures. You can offshore yourself and your business. It is always good to receive formal tax advice, which this answer isn’t. Due to the taxation by citizenship principle, this model doesn’t work well for Americans unless they renounce citizenship or earn less than the foreign-earned income exclusion of about $126,000 in 2024. For most other nationalities, changing your tax residency is relatively easy. For British people, including myself, it is relatively easy to avoid being a UK tax resident as an expat, and HMRC has an excellent online tie test for that. That is why many wealthy British people live in places like Monaco and Dubai. Moreover, if you offshore yourself and your assets/business, it doesn’t have to be forever. If you do it even for a decade, you could indirectly save millions in taxes if you do it compliantly. And this isn’t just for very high earners. If you save $200,000 in taxes over a decade, that $200,000 invested will be worth millions come retirement if markets perform as they have historically. In addition, you get to learn new skills and might live in a place where building wealth isn’t considered a bad thing. Pained by financial indecision? Want to start investing? Reach out today! Forbes - Adam Fayed | CEO - adamfayed.com | Forbes Councils Gain two free expat ebooks today! Click here to receive them today!",https://qph.cf2.quoracdn.net/main-qimg-3b6b41e143ff9477a2362a5f3bc0f8dd
Adam Fayed,How can people afford to retire abroad and how can one do it as well?,"Some people retire abroad because they can’t afford to retire at home! In some places, you can live like a king for $2,000-$3,000 a month; in others, you need many multiples of that. A three-story house like this can cost you less than $1,000 in some parts of Mexico or Malaysia, to give just two examples: (Picture source my kuching home) The significant cost is often health insurance. Health insurance is easy if you move to another cheaper EU country. Internationally, in comparison, many countries offer two levels of coverage: Ultimately, retiring overseas can still be financially worthwhile, even if your health care costs an extra $500-$1,000 a month. The best way to do it well is to:",https://qph.cf2.quoracdn.net/main-qimg-8ba84a33b4f1f7e1473baef7e04d5e18
Adam Fayed,How much money does a single person need to retire at 50?,"It depends on where you retire to. You can take out about 3%-4% every year and not run out, provided you are invested in the right areas - not in cash. So,$1m will give you $30,000-$40,000 a year in retirement, and you can adjust that amount to increase with inflation every year. 3%-4% might sound low considering the historical returns of the stock market, but you have to factor in the following: So, to answer your question, you can retire with just $500,000 in some places. Others require millions. In some parts of Southeast Asia, Turkey, and Latin America, you can live in a decent apartment close to the beach for $500 a month. It won’t rent you a box or a room in some other places. That is why many people with limited funds consider retiring overseas. The major hurdle is healthcare in some countries.",https://qph.cf2.quoracdn.net/main-qimg-21db3758b873d89ec88a45c379d86b22
Adam Fayed,What do you think will be the key business trends in 2024?,"The US election is coming in 2024. If history is anything to go by, it won't influence US and global stocks. US stocks increased after the last two elections, which threw up strange and unexpected outcomes. What elections do show is how business is changing. People forget this. As the US election is so well funded, each party is trying to stay on top of new and emerging trends. So, when Obama’s team used Facebook in 2008, it was a sign that social media was moving away from being “just for kids” and could become a great tool for political parties and businesses. When Trump’s team used Cambridge Analytica in 2016, it was a sign that data was becoming more important. If we see new tools being used in 2024, that is a sign that these new technologies will also become mainstream in business. AI tools will probably become one of the next big things we see in business and the 2024 campaign. Beyond AI and emerging technologies, in the coming decade, I also expect the retiring baby boomers to be a major trend. We are already seeing younger businesspeople do deals with those baby boomers looking to retire. An ageing population will also be an opportunity for certain industries like healthcare.",https://qph.cf2.quoracdn.net/main-qimg-cea36328b49d5a43ba99801ff8d4bb39
Adam Fayed,"How much money does it take to be considered ""rich"" by the average person (in terms of net worth)?","I wouldn't care too much about that question because: Most people behaving like this on Instagram aren’t “rich”. What matters is for you to define what being rich is. That could mean having more time. It could mean having enough cash flow from assets to retire early. For me, somebody is rich if they can generate enough money from their assets to live very comfortably. Few people can do that below 55, even those on high incomes. It also cuts through a lot of the BS. If somebody is “worth” $10m, but 9m is linked to pensions that can’t be accessed for decades and illiquid assets, they can’t retire tomorrow. Somebody who has $ 4 million in ETFs can retire tomorrow, provided they don’t spend more than $120,000-$160,000 a year. Eitehr way, don’t let society define this question for you.",https://qph.cf2.quoracdn.net/main-qimg-2bbfac3bd0730f2659b6561e29251557
Adam Fayed,Why would a person pay rent for 30 years as opposed to paying a mortgage where they get equity?,"Imagine you go to a steak restaurant today. Would you say we shouldn't eat there as we are paying the steak restaurant's mortgage or bills? Of course not. They are providing a service. Whether it is worth the cost versus cooking yourself is another question. The same is valid for renting. You might say it isn’t strictly the same, which, of course, is true. However, what is the same is you are paying for a service. The landlord is: As a result, you can use the money to invest in other assets and save time and hassles. Simple example. Imagine somebody would have spent $100,000 on a housing deposit in 1990. That would now be worth well over $1.1m + if you would have invested in indexes like the Dow Jones and S&P500, provided you reinvested the dividends. Most property markets haven't appreciated that much. So, it isn’t as simple as saying rent is more expensive because you are building up equity in the home. There are opportunity costs associated with housing. If you run your own business and it is in “growth mode”, that 100k reinvested into your business could be an indirect $5m-$10m loss in the future. If I had used the money to buy a property in 2018 or 2019, I would have literally (indirectly) lost a fortune. That doesn’t mean you should never buy, but it is why you have many rent vs buy calculators. The issue is that apart from economists and a few others, few people consider all the variables.",https://qph.cf2.quoracdn.net/main-qimg-31879f7c8ee51cb1eaffe3697db4949f
Adam Fayed,How do some rich people lose all their money?,"A few months ago, I heard about a man I first met over eighteen years ago. He started a business in the late 1980s and was successful from the early 1990s until the early 2010s. He had many connections, so he assumed he was safe even though he lived in a developing country. To cut a long story short, a new political regime came in, and he went bankrupt. He was complacent. He put all his eggs in one country's basket. I have seen the same thing countless times in other parts of the world. People often forget the basic triangle of investing. What are the risk level, return and liquidity? There is no point in getting super high returns if the risks are disproportionately high, as your luck will change one day. People learned that the hard way during the tech stock market bubble of the late 1990s. Getting an excellent risk-adjusted return is more important, but the final part of the equation (liquidity or how easy it is to sell the investment) is also essential. When you can’t sell an asset quickly, that brings unexpected risks. You always see this when people try to sell homes, land, and businesses.",https://qph.cf2.quoracdn.net/main-qimg-55652f8de7742e3cc693445d1bf4d9c3
Adam Fayed,"How can someone who is a resident in Africa, Zambia, invest at the London stock exchange?","If you want to invest from Zambia in the New York or London Stock Exchange, the process is the same as for other countries, which I have outlined in other answers on Quora. You have to: While fewer companies will accept Zambian residents than those who live in Europe, some will, and it makes sense to offshore some of your assets to diversify risk. Of course, the next step is deciding how to invest productively. Professionals can help you with this. Pained by financial indecision? Want to start investing? - Reach out for assistance today! Forbes - Adam Fayed | CEO - adamfayed.com | Forbes Councils",
Adam Fayed,Is it wise to invest in stocks during a stock market crash?,"William Bernstein once said young investors should “pray for a long, awful down market.” He said that when investors deploy capital every month (dollar cost averaging), they can stockpile assets when they’re cheap. When the stock markets recover, those asset values soar. Warren Buffett famously said much the same thing in 1997. Here is his quote “If you will be a net saver over the next five years, should you hope for a higher or lower stock market during that period? Many investors get this one wrong. Even though they are going to be net buyers of stocks for many years to come, they are elated when stock prices rise and depressed when they fall. . . This reaction makes no sense. Only those who will be sellers of stocks in the near future should be happy at seeing stocks rise. Prospective purchasers should much prefer sinking Think about it. Are you unhappy when you see this in the supermarket? With stock markets, you know that if history repeats itself, you won’t only see a rebound but a new record. A case in point. The Dow Jones went from 29,000 to 17,000 in 2020 before hitting 29,000 again in the same year. Now, it is at 38,300. So, every dollar you put in has more than doubled, significantly higher adjusted for dividend reinvestment. The problem is, every stock market crash, people say this: Even some people who know about these historical trends struggle with emotions during a downturn. I have even had people say things like, “I know you shouldn't time markets, and saying this time is different is dangerous, but…..”. Often, it is because of the 24/7 media coverage of things like COVID-19. The point is that controlling your emotions is key in investing. Most people can only do that by:",https://qph.cf2.quoracdn.net/main-qimg-e30bdc0cfbb07518130a63826df70729
Adam Fayed,Which one is a better option between the US and Indian stock markets for long-term investments (in terms of returns)? Why so?,"It depends on where you live. If you live in India and will retire in India, it makes sense to have some allocations to local as well as international markets. The same is true if you live in the UK or EU. Even though the FTSE has underperformed the US markets in the long term, having some allocation to the local markets makes sense. If you are an international investor, the US markets make more sense. The main reasons are (source macromicro) Of course, sometimes Indian stocks will outperform US ones and vice versa. But from a risk-adjusted return point of view, I prefer US markets, in addition to a broad-based diversification you can get from global funds. People often get their fingers burned by going for country-specific ETFs in emerging markets.",https://qph.cf2.quoracdn.net/main-qimg-575e7df29dbc80eac576a3b24783eed2
Adam Fayed,Can AI help us to build a multi-billion dollar company?,"I wrote about this on LinkedIn today. Sam Altman, the co-founder of open AI, has said that he believes the first billion-dollar, one-person business will soon be created. Yes, one person could, within our lifetime, create a billion-dollar business. Business is a team sport, so a ten-person AI-powered business will always beat a one or two-person team. Yet it amazes me how some people still assume that business success means how many offices or staff you have. Or, for that matter, how much AUM does your business have in the financial industry? One thing remains the same. Revenue is vanity; profits are sanity - at least in most industries. Technology allows you to do more with less. We have more than 17 times our profits since 2018 without adding many extra staff. There is no point in getting big as far as staff and infrastructure are concerned if you can't do so profitably. Of course, that doesn’t mean you will build a billion-dollar company using AI. Most people who try will fail, and many will get burned by the AI hype. It merely means that all technology can help you build more with less.",https://qph.cf2.quoracdn.net/main-qimg-a89721608fbc5864f54b255fa0e6789e
Adam Fayed,Is work/life balance a myth?,"The people who speak the loudest about work-life balance often go through the following process: That doesn’t mean work/life balance is a myth. It works for people with regular jobs. But if you are running your own business, it is usually a myth - at least in the early years. I worked seven days a week when I started my own thing. It becomes much easier once you aren’t doing everything to establish yourself.",
Adam Fayed,Can expats save enough money for retirement while living abroad?,"💡 Imagine this. You are an expat. You are earning more than back home, like many expats. Costs are also sometimes lower. That means that you should be able to save more money for retirement. But there is a problem. Back home, there are a lot of compulsory and “semi-compulsory savings” such as: This means many people have enough for retirement, even in a worst-case scenario. In comparison, expats often need to plan for their retirement. The issue is that there are often more distractions if you live abroad, as social life tends to be better in Singapore, Dubai or Hong Kong than in, say, Barnsley! Moreover, as there are fewer “compulsory” saving options, many people spend or leave too much money in cash. The problem is that while it might seem like “common sense” that cash is safer, as it can’t crash as quickly in most countries as other assets, it is indirectly a sure way to run out of money in retirement. As I mentioned in another answer recently, Vanguard has an excellent calculator, which can be viewed here -https://www.vanguard.com/nesteggcalculator. It runs thousands of simulations to determine how likely you are to run out of money based on past performance and many other scenarios. If you have $ 1 million and put it in cash, you only have a 1 % chance of not outliving your money! That is if you withdraw 4% a year and live for thirty-five years. Incredible! There is a 99% chance of failing to retire comfortably! In comparison, a mixed portfolio of cash (5%), bonds (45%) and stocks (50%) has an 87% chance of lasting 35 years if you withdraw 4% annually. It has a 92% chance of lasting you thirty years! So, expats can make the most of their retirement situation. After all, most ex-pats are also more open-minded about retiring to a low-cost-of-living place overseas than people back home. Yet implementation is critical. Many people only come to people like me when they are in their 50s and start panicking. They then want “a way out” to retirement. Sensible expats and digital nomads start the process sooner. Pained by financial indecision? Want to start investing? Reach out for assistance today!",https://qph.cf2.quoracdn.net/main-qimg-726e3c5c603f99da4b54369b88ea1891
Adam Fayed,Is it possible that America's stock market will one day stagnate like Japan's stock market from 1990 to present?,"Well, Japan hasn’t stagnated as much as people think. Many people have woken up today to think that Japan’s stock market has hit a record for the first time since the 1980s: (Source Reuters) Yet that is just the price return. It isn’t the total return. Most people think the Dow in the US is at 38,000 today. It is actually at 100,000+ if you adjust for dividends reinvested. The same is true when it comes to the S&P500 (Source: topforeignstocks) Dividend reinvestment has accounted for 60%-80% of the total gains for almost all stock markets. The same is true for Japan. Somebody who reinvested dividends would have been up nicely even before today’s close. So, to answer your question, US stocks may one day perform as poorly as Japan's. Indeed, they have had many lost decades before in terms of capital growth. But that isn’t so bad if you reinvest dividends.",https://qph.cf2.quoracdn.net/main-qimg-07af7b2413d8e1fbf26cb2e20cf10543
Adam Fayed,Is the fear of running out of money in retirement real?,"It is real. In the UK, a reasonable percentage of food bank users are old and run out of money. That left them with the state pension, which isn’t enough to live comfortably. So, what causes this, and how can you afford it? Vanguard has an excellent calculator, which can be viewed here -https://www.vanguard.com/nesteggcalculator The algorithm runs thousands of simulations to determine how likely you are to run out of money based on past performance and many other scenarios. Many people will have a 30, 35, or 40-year retirement now that life expectancy increases. Let’s say you have $ 1 million and leave it in cash. You take away 4% every year, thinking it will be OK, especially with interest rates being a bit higher now. Here are the results: Yes, you read that right. The chances that the money won’t last you is 99%! You only have a 1% chance of outliving your money. If you have a 30-year retirement, the odds go up to just 14%, which means you still have an 86% chance of outliving your money and facing worry in old age. In comparison, a mixed portfolio of cash (5%), bonds (45%) and stocks (50%) has an 87% chance of lasting you 35 years if you withdraw 4% annually and a 92% chance of lasting you thirty years! These simulations are back-tested and have worked even during a stock market crash. For example, if somebody had retired one day before the 2000 stock market crash and eight years before the Global Financial Crisis, they would still have more money in 2024 than they had then, even adjusted for all the crashes in the middle. But too many worry about crashes when the bigger worry should be the near certainty of losing out to inflation long-term.",https://qph.cf2.quoracdn.net/main-qimg-726e3c5c603f99da4b54369b88ea1891
Adam Fayed,What is the point of the richest man in Babylon?,"It is a classic. For me, the biggest lesson is this - it is important to remember that whilst some things change, some things always remain the same when building wealth. One of the pieces of wisdom is to think about money as workers whose primary job is to go out and get more workers. The speed at which you work brings you more workers, which is critical. That is just an ancient way of saying compounded interest, which Einstein called the Eight Wonder of the World. So, that means that:",https://qph.cf2.quoracdn.net/main-qimg-b5c2e9459728160ee88c52ede135f645
Adam Fayed,"If the S&P 500 has an 8% on average, is it a good idea to leverage? You can use Forex to have an account of 1:20 or even 1:50, if the index has an average of 8% over more than 80 years. Would it be interesting to leverage that?","The problem with leverage isn’t that it doesn't work. The problem is that it does! Let me explain. Let’s take housing as an example. The average long-term and after-fee performance isn’t as good as people think. However, if you can leverage aggressively with a mortgage, that changes the situation, and the returns can increase. The issue is if you become greedy, interest rates increase, or you panic if the market turns. The same is true for the S&P500. The average return has been 11% annually since 1945 if you reinvested dividends. So, leveraging via the index should work out. The problem is: (Source X). So, the only way it realistically works is to set particular parameters. For example, you only use leverage when the markets have corrected by 25%, use more if they have corrected by 50%, and cap how much leverage you use.",https://qph.cf2.quoracdn.net/main-qimg-cb77df32d8654f00b24cde3413919943
Adam Fayed,"Why did the Japanese stock market never recover from the 1989 crash, even in the year 2017? What should Indian investors learn from it?","Well, it has pretty much recovered now. It is on the cusp of a record in February 2024. More importantly, the market had already increased adjusted for dividends reinvested. What is true is that the Japanese stock market hasn’t performed well since it hit its peak 34 years ago. The biggest reason is how much of a bubble it was in during that peak. So, you would have done well unless you bought at the top and didn’t add money. As per this calculator, the total returns for the Nikkei (including dividend reinvestment) have been: But yes, only 2.149% since 2000 and less than 1% per year since 1990. And these returns aren’t counting the good 2024 returns so far as they are until 2023. So, a long-term Japanese equity investor would have done well if they had invested periodically, reinvested dividends and stayed patient.",https://qph.cf2.quoracdn.net/main-qimg-bc6cce3ab634e0bf1a2bccb7ce288387
Adam Fayed,Why do people change when they become rich or successful?,"I am not sure they do change. This quote from Brainy Quotes says it all: When people have made it, they have more choices. That, therefore, means that they, on the surface, change their behaviour. That doesn’t mean their character has changed, though. That “hotheaded” person needs to bite their lip more often if they are broke. Not so when they have made it. People lacking discipline also have more chances to act undisciplined once they are rich or have made it. It isn’t just people who have become rich or very successful either. The same also applies, to some extent, to those who have merely established themselves. Take businesses or individuals who are focused on a recurrent revenue business model. Examples include financial services such as insurance, selling courses, etc. You can sit back and relax once you have enough clients and have worked out your renewal rate. Some clients leave, but some new ones come in through happy client referrals. In this situation, some people get lazy and semi-retired. Others still try just as hard. A few keep pushing themselves to achieve more through hard work and/or taking risks. The same thing is true in a domain like sports. Few achieve outlier success. Even fewer keep going at that rate for a decade or more. Hence, all those people go off the rails or take their foot off the accelerator. In comparison, when people are just starting or are struggling, the incentive is to push themselves to achieve more. Wealth and non-monetary forms of success merely reveal people for who they are. The urgency and motivation is not always there.",https://qph.cf2.quoracdn.net/main-qimg-a6ca3caa8c98f615e687f2636d6b80e7
Adam Fayed,Are there any countries where even wealthy individuals cannot afford to live at the same standard as an average or lower-middle-class family?,"In Monaco, even billionaires live in apartments. That doesn’t mean they live at a lower standard than average people in the UK or US, though. Here is Philip Green in Monaco. He happens to have a superyacht but also lives in an apartment. The reality is you can’t compare the cost of living between countries entirely accurately. There will always be certain services that are too expensive in certain countries compared to others. Domestic help is another example. In many developing counties, middle-class locals have maids and helpers, and the local rich have a “team”. In London, a relatively wealthy person can’t afford that. You would need to be super rich to afford it.",https://qph.cf2.quoracdn.net/main-qimg-50d1ae4ae51758ccb3b64a5cfb99222d
Adam Fayed,Why do some startups never go public?,"In investing, people speak about a reasonable risk/adjusted return. For example, there is no point in doubling your return if you are taking ten times the risk to achieve that. Likewise, at least subconsciously, many business owners consider what I would describe as the freedom-adjusted return. Or put this another way, what is the point in earning ten times more if: This doesn’t just apply to going public. It applies to why you shouldn’t always get ‘better’ licenses and get bigger for the sake of getting bigger. It is also why many CEOs of public companies would prefer to earn a third of what they do for more freedom in their own ventures. For many people, earning a million after tax with maximum freedom from outside investors and minimal interference from regulators beats making tens of millions with less freedom. That is in addition to many people's points, such as the costs involved. Of course, going public also has significant upsides; otherwise, nobody would do it.",
Adam Fayed,Is Nvidia stock a good buy?,"Want an incredible stat? Nvidia’s stock price is now worth more in terms of market capitalisation than the Chinese and Hong Kong stock markets combined! It is also bigger than some European markets. US big tech has also doubled its size relative to the US stock market, per Schroders's graphic. I won’t give tips on individual stocks. Nvidia might be the future due to AI, or maybe it won’t be. However, technology is the kind of area where firms can quickly get superseded by superior alternatives. We saw that during the late 90s. Most tech firms went to zero, and a few got incredibly big. It wasn’t easy to find out which of those firms, in advance of time, would get big. We might see something similar in the future. So, diversifying beyond technology stocks is very important.",https://qph.cf2.quoracdn.net/main-qimg-a910d3bfd1981cb952a8f85ee9ece1e3
Adam Fayed,Why do some small businesses fail where others continue to succeed in perpetuity?,"Many people have already answered this question below so that I will look at it from a different angle. Why do some firms succeed in perpetuity whilst many other previously successful firms stop succeeding? I was watching an interesting talk on YouTube a few days ago. You can see the interview below. When we think about why success doesn’t last, we often think of examples like Kodak. Firms, typically in the technology area, get superseded by newer and better technology. So, many successful firms are conscious about not becoming dinosaurs, which makes sense. However, people often overlook another critical reason why previously successful businesses stop succeeding - they stop doing what is working. Rather than focusing on those 1% marginal gains in several key areas yearly, they divert their attention to many new places. 1% marginal gains are enormous. Think about sport. The difference between number one and number two can be millimetres. The same is true in business. Yet many people stop doubling down on what is working because So, often, businesses that succeed sustainably simultaneously change with the times but also double down on what is working in a very focused way. Getting that balance right isn't easy.",
Adam Fayed,Should investors be cautious when investing in China due to the risks associated with the nation's stocks?,"This week's event involving Lionel Messi shows one of the overlooked risks associated with investing in China - not just Chinese stocks but also investing in local businesses. As you might have heard, fans in Hong Kong were angry that Messi didn't play in a recent game These things happen regularly in sports. Indeed, a similar story happened a few years ago when Ronaldo didn't play in South Korea. What is different this time is the story spread to Mainland China, where Messi is massive, and anger grew, especially after he was pictured in Japan with a smile on his face. Ridiculously, nationalistic commentators suggested that this is due to geopolitics, despite his regular past performances in China! What does this show for brands entering China and trying to use brand ambassadors? It shows that the rise of nationalism in the economic area is a considerable risk. We have seen some brands, such as Nike and others, see boycotts from Chinese customers after they refused to use materials in Xinjiang. Many firms might ask, will we be next? That isn't to mention other risks associated with the stocks. That said, the recent underperformance of Chinese and Hong Kong stocks doesn’t seem connected to the fundamentals of the companies. Therefore, I expect some indexes, like the Hang Seng Index, to outperform others significantly. It just looks incredibly cheap. Whilst other markets are hitting record highs, it is at less than half its value that it was trading at just a few years ago, despite many of the companies being solid. Investors have merely got too bearish on “Greater Chinese” stocks. Some of that bearish is based on reality, though, as per the above, but people often tend to take it to the extreme. We saw the same with tech stocks in 2022. People got far too bearish just because interest rates were going up.",https://qph.cf2.quoracdn.net/main-qimg-7e7c8253489cec30934492c746d73730
Adam Fayed,"Do you think there is a risk of an AI ""bubble"" forming due to excessive hype and investment, or is its growth sustainable?","Anybody who wants to know how AI might change society should read this book. It was written by a man who understands the technology well. We are, perhaps, on the cusp of something big. That scares some people but also means there are many investment opportunities. You are correct in thinking this could become a bubble, though. In much the same way that the internet was the future in 1999–2000, despite the crash that followed, there is a bunch of new technology which is the future now. That doesn’t mean that every company with AI attached to their name is worth investing in, in much the same way that 99.9% of tech stocks didn’t do what Amazon or Apple went on to do. Ultimately, technology is often a winner-take-all situation where a small number of firms become big. Many tech firms, even those with good technology, never become profitable. This trend will likely benefit the stock markets but not every firm. Certain firms will undoubtedly take the lion's share of the productivity gains. So, the critical thing is investing selectively.",https://qph.cf2.quoracdn.net/main-qimg-df1730f5ebcf827bedd049bc6948e1e5
Adam Fayed,"Why do people say knowledge is power instead of saying information is power? Is information really less powerful than knowledge, or are they just different ways of describing the same concept?","We all know how to get a six-pack. Yet from those that want one, how many execute? After all, execution means: The reality is that information and knowledge aren’t power. Executing well what you know is what counts. The same is true about money. The reality of how most people get rich, or at least wealthy, can be boring. Not in all cases, but in many cases. Moreover, there aren't guarantees even if you follow these tried and tested routes, which have historically had a 100% success rate, such as long-term non-speculative investments. The past isn’t perfect for predicting the future; even if it were, some of us would get sick, die early, or face other terrible luck. So, many people check out and prefer easier options. The best way to achieve this is by realizing what you can and cannot control, and understanding that taking action feels good in of itself.",https://qph.cf2.quoracdn.net/main-qimg-560cd933eb5f5326246e409ab3a77102
Adam Fayed,Is it easy for wealthy people to avoid UK taxes by moving to tax havens?,"It depends on: In general, if you offshore yourself and most of your assets, then you can avoid most sources of UK taxes. Simple example. You move your investment portfolio and company to the UAE, Monaco or Cayman and get proper tax advice. What doesn’t work is working your assets only to so-called tax heavens, even though the media pretends people still do this on mass and get away without paying taxes. What is more tricky to avoid is avoiding UK inheritance tax. UK income taxes are based on ties (see the HMRC ties test) and where you are. Inheritance taxes are based on domicile, and changing that is more tricky. Moreover, you will usually still have to pay taxes on your UK assets, such as properties. So, you need: It isn’t just relevant for British people. Most developed countries have a residency-based taxation system. The US is unusual in taxing expats living abroad. Another thing to remember is that you don’t always need to move to traditional low-tax places. Many countries, including in Europe, have schemes for foreigners, in much the same way that the UK still (for now, at least in 2024) has non-domiciled rules for certain non-British people. Examples include the Beckham rule in Spain and Italy’s 100,000 Euro flat tax for foreigners.",
Adam Fayed,How is the stock market difficult?,"Imagine we were still in 2008. The biggest financial crisis in a generation, which was started in the US, has begun. Now, imagine somebody would have predicted that stocks wouldn’t just recover but US stocks would outperform the rest of the global stock markets. Few would have believed you. The narrative at that time was 2020 was more extreme. Hardly anybody expected a big stock market crash in 2020. Even fewer expected a recovery within months. Who in their right mind would have predicted that many major stock markets would be up 17% during a pandemic year? So, stock markets are difficult to predict in the short term. However, we know the general trend for major markets has always been good, provided you are globally diversified.",https://qph.cf2.quoracdn.net/main-qimg-6997c40a63db2736535644ca8949282a
Adam Fayed,Is expensive wine worth it?,"An incredible test was done on this. Frédéric Brochet, who was a PhD student at the time, dyed a white wine red and gave it to 54 wine “experts”. To cut a long story short, he told them he was showing them two different wines when in actual fact, he was showing them the same wine - he merely dyed one wine to a different colour. The research paper is called The Color of Odors. The research also shows that visual cues can sometimes override our senses of taste and smell. That is why so much time, effort and money is spent designing nice wine bottles and glasses. The same luxury wine wouldn’t taste as good because it wouldn’t release as many endorphins if it was served in a paper cup. We see the same thing with other products. In a study done a few years ago, participants were shown two cakes. One cost $15 and one $55. One looked nicer than the other in terms of decoration. Yet they were both the same….the researchers put a different price tag on the same cake and made the designs look nicer. People were shocked when they found out. Some insisted on trying them both again, saying the more expensive one tasted better! So, in answer to your question, a lot of this is marketing. Therefore, it isn’t worth spending loads on expensive wines and consumer products if it stops you from investing for retirement and gaining financial security. It isn’t like hotels or business class flights, where the benefits are clearer. That doesn’t mean you should never drink expensive wine if you like it, or it is linked to an experience like being invited to a good sporting event with friends. It merely means many things subconsciously affect our preceptions of quality and taste.",https://qph.cf2.quoracdn.net/main-qimg-b33319c5e4e72dc21e36c289960eed5c
Adam Fayed,"Do the rich people in this world really deserve their wealth, do people who are not rich not deserve wealth?","There is a show on Netflix called The Trust: The show is replicating some experiments psychologists have made before. A bunch of strangers receive $250,000 to allocate among themselves. They can either take their “fair share”, or vote each other out to keep more for themselves. As others can vote them out, it sometimes makes sense to vote others out to survive. The interesting thing about the show is that there was a secret millionaire. He was in his early 20s and came from a relatively wealthy family. So, he wasn’t wholly self-made by any stretch of the imagination. He was doing well and seemed safe……until he let his guard down and told everybody his secret after he assumed enough trust had been developed. He was voted off! Some people felt he didn’t deserve extra wealth when he already had it and came from a relatively wealthy family. If we look at this emotionally, he might not need the extra money, but he still worked as hard as everybody else in the show. He also needed to take as many risks as everybody else. We saw something similar in the UK. Who Wants to Be a Millionaire was a massive show in the early 2000s. The first winner was Judith Keppel, who allegedly was already quite wealthy. That affected some people’s excitement at seeing the first winner. So, the reality is that it is irrelevant if people “deserve” something or not. Life isn’t fair. That is why we have markets and laws. What is more, people who complain about unfairness seldom own up to their own privilege. Most of us earn much more and live longer than our ancestors or people in the poorest countries. It might not be fair that a teacher in a developed country earns multiples of what their ancestors did, or those in poorer countries, but it is just the way the world is.",https://qph.cf2.quoracdn.net/main-qimg-4a00ef3715b4b93c85a0a184bf84b6cc
Adam Fayed,Why are salary earners often broke before the month ends?,"What you are saying isn’t just applicable for low or middle salary earners. Or for that matter, it isn’t just salary earners who are broke. Plenty of high-income people, employed and business owners, are broke. This is so common that there is an acronym for this- HENRY Henry = High-earner, not yet rich. Investopedia defines it as people who have a strong chance of being wealthy in the future. The reality is, plenty don’t become wealthy in the future. They can often put off investing and instead never become wealthy. 78% of former professional footballer go broke within five years of retirement. Stats show that plenty of people earning over $250,000 are living paycheque to paycheque. The reality is, Parkinson’s Law is important here. (Source, think360 Studio). Ever heard the expression about giving a busy housewife a job? Ironically it will probably get done more quickly than giving it to a lazy person, because the duration of a task expands to fill its allotted time span. This is regardless of the amount of work to be done. So, a busy person who assigns a task to be done in twenty minutes will, more often than not, find a way. A less efficient person might take hours. The same is true with money, if we aren’t careful. In other words, expenses can just “fit” inside our income, no matter how high the income goes. After all, there is always ways to spend money.",https://qph.cf2.quoracdn.net/main-qimg-2ac9882fee7ec125cbea3d74b1245c0b
Adam Fayed,What are some investment opportunities in 2024 that can generate positive returns?,"As per this chart from the FT, emerging markets have had an awful decade compared to the S&P500 and US stock markets. That hasn't always been the case. Whilst the US stock markets had a lost decade in 2000–2010, emerging markets did well from 2000 until 2008. Given that, it isn’t surprising that the CAPE Ratios look cheap in emerging markets now (source: mybfm). There is reason to believe that this trend won’t go on forever. If the US dollar gives up even a small percentage of its strength, it will be good for emerging market stocks. What is true is that emerging markets are riskier, so the S&P500 will almost always have a higher CAPE and price-to-earnings ratio. However, if we look at historical valuation measures, many emerging markets look very cheap compared to their historical levels. Barclays have an excellent tool where they compare stocks to their historical CAPE levels - Barclays indices The US is at 32, which is high but not unusually high by historical levels. Many developing markets look cheap - Europe is 18 and the UK is 15. Yet, except for India (35), emerging markets are cheap. China is at 10 and Brazil at 13.",https://qph.cf2.quoracdn.net/main-qimg-afb120c6b854a964536dde869fc46c90
Adam Fayed,What is your take on why people don't invest in their own retirement?,"There are some commonalities here with health. We know two things about health, even if we aren’t experts The problem is it gets more difficult as we age. Getting into space in your early 20s is much easier than in your 40s or beyond! What is more, it is better to take preventative steps. Too often, though, we frame those preventative steps as all about austerity and depriving ourselves of things rather than tilting the balance towards a healthier lifestyle. The same is true in finance. Whilst, indeed, it isn’t too late to take retirement seriously in our 40s or beyond, it is a fact that (Source Michael Kitches) Expats and high-net-worth individuals are usually more vulnerable because we are generally outside our home countries' social security net or running private businesses where things can change more quickly than for say a school teacher. So, the reality is that people do eventually take their retirement seriously. Usually, when that time comes, they regret not starting sooner.",https://qph.cf2.quoracdn.net/main-qimg-06a9a6743cb308fbc7adc5186f716e6e
Adam Fayed,What are some assets you can legally hide from the government?,"It is a myth that it is easy to “hide” assets offshore as I explain here. What you can do is legally reduce your taxes. You can also protect your assets from lawsuits, divorce and creditors. You can do this by When it comes to inheritance tax, you can also use some of these planning methods to legally reduce or avoid it. Obviously it depends on the country you are from, and the legal jurisdiction in question, The point is, having proper advice and strategies is more likely to work than deliberately trying to hide things. Governments, in the main, don’t allow for legally hiding money. The exception is often when the sums are small, and no tax is due. For example, in the UK you don’t need to declare income from gifts below a certain threshold.",
Adam Fayed,What income puts you in the top 1% in the world?,"It differs dramatically by country. As per the graph below (from Quora and Bloomberg), it is over $500,000 in some places. In other locations, it is less than $150,000 However, that is only income. Earning a high income doesn’t mean you will be wealthy. Plenty of high-income earners spend as they go along. Some lower-income earners have inherited wealth or previously earned more. I once read a report from Credit Suisse which showed that you needed $1 million in wealth to be inside the global 1%. A lot depends on how you measure it. It makes a lot of sense to just look at liquid net worth which strips out primary residence and companies. Having millions tied up in a house isn’t the same as in a liquid portfolio.",https://qph.cf2.quoracdn.net/main-qimg-1980d23b7425e17a100f9ecfc05253fb
Adam Fayed,Can British citizens living in Spain vote in British elections?,"British citizens living abroad shouldn’t vote! I am not speaking only about Spain. I mean, they shouldn’t be globally. Let me explain….and no, it isn’t to do with Sunak and Starmer in 2024! The biggest reason is it increases the chances of British expats making a common financial mistake. That mistake is thinking that because you don’t need to pay UK income taxes and national insurance, you don’t need to pay inheritance tax. Inheritance tax is based on domicile, as I explained below, alongside other key financial mistakes British expats make abroad. Changing your domicile is much more complex than your residency or tax residency. For example, if you have lived in Qatar or the UAE for decades, your domicile is still the UK, as neither country easily allows citizenship. I have been outside the UK for thirteen years now, but my domicile is likely still in the UK, even if my tax residency is elsewhere. How does this relate to voting? HMRC have made it clear that voting in UK elections could be one of the reasons why your domicile could still be considered as being the UK. HMRC manual RDRM23080 on domicile says ""The list below shows the types of information that might be requested during an enquiry. It should not be regarded as either prescriptive or comprehensive.” The more ties you keep to the UK (assets, voting, being a party member etc) and the less you make your new domicile clear, the higher the risk is. Therefore, people shouldn't get excited about announcements like this -Britons living abroad regain right to vote in UK elections as 15-year rule ends. After all, having a deemed UK domicile can cost people hundreds of thousands because inheritance tax is 40% above 325k (or 650k for married couples). So, planning to reduce the likelihood that you will pay this tax is better than adding to the risk by voting! Pained by financial indecision? Want to start investing? -Reach out today! Forbes - Adam Fayed | CEO - adamfayed.com | Forbes Councils Gain two free expat ebooks today! Click here to receive them today! Subscribe to my YouTube channel today! Adam Fayed Podcast (Expat and HNWI investing)",https://qph.cf2.quoracdn.net/main-qimg-b1f2df83be5f17967a72bf568f82b38c
Adam Fayed,Which secrets do rich people not share with anyone?,"I read this business classic a few days ago. It is so simple that most children could read it. Yet, it speaks about change and how people react to it. Two characters discover that their cheese has been moved. Like mice in the wild, they adapt. They find new ways to find the cheese. After finding the new cheese, they continuously “tested” to see if the cheese was going to be bad to stay ahead of the curve. The two other characters complain that it isn’t fair or wait for the cheese to return. By the time they understand what has happened, the other two characters have been perfecting their new techniques for a long time. The book was written long ago, but Covid-19 really illustrated this story. Some businesses complained that it wasn’t fair and wanted government help. Others adapted and went online. The most sensible ones saw the online trend happening even before COVID-19. I am sure we will see the same with AI and other technologies. Some will adapt and thrive, and others will complain that things aren’t fair. The point is that there aren’t “secrets” that wealthy people don’t share. The biggest personality trait I have seen that correlates with wealth is focusing on doing - implementation. Not thinking about things endlessly, complaining, procrastination and ideas. Good ideas and intentions are worthless without implementation. Moreover, it is usually better to implement at 50% or 70% than to wait to get to 98%. Want to go online? Start with a video, which is very basic. Want to start investing for a better future? Just start, even if you make mistakes. The same is true for almost anything. Starting pivoting and adapting beats endless procrastination.",https://qph.cf2.quoracdn.net/main-qimg-807c9c291a7cb5db7c8db9fa03d77d67
Adam Fayed,"You have $10,000 to survive for a year in America. If you succeed you get $1,000,000,000 dollars. How do you do it?","It isn’t easy to survive in any developed country on $10,000 a year. I imagine the most straightforward way would be to cooperate with others! Tell them the game and the rules. Agree that if they lend you some money, you will share in the winnings! Some people might not believe that you will keep to your side of the bargain. So, friends or family (if applicable) would be best, or having legally binding contracts (if possible) if dealing with strangers. It would be an interesting game of trust for both parties.",
Adam Fayed,Is it true that the world's richest are actually off the Forbes list?,"It isn’t just that some people might be off the list, such as some dictators, as I have discussed before, but the list itself is misleading. That includes the numbers quoted on lists like this and the Sunday Times rich list. I watched an interview with Deborah Meaden a few days ago, a judge on the UK version of Shark Tank (called Dragons Den). She spoke about the delusional valuations many businesspeople place on their business. Beyond that, as she pointed out, lists like the Sunday Times Rich List (and Forbes) are very misleading, based on projections about what these people’s businesses might be worth if they sold out. That can make sense if somebody has a listed business on the stock market, but it is tough to value a private company that isn’t on the stock market. That is why President Trump’s true net worth has become a polarized topic - his opponents say he is exaggerating his net worth, and he (and many of his supporters) say the opposite. Either way, it is almost impossible to say how much The Trump Organization is worth unless it gets sold or goes onto the stock market. That is why liquid net worth - how much somebody has in liquid assets such as ETFs, funds, cash, etc. - is a better indication of how well somebody has done in many cases. Having loads of money in assets that you may never be able to sell isn’t the same thing as actually realizing gains, or knowing you can press the sell button on a liquid asset tomorrow.",https://qph.cf2.quoracdn.net/main-qimg-82480758680409fd70b16433a17a5eda
Adam Fayed,What is causing the rebound in Japan's Nikkei after its plunge from a 33-year high?,"Japan was looking cheap for a long time. The currency has weakened, and the central bank has pumped money into the markets: Even before this surge, the market had already recovered, adjusted for the reinvested dividends. As always, though, investor sentiment affects a lot of these things. For a while, investors were bearish on Japanese stocks, much like they are now pessimistic about Hong Kong and Chinese equity markets. That has changed. So, it is ironic that few people were interested in the Nikkei when it was at 7,000–14,000, and more people are interested now at 35,000!",https://qph.cf2.quoracdn.net/main-qimg-62cba5b2728081c125fba0ee64be055f
Adam Fayed,Why did Bill Gates sell so many of his shares if Microsoft was so successful?,"Want an incredible stat? Bill Gates would now have been a trillioniare if he hadn’t sold his Microsoft shares! I doubt he regrets it though. Having almost 100% of your net worth tied to one stock is always risky - even for a company as big as Microsoft. It could have became the next Lehman Brothers if something unexpected happened, or at least declined dramatically. Look at all the people in crypto who had billions on paper and then zero net worth. It is important to have a risk-adjusted approach, especially once you have already made enough money.",https://qph.cf2.quoracdn.net/main-qimg-89b39fb5e2fb264e8f364792bf7b2725
Adam Fayed,Can expats living in another country (such as the UK) avoid paying Australian taxes?,"Australia, like the UK, has a residency-based taxation system. That means that if you live in the UK, you will have to pay taxes to the UK Government. If you live in Monaco or Cayman Islands, you will pay taxes to those governments. That is why many wealthier Australians and Brits offshore themselves and their companies to pay fewer taxes legally. However, it is also good to get formal tax advice, which this answer isn’t, because: The same, to a lesser extent, is true of the UK. HMRC now has a ties test. So, making sure you are a non-resident for tax purposes is best. The days of simple rules like being outside the country for 90 or 183 days are gone. Things are likely to become stricter over time. Even relatively recently, the Albanese Government bought in a forty-five-day rule. Australian expats who stay for over forty-five days might be deemed tax-residents in certain situations. So, getting advice on your assets and taxes can be essential.",
Adam Fayed,Why do people feel money can buy happiness?,"It is interesting you say that as that was the topic of my forthcoming video. I was feeling philosophical while I was away recently. Anyway, for most people, happiness depends on: Money doesn’t buy happiness in isolation. But money can help. That is especially the case if money is used to build strong relationships, have experiences rather than only things and bring you a sense of purpose. Having options and more freedom is also vital; insufficient money can affect your health and relationships. In comparison, money is likely to bring unhappiness if you misuse it, such as when trying to impress people who don’t even care about you. So, what people believe about money is partly the reality. Remember, too, that the biggest worries of people over sixty are their health and whether they will run out of money in retirement! It is too easy to delay doing things we know should be done. Fortunately, regular investing means you don’t need to make huge sacrifices or invest massive amounts to have enough money later in life. Pained by financial indecision? Take the next step today!",https://qph.cf2.quoracdn.net/main-qimg-f8d1d8687db9ad81de7130dbf00141ba
Adam Fayed,"Is it possible that there are people richer than Jeff Bezos who are rich enough to keep their true net assets a secret? If so, how could they be discovered?","It is possible. The problem is proving it with conclusive evidence. Some people claim Putin is much wealthier and has access to multiple properties like this. Proving it is another matter, especially if the assets are under other people’s name. Forbes themselves admit it is more than possible.",https://qph.cf2.quoracdn.net/main-qimg-0d05b74383bfbcd78b751a6f515e771d
Adam Fayed,Will house prices stop going up eventually?,"In nominal terms, prices should always go up, of course. Adjusted for inflation and as multiples of earnings, it is a misconception that they go up. Look at the UK as one example. Here is the long-term trend in terms of house prices relative to income: People have recency bias. It is true that many people only spent two or three times their income a hundred years ago, but historically, ten or twelve times was normal. Likewise, real house prices. They have indeed gone up since the 1970s and 1980s. What would surprise more people is that they didn’t go up much from 1900 until 1960, and have still not recovered from 2007–2008 - at least not in the country as a whole. They have increased in London. Often, it is because people don't factor in inflation. Remember, if you have a 500,000 house and inflation is 3%, the house has gone down in price if it is now worth 510,000 a year later.",https://qph.cf2.quoracdn.net/main-qimg-1395cb0ff9e740a335ab1fb44468bb5e
Adam Fayed,What are some of the common mistakes that home buyers make when dealing with real estate agents or purchasing property in general?,"Here is the biggest myth of all…… This expression….. “You can’t lose with property”! You can in many ways. The main ways are: 3. It isn’t liquid, so you can’t quickly exit it 4. REITs have often beaten direct property. 5. Time. The time-adjusted ROI is often awful. Making 12% per year after fees is great if it is a passive investment. It is horrible if you spend hours a week painting, decorating, and doing other jobs. You can do well with property investments. Often, you need to have a good strategy and use leverage well. What is more, there are many non-financial reasons to own a primary residence and lifestyle reasons people buy holiday homes. As a purely financial investment, though, it often doesn’t make sense.",https://qph.cf2.quoracdn.net/main-qimg-1395cb0ff9e740a335ab1fb44468bb5e
Adam Fayed,Is wealth inequality unavoidable?,"I remember Elon Musk was asked if huge wealth inequality was unfair. His response was “It'd be unfair if I were consuming it"" Many people get this wrong. They think being a billionaire is about spending billions. It merely means you have assets worth billions. In the same way that you won’t necessarily consume more if your house or pension goes up, many billionaires won’t consume more if they are worth $ 50 billion versus one billion. Wealth, income and consumption aren’t the same thing, even though it is true that wealth can generate more income and consumption. Besides, most countries that have tried to care a lot about equality in the past have genuinely failed long-term, and saw a lack of freedom in that very process.",https://qph.cf2.quoracdn.net/main-qimg-ddcc5c9f722ea0a32fa05e4ac487db65-lq
Adam Fayed,How likely is it that interest rates will stay higher for longer in the UK?,"Extremely unlikely. Growth is low. A shallow recession in 2024 could happen. Inflation is falling gradually. It is therefore, unsurprising that This is Money is suggesting that interest rates will fall to 3% Bloomberg also reported that they expect all major central banks to decrease rates in early-mid 2024.",https://qph.cf2.quoracdn.net/main-qimg-768a57ee5bc828bfc2ca42c69c641887
Adam Fayed,Why are some people very rich and most of the people broke?,"Firstly, consider this. Why is it the case that many high-earners are broke? It is so common that countless YouTube videos have been made about the subject, such as the one below. We have to consider Parkinson’s law. Most of us could manage despite such low incomes when we were students. Then, many people earn ten or twenty times more but are still just about managing. This explains Parkinson’s Law, which originally was about time and productivity, and how it also applies to income and expenses (Sources: Linkedin and Archie Yuki) This explains why most people are living in paycheque to paycheque, even in countries were per capita income has increased dramatically adjusted for inflation. In the US and UK, people living in the 1940s had much less money, even adjusted for inflation, but they saved, in some cases, more than today. We see similar trends in emerging markets like China and India today. Many younger people are spending more, and saving less, despite higher incomes. Often the older generation saved hard, even when the countries in question were poor. We see the same thing in developed countries when it comes to immigrants. Many poorly paid immigrants manage to save despite often having low or medium salaries.",https://qph.cf2.quoracdn.net/main-qimg-f3f2cb0b696e2977796d9abca3a1114d
Adam Fayed,What is your prediction for interest rates on high-yield savings accounts in 2024?,"Almost for sure, interest rates will fall. The question is, will they fall hard or just a little? Regardless, even at 5%, savings accounts aren't a good deal. This video explains why high-yield accounts are risky if you hold them for the long term. High-yield savings accounts make sense if you want to save for a short- or sometimes medium-term objective (1–5 years maximum, especially 2–3 years). It doesn’t make sense for longer-term objectives. There has never been a historical period when saving for retirement in cash has made sense; and you are taking loads of hidden risks due to currency depreciation and inflation.",
Adam Fayed,What is the recommended duration for a person to stay abroad as an expatriate or expat before returning home?,"Well, it depends on your situation. If you want to go overseas for a cultural experience and earn more money, staying for around three years per stint makes sense. You only get used to a country when you have lived there for a year. If you stay for too long, it can become home. Financially, too, you often need to move to the next expat job after a certain number of years. Most MNCs will localize jobs after a certain number of years, so it is normal for people to move to a different country - for example, another branch of the bank or consulting firm in a different country. On the other hand, if you run your own business, you will probably stay there for much longer.",
Adam Fayed,Is it worth going to other country to earn money?,"I recently listened to an interview with Michael Buble on Spotify in the car. Apparently, he struggled to make it for a decade. Most pop stars become famous in their late teens or early twenties. He didn’t make it until 27–28. He first made it in the Philippines and several other countries before becoming a hit back in Canada and then worldwide. The fact is, we live in a global and online world now. So, if you make it in one country, it increases the chances of making it in another. Several overseas markets are also less competitive. During my thirteen-year stint overseas, I met several people who made it in developing markets but failed in places like Singapore. That doesn’t mean making money overseas is easy; otherwise, everybody would do it. But the old expression not to put all your eggs in one basket can also hold true here. Just because you aren’t succeeding in one market doesn’t mean you won’t succeed in another, especially as every country is in a different stage of the business cycle. Moving can be a great idea if your home country is in a recession.",https://qph.cf2.quoracdn.net/main-qimg-ae9d9ee0009612a49d9c2b3e1994a09c
Adam Fayed,How do you know if your company is doing well?,"There is one straightforward way to know. It is old-fashioned but so true. Revenue is Vanity, Profit is Sanity, and Cash is King. Or, a more modern take is this, which I saw on LinkedIn recently: If you, as the owner, can pay yourself a good dividend after the company has broken even or made a profit, then you are doing something right. If people start to speak about things like adjusted EBITA (Earnings before interest, taxes, and amortization), you know you have an issue - unless you are in an industry like technology where reinvesting revenue is so important. I made this point in a relatively recent Forbes article I made, where I pointed out that many financial firms focus on metrics that don’t always improve profitability.",https://qph.cf2.quoracdn.net/main-qimg-29679d6d219d52b56a8bf50c1cfa3a3c
Adam Fayed,How do I decide whether I should buy something or not?,"There is an easy rule to follow. That rule is, would you buy that item if nobody was watching? By nobody, I mean: Take a mansion. Would you buy one if nobody was watching? Some people would. Plenty would buy a big luxury house or a more convenient penthouse, even if they were worth hundreds of millions, as it is easier to maintain. Now, what about something that has no utility? Like buying a steak with gold, which you can buy for a few dollars if you cook it at home! Very few people would buy those things at restaurants if others (and Instagram) weren’t around! Another basic rule is this. Will the experience or item still increase your life satisfaction after the initial sugar rush? Buying many items gives you happiness for a few days but can soon end. Something like a great mattress, which can allow you to sleep better for decades, is less likely to have the same effect. The same is true for experiences. We usually remember experiences for years.",https://qph.cf2.quoracdn.net/main-qimg-9bf3f14d69d4acec0e1d4bdcf7967cec
Adam Fayed,Do you feel any significant difference when driving a luxury car versus driving cheap cars?,"You do feel different. The question is, do you feel any more satisfaction? You feel different using an iPhone 14 versus the 10, but will it make you more satisfied? For most people, it won’t, apart from for the first day or two. Research has shown the same is true with cars. If you test drive a luxury car, you will notice the difference and feel more satisfied. That is because you are getting a sugar rush, and you are focusing on the car during a test drive. You aren't focusing on getting your kids to school or the traffic. In comparison, once you get used to the car, you might notice the difference, but you don’t feel more satisfied. It is called hedonistic adaptation. We get used to things and they become normal. At least, that is the case for 80%-90% of people. If cars are “your thing” and your biggest hobby, things might differ. In comparison, it is more difficult to get used to experiences. They don’t get as old quickly.",https://qph.cf2.quoracdn.net/main-qimg-470d4989202cd2722454f11ed688630d
Adam Fayed,What is the best way to achieve your New Year's goals?,"I have found something straightforward works wonders. That is startsing early! As Newton said, objects in motion tend to stay in motion. The same is true for achieving a business or life goal. The image below (Source Jamesclear) illustrates the point. We all have experienced how difficult it is to get motivated again after a long holiday. The emails and to-do lists pile up, and we easily procrastinate! So, if your goal is to get fitter in 2024, starting between Christmas and the New Year will likely work well, even if you aren’t healthy on the 31st during New Year's Eve. Likewise, if you want to save and invest more in 2024, using the time between Xmas and the New Year to sort something out will work better than waiting until things pile up at work in January. Moreover, as I explained in 2019 in the article below, you can utilise other productivity habits that increase the chances of success and meeting New Year's goals. Some Reading",https://qph.cf2.quoracdn.net/main-qimg-130838758d29e130463fd737ce5cb92b-lq
Adam Fayed,What are your expectations for the Federal Reserve's interest rate policy in 2024?,"You will earn less on your savings in 2024 because interest rates will fall. Right now, it seems we will have at least three rate cuts. Global central banks will likely follow suit. Long-term interest rate expectations are also low - 3%-4% per annum maximum. What can you do about that? Mainly you can Good fixed-returns won’t be here forever. Cash and bond yields will likely fall. So, you can lock in yields now. 2. Invest for the long-term Trillions went into money market funds. 2023 was a record year for inflows into cash funds like these. The graph below is from Investopedia. It shows how dramatic the inflows have been. We are starting to see money leave these cash funds and go into bonds and stocks, as people understand that: We have already seen big gains in the stock and bond market.",https://qph.cf2.quoracdn.net/main-qimg-0170701a61c1cb9b9e52094f1af39977
Adam Fayed,"Is it good or bad that many teenagers want to be rich? I saw a study where 60% of teenagers want to start a business rather than work, so won't that mean there will be too many rich people or too few workers?","Firstly, it is ironic, considering many teenagers are anti-capitalists. One of the great ironies is many people criticize “the rich” but want to be rich themselves! Like going on an anti-Amazon protest: Then, using them a few hours later! In answer to your question, though, it is most likely neutral. Money-making makes the world go around. But few people ask themselves questions like: Wanting to make money and doing it aren’t the same thing.",https://qph.cf2.quoracdn.net/main-qimg-063f5c88bb9279e4e2197db225215fa1
Adam Fayed,How does hiding money in offshore tax havens work?,"It usually doesn’t work anymore, as Joseph has said below. At least it doesn’t unless you live in a country as a dictator! The idea that people can “hide” enormous amounts of money in this day and age is media nonsense. People use offshore vehicles to: That isn’t to mention that if you offshore “everything” it is more likely to work. What do I mean by everything? In other words, if you move yourself and your business to the Cayman Islands, the UAE or BVI, you can legally pay much lower taxes in many situations. It does depend on the detail, though. Americans still need to pay taxes to the US government. Hence, many Americans (over 5,000 a year) renounce their citizenship and do all of the above. But that isn’t “hiding” money. For example, Richard Branson lives in the BVI on Nector Island. He isn’t hiding his status from the UK government. He needed to offshore himself to save taxes in the BVI. In comparison, the media pretends that many people living in London and New York “hide” money offshore. If that were the case, we wouldn't have tens of thousands of wealthy people offshoring themselves globally if they could legally hide money while living in high-tax places.",https://qph.cf2.quoracdn.net/main-qimg-279af361cc225b449ffa39e8f4ffc58e
Adam Fayed,Why are Chinese stocks underperforming the U.S. and global markets?,"There are many reasons. The Chinese economy is struggling more than the official data suggest. But the biggest reason is that investors seek good risk-adjusted returns. How can anybody say Mainland Chinese stocks are lower risk than US ones? Look at what happened to Jack Ma. Or for that matter, education schools. Rules and laws can be changed almost instantly in China, and often, they aren’t investor-friendly. Chinese stocks outperformed in 2000–2006 and until mid-2015, as per this picture from Vox. I am sure it will happen again in the future. The issue is the Shanghai Composite tends to act very irrationally. Going from 2k to 5k quickly, then back down to 3k soon after, is how you would expect Bitcoin to behave….not a stock index. The volatility in some years has been far more extreme than many other stock markets. We must also remember that institutional investors play a more significant role in the US stock market than in China. That calms the market down a bit and makes it less volatile.",https://qph.cf2.quoracdn.net/main-qimg-f2b7e8fe126ae5434d83c1e5a05223ed
Adam Fayed,What is inflation risk?,"This table illustrates it perfectly. I saw it on LinkedIn recently, and it is from data taken from the Bank of England and MorningStar.",https://qph.cf2.quoracdn.net/main-qimg-1a14e2e18031f719b42d470095bc3d0e
Adam Fayed,What is the best Business strategy?,"Garry Kasparov is one of the best chess players ever. He once said never change the strategy unless the fundamentals have changed. The same is true in many domains like investing and business. If something is working, and the fundamentals haven’t changed, then sticking to the same strategy often works. Adaptation is important, but changing your tactics is often more important than your strategy. It is more difficult than you think to stick to the same strategy long-term. Many successful companies change strategies to their detriment. Often times, people and businesses start to think they can do things they can’t once they get success in one domain.",https://qph.cf2.quoracdn.net/main-qimg-0cc38895d6c638ee0a6e45376990e6f0
Adam Fayed,"Is it likely for the S&P 500 to ever crash like it did around 2000 and 2008, or are future corrections likely to be more tame?","Of course, the S&P500 will crash again! That is the nature of markets, but it should be irrelevant for the long-term investor. If you look at the ultra-long-term, the S&P500 has crashed countless times over the last hundred years. Each time, it has come back and hit new record highs. As I explain in the video below, the S&P500 is currently relatively high on a price-to-earnings (PE) and CAPE basis compared to other stock markets around the world The US and international stocks tend to take turns outperforming each other, as per the graph below from mymoneyblog. That doesn’t mean you should put everything in emerging or non-US developed markets like the UK or Japan. It just means you shouldn’t expect the US markets to outperform forever. In 2006, 2007 and 2008, many people thought emerging markets would outperform the US for decades, and the US Dollar would continue to weaken against its rivals. The opposite has happened since. The point is, that it is easy to have recency bias - expecting the recent trend to last forever.",https://qph.cf2.quoracdn.net/main-qimg-4ce11da67549736097bbf9cca21815df
Adam Fayed,What are the benefits of investing in alternative assets?,"Investors want to get higher returns in return for taking higher risks. The issue is that in the stock and bond markets, it has become more difficult to do that. So, more investors (including advised clients) are going for ETFs and index funds. Beating the market has become more difficult every decade recently. In comparison, private markets are different. As the billionaire investor Marc Rowan explains in this video (from about 18:00), finding opportunities in these markets is easier. It comes down to common sense. In today's world, if Amazon or any public stock looks undervalued, everybody has access to the information. Not everybody has access to the information with private assets that aren’t listed on the stock market. If your friend has a great business which has been growing consistently by 30% a year + for eight years, but now he/she needs extra capital so is giving up equity or has created a debt instrument, the rest of the world doesn’t know about that opportunity. Only a few do. The same applies to other private assets like boutique private equity or private debt opportunities. They come with risks, so having an advisor can help you understand those downsides, but they also come with opportunities. The other benefits are that they tend to be uncorrelated assets. So, they can go up when the stock markets are down and vice versa, and they are a way to diversify yourself. The negatives are you can be locked in for a few years, and not everybody can assess the risk: return fundamentals well.",
Adam Fayed,What is the biggest failure in most people's financial life?,"I saw this great story on a few days ago. Spencer Haywood, once a top sports star in the US, was offered $100,000 or 10% of Nike. $100,000 was a lot of money in the 1970s. He picked the $100,000. It was a huge fail, as shown in the picture below taken from Facebook. Compare that to Michael Jordan. He negotiated 25% royalties of all shoes for his range in return for a lower ongoing fee. He is now a billionaire. The point is that negotiating for equity makes sense, and playing it too safe is often a huge mistake. You might think that sports stars are different from most jobs, which is true. But even many salaried staff members can negotiate for equity or buy it at discounted prices for a lower salary. It can sometimes work out in the long term, and buying public equities (stocks) usually works out long-term if people diversify themselves enough. Having ownership of assets and long-term investing is critical. Some Reading",https://qph.cf2.quoracdn.net/main-qimg-6722f4ced0b049371ab6426a8e71a76d
Adam Fayed,How much would you pay to get an EU citizenship?,"EU citizenship by investment will likely die one day. Ultimately, the only way you can legally get EU citizenship is to apply for a residency or citizenship by investment program. These are known as golden visas. The EU doesn’t like them. The Irish have stopped their program, as did others. Portugal will soon. Those that remain are getting pressured by the EU to stop them. If you want to get in, you should probably do so in the next few years. To answer your question, I used to have EU citizenship as a citizen of the UK. I wouldn't pay big bucks to get it back, but plenty of people would. Some Reading",https://qph.cf2.quoracdn.net/main-qimg-503dbef1c657c5068a69adad6d04e16c
Adam Fayed,How should I invest money in 2024?,"The critical question in 2024 is how fast interest rates will fall. The fact that interest rates will fall in many countries seems inevitable. Inflation has been falling around the world. (Source FT). The full effects of the interest rate hikes have yet to be felt. Once they have been felt, interest rates are likely to fall. That is likely to be good news for the following assets (Source Simply Wise). The bottom line is that falling interest rates are good news for most assets. As Warren Buffett once said, interest rates are like gravity for asset prices. Falling rates are likely to be bad for money market funds, of course, as they track the base rates of the major central banks. So, like savings accounts, they will likely pay less in 2024 or 2025. Click here to read your free 2024 investing guide PDF! Pained by financial indecision? Want to start investing? -Reach out today! Gain two free expat ebooks today! Click here to receive them today!",https://qph.cf2.quoracdn.net/main-qimg-2adb2533373fcfe57afdb34b1f9988e8
Adam Fayed,How likely is it that the yuan will continue to recover against the U.S. dollar in the near future?,"I am not sure about the near future. Longer-term, I suspect it will struggle, even though nobody really knows for sure. The RMB has many depreciation forces, including The Chinese Government is trying to stop the depreciation from becoming too big. Ironically, over a decade ago, people thought China was a currency manipulator. In other words, the Chinese Government was keeping the RMB too weak to help manufacturers, and the RMB would go up a lot against the USD if the government allowed it to. That was true at the time. Now, the opposite is the case. A complete free-for-all in terms of capital movements would result in a depreciation.",https://qph.cf2.quoracdn.net/main-qimg-5d3f3587cef41c9ce1f3acc2dac1c759
Adam Fayed,How can a company own a foreign bank account?,"In most countries, it isn’t illegal to bank in another country, provided you declare everything. So, it is normal to have onshore and offshore banking for diversification of risk. The questions are The how depends on The final question is is it worth it? It depends on what you most want. It isn’t always worth it on a cost basis alone, because it often costs thousands in fees per year and one-off start up costs. Diversification of risk is the key factor for many people. Interested in opening an overseas bank account as a business owner? Contact me today",
Adam Fayed,What are Charlie Munger's best quotes?,The one below is my favorite. He had so many before his untimely recent death.,https://qph.cf2.quoracdn.net/main-qimg-58abd2bca7e02fac63257dcf88da2fc8
Adam Fayed,What does a great business look like?,"One of the biggest things is earning great returns on incremental capital. What I mean by that is, can the business earn great returns if you increase the investment? It is one thing to make 20% on putting in 65k, but could you with 1m or 10m? Most businesses don’t work like that. What tends to happen is that the returns on larger increments gradually go down. That is one of the biggest reasons why even successful business owners invest privately in assets like the stock market. Eventually, their businesses can’t grow as quickly as before. Other things contribute as well, like great marketing, which helps with incremental capital, and excellent products or services.",
Adam Fayed,Do you think Roubini is right about cryptocurrencies being a scam and a bubble?,"There is some chance he will be, yes. As long-time viewers know, I am still not convinced by crypto, even though I understand the initial motivation to weaken governments and central banks. However, I would point out one thing. He is always bearish about every asset. He predicts a thousand of the last ten stock market crashes and corrections and then gives himself credit when he is right! Of course, he will sometimes be right because he always predicts doom and gloom. He can then claim he was a lone voice and was finally proved right, when in fact his prediction record is weak. Look at this hilarious recent episode. On October 27 he gave himself credit for predicting that the stock market would fall 10%. Since then stocks have…..more than recouped that 10% fall! So, his previous prediction was pointless. It wouldn’t have helped you beat the market unless he had predicted the quick rebound. The same in 2008. He gave himself credit for predicting the crash but advised people to stay in cash, even when the stock markets were down. So, Roubini might end up being proved right on Crypto. That doesn’t mean most of his predictions end up being true. The same is true for the likes of Michael Burry and Peter Schiff. They have lived off the “he predicted the financial crisis” mantra for almost two decades. Few seem to see that only about 5% of their subsequent predictions have been proven correct!",https://qph.cf2.quoracdn.net/main-qimg-3ddb359dee700e6e8b7b412fa9c06b0d
Adam Fayed,Do you think Changpeng Zhao's sentencing and presumed jail time will have any impact on Binance or the cryptocurrency market?,"Who knows. When FTX had its issues it affected the prices of cryptocurrencies. This graph from Coindesk shows what happened Right now, the market hasn’t been affected that much. The bottom line is this though. As Roubini and others have stated, these coins can be manipulated by a few big investors (known as whales) and aren’t backed by a yield or a business. So, it isn’t like the valuations are rational. You might say the same thing is true for stocks. The difference is this. In the ultra long-term, stock markets are dictated by two things: So, if in the long-term, S@P500 companies are giving a 2% yield and growing by 5% in terms of earnings, the expected long-term returns will be 7% per year. In the short and even medium-term, the returns will likely be very different. Yet over very long time horizons, they usually follow these two metrix closely. The same thing with private businesses. There are various measures you can use like EBITA and recurrent revenue. They are imperfect but give you something to work with. I don’t know how anybody can value coins accurately.",https://qph.cf2.quoracdn.net/main-qimg-08319bda8604c7227c84db5eab8415a4
Adam Fayed,How is the upcoming 2024 Indian general election impacting your long-term investment decision?,"I am not an investor in India specifically, but I can say this. In 2024, two billion people will vote. Including India and the United States. A record two billion people will vote next year in democracies worldwide. I can’t predict the outcome of the elections or the markets for sure. I can only predict this. We will see the same nonsense as in 2016 and 2020. In 2016, people were worried about Trump getting elected. In 2020, they were concerned about a disputed election. In both cases, the stock markets had a good year in the United States. The S&P500 had its best November ever, even though most people were pessimistic in October 2020. Many people think it is just because of the market surge after the vaccine was announced after the election. Markets rallied even in the crazy days after the election and before a vaccine was announced. Ditto Brexit. In the early days, the UK Stock Markets fell, but they hit record highs within a year or two. The point is, don’t make investment decisions based on US, UK, Indian or any other election. The evidence is that elections don’t affect the markets that much.",https://qph.cf2.quoracdn.net/main-qimg-c12611cc28956ab8222e1b1f0993c120
Adam Fayed,What mistakes do foreigners and expats make when living in another country?,"I saw this article a few weeks ago. It is about the UAE, but the same thing could apply to Singapore, London or many other countries. It says, “UAE employees willing to stay even if they don’t save, but earn enough to maintain lifestyle”. Ironically, most people come to low-tax countries to save and invest more money and have a better lifestyle. Some people, however, get caught up in keeping up with the Jones’ lifestyle. The problem is So, the key is fixing the roof when the sun is shining. That can be done for most people whilst living a half-decent lifestyle. The issue is that many people live like they are on a permanent holiday. Skills will buy you income, but assets buy you financial freedom and a more sustainable future income. Ways to connect and see my content Forbes -Adam Fayed | CEO - adamfayed.com | Forbes Councils Personal website - Personal Investment Services - Adam Fayed Gain two free expat ebooks today! Click here to receive them today!",https://qph.cf2.quoracdn.net/main-qimg-04f6b804b80cb5071dfdbaef0ea7cc6e
Adam Fayed,Is a comfort zone an enemy of success?,"Most successful people don’t want comfort. Now sure, maybe some want material comforts. But few want to be totally comfortable. Most want to challenge themselves and actually go outside their comfort zone. Look at all the top businesspeople and athletes who refuse to retire despite being older than most others. This quote from Pinterest says it all: There is a simple reason why making yourself uncomfortable can be effective. What do most people want? Comfort. That is one reason Amazon and other tech firms are so big. People take the path of least resistance in life. So, they buy products if it is made easy with one click, struggle to say no, don’t want to take risks etc. Therefore, if you can do what others won’t do long-term, you are likely to suceeed. The number of people who are willing to take a lot of risks and make themselves uncomfortbale is even lower than the number of people who are willing to work hard.",https://qph.cf2.quoracdn.net/main-qimg-5de7ed7b4f04c822bc4bb6d0a014b759
Adam Fayed,Why would a person want to set up a trust?,"Imagine you are a wealthy person in Egypt and Tunisia. Things have been working well in your business for decades. Then the Arab Spring happens: One thing leads to another, and you lose your business. I also saw several people lose their businesses due to the indirect effects of the 2014 Thailand coup. A trust can separate you from your assets, like how a limited liability company is a separate legal entity from an individual. That isn’t to mention the potential tax benefits in some countries, and ease of passing on assets.",https://qph.cf2.quoracdn.net/main-qimg-8ba1f028dd3ff66015fe3dacb58899b6
Adam Fayed,Is criticism necessary for success?,"There is something called tall poppy syndrome. As per Wikipedia “This occurs when their peers believe they are too successful, or are bragging about their success. Intense scrutiny and criticism of such a person is termed as ""cutting down the tall poppy"". So, if you become successful, criticism is inevitable. It isn’t so much that you actively need to become controvsual to succeed, even though it can help because there is no such thing as bad publicity. It is merely inevitable that, due to envy, you will attract criticism if you succeed. What is more, the bigger a person or business becomes, the more legitimate complaints there will be. Amazon is known for great customer service, but i am sure they have tens of thousands of angry customers globally, because they probably have a billion total customers!",https://qph.cf2.quoracdn.net/main-qimg-443adf362dd4fb2f659135b29f6c1ecd
Adam Fayed,What are the justifications for the non-domicile tax status in the UK?,"There doesn’t need to be a justification. What matters is if something works or not is not if it is “fair”. Since the UK Government made non-domiciled residency more costly and complex, their numbers have declined (Source, BBC). With a future Labour Government planning to axe the status altogether, more will leave, especially with plans to add VAT to private schools as well. The article below was featured in the FT this week. There is currently an exodus of wealthy people leaving the UK (source Virtual Capitalist). Per capita, the UK’s -3,200 millionaires are more than China and India’s numbers. After all, they can pick another country and become non-domiciled residents there.",https://qph.cf2.quoracdn.net/main-qimg-c8b73320bfb1974855dba7633fc8aada
Adam Fayed,What are the potential consequences of Argentina electing a president who has been compared to Donald Trump?,"In terms of his policies, the comparison with Trump is unfair, as few considered Trump a libertarian. All I will say is this. When you have a country which was once one of the richest countries in the world after World War Two, which now has 140% inflation and so many problems, I doubt the voters are fearful. It is difficult, but not impossible, to imagine things worsening, considering the economic mismanagement in Argentina for a long time. No wonder many people want to get their wealth offshore and get second residencies or passports. It isn’t safe to have all your eggs in one basket.",https://qph.cf2.quoracdn.net/main-qimg-1f63d85180dc924c3f1f4eb77434f6ac
Adam Fayed,How can I invest in American companies from Uganda?,"Investing from Uganda and Kenya is simple. The steps are One thing I would say is that the biggest reason to invest in international stock markets is diversification of risk rather than pure investment returns. Huge currency depreciations and political risks have affected the region for decades. Look at the USD to Ugandan Shilling rate: The Kenyan Shilling has performed even worse in recent times In the US, people expected an 8%-10% per year return from investing in stocks and ETFs. In countries with unstable currencies, that is often 20%-30% a year in local currency and insurance in case things get extreme, like in countries like Venezuela. As per my article below, I am bullish about many African economies, but that doesn’t mean putting all your wealth there makes sense. Pained by financial indecision? Want to start investing? - Reach out for assistance today! Forbes - Adam Fayed | CEO - adamfayed.com | Forbes Councils Gain two free expat ebooks today! Click here to receive them today!",https://qph.cf2.quoracdn.net/main-qimg-672658103d9167870272f2ef45ce9da5
Adam Fayed,Do you think it's better to start a business or have a stable job?,"Consider this. You are the CEO of a big company. You make millions a year like some of these people (Source: CNBC) Yet you can easily become a corporate slave. You need to: In comparison, if you run your own business you have more freedom. The issue is making it work, because most new businesses fail. A middle ground is having a lower paid job, where you ironically might have more freedom than the CEO.",https://qph.cf2.quoracdn.net/main-qimg-b7fd42b1b3872ec69a56362775571342
Adam Fayed,"Why do people want to live in Singapore, but not in Switzerland?","Some high-net-worth individuals and expats still want to live in Switzerland. This is especially the case for French and German-speaking expats. As per the Henley Group’s analysis, many wealthy people are still moving there. Yet, it probably isn’t as sort-after compared to the past. As per the data, Singapore, Australia, and the UAE are getting more wealthy people moving there. That could be because the taxes aren’t as low as people expect, and the costs are even higher than in Singapore and many alternative markets. Expat satisfaction is lower than in some markets, as per this InterNations survey: What probably hasn’t helped is that more European countries have golden visa schemes, which often come with tax benefits. NHR in Portugal is one example, even if it might close soon. Historically, Monaco and Switzerland were two of the only low-tax options in Europe. Now you have even places like Spain and Italy having their own special tax schemes to attract talent.",https://qph.cf2.quoracdn.net/main-qimg-7876a733ad442f2a9ab36628038cdf7f
Adam Fayed,How can you make money from the difference in interest rates in different countries?,"I wouldn’t do this. Did you ever hear about Mrs Watanabe’s? Japanese retail investors took advantage of Japan's 0% interest rates in the 2000s. The US and many other countries had positive real interest rates until the 2008 Financial Crisis. So, many retail investors lent cheaply in Yen and bought dollars. It worked for a while but then didn’t. It wasn’t completely risk-free. All that needed to happen was for the USD to get stronger against the Yen for the whole thing not to work. What is easier to make money on is betting that interest rates will fall. For example, long-term bond ETFs have been hammered in the last two years due to rising interest rates. Take the TLT ETF (Source Market Insiders). If interest rates fall, which they surely will one day again, this ETF will almost certainly do very well. What is more, bonds can form a part of a mixed, diversified, portfolio, and you aren’t taking currency risks, because there are Euro and Pound equivalents as well.",https://qph.cf2.quoracdn.net/main-qimg-62d332dcc127814aa81d9ad5dc7a1cc9
Adam Fayed,Why don’t people just buy existing businesses instead of building them from scratch?,"There are many reasons. Firstly, if you buy businesses from others, you purchase the liabilities and not just the assets. If you, for example, buy a financial firm with a license, you can be fined (in some countries) for things that happened decades ago. Moreover, the biggest gains are seldom from buying existing businesses unless they are struggling badly and you are a “turnaround specialist”. That isn’t to mention that you won’t feel the same degree of satisfaction as starting something from scratch. In addition to that That doesn’t mean buying other people’s businesses doesn’t work in certain circumstances. It just isn’t a free lunch.",https://qph.cf2.quoracdn.net/main-qimg-2ad607ff119ff25c8ebc91a41f342f09
Adam Fayed,"What are the biggest mistakes that people make when they get a huge amount of money, but never had it before?","This only tends to happen due to: One of the biggest mistakes for the later groups is playing defence. These people have made money from taking risks. It makes sense to want low-middle-risk investments, rather than high-risk start-ups, but if you are too defensive it doesn’t make sense. For the second and third groups, overspending relative to income that is due is a huge issue. If you make $ 10 million from the lottery or a new contract, that doesn’t mean you can spend $ 10 million or even $700,000 a year. You can’t unless you generate new cash flow or only have a few years to live. Bud Post made over $ 16 million from the lottery (Picture Source: Medium). He was broke a year later Mind you, he had other issues. Apparently, members of his family tried to sue and even kill him. That leads me to another thing. Be careful who you advertise it to, especially if you come from an unstable family. If he sought advice from former lottery winners and advisors (legal, financial and others ones), I doubt he would have found himself in that situation.",https://qph.cf2.quoracdn.net/main-qimg-63b90f4c4d4b885765a431bb54274a57
Adam Fayed,What made Amazon successful?,"Do you remember the Fire Phone? Neither do I. Yet, at the time, it got a lot of fanfare. It flopped badly. Most of Amazon’s projects have failed. Yet a tiny percentage of their projects have been incredible successes. Look at AWS: Even many of the most successful small and medium-sized firms fail more often than their competitors, limit their downside, get one or two huge successes every few years and keep adapting. Too many firms of all sizes become conservative and lazy after the initial success. Often, once a company becomes too big, compliance and other “business prevention” business units becomes more important than those departments focusing on taking risks and innovation.",https://qph.cf2.quoracdn.net/main-qimg-cda260fbc1062516ec8a947aa6e2a533
Adam Fayed,What are the benefits and risks of investing in stocks of companies that mine for precious metals like gold and silver?,"Gold and silver mining companies aren’t always linked to the metal's price, even if there can be a correlation. Some private companies, say private equity, raise money to extract gold and silver. Those projects are high-risk and high-return. You could easily lose your capital or make 10x because the result depends on finding the gold. In terms of mining stocks listed on the global stock markets, the main risks are: -Revolutions -More taxes on mining companies -Renationalisations. Look at what has happened in Niger recently. It isn’t about gold and silver but shows the risks in the commodities business (Uranium in this case). And let’s not forget, like any individual stocks, you also face individual company risks. The CEO might make the wrong decisions, or the company might not innovate. That is a risk for all individual stocks in every industry versus buying a fund or ETF. Some investors buy mining stocks because they are uncorrelated with much of the general market. Mining and energy did well last year when the general stock markets fell. At other times, they significantly underperform.",https://qph.cf2.quoracdn.net/main-qimg-fb2062214846985428244a517375fcad
Adam Fayed,What are the benefits of investing in an ETF?,"The main benefits are: Here is the primary downside. ETFs can be sold instantly. You would think this is only a positive. Traditional index funds take a few days to sell. Therefore, if you have an emergency, ETFs can be sold more quickly. Yet the evidence shows that this ability means more people actively trade. Here is the founder of Vanguard, Jack Bogle, explaining why he doesn’t like ETFs. It isn’t that he was against them because he thinks the performance will be worse than traditional index funds. Merely, he thinks the ability to sell so quickly encourages bad investor behaviour. The data supports this view. Since the massive increase in do-it-yourself (DIY) and ETF investing, more people are panic selling during stock market crashes. In comparison, if people are locked into solutions, like index funds through retirement accounts, they are less likely to sell out and make active changes. That isn’t to mention that more ETFs have become narrow rather than broad-based ones, as he mentions in the video.",
Adam Fayed,Who has to pay U.S. taxes as an expat?,"If you live in the US, you have to pay taxes, as you are a resident. If you are living outside the US, you also need to declare taxes (meaning you have to put in a tax return even if no taxes are due) as a US-specified person. US-specified persons include non-citizens, such as green card holders. I would always get proper tax and legal advice, which this answer isn’t, and consider renouncing citizenship, which an increasing number of Americans living overseas are doing. Every year, a new record is broken due to this issue.",
Adam Fayed,What will people do when artificial intelligence machines can do everything better than us?,"When was the last time you watched a robotics race? Or, for that matter, a greyhound race? For most people, the answer is never, yet almost all of us have watched humans racing. But machines and some animals are: The fact is, watching humans is more interesting for most people. The same is true for other things in society. Self-service has been around for ages and is quicker, but human service still exists, as some of us enjoy it, whilst others prefer automated service. When I go to airports, I am always amazed at how many people prefer the manned gates to the e-gates, even though more and more people prefer using the machines and dealing with people in that situation is much more stressful than at a restaurant. So, it isn’t so simple as to say that machines are better than people, so we will all be out of a job or a business. There will always be areas where people want to deal with people. The people most at risk don’t currently focus on the human side. For example, those who are just focused on being excellent at maths or a hard skill, and aren’t in the human or trust business. Let’s put this another way. Would you automate many legal tasks as a business owner? Probably the lower tasks. But now, imagine you were facing a trail that could lead you to going to prison or losing assets in a divorce case. You would probably prefer a human to work in tandem with AI, because there is a lot of emotional stress as well. That isn’t to mention that I have heard these predictions in the past. Henry Ford once threatened unions for automation over a hundred years ago. So, I wouldn’t read too much into this yet. AI is indeed something different to what we have seen before. It could be a fourth industrial revolution, but it will also create new jobs and might actually make more people focus on what is human and can’t easily be replaced. I suspect you might need to worry more about humans using AI in ten years than AI itself. Imagine how much more efficient others will be with this tool. It is already changing investing, business and many other domains.",https://qph.cf2.quoracdn.net/main-qimg-b581d2932174e8de0f58102f7a1155f7
Adam Fayed,Which industry should a person join if he is in it purely for the money?,"In the 1980s in LA, there was a huge boom in the plastic surgery industry. There was an imbalance between supply and demand. That was probably because plastic surgery wasn’t traditionally seen as a high-status career for doctors. Doctors' pay in this area was much higher than in other specialisms. What happened next? Many people trained to be plastic surgeons, and the average wages plummeted. More recently, in the UK, there was a shortage of drivers. Truck drivers were making 70,000 Sterling a year, which is about $90,000, which is about double what the average wage is, and much more than double in many areas of the country. Media outlets said, “don’t bother to go to university”. Then, many people trained to be drivers, and wages returned to where they were before. The point is, unless a job is truly dangerous or terrible, these things are temporary. So, the only sustainable way to earn a lot is one of the following ways",https://qph.cf2.quoracdn.net/main-qimg-26c3871c5fc5af5d68a0b3c6570ea645
Adam Fayed,How long will the US Dollar be the world’s reserve currency?,"Many people here are probably old enough to remember the Iraq War. Yet memories are short. So few people can probably remember one of the most widely believed conspiracy theories at the time. Many people believed that Iraq wasn’t just invaded for oil, but because Saddam Hussain “dared” to sell oil in Euros, and not USD. As the Euro gained market share on the USD, this would threaten the USD and its reserve currency status. Regardless of Iraq, in the 2000s, many people believed that the Euro could overtake the USD. After the Eurozone crisis, the US Dollar has strengthened its lead as the number one reserve currency. The point is: The last point does mean that you shouldn't discount the chances of the USD losing its status more quickly than expected. Currencies are also not investments and get eroded by inflation. So, having loads of money in the bank in USD (or any currency) carries more risk than people think. The British Pound lost a lot, quickly, when it lost its reserve currency status.",https://qph.cf2.quoracdn.net/main-qimg-f30345a6c46f17f37f20959a300da96a
Adam Fayed,Are billionaires lucky?,"Sure. Here is Mark Cuban admitting as much. Yet, randomness/chance is a better way of looking at it than luck. Luck is winning the lottery. It is 100% luck. It is almost impossible for them to replicate it a second time. Most billionaires have combined many positive skills, attributes and personality traits with vast amounts of luck. So, if Bill Gates were born today, he would probably become be a multi-millionaire, even if not a billionaire. The same is true for most self-made billionaires. So, it isn’t like it is complete luck. For one thing, if they didn’t take huge chances to start their own business, they could have never had the chance to get lucky in the first place. Then, unlike buying a lottery ticket, it isn’t enough to sit back, be lazy, and hope for luck to turn you into a billionaire or even a multi-millionaire. So, it is usually a combination of: So, it isn’t correct to be envious and think billionaires should pay 95% taxes just because luck played a role in their success. If it were that easy, everybody would take enormous risks and work incredibly hard. Few people, in reality, are willing to take the kinds of risks that many of these guys took when they were very young. Most people are cautious in that regard.",
Adam Fayed,"What are the pros and cons of having rules, regulations, and laws?","I read an incredible statistic a few months ago. It was about the New York Railway: Apparantly, the cost of adding 1 meter of Railtrack has increased by 50x in the last hundred years. You read that right. Not 5%. Or 50%. Or even 500%. But 5000% (50x) even adjusted for inflation. This is despite modern technology, which means that fewer workers are needed. Now, sure, the railway is probably safer than before. Who knows, it might even look prettier, but I am no expert. But I am sure that nobody can say it has become 50x better. The issue is the compounding effects of rules and regulations. If rules and regulations increase by a small amount over a year, nobody notices. But a 1%-2% increase in extra regulations a year over a hundred years adds up, especially if there are some years (say in the years where there is a scandal or deaths on the railway) with many new regulations. The UK tax code is another example. It is The UK tax code is 10 million words and 21,000 pages. long, and always getting bigger. It was 17,000 eight years ago. I see it in the financial industry all the time. The ordinary consumer and smaller companies pay for regulations. Larger firms get away with it not being a big burden. That isn’t to mention something else. Answer this question. Do you know anybody who has been protected by financial regulations? Do you even know anybody who knows anybody who has? 99% of people say no, yet some naive people think regulations are there to protect the small guy. Basic regulations are needed to prevent the worst actor, which is the only positive. If regulators only focused on those cases, they could also focus more, as they would go narrow and deep, and could focus on preventing Ponzi schemes and the worst cases. Instead, they have regulated so much that they often don’t know:",https://qph.cf2.quoracdn.net/main-qimg-42f6b26b0ab6075864673c6c3d3123c5
Adam Fayed,To what extent will technological stocks outperform the S&P 500?,"Long-term, the Nasdaq has outperformed the S&P 500 and Dow Jones. (Source Four Pillar Freedom) With that being said, remember: I think technology as a group will outperform in the ultra long-term, as new technology has enormous growth potential. I explained more in the video below during a chat with CNBC.",https://qph.cf2.quoracdn.net/main-qimg-da4a79de48ee46222cf3a3f245a148f0
Adam Fayed,Is it worth buying a foreclosed home?,"It can be. Remember, with real estate, you can only beat stock markets long-term by focusing on: So, not capital appreciation. Sure, some markets can give you capital appreciation, but that is more speculation and can’t be relied upon. With foreclosed properties, you are more likely to get capital appreciation because you bought it at a discount. However, a 10%-20% discount isn’t enough to make a massive difference if the rental yield is still relatively low, or you can’t leverage the gains. Another issue with foreclosed properties is that they either get snapped up very quickly, or you need to know the person in trouble or have a relationship with the bank/a banker. I have seen some people in specific overseas markets who have bought absolute bargains with foreclosed properties. But they have known individual bankers who have given them deals that aren’t available in the market. That isn’t available to most people. Like all properties deals, you also need to factor in:",https://qph.cf2.quoracdn.net/main-qimg-f117120a811f0efd05937cbdca1d86e2
Adam Fayed,What are some of the highest paying human skills?,"Consider recent US Presidents. Many more conventional ones, such as Obama and Clinton, came from a legal background. Reagan came from acting. Trump business and show business. What do all of these professions have in common? The need to communicate. Lawyers are trained to make rational arguments to persuade, and to poke holes in the arguments of others. Trump and Reagan’s target audience might have been entirely different from Obama’s and Clinton’s, and they weren’t career politicians. Still, they knew how to communicate with their target audience, even if many hated them outside of that audience. The same is true in business. Politics and business aren’t so much a pure popularity contest, as needing to persuade the right people, at the right time. The ability to communicate can: The market rewards those who can both communicate and deliver. The market doesn’t reward those who can hyper-deliver but don’t know how to communicate well.",https://qph.cf2.quoracdn.net/main-qimg-946051f38efc2b0542e2d9fc5a4e8f1a
Adam Fayed,When do you think this recession in 2023 will end?,"I saw this on my phone today: So, there hasn’t been a recession in 2023 in the US and most other major economies. Germany is in recession. The UK has struggled, but many economists were predicting a two-year recession. Instead, there is small growth and no recession. That doesn’t mean there might not be a recession in 2024 or 2025. Good and bad economic times come and go. But it shows that nobody can predict these things, and people shouldn’t plan their financial lives around such projections. Most of the most successful people either ignore entirely fear-mongering from the media or take it with a pinch of salt. If you don’t, you delay investments and ‘wait and see’. Moreover, there will always be numerous recessions in our lifetime anyway, most of which aren’t predictable.",https://qph.cf2.quoracdn.net/main-qimg-25affd6ea6717e0cc59e3d6fd0421323
Adam Fayed,"There's no such thing as bad publicity, true or false? Why?","In general, it is true. Think about this. Imagine you were looking for online products. You see zero negative reviews. There are either no reviews at all or all are positive. Would you be sceptical? I would be. If I saw some negative reviews surrounded by positive ones, I would be much more reassured. Unfavourable reviews show that the company is big enough and/or competitors are threatened enough to write nasty things online. That isn’t to mention that most business problems are due to being unknown. Most businesses are neither famous nor infamous. That is the biggest problem. Not negative press. For a small minority of businesses and individuals, however, negative press can be detrimental. If somebody is already famous for being whiter than white, a ‘scandal’ can affect them. In general, though, today’s scandal is tomorrow’s fish and chip paper.",https://qph.cf2.quoracdn.net/main-qimg-9f37d6a084db40338aae6afb3fc2af8e
Adam Fayed,Is China's economic growth sustainable?,"This question was asked ten years ago. We now understand the answer to this question. China is now only growing at a maximum of 4%-5% per year, with many economists daunting those figures. The question is what will happen in the future. Many are pessimistic. Patrick Boyle says it best here: When China opened up, it was poor. So, every dollar spent on infrastructure was needed. Even when I first went in 2007, there was still a lot of room for improvement. However, there has been an increase in over-investment since the 2008 global financial crisis. If the central government tells the local government to meet a 5% growth target, they can build ghost cities, dig a hole that doesn’t need to be dug and then fill it in again and other things which don’t produce cashflow. So, people go to big cities in China and think, “wow look at this technology or infrastructure that the West doesn’t have!”. They forget that: They don’t need loads of futuristic things that cost a lot in terms of upkeep and of which there is little need! This is miles away from the growth in the 1990s and 2000s, which was based on intrinsic value. When China became a manufacturing powerhouse, it produced something that generated massive cash flow, and much of that activity came from the private sector. Even the Chinese Government admit that more “high-quality growth” is needed. Some investments are being made into high new hi-tech areas, but a lot of the growth since 2008 has been phoney and based on untrustworthy numbers: Even former Premier Li admitted that GDP numbers were unreliable: Mind you, most countries fall into the mip-income trap eventually and even it they grow 1%-3% long-term, they will still have a huge economy. Just not as big as most people expected",
Adam Fayed,How do you transfer stocks and shares internationally as an expat after you leave your home country?,"Before tackling the how, let’s look at the why. Why should you transfer shares internationally as an expat? The main reasons are 1. Tax-efficient investing. Onshore tax benefits are usually no longer available to expats. ISAs in the UK are a great example. You can’t legally invest in them after you become an expat. Investing outside your home country brings about potential tax benefits. 2. Risk. Many countries, such as Canada and Australia, are making the rules stricter for expats. Increasingly, expats should show that they plan to leave for a reasonable time. If you leave your gym membership and brokerage accounts open, they could claim that you were only planning on being away for a while, so you are still a local tax resident. This factor could only worsen with ageing populations and high government debts, resulting in governments needing more revenue. 3. Investment choice. When you are overseas, you often have more diverse investments you can get into. There are exceptions to this rule. Plenty of American expats are better off, from a tax point of view, doing things in the US if any brokerage will accept non-residents, but that is an exception to the rule. In terms of the steps to transfer stocks overseas: I have helped countless people with this. It is usually straightforward and painless, except if the shares and ETFs are in pensions. I explain more in the video below: Pained by financial indecision? Want to start investing? -Reach out today! Ways to connect and see my content Forbes - Adam Fayed | CEO - adamfayed.com | Forbes Councils Gain two free expat ebooks today! Click here to receive them today!",https://qph.cf2.quoracdn.net/main-qimg-bdbb35c898c3a494acedc62bfb194e29-lq
Adam Fayed,Should I invest in International or U.S. stocks?,"The billionaire investor Ray Dalio recently made a great point recently. He mentioned that one of investors' biggest mistakes is assuming that sectors and countries that have recently outperformed always will. So, people have become used to the US stock market outperforming. That hasn’t always been the case, though. It wasn’t the case even relatively recently, from 2000 until 2010. The graph below from Hartford Funds shows these things move in cycles: Sometimes, the US market outperforms, and sometimes it underperforms. The recent outperformance has partly been due to a strong USD. Once that changes, the investment landscape will look different. So, it is best to be globally diversified. You could argue that for people living in the US, the global nature of the companies on the S@P500 means that you don’t need many international investments. After all, many large US firms sell more globally than locally. For non-US investors, global diversification makes complete sense.",https://qph.cf2.quoracdn.net/main-qimg-c082293b72eefd192db4ac546b0d7b2e
Adam Fayed,How does Adam Fayed review a financial opportunity?,"For me, the main things are: What is the upside? Risk includes: Investing money for one year isn’t the same as investing it for decades. This graph, taken from X, shows that perfectly. If we extend the graph further, we can see that even fewer people have lost money. Investments that are risky in the short term aren’t always risky in the long term and vice versa. Some Reading",https://qph.cf2.quoracdn.net/main-qimg-ecb2529eff99475f49c0d8df7894b256
Adam Fayed,How do you know to spend money on the right thing?,"Here is a good rule of thumb. Imagine nobody else was watching. So: In that case, what would you spend money on? You likely might buy business class rather than economy if you have already made it. You might buy a nice home or car if driving is your hobby, which only applies to a minority. But would you buy a gold-covered steak in a restaurant which costs hundreds of dollars more than the same steak without it? (image from GQ) I doubt it. It would only cost a few dollars to add that yourself at home.",https://qph.cf2.quoracdn.net/main-qimg-3e062f27aa41c587aa6798570788e942
Adam Fayed,What are the benefits of investing in gold and silver? Are there any risks associated with this type of investment?,"The benefits are: The negatives are If you really want to buy metals, investing in something that pays cashflow is better. Investing in a cash-flow-generating project linked to metals or a fund that reduces tail risks makes more sense. It is still uncorrelated but at least produces cash flow and has better potential on the upside.",
Adam Fayed,"Do hedge funds outperform the market? Basically, of all the hedge funds that existed at time now - T, what is their overall return relative to the S&P 500, taking the failed funds as a complete loss?","The vast majority of hedge funds don’t outperform the market. They usually aren't trying to. In many cases, they try to give uncorrelated returns - meaning returns that aren’t linked to the stock markets. In other words, some hedge funds can go up when the markets are down and vice versa. The problem is that most of the best-performing hedge funds become too big. Take the Bridgewater Funds. In the early years, they outperformed. Recently, they haven't, as per the graph above. So, if you want access to hedge funds, you need to gain access to those few that offer value-added and haven’t got so big to become less agile. Ultimately, making more significant returns with smaller amounts of capital is easier, compared to needing to deploy countless billions.",https://qph.cf2.quoracdn.net/main-qimg-fa5fc36efffa89717fc85bdf70e123dd
Adam Fayed,How can I invest in Africa?,"It depends on whether you want to invest in the stock market or unlisted businesses (including your own). You can either: There are many options for this with online brokerages. However, higher GDP growth doesn’t always yield superior stock market returns. Look at the Shanghai Composite. It hit nearly 6,000 in 2006 and is now just over half of that value. During the same time many US stock markets have skyrocketed. 2. Target the region remotely If you work in many fields, you can target the region remotely. Most services can be done cross-border. Africa was our second biggest region in 2021, and I never spent even one second in the continent in that year. We subsequently have many local partners, but that is beyond the point. In 2023, you don’t need to be on the ground. 3. Invest in a local business on the ground If you are in manufacturing or several other industries, you need a formal local presence. That often means:",https://qph.cf2.quoracdn.net/main-qimg-418e29494c9359a31a202e3c05b35c47-lq
Adam Fayed,Do you trust corporations?,"It depends on which corporation. In general, though, big businesses and corporations aren’t that trustworthy. Look at the financial services industry. The big banks are involved in the most money laundering scandals. HSBC is involved in numerous every year in some parts of the world! For most bigger companies, you are: The best service is usually found with small or medium-sized firms. They need you more and offer more personalized service, rather than an outsourced call centre or somebody who just leaves after a few years. You might even deal directly with the owner, which means you can have a long-term relationship. What is true, however, is that the biggest companies are too big to fail, and working for them can sometimes help your CV if you are early into your career. It is also true that in some industries, say the airport or hotel industry, there are some bigger benefits associated with larger firms than the financial sector.",https://qph.cf2.quoracdn.net/main-qimg-6d36685eab34a0f4803d56c8ef2d05cb
Adam Fayed,Can you live a rich lifestyle your whole life?,"Your relationship between production and consumption is key. If you are a farmer, you are producing food so you will never go hungry: Most people are consumers of food only. This is fine, but the cashflow for most people is: You can only change this dynamic by changing the variables - consuming less or producing more. You have changed the dynamics if you produce more value for the market (it doesn’t care about how hard you work - only what you can create that it wants). However, you are back to square one if you produce more and consume just as much. Many people are broke as students and are still broke in their 30s, even if they are earning 20x more. So, to answer your question, it is possible to live a “rich” life forever after you have made it, but only if you control your relationship between consumption and production.",https://qph.cf2.quoracdn.net/main-qimg-d1638808f3f30f4c00d6697f3d4d569b
Adam Fayed,How do I get out of corporate?,"It depends on where you are now. If you are very young, you can usually just quit. People over-estimate risks and are too risk-averse when often they have nothing to lose. If you are 23, 24 or 25 you have a decade to establish yourself and still be relatively young. This isn’t the case for everybody, but it is the case if somebody is starting or you are much older and have already established yourself. Other than that, start small. For most people, this means a side hustle. Get good at it, increase your prices, and start your own business.",
Adam Fayed,Why do top level athletes go broke after their career?,"Many people watched the David Beckham documentary on Netflix. One thing that I find interesting is how he reacted to earning his first 50,000 Pounds. He said he spent that 50,000 Pounds straight away on flash cars. Many of his teammates said he was regularly broke by the weekend! Now clearly, things worked out for Beckham in the end, unlike Mike Tyson, who went broke after earning 500million+. Probably, he eventually got more serious about managing money, earned much more than he expected, and had good advisors. For others,they become broke because they: The last point is often crucial and doesn’t just apply to sports stars. Studies in the US show that over 90% of those earning over six figures are broke. Most of those people used to live on a fraction of that amount as students and even young professionals. Many people have gotten into the habit of spending everything that comes in, and that habit is difficult to break even if you start earning big bucks.",https://qph.cf2.quoracdn.net/main-qimg-52fb7778bd7cb817812ab1e1e6c6129e
Adam Fayed,What are the benefits of family wealth management for wealthy families?,"You might have heard about this man. Former UK Prime Minister Boris Johnson. He was born in the United States. He paid a considerable tax to the US government after he sold his house. After that happened, he renounced his US citizenship. If he would have adequately planned, he could have avoided it. So, apart from the obvious things that wealth management firms can do, we must remember that many wealthy families must deal with multi-jurisdictional issues. By that, I mean having assets and businesses in multiple countries. Plenty of wealthy people also have second or third passports and residencies or live outside their home country as an expat. Just as is the case with lawyers and accountants, the vast majority of wealth management solutions are focused on just one country. Sorting out problems caused by multi-jurisdiction is one of the issues that specialized wealth management firms can help with. For example, if you live overseas as a British expat, you face complicated inheritance tax issues and often can’t gain access to ISAs and other local financial solutions. Beyond that, wealth management can also: So, often, it isn’t about beating the market but solving various problems.",https://qph.cf2.quoracdn.net/main-qimg-d5e48f12490620f39e3d509534f4f614
Adam Fayed,What's a good investment for 2023?,"A good investment depends on: Something has changed in 2023. That change is that interest rates are now higher. (Source: World Economic Forum) The above means many more relatively safer investments are paying 6%-9% per year than in previous years. This includes household names offering A-rated bonds. Even companies like Coca-Cola and Halliburton are offering relatively high-interest rates. What has never changed, however, is that the stock markets are likely a better long-term bet. Therefore, long-term investors shouldn't neglect the returns. That is especially the case because rates will decrease one day on A-rated instruments. It could happen as soon as next year, especially if there is a recession or lower growth in 2024. So, income-hungry investors should either lock-in rates now or seek alternatives. Some Reading",https://qph.cf2.quoracdn.net/main-qimg-4ce2870cbebc4116f96fe1f03f1c2052
Adam Fayed,Is being RICH overrated?,"It depends on what you mean by rich. This is over-rated: Impressing people, you don’t even like shallow things on social media. Being rich in income but having low wealth is also overrated because being wealthy is about what you don’t need to do in the morning - not what you have to do. What is never over-rated is: Next time you go to the airport, observe the kinds of people who go into the first-class lounge. Half look scruffy, at least in certain countries. There is a reason for that.",https://qph.cf2.quoracdn.net/main-qimg-2bbfac3bd0730f2659b6561e29251557
Adam Fayed,"How should one go about investing in their early 30s, just starting out?","Somebody in their 20s and 30s has a long time to invest. That means that it makes sense to: Stocks typically beat bonds over the long term but are more volatile. This graph from the mustachian post shows a very long-term trend. You can barely see the stock declines on this long-term graph. The same is true with some private assets, such as private equity and your own business, even though the risks are much higher, so you must know what you are doing. If you can stomach the volatility, you can gain by investing more in these assets in your 30s. The key things are: 2. Investing more If you invest more in your 20s and 30s, you will likely be able to stop investing fresh money in your 40s or 50s. Due to compounded returns, every Dollar or Pound you put in earlier is worth more. Einstein says it best (Source: India Times) Keeping things simple and just starting will beat coming up with the perfect plan and time to invest. If you wait for the perfect plan and time, you will always be waiting!",https://qph.cf2.quoracdn.net/main-qimg-8b81b2a0fd8900025d7c2e4f90833284
Adam Fayed,What city will be the next Dubai?,"Almost everybody I have met has spoken very highly of Rwanda. This picture from the Rwanda Inspire and X says it all: Be careful about calling places the next Dubai or the next Singapore, though. Nobody knows in advance which places will become success stories. People spoke about Russia, Brazil, South Africa and Turkey until recently.",https://qph.cf2.quoracdn.net/main-qimg-fc3532a2d25494cee80db5555e4308f6
Adam Fayed,Would you invest in Africa?,"Yes and no. If you are a business, investing in Africa can make a lot of sense, depending on your industry. Africa was our second biggest market in 2021. I wouldn't jump to rush into African stocks, though. That is because there isn’t a strong correlation between economic growth and stock market performance. Look at the MSCI Emerging Markets index vs the US S&P500. Many of the emerging markets outperformed in the 1990s and 2000s. Subsequently, they have underperformed. Even ultra long-term, they have underperformed. That is partly because many emerging market players have listed on the New York Stock Exchange, and big US corporations like Apple have benefitted dramatically from that GDP Growth. The same thing could happen with Africa. There is a chance that global corporations will benefit the most from the growth.",https://qph.cf2.quoracdn.net/main-qimg-559a7320f22812662788ad97f41e89ca
Adam Fayed,Is this the beginning of the end of China's economic dominance?,"China has never been economically dominant in our lifetime. Some facts about China: “A report published by the Brookings Institution in 2019 suggested that China had been overstating its economic growth by about 2% every year, making its economy 12% smaller than official figures then claimed.” So, even before the recent troubles, they weren’t flying, unlike the 1990s and 2000s. The issue now is multi-fold: So, it seems inevitable that average Chinese GDP growth will drop in the decades ahead. Mind you, because Chinese GDP is already bigger than before, even 1%-3% average growth will compound. Look at the US. In 2000, the US had a GDP of 10 trillion. It is now about 26 trillion, despite lower average growth than before. So, more GDP has been added since 2000 than in the previous years because relatively small growth on a huge pot is a lot of money. The big question with China is if they maintain some growth indefinitely during our lifetime, and therefore they see the ie growing, or things get terrible. Only time will tell, and nobody can predict the future with certainty. After all, in 1960, people thought the USSR was the future. In the 1980s, it was Japan’s turn. More recently, “everybody” thought China was the future. In 2008, people seemed to think wealth was traveling to the east and south, and since then, Latin America and many parts of the emerging Middle East have struggled. Few people thought any European country would do well, and in the meantime, the Republic of Ireland, which was written off, has outgrown almost every country on earth! It should teach people not to listen to every grand economic narrative of the time.",https://qph.cf2.quoracdn.net/main-qimg-90bfb51907a3e066746b0bd7cbac5e1b
Adam Fayed,Why do rich countries invest in poor countries?,"Jim Rogers was George Soros’ former business partner. He made a fascinating comment recently. He said countries that have just gone through a civil war or other issues often offer excellent investment opportunities. Recent examples include Cambodia, China and Colombia, all of which relatively recently (meaning in the last fifty years) had wars, famines, cultural revolutions and other serious issues. The time to invest in China was probably the 1980s and 1990s when very few people thought China would “take over the world”. The time not to invest in China was when she was already a middle-income country and more people were bullish. It is a different variant of Buffett’s famous quote about being greedy when others are fearful and fearful when others are greedy. Moreover, this is often something individuals can take advantage of, not just companies and countries. Therefore, we shouldn't be surprised that many want to invest in Africa.",https://qph.cf2.quoracdn.net/main-qimg-69037173fd61e43be5b7994041be5013
Adam Fayed,Is the UK a tax haven for very rich people?,"No. Those who claim it will reference the non-domiciled rules. They forget that: We also must remember that the UK has the highest tax burden since World War Two, and some taxes are even higher than in places like Sweden! Like many other Nordic countries, Sweden has a corporation tax, which is about 20% lower than the UK. There is no inheritance or wealth tax, and dividends are taxed at a flat 30% rate. UK dividend tax goes up to 39%! So, if you are living off capital and can avoid the higher income tax, the UK can be more tax-efficient. Look at the recent millionaire migration from Virtual Capitalist - the UK has a net outflow of wealthy people.",https://qph.cf2.quoracdn.net/main-qimg-103b69c912259d75d183de4b91c01102-lq
Adam Fayed,Will interest rates go down in 2023?,"Not in 2023. For 2024, Nobody knows for sure. I don’t know anybody who expected interest rates to fall to zero in 2008, and stay there (in many countries) for well over a decade. What we do know is: More specifically: Long-term, it seems more likely that long-term interest rates will be lower than they are today.",
Adam Fayed,How did Sir Richard Branson become so successful?,"Huge success is often a combination of numerous factors, including: Saying that, two things did contribute to his success that some people don’t focus on. Firstly, he wasn’t academically gifted. He has dyslexia like an estimated 30% of successful entrepreneurs. Not only does this make him creative, but it allowed him to take more risks early on as the academic route wasn’t available and also forced him to delegate. He wasn’t deluded that he was especially talented at most things, unlike some others. As he said in this quote from Brainyquote, good delegation was one of his keys to success: He asks “who not how”. So, who can solve this problem for me. Not, how can I solve this problem. In the early stages of a business it can be necessary to do everything yourself. Once you are established, it makes sense to pay to free up time, as that is an investment. Some founders are control freaks who can’t let go of control.",https://qph.cf2.quoracdn.net/main-qimg-ef3ff6e4c5c608425b5859e360539685
Adam Fayed,How do you keep yourself motivated after you've succeeded financially?,"You are going to die. So said Steve Jobs in this message to undergraduate students. As he said, “Remembering that you are going to die is the best way I know to avoid the trap of thinking you have something to lose.” Many people behave like they are going to live forever, so: So, I don’t think what you alluded to only applies to people who have already made it. It also applies to many people in the middle as well. As all the chips we acquire either get taken away or transferred to our children or other beneficiaries, we might as well take chances. That doesn’t mean being caviar with risk. Merely for people who have already made it financially, it makes sense to take significant risks with a certain percentage of the capital. For those that haven’t made it financially, it also makes sense to take big risks with at least a small percentage of the capital, provided taking that risk doesn’t mean you will be on the street if it fails. And for those who are young and/or have no dependents, taking risks with a more significant percentage of capital makes sense. What is the worst that can happen in that case? Often, taking no risk indirectly leads to more significant risks anyway.",
Adam Fayed,"If I’m a British citizen and I get work in Dubai for two years, will I need to pay tax on my earnings when I return to the UK?","I would get formal tax advice. I would mention a few things, though: I explained more in this video below: It seems you plan only to leave temporarily, which is one thing. If you ever want to leave permanently, it is wrong to assume that just because you don’t need to pay income tax, you also automatically don’t need to pay inheritance or taxes on UK-sourced wealth.",
Adam Fayed,Should I buy an iPhone or Apple share thinking about future market of Apple?,"As per the image below from Personal Finance Club, historically, you would have earned a lot buying Apple’s stock rather than its products : That doesn’t mean that you shouldn't buy Apple’s products. It merely means that if you purchase certain products, that is a sign that others are, too, which is a good sign. Another way of looking at it is every time you buy a product you like, you are paying the shareholders of that company “interest”, at least indirectly. Therefore, you should naturally want to be on the other side of the fence.",https://qph.cf2.quoracdn.net/main-qimg-f189f389c0bd61398ab6293437c1501f
Adam Fayed,Is there any chance that traditional business can succeed nowadays?,"Yes, of course. Everybody needs: Most people will also sometimes use hotels, restaurants and other conventional businesses. What is true is that using conventional tactics in a traditional business/industry seldom works well if you aim to get abnormally good results and not just do OK. The big money is in betting against conventional wisdom. As per this Jeff Bezos quote from his letter to shareholders years ago (taken from Twitter/X), there is a lot of money in betting against conventional wisdom: You don't even need to bet against conventional wisdom per se, but conventional wisdom in your industry. When I started my own business in 2018, after being in the finance industry for years already, I bet that more business would go online and remote. That was conventional wisdom in many industries, but not in my industry niche, where people still thought that in-person communication was best. My idea in 2018 became conventional wisdom in 2020 after Covid, but at that point, there was less money in the idea to begin with. It is a bit like buying Apple or Amazon in 2010 or 2018 vs in 2000 or 1990. It might have been safer to buy the stock in 2018, but it was never going to be as profitable as in 1990 or 2000 after the crash when conventional wisdom held that the tech bubble bursting showed that the internet wasn’t such a big idea. More recently, companies like Wise have shown that the previous conventional wisdom that people won’t trust electronic money institutes compared to traditional banks was utterly wrong. So, you don’t need to start a huge business, or an unconventional one, to make a lot of money. You can start a business with a conventional idea and try unconventional ideas. The problem is that conventional wisdom is often correct in business. There are only certain areas where groupthink and confirmation bias mean it isn’t correct. To find those areas often requires experimentation because if it was so easy to just do the opposite of conventional tactics at every turn, everybody could profit from this tactic. Some Reading",https://qph.cf2.quoracdn.net/main-qimg-7e1088d86cfefa35aa462dc651996e4c
Adam Fayed,Does the UK tax British Citizens who live abroad?,"I will debunk a major misconception below, which can cost you hundreds of thousands or more….especially in places like the UAE, Qatar and Saudi…..and it can also affect other nationalities as well. Before saying that, it is essential to note that this is a complicated area and isn't formal tax advice. All I can say is that this issue causes a lot of people to lose money through taxes, or they take unnecessary risks. Not paying income tax and national insurance is easy. There is a ties test in the UK. Anybody can see that online. So, in that regard, it is easier for British expats than Americans. What people don’t think about is: The above point is critical if expats live in places like the Middle East because you can’t demonstrate an intention to remain permanently (even if you have a golden/long-term visa and have lived there for 20 years +) in that country, unlike places that give permanent residency and citizenship. In a recent video about leaving the UK for good, I explained some of these issues. That isn’t to mention that additional risks are associated with not cutting your ties to the UK. Even this morning, I read that Barclays Bank is giving customers living overseas six months to close their accounts. Some Reading",
Adam Fayed,Why do China's newly rich have increased overall confidence in their financial well-being?,I am not sure if this question was asked years ago. Consumer confidence was high but has fallen dramatically: It isn’t just statistics either. Anybody who has gone to China recently knows people are feeling more pessimistic than before.,
Adam Fayed,Which developed country would you not want to live in?,"Most developed countries. The majority of developed and high-income countries are good for salaried workers, except small nation-states that are good for entrepreneurs, such as Singapore and the UAE. In most developed countries, taxes are higher, which pays for some social services, even though the benefits relative to the cost are high for most people. This reminds me of a conversation with somebody I met from Sweden who has lived overseas for a while now. He mentioned that Sweden (and the Nordic countries more generally) are great for families and salaried workers but isn’t so good if you are: Metaphorically speaking, “everybody” drives a Volvo, even if not literally, as the focus is on equality and a somewhat monolithic culture. I don’t know if his statement is completely true, as I have never lived in any Nordic country. However, I have noticed that entrepreneurial-minded people from developed countries often like to live in low-tax locations globally or want to challenge themselves and move to a developing country for some time. When I lived in China, for instance, I saw how the average income of Nordic businesspeople was far higher than the stated GDP per capita back home in Europe. Some of the developed countries I would consider are:",https://qph.cf2.quoracdn.net/main-qimg-744d708a56536e00741113c343fd7ff5
Adam Fayed,How much do US expats pay in tax to the USA government?,"You need formal tax advice, which this isn’t. How much you pay to the US government depends on several complicated factors such as double taxation treaties. It also depends what kinds of assets you own. Owning non-US assets can be a PFIC? PFIC stands for Passive Foreign Investment Company. It is best to Remember, tax and investments are separate things. We are focusing on guiding people on investing, but aren’t tax advisors, so we co-operate with tax firms. Likewise, most accountants aren’t investment experts.",
Adam Fayed,What are the most common mistakes in marketing?,"What is marketing? It is the process of others knowing about your company. You will naturally get more revenue if more people know about your company. Often, eccentric and quirky things will get more attention. When Michelle Mone started her bra business, she took photos of celebrities in their underwear, and newspapers printed them. She also had Penny Lancaster for two years as a model for her firm and is married to Rod Stewart. After the relationship broke down with Lancaster, she signed Rod Stewart's ex-wife, Rachel. It generated loads of free publicity. More recently, the UK beer group Brewdog opened a hotel. As per this image from Reddit, they put a fridge inside the shower: Very few people will use the feature. That isn’t the point. The message is that people who use the hotel break rules and conventions, and doing so generates free publicity. Tesla and Elon Musk have been experts at generating free publicity. When it comes to professional services, such as legal and financial services, too many firms think that using specific tactics will look unprofessional. So, they care too much about conventions, norms and established ways of doing things. The old expression there is no such thing as bad publicity still holds true today in most, but not all, situations, despite some naive beliefs that social media has changed that. Being infamous and/or famous within your target market always beats being unknown.",https://qph.cf2.quoracdn.net/main-qimg-872ed3240ba895818ac33554fdcdd571
Adam Fayed,How can I find good companies to invest in?,"Long-term, the best companies tend to: For at least the first three bullet points, you can find that out by doing research. The growth industry part is quite important. Let’s look at some examples. Most of the world is still using cash, believe it or not. Therefore, Visa, MasterCard, PayPal and other digital technology companies have a good chance to do well. Likewise, as people get richer in the developing world, more people will have pets. In the developed world (but also increasingly in developing countries), pets are increasingly seen as family members. So, people are spending more on them and their numbers (globally) are increasing. What is more, as pets can’t speak, testing them will become more and more common. That would indicate that leading firms in that area will do well. However, we always have to remember that buying individual stocks has loads of risks compared to being more diversified. Lehman Brothers and Royal Bank of Scotland were once leading players in banking, and seen as being ahead of the curve. Likewise, PayPal and Visa could be disrupted by a better technology. So, buying a fund or ETF which owns a lot of these companies, makes sense.",https://qph.cf2.quoracdn.net/main-qimg-c390df7e39527954934fa0435ebae044
Adam Fayed,How can I invest while being based in Africa?,"It depends what you are looking for. I presume you are speaking about investing in stocks, bonds, funds etc. If you are looking for relatively vanilla investments and are confident about doing it yourself, you can use a firm like Interactive Brokers. If, on the other hand, you aren’t confident investing yourself, you should use a company/advisor. You might also want a more corporate solution if you are: Certainly the continent is becoming more financial savvy. It was my second biggest region in 2021, and I expect the number of sophisticated investors in Africa to only grow. As a side note, I would make a distinction between economic and investing opportunities. Many people got their fingers burned investing in China after 2006, as they assumed higher GDP growth would translate into better stock market performance. It didn't. US markets benefitted more from that Chinese growth. The same could happen in Africa. It isn’t a given that strong GDP numbers will result in over performance in the local stock markets. Some Reading",https://qph.cf2.quoracdn.net/main-qimg-6398655091fed416c533977b51e9e4ad
Adam Fayed,How difficult is it to increase 1 million USD to 2 million USD in 10 years?,"Getting from zero to 1 million USD is the difficult thing. Going from 1 million to 2 million in a decade is easy. Even if you don’t add anymore money, that is an 8% per year compounded return. If you add money, it might be a 4%-5% per year return, or even less, if you are earning well.",
Adam Fayed,Do most people in developed countries live paycheck to paycheck? Why or why not?,"Typically, the answer is yes. One of the biggest reasons is that the system takes a lot from you. This Nigerian doctor explains it well. When he lived in Nigeria he could save $500 a month even on a relatively low salary. In Canada, he cannot. Now there are some caveats to that. In most developed countries, people are contributing towards a pension. Most jobs come with superannuation in Australia, 401Ks in the US and auto-enrollment in the UK. The high taxes also pay for a state pension in many places, which might seem paltry but is still indirectly a 200k-300k benefit. That is in addition to paying towards a mortgage. Some people, therefore, don’t see a need to save and invest, unless they want to have more financial freedom. We also have to factor in the following things That isn’t to mention that some studies show that middle-earners are more likely to buy certain kinds of luxury products than higher earners. The above is also why many people from the West move to Singapore, Saudi, the UAE and other low-tax countries.",
Adam Fayed,What is the cheapest citizenship by investment?,"Cheap is a relative concept. Some schemes are very expensive and others are much cheaper, but aren’t cheap per see. Usually you need to pay $10,000-$30,000 minimum on fees + make an investment into real estate or other instruments to qualify. That is cheap if you end up saving a lot in taxes though. If you really want the cheapest option it is better to get residency first, and then citizenship. In terms of the cheapest citizenship by investment programs, these are the best in 2023: Antigua and Barbuda St Kitts and Nevis Vanuatu There are also many other options in the Caribbean. For those who prefer Europe, Malta and Portugal are good. You do need to get residency first, which can be done via various golden visa programs, and then you can apply for citizenship later on. If you do change your residency and citizenship, it is essential you also check your existing financial situation, including investments. Many people move to pay fewer taxes but forget to check out where their assets are invested, and that can result in many hidden risks. Often you need to reduce or cut your financial ties to your home country to really cut your taxes Some Reading Watch our recent webinar below about:",https://qph.cf2.quoracdn.net/main-qimg-98cd1aac35f0036cb62f2df639c40665
Adam Fayed,"Why do people spend so much on coffee, off from their daily budget?","Partly due to habit. Society has also changed in recent decades. Going to a coffee shop has become akin to going to a bar or restaurant. In moderation, there is nothing wrong with buying coffee outside, if somebody enjoys it. I also don’t think it makes sense to just focus on saving. What does make sense is to consider this - what if I invested the same money? I saw the image below from LinkedIn recently, and it is striking. The point isn’t that you should never buy coffee outside. Merely, there are many indirect costs of everything we do. The same is even more true for bigger cost items. What is better, financially? Looking rich with luxury cars worth hundreds of thousands, or having hundreds of thousands in the same companies’ stock? From a wealth point of view, the answer is obvious.",https://qph.cf2.quoracdn.net/main-qimg-5504d47a63ed66af88583c3667726ab5
Adam Fayed,Do all rich people really deserve their money?,"If we get into a subjective debate about “deserve” it becomes a pointless argument. In some religious societies, people would think that those engaged in gambling and alcohol businesses don’t deserve their money. Even in some Western societies, people find it questionable that some people can earn a lot from gambling businesses, adult entertainment and other legal services. Plenty of people, globally, think it is ridiculous that footballers can make a lot of money. YouGov, a UK polling agency, found that the public feel like top footballers should earn 75,000 Pounds a year (about $100,000) This is why we have markets, and personal choice. If not, it becomes a subjective debate about who deserves what.",https://qph.cf2.quoracdn.net/main-qimg-fd01ed22776493d8fbefc5570d8ea6db
Adam Fayed,What assets make people rich? Can you explain simply?,"Any asset that increases, on average, above the rate of inflation. If inflation, long-term, averages out at 3% per year, you will gain wealth with any investment that pays over 3.01% per year. Realistically, however, you will need: An example is the US stock markets. Below is the return of the S&P500 since 1989. One line is adjusted for dividend reinvestment: Other assets that can make you rich are:",https://qph.cf2.quoracdn.net/main-qimg-d5ea75f7fcdd134b97df87d9dee7121c
Adam Fayed,"American expatriates who are long-term resident outside the USA may not even be aware that they still have a tax liability to the US, which is still a legal fact, whether they agree or disagree. Do you agree or not?","It is true. Tax is very complicated topic for expat Americans. When investing, expat Americans have to deal with rules like PFIC, which means they can be taxed at ridiculous rates for choosing the right asset. It is therefore essential that Americans living overseas get the right tax, legal and financial advice. It is also for this reason that many Americans decide to renounce citizenship and move overseas. A famous example is this man - one of the co-founders of Facebook: It isn’t just for the super wealthy either. The Tax Foundation shows how many Americans are renouncing citizenship - it is skyrocketing:",https://qph.cf2.quoracdn.net/main-qimg-9144c7dde68f3aa8b5cc87175d23d7ec
Adam Fayed,Is a wealthy person many times more likely to be more powerful than a rich person?,"It depends, but on average, wealth is more likely to yield power and influence. Being rich, but not wealthy, is like operating a juicer: More money comes in, and more money comes out. You see that in entire industries. There is much more money in sports and entertainment than when I was growing up. Sponsorships are more lucrative, ticket prices are higher and audience figures have increased. Yet are the profits of the clubs higher? No. More has just gone out on agent and player wages, and transfer fees. The same is true on the individual level. Some people just increase their expenditures to match their income. With that being said, power and influence and money aren’t always the same thing. After Mike Tyson became broke, despite having earned 500 million over his career, I doubt he was any less influential in his industry. If Elon Musk’s wealth decreases a bit, he will still maintain a lot of power and influence in his industries. Conversely, there are some people who have got rich quietly, and don’t have much power. That is probably because power wasn't what motivated them",https://qph.cf2.quoracdn.net/main-qimg-fd5fb79b635284caa4a8ffff2cdee4dd
Adam Fayed,"I converted my $789,000 portfolio to 100% cash before the bear market started. Should I hire a financial advisor to help me reallocate my portfolio?","The reason you should hire an advisor has nothing to do with having this much cash. The broader issue is that you moved 100% into cash before the bear market. You might think that you made a good decision, and on paper you did, but the evidence shows that timing the market doesn’t work. Almost everybody I know who got into cash before 2008 didn’t get back in for years and, therefore, would have been better off not doing anything. 2020 was more striking. There was a huge crash and quick recovery. The major US stock markets increased by a minimum of 15% in 2020, as per the chart below from Statista, with the Nasdaq doing better: Nobody could indeed have easily predicted how quickly markets would recover in 2020. Mind you, nobody could have predicted the original crash without some luck. If the world hadn’t overreacted to Covid with lockdowns, the original panic would have never happened. Remember that the best do-it-yourself investors are dead, according to numerous studies………because they can’t panic sell! Therefore, the biggest benefit of having an advisor isn’t technical knowledge but rather behavioural training. If you are tempted to sell out again, and the advisor persuades you otherwise, that advisor has earned their fees many times over. With that being said, not everybody needs a traditional advisor-client relationship. A hybrid model can also work. After all, we only use e-gates and self-service at airports and supermarkets because we know a person is on hand if something goes wrong. In investing, too, an adviser who is on hand to offer assistance if you want to make your own investment choices can also work well. Pained by financial indecision? Want to start investing? Reach out today! Forbes - Adam Fayed | CEO - adamfayed.com | Forbes Councils Gain two free expat ebooks today! Click here to receive them today!",https://qph.cf2.quoracdn.net/main-qimg-5672e81e22a47ee5fe162621bd1c0732-lq
Adam Fayed,"Since success in today's world largely depends on one's academic ability, what does one do if he's not academically gifted?","I am not sure today’s world largely depends on one’s academic ability. It is true that people with higher IQ earn more, and have more wealth, no matter how much people criticize such tests. It is also true that degree holders earn more. But remember also: 2. Above a certain threshold of intelligence, some studies some success can decrease. Super intelligence people are more likely to: If you aren’t academically gifted you can still work hard and smart, take calculated risks, gain experience in a relevant field, invest from a young age to take advantage of compounding, be focused and conscientious etc",https://qph.cf2.quoracdn.net/main-qimg-5cd8e8071d578dae53377abbdd15face
Adam Fayed,Which cities or places from Third World countries don't look Third World at all?,"In most low or relatively low income places, the big cities can have rich areas. This is especially the case for the capital city. For example, Phnom Penh in Cambodia (Cambodia GDP Per Capita = $1,600 a year) Jakarta in Indonesia has more luxury cars and skyscrapers than almost anywhere else I have been too (Indonesia GDP per capita = $4,300) The same is true in Europe. On paper there is a huge difference between say Switzerland and some parts of Eastern Europe. Yet Bucharest in Romania looks, in some areas at least, as developed as anywhere else: I wouldn’t base assumptions on development with technology and tall buildings though. Look at Monaco and Switzerland. Two of the richest places in the world by GDP Per Capita, but they look less developed than Shanghai or Beijing to the naked eye. Any government can build loads of tall buildings in the biggest cities.",https://qph.cf2.quoracdn.net/main-qimg-06cc768396065d4ca4687127e6689b8b
Adam Fayed,What aspect of modern life is most overrated?,"Social media. Let me qualify my statement. Social media isn’t overrated when it comes to leveraging it for business or staying in contact with long-time friends who have moved away. However, social media is over-rated as it has made the spotlight effect worse. The spotlike effect, to quote Wikipedia, is “the psychological phenomenon by which people tend to believe they are being noticed more than they really are. Being that one is constantly in the center of one's own world, an accurate evaluation of how much one is noticed by others is uncommon” It is human nature to believe we are being noticed more than we are because this was our experience as kids. Yet many people in business and life don’t put themselves out there because they are afraid of getting noticed, or being laughed at. How many people do you know who didn’t start a YouTube channel, or something else like that, despite it being useful in their business, because they were worried about negative comments and being noticed by friends and family? It is common. Yet people don’t really care. This quote has been accredited to Churchill. Some people say he never said it. Regardless if it is true whoever said it: Apart from some key people, few care about your posts. So, it is better to just actually try to put yourself out there to get what you want. The more traction and attention you get, the more your life will get better, if you are using social media to get a job, improving your network, having a bigger personal brand and growing your business. Using social media for the below is very over-rated. You will just end up broke, with less financial freedom, for no good reason. Picture credits: AZ quotes.",https://qph.cf2.quoracdn.net/main-qimg-96fdd0f96a8f66109df6b966f4592df9-lq
Adam Fayed,Why is Britain a debt-ridden society and what can be done to resolve the national debt problem?,"The UK government debt isn’t as high as it has sometimes historically been, even though there is a debate about off-balance sheet debt. Household debt is high, but not higher than in many other countries. Ultimately, if a country has most of its debts in the local currency then it doesn’t have to default. I think what could happen is that inflation is used to pay down debt. I don’t mean out-of-control inflation, but even an average of 3%-4% per year inflation versus the 2% target. That would gradually erode debts. It also means that the Pound could keep falling against the USD. People forget that the Pound has been falling against the USD for about a hundred years. That could continue. The why is more complicated, but the obsession with housing doesn’t help. Most British people have mortgage debt rather than using credit cards. If interest rates stay high, house prices will fall.",
Adam Fayed,What makes you the most mad about today’s economy?,"There is one thing I have learned: Complaining about somethings is like complaining about the weather. It is pointless as you can’t affect it. What is more, it allows people to make excuses and give themselves a pass for their own shortcomings. So, many of the people who are mad at “today’s” economy, are just mad as they didn’t take the right actions. For instance, many people complain about businesses going online and therefore “the rich getting richer”, because they didn’t adapt themselves. The sensible people took action and adapted themselves. That isn’t the same as passing comments or making valid points. The wider point is that getting mad doesn’t make sense, when you could use the same energy to do something about it for your own life.",https://qph.cf2.quoracdn.net/main-qimg-fb5368f1314e8de4051c709a1e2a9c2d
Adam Fayed,"Is it better to live in Vietnam, Laos or Cambodia?","I lived in Cambodia many years ago and visited all three. I also have clients, friends and/or associates in all three. Basically, Laos seems like the least developed country out of the three, despite having a GDP per capita higher than Cambodia. The basic living conditions seem more basic, and it is quite sleepy. Cambodia is growing fast, and you can live almost as good a life in Phnom Penh as Singapore if you have the right budget. Vietnam is the most developed of the three, and the easiest to live. Honestly, though, I find expats who claim to dislike developed countries end up going back to them after a period away. I have run out of the number of expats who lived in some of the cheapest and least developed places and then ended up in places like Japan, Hong Kong, South Korea, Singapore and the UAE. Ultimately, there are conveniences associated with living in a more developed place. That isn’t to mention that taxes are often lower in some of these places, which more than makes up for the higher living costs.",
Adam Fayed,Why do so many rich Chinese want to live in the West while so few rich Westerners want to live in China if China is so great and the West is so bad?,"It isn’t just that. Most refugees and immigrants want to live in the US, followed by Europe. Not China or most other places. What is more, 99% of foreigners who live in China fall into the following categories: In other words, they aren’t location-independent people. By location-independent, I mean people who can live anywhere (within reason). Examples include From the four categories above, hardly anybody wants to live in Mainland China, especially long-term. The reason is simple. If you can live anywhere, and earn the same anywhere, why would you want to pay higher taxes in return for less freedom of expression, and more political risks especially if there are more viruses and lockdowns and less liberty in general? Hong Kong used to attract many HNWIs and UHNWIs, but that is less the case now. We are now seeing a massive outflow of Chinese wealthy people to places like Singapore and the West for this reason. At the very least, it makes sense to not “put all your eggs” in one basket as the Covid-19 situation showed. Even non-wealthy Chinese are now considering putting more money outside the country.",
Adam Fayed,Why do some experts believe that China's market performance will pick up in the coming months?,"There are a few reasons why China’s stock market could do well. Firstly, the Chinese economy is struggling. Almost for sure, the figures are much worse than the government's official stats, as Larry Summers and others have mentioned. In a one-party state, never trust the statistics! We saw that during Covid-19, as well as the recent announcement that the government would stop collecting data on youth unemployment. The upside of this is that the government might need to stimulate the economy. What is more, China’s real estate sector is struggling. As per the below stats from Statista, the bubble is bursting: Therefore, we see more Chinese people: None of this means that the Chinese stock markets are low risk compared to their American and European counterparts. However, the economy isn’t the stock market and vice versa. Look at Japan. The Nikkei has soared, and performed better than most stock markets since 2008–2009, after an awful period before that.",https://qph.cf2.quoracdn.net/main-qimg-94d38674b507e54911b32f8d3a509d34
