Name,Question,Answer,Image
Larry Donahue,How do I add an additional owner to an LLC?,"This is such an easy question to ask, but difficult to answer. The reason is, the answer depends on a lot of different factors, including (but not limited to), how many owners it currently has, it’s tax status, how the additional owner is joining the LLC (i.e. buying or gifted ownership), and if buying, how is he or she buying the ownership (i.e. cash immediately, promissory note, etc), do the existing owners want the ability to “claw back” the ownership under certain circumstances, etc. Note, too, that change in ownership structure can trigger an updated Beneficial Ownership Interest report to FinCEN under the Corporate Transparency Act (for all new companies, formed after 1/1/2024, and all pre-existing companies formed prior to 1/1/2024, in 1/1/2025 and after). Therefore, the best answer of course is to hire a business attorney to help you. The second best answer is to use our expert system to help you with this. We wrote it, to help people understand the issues. It’s free, takes about 3–7 minutes (depending on the complexity of your setup), and anonymous. You can access it from here: What Do I Need to Do, In Order to Change the Ownership Structure of an Existing Company? Good luck to you. Larry. PS> We also wrote an expert system to help answer questions about the Beneficial Ownership Interest reporting requirements, if you’re interested. Again, it’s free, anonymous and takes 3–10 minutes (depending on complexity of your company). Here’s the link: Reporting for Beneficial Ownership Information (BOI) under the Corporate Transparency Act (CTA)",
Larry Donahue,"If an LLC member engages in behavior that jeopardizes the business, how do other members pursue an involuntary withdraw (IW) of that member? The OA specifies that a member is subject to IW if doing that behavior.","The quick answer is that the other Members hold a meeting and vote the infringing Member out of the LLC, and then issue a notice of the same to such Member. The better answer, however, is you should hire a business attorney IN THE STATE YOUR LLC WAS FORMED, to help make sure you do this correctly. You want to make sure you have the right evidence and proof, so if sued you can easily defend yourself. Also, rarely are things so clean — you not only need to follow the OA to the letter, but you need to reference statute in areas where there are gaps in the OA. For example, how do you deal with any capital accounts as well as the value associated with the dissociating Member’s ownership? Good luck to you. Larry.",
Larry Donahue,"So, I understand that you can use a post office or mailing building address for your LLC (when filing for the EIN or registered Agent). Would you have to ask such places if you want to use their address for your own LLC?","Some great answers are here already, so I won’t repeat them except to say the following: (1) Can you use someone’s address, not your own that you don’t control, such as your Registered Agent’s (RA) address, without their permission? The answer is “no.” This would (a) violate USPS regulations; (b) permit whomever’s address to simply not deliver your mail to you; (c) permit them to report you to the USPS; and (d) most importantly, this could be considered a “fraudulent filing”, allowing a clever plaintiff’s attorney to argue to “pierce the corporate veil” thereby destroying any liability protection you were hoping to achieve with your LLC. (2) If the RA gives you permission to use their address, then can you use it? The answer is still “no,” because see (1)(a) and (1)(d) above. This violates USPS regulations, because any third-party mail receiving agency must abide by the USPS CMRA regulations, and that requires filing out Form 1583. We do a LOT of regular LLC filings and anonymous LLC’s, and we won’t let folks use our RA address for their business address because of (1)(a) and (1)(d) above. It does put us at a competitive disadvantage when so much of our competition does this, but as attorneys, we aren’t paid just to create a LLC, but to make sure it’s done right. Larry.",
Larry Donahue,How do I move our company from one location to another location in another state?,"This is a great question, and will depend on a few issues. First, do you have a LLC, Corporation or something else? My answer will be focused on a LLC, although the issues are similar (but could have differing results) for other entity types. Second, do you care about preserving your FEIN for your company? If you do, that will limit your options, and increase the expense. But, you will have a new company formed in your new state, with the existing FEIN. Do you care about your FEIN? These are your options: If you don’t care about your FEIN, then you have a few more options available: I hope this helps. Here’s my shameless plug: We do this for folks, to take the hassle and burden out of trying to figure everything out. You can learn more for Moving a LLC or Moving a Corporation. Thank you. Larry.",
Larry Donahue,Which is the best online company to create an LLC in US?,"(Full disclosure: I run a law firm that sells LLC formation services — and more — on the Internet) That’s a great question, and begs the question what is “best”. If “best” means “cheapest,” then honestly you should google “form LLC” and you’ll see a good list of low-cost providers. Everyone seems to be “racing to the bottom” on price, and you’ll find a good group of companies competing on price. If “best” means most competently filed, so you have a company that minimizes long-term risks, maximizes liability protection, and basically helps you achieve all the relevant things that one might form a LLC in the first place, then “best” is going to mean an attorney or law firm. The pricing will be a bit more, but the quality is going to be significantly better. Fun fact, one of the biggest issues for LLC’s related to legal expenses, relate to legal disputes with third-parties or partnership disputes. One of the best ways to protect you (and your LLC) from this, is to have a high-quality Operating Agreement. The low-cost providers are going to give you a template, and there’s a high probability that the template isn’t going to properly cover the specific circumstances of your LLC. My organization offers access to an expert-system to build a high-quality Operating Agreement, free for folks forming LLC’s and even available for folks that form their LLC somewhere else (we do charge $29 for that). Hope this helps you. Good luck. Larry.",
Larry Donahue,"When you convert an LLC (Arizona) into a Delaware corporation, do you have a choice to retain your LLC's EIN, or do you need to get a new one? If you have the choice, what are the pros and cons?","This is a great question, and a bit hard to answer because each state has its own rules and options on what is and is not permitted, and worse, there is not a lot of consistency in terminology. So, with what I’m about to say, please remember that what I’m about to say can vary depending on the states involved and/or vary over time as states change their rules and laws. First, lets discuss some basic rules: Typically, with all the above, you do NOT need to change your FEIN. The exception, possibly, is with the Delaware foreign conversion. We don’t do many of those, because Delaware is one of the few states that supports it, and we simply don’t get many requests. I would recommend you find someone familiar with the DE conversion you’re about to do, and find out the answer to this question for sure. If you cannot find that answer, I would recommend you do a Merger instead. This will permit you to change the entity type (i.e. LLC to Corporation) as well as move the company from AZ to DE. We do a LOT more domestications and mergers. We even have a flat-rate price for Moving a LLC, depending on a few factors, that you can learn more about if you’re interested. The biggest factor on the right way to move is whether you want to preserve the FEIN. Preserving the FEIN permits you to maintain the credit of the company, same bank accounts, merchant accounts, etc. If you change your FEIN, then you’re going to need to change everything from a financial standpoint. You may even need to renegotiate contracts, too. Finally, there’s a helpful IRS web page that talks about whether you need to change your FEIN. Doesn’t quite cover these issues, but still a good resource. Good luck to you. Larry.",
Larry Donahue,What is an operating agreement?,"This is a great question: Simply, an Operating Agreement (hereinafter “OA”) is a document that states how a LLC is to be owned and managed. It is a really important document, and templates you get from most Internet companies are going to be garbage. For single-member LLC’s, the OA will help you survive a tax audit, maximize asset protection, and establish appropriate “change of control” circumstances (i.e. in the event of a death or incapacity). For a multi-member LLC, the OA acts like a “partnership agreement,” and aside from the benefits above for single-member LLCs, it will also indicate how to deal with disputes, tax policy, voting circumstances, rights and duties, and much, much more. Because the OA is so important, I strongly encourage everyone that forms a LLC to hire an attorney to draft your OA. As I mentioned before, what you get from almost all Internet companies is garbage. You cannot download a template, and assume it’ll work for your company. There are just too many issues, including: There are literally 100 questions like this, all important for your company. Shameless plug: We wrote an expert system that generates a very high-quality, highly customized OA that is the best you can get, short of hiring an attorney. It’s definitely not as good as an attorney (remember: computers simply cannot replace us humans, yet), but it’s infinitely better than the free downloads or what your Internet company provided you. We only charge $29 for access to it for one company. Larry.",
Larry Donahue,Can you get a new EIN number if your old EIN business is not in good standing?,"The quick answer is “yes,” although there are a lot of complicating factors here. First, you’d need to register or file a new company (disclaimer: We do that for a low-cost fee). Do you want to use the same name? Most states won’t allow that, if the company is not dissolved or revoked. So, you’d need to really use a new name / company brand, unless you could dissolve / revoke quickly. But, here again, most states won’t allow you to dissolve / revoke without placing it in good standing first. Second, remember that a new FEIN is like a new baby (i.e. new SSN). This means new bank accounts, new merchant accounts, etc. You’ll need to redo / revise all of that. Third, be careful with the assets / liabilities of the old company versus the new company. Your comingling these things could have unintended tax consequences and/or destroy any liability protection of the new company you setup. Based on all the above, I would caution you in plugging ahead without knowing how how all these pieces fit together. Good luck to you. Larry.",
Larry Donahue,Is it possible to open an online business from another state than the one in which you would like to open it?,"If I’m understanding your question correctly, it appears you’re wondering whether you can open up a company for an online business in another state than the state you’re currently living in and/or doing business in? If that’s your question, the answer is “yes,” you can do that. However, here’s the issue: You will need to “register” your company in every state that it’s “doing business.” Thus, you need to ask yourself where are you “doing business?” This is a surprisingly hard question to answer, because almost all states are unwilling to advise businesses on what it means to be “doing business” in their state, and instead, have rules on what is NOT “doing business” in their state. In general, simply “doing business on the Internet” without something more, is not enough to say you’re “doing business” in a particular state. If a majority of your business seems to be coming from a particular state, then it becomes harder for you to say you’re not “doing business” in that state. Similarly, if you’re advertising exclusively in a state in an attempt to obtain business in that state, it will be hard for you to say you’re not “doing business” in that state. If any of the following questions apply to you, you should really consider looking more carefully at the law within that state to determine whether you should file your LLC as a Foreign LLC in that state: California has one of the toughest “long-arm statutes” that makes it really hard to avoid saying your NOT “doing business” in California, if you own a company and you are a resident of California. Read this article from the California Franchise Tax Board: https://www.ftb.ca.gov/file/business/doing-business-in-california.html. Given all the above, our general recommendation is one of the following: (1) Method One (Form wherever you want) You can certainly create a company wherever you like, but then foreign file it in your home state if you answer “yes” to any of the questions above. Unless you’re taxing your entity as a “C-Corporation,” you’re probably not going to get any tax savings this way with a pass-through entity, because all the profits/losses will flow through to you. (2) Method Two (Your home state, but cannot be anonymous) Just form a company in your home state. The advantages of forming in another state, i.e. Delaware, are going to be too nuanced and esoteric for 99.9% of the business leaders that read this. If you disagree, then please hire a professional to help you evaluate the issues. The primary advantage to this, is you’re going to save some money. (3) Method Three (Anonymous in your Home State) If you care about anonymity, then do this: YOU - - > (own) an Anonymous LLC in WY or NM as a Holding Company - - > (which owns) a Regular LLC in your Home State as your Operating Company Why? I have a knowledgebase article that talks about this: https://www.l4sb.com/knowledge-base/preserving-anonymity-state-discloses-ownership-information/ NM or WY? The general rule is, if you will be the only owner and want disregarded tax treatment, go with NM. Otherwise, go with WY. To learn more, see pricing and/or order, you can use the following two links: Hope this helps you. Good luck! Larry.",
Larry Donahue,Can board members of a nonprofit be sued?,"The quick answer is “anyone can be sued for anything.” The better question is, “Can a board member of a nonprofit be sued, and can the opposing party actually win, due to some wrongful activity committed on the part of the nonprofit?” The answer to that will depend on many factors and circumstances. I will say “yes, a board member can potentially be liable for the wrongdoings of a nonprofit” under the following scenarios: Larry.",
Larry Donahue,Can you convert a voting share to a non-voting share in an existing S-Corp? The goal is to give one partner ultimate authority (like a 51/49 partnership) while maintaining equal ownership (50/50).,"The quick answer is “no.” The reason is that a S-Corp does not permit different levels of ownership. If you do this, you can lose your S-Corp status. And, if you lose that, then things can really become problematic because an entity looses its S-Corp status, it becomes a C-Corp from the date of when the problem occurred. You have options. First, if your entity is a Corporation, then you can switch to a C-Corp. Note that when you do this, you will need to think through the issues and definitely handle your accounting and taxes differently. However, if you can get ahead of this decision (versus losing the S-Corp status), you’ll save a lot in headaches, penalties and back-taxes. Second, if your entity is a LLC, then you can switch your tax status from S-Corp to Partnership. A LLC can be taxed as a Partnership, which permits different levels of ownership as you asked about in your question. Beware, you do need an updated Operating Agreement. Third, if your Corporation or any other type (other than LLC), you can “convert” your entity to a LLC, and then tax it as a Partnership as discussed in the former paragraph. This requires a “conversion,” and there’s a bit of expense (although not too much). Good luck to you. If you decide you are going the LLC route, and need a new Operating Agreement, you may be interested in our “Couture Operating Agreement”. For $29, it’s an expert system that provides the highest quality Operating Agreement you can find, short of hiring an actual attorney (learn more: The Couture Operating Agreement for LLC’s). Thank you. Larry.",
Larry Donahue,"Where should I start my business, Delaware, Wyoming, Nevada, Texas, etc.? Way too much info out there but nothing gives me a clear answer on which is the best state to incorporate your business.","The first question you should ask yourself is, “Where am I conducting business?” This is actually a complicated question, and to answer that question, ask yourself the following questions: If you’ve answered “yes” to any of the questions above, you’re most-likely “doing business” in that state. This means, whatever company you setup, must be registered in those states you’re doing business. For most people, this means their home state of residence. That leaves two choices: (1) Simply form in your home state (and foreign file that company in any other states you’re “conducting business”), or (2) form in Delaware, Wyoming, Nevada, New Mexico, etc, and then foreign file in your home state (and other states you’re “conducting business”). Now, why would you consider #2? Most likely, because you’ve read some information on the Internet (like you’re doing now), but that information was either wrong or it was confusing. Usually, most folks interest in incorporating in one of these states has something to do with taxes (i.e. “There’s no corporate income tax in WY” or “There are no taxes in NV,” so shouldn’t you form there?). The answer depends on how you’re going to tax the entity. Most folks will tax their company as a “pass-through entity,” versus Subchapter C. The reason is Subchapter C exposes you to “double taxation,” and pass-through entities offer a number of tax benefits, depending on a variety of factors (outside the scope of this question and answer). But what is a pass-through entity? It’s where the profits and losses of the company “pass through” to the owner or owners. What this means is, even though you may have a WY company, the profits and losses of the company flow-through to the owners, no matter where they are located. Do you live in Illinois? Doesn’t matter if you have a WY company, because you will need to report your profits / losses on your IL State and Federal tax return. The fact that your company is registered in WY is of no consequence. So, given all the above, it’s generally best to assume you need to form your company in your home state — unless you have a lot of other things going on — but then you can always “move” your company to another state to take advantage of more sophisticated issues after being properly advised by a competent attorney or CPA. Good luck to you. Larry.",
Larry Donahue,Our SaaS startup is incorporated in Delaware and does business in all 50 US states. Which state's governing law is the best choice to include in our Terms of Use?,"The best answer will hinge on exactly what your SaaS-based business does. For example, is your business such that you see yourself in court A LOT and you need a streamlined judicial process? That argues in favor of Delaware. Is your business such, that you’re worried about third-party liability (i.e. not to your clients, with whom you have privity of contract, but third-parties you have no relationship with at all)? That could argue Nevada or other similar states. Are you worried about class action lawsuits? That could argue Nevada or other states. As those three examples highlight, this is a great question but needs some good understanding about your business. Also, you said “does business in all 50 US states.” Does that mean you actually have registered your company in all 50 states? If not, even though you have customers in a state, you may not have sufficient nexus. You need to establish a sufficient nexus to avoid the accusation of forum shopping. Good luck to you. Larry.",
Larry Donahue,"Which is the better business structure for a 1-person consulting business, an LLC or a C Corp?","You actually asked two questions there: LLC versus Corporation, and then C-Corp as a taxation option. I’ll address the first question first: LLCs are less expensive to setup, less expensive to maintain and less expensive to teardown later if you decide to close your business. If your current plan is to stay small, such as a one-person operation, then LLC is really the way to go. If, in the future, your accountant, CPA or lawyer recommends you switch to a corporation for some reason, your not stuck with your LLC. Its possible to do an entity conversion in most states, or you can domesticate or merge your LLC into the Corporation in another state. You will have a lot of options, is my point. The one exception to my advice above, is if you’re located in the State of Florida and asset protection is your primary concern. The State of Florida has taken what I view as a poor direction with sole-member LLCs, making charging orders and foreclosures easier than in other states. You’d be better with either a multi-member LLC or a Corporation in the State of Florida (in my opinion), or setup a parent/child setup with a holding company in Delaware or Wyoming so you can try to take advantage of those states Revised Uniform Limited Liability Company Acts. In regard to the tax question, C-Corp versus a pass-through entity, that’s really something you should discuss with a tax professional. C-Corps can subject you to “double taxation,” although they provide the only real way to manage your personal income if that’s important to you for some reason (i.e. you’re divorced or on social security, and have reasons to limit your personal income). Good luck to you. Larry.",
Larry Donahue,Should real estate agents form an LLC?,"In general, I think it’s a good idea to operate under the guide of a business entity, no matter what you do. More specifically, ask yourself these four questions: If you answer “YES” to any of the above, then it makes sense to operate under a LLC. I will note, even if you think you don’t care about liability protection, if you’re dealing with money, you should. Why? Question: Do you think liability and/or casualty insurance will cover everything? If you answer “yes,” you’d be wrong. A LLC can help manage potential liability in all circumstances. And, it’s very inexpensive. We do this all the time for clients (See Form a Limited Liability Company (LLC)), and the cost is less than you’d think. Good luck to you. Larry.",
Larry Donahue,"Where should I file an LLC if my friend that lives in Idaho and I who lives in New Jersey, are starting a Social Media marketing Agency, when the business will be online and we could have customers in multiple states? What should we do?","My recommendation is to ask yourself these questions, and follow this general framework: (1) Will you be (eventually) paying yourselves W2 income? If so, you’re doing business in BOTH states, and trying to figure out which state is less expensive is irrelevant. You file in either state as your primary state, and the other state as a Foreign LLC. (2) Do you care about anonymity? If so, then (for all states except CA) you’re going to need a child LLC as your Operating Company in either one of your states of residence, which will be owned by an Anonymous LLC as a holding company parent (learn more here: Preserving Anonymity in a State that Discloses Ownership Information). You file the operating child LLC as a Foreign LLC in the other state. (3) Assuming you’re following the framework above, then you may need to register in other states you’re conducting business. This is a hard analysis, since each state has its own rules around this. But, if any of the below is true, then you should register (as a Foreign LLC, in each state you’re conducting business) your LLC (if #1 above applies) or your operating child LLC (if #2 applies). Good luck to you. Larry.",
Larry Donahue,"If I run my business alone, do I file as an LLC or should I just apply for an EIN?","Ask yourself these questions: If you answered “yes” to any of the above questions, it argues you form a LLC and operate your business under that LLC. If you’ve answered “no” to all the above questions, then it argues you could potentially forgo forming a LLC to operate your business as a sole proprietorship. At the end of the day, if you think it’s possible you may want to answer “yes” to any of the above perhaps even later, it pays to form a LLC now and operate underneath it. You can certainly change your mind later, but it’s harder to convert from a sole proprietorship to a LLC after things get going. Why? You (usually) have to obtain a new FEIN. Obtain new bank accounts. New merchant accounts. Depending on what you do, if you have contracts with vendors or other third-parties, you may need to notify them of a change of business circumstances — which may be a trivial thing — or trigger a re-examination of the relationship. We form companies for people — as a law firm — for a low-cost, flat-rate fee like everyone else. Click on my profile if you want links and want to learn more. Otherwise, I wish you the best. Good luck to you. Larry.",
Larry Donahue,Does opening an LLC require legal help?,"Do you need legal help to open an LLC? There are really two answers to this. Here’s why I say this: Somewhere around 50% of our firm’s revenue comes from “partnership disputes.” These disputes are worse than bad divorces (i.e. think, The War of the Roses (1989) - IMDb). They involve expensive litigation, and our clients can spend $50k or more trying to save the company or seek damages from bad actors. The worst disputes seem to happen because the LLC (or Corporation) wasn’t properly put together. The formation papers are a mess. For a LLC, the Operating Agreement is sloppy or a poorly-fitting template. Here’s the problem: When you’re just starting out, it makes sense to spend as little money as possible and the appeal of the non-lawyers (many responding to this question) is alluring. However, if you think your company will have any chance of success, the more successful, the bigger a target it becomes — and the greater a chance for disputes (with the IRS, the State and/or partners). I wrote a recent blog article about “Bad Operating Agreements” (See What is a Bad Operating Agreement? | Law 4 Small Business, P.C. (L4SB)). You’d be surprised how many problems can creep up. The expensive problems are problems that will bit you years later, that are hard to predict: IRS audit, partnership dispute, or a partner dying and having to deal with an estate. We wrote an expert system to build a high-quality, highly customized Operating Agreement — for $29.95. It’s the first in the business, as far as I can tell. You can learn more by going here: The Couture Operating Agreement for LLC's | Law 4 Small Business, P.C. (L4SB). Thank you. Larry.",
Larry Donahue,Should I put my rental in an LLC?,"Good question. There was a good thread about this here: I have multiple rental properties, should I apply for an LLC? Larry.",
Larry Donahue,"If you form an LLC, can you still deduct losses from that business on personal income tax?","Hi, there. The quick answer is “yes,” you can “pass through” the profits / losses of a LLC to you personally, assuming your LLC is taxed as a “pass through” entity. Typically, this will mean your LLC is being taxed either as a disregarded entity, partnership or S-Corporation. I wrote a blog article that contains a comprehensive comparison of the various tax statuses, with footnotes. You can read it here: What is the Right Tax Status for Your Company? | Law 4 Small Business, P.C. (L4SB). Note that the different tax statuses have different pros / cons, depending on your circumstances. It can be quite complicated, and I would recommend you talk with a CPA or Accountant to figure out not just the best tax status for you and your business, but how to actually pull it off properly. Good luck to you. Larry.",
Larry Donahue,How do I register a Delaware corporation in the United States?,"How you register a DE Corporation depends on a few things: If you answered yes to #1, then consider an Anonymous LLC. You can click on my profile for relevant links. If you answered yes to #2, then you can simply go to Delaware One Stop: Home and click on “Registration”. Note that you will need a Registered Agent service if you’re not located in Delaware. We offer that for a low-cost fee, which does include attorney-client privilege and confidentiality that you cannot find from the non-lawyer “incorporation companies”. Learn more here: Business Attorney Registered Agent Service | Law 4 Small Business, P.C. (L4SB). If you answered yes to #3, then think about hiring an actual law firm or attorney in the US. They will give you the right documents and help make sure you setup the company properly, for your particular tax and partnership circumstances. We have a low-cost, flat-rate price. Learn more here: Form a Corporation | Law 4 Small Business, P.C. (L4SB). Good luck to you. Larry.",
Larry Donahue,How do I get an EIN for my LLC if I don't have a social security or ITIN number yet?,"The quick answer is you cannot obtain a EIN for a LLC, without a “responsible party” who is an individual (not a company or trust) that either owns or controls the company, and discloses their SSN or ITIN. We setup LLC’s all the time for folks, and we do get this question somewhat frequently. You need to go through the process of getting an ITIN (see Taxpayer Identification Numbers) or partner with someone who will either manage or have an ownership interest in the company. Good luck to you. Larry.",
Larry Donahue,What should be included in a partnership agreement for a business? What should I know beforehand?,"What should you know before entering into a partnership? Believe it or not, what you should know is less “legal” than more “business”. Specifically: What you need to know about partnerships, is that it’s very easy to fall into what’s called a “de facto partnership.” This is an actual legal partnership, simply because “something is happening,” but you don’t actually have a partnership agreement in place — which would give you important rights and protections. So, DO NOT participate in any business venture, until the documents are nailed down and signed. The other thing that’s important to know, is that partnerships don’t protect the partners from liability. Therefore, I generally urge business to NOT enter into a partnership, and instead form a LLC or Corporation. LLC’s are usually preferred, except in rare circumstances. (learn more: Form a Limited Liability Company (LLC) | Law 4 Small Business, P.C. (L4SB)). A LLC has what’s called an “Operating Agreement”, that acts like a partnership agreement. It will deal with most of the “partnership terms” you’d expect or be concerned with. Good luck to you. Larry.",
Larry Donahue,What is the best way for a successful freelance translator based in California to incorporate now that AB5 is law? My main client is ‘forcing’ me to do so by 01/01/2020.,"The AB5 law in California raises the bar on companies, on who they can call a contractor versus an employee. If any company you are currently serving as a 1099-employee (i.e. independent contractor) requires you to incorporate, you can simply form and create a CA LLC. The cost isn’t too bad, but there is a rather high (in my opinion) annual taxes (starting at $800) the LLC must pay. You can learn more about the taxing issues here: https://www.ftb.ca.gov/file/business/types/limited-liability-company/index.html. What is the “best” way? Depends on what is “best” for you. If cost minimization is your need, you can form it yourself by starting at the CA Secretary of State. Start with this link: Business Entities. If “best” is getting it handled cost-effectively and correctly, then I would recommend a service. Of course, I’m biased because this is what we do, but lawyers and law firms can answer questions, aside from helping you register the company. You can get started this way, by going here: LLC Formation | Law 4 Small Business, P.C. (L4SB). Finally, a comment about taxes: If the LLC is owned just by you, it can be “disregarded” for tax purposes. This means you will report all the profits / losses on your personal Schedule C for income tax reporting purposes. You STILL need a FEIN and a bank account, because you want the LLC to be paid (not you personally). If the LLC is making “decent money,” your CPA may advise you to tax the LLC under Subchapter S (that is, taxed as a S-Corp). This can save you up to 15.2% on self-employment taxes, depending on how things are setup. Doing this does require a bit of work, and you really should consult with a CPA — but you’ll be able to save some taxes if you do this right. Good luck to you. Larry.",
Larry Donahue,Which New Mexico registered agent do you recommend?,"I am biased, because we do offer Registered Agent services in New Mexico. But, I think this is an excellent question to highlight why folks need to be very careful when selecting a Registered Agent and simply not go on price alone. There are two significant differences between my firm and the Registered Agent services we provide (Learn more: Business Attorney Registered Agent Service | Law 4 Small Business, P.C. (L4SB)) versus our competition (namely, competition that are not attorneys or law firms). First, only lawyers can provide attorney-client confidentiality and privilege. This means when we receive a subpoena or request for information on one of the companies we are acting as a Registered Agent, we carefully examine the request, forward it on to our client, brainstorm on the proper response (if any — we will ignore most requests), and then work together on that response. I shutter to think what other Registered Agents do, who do not have full-time legal support, let alone the inability to exert confidentiality and privilege. Second, we force clients to do the right think in setting up the company (if we form the company). I will admit, some folks see this as a disadvantage of our services, versus the competition. The competition will basically do what you want, but the problem is, doing many things improperly can destroy your company’s liability protection if you’re not careful. The primary reason for destroying your liability protection is misrepresenting the facts on the company filings or otherwise doing things improperly. One example is using the Registered Agent’s address as the company’s address. That is wrong, if you are not in control of that address. In Summary, I recommend Law 4 Small Business (my company) or ANY licensed attorney or law firm, to be the Registered Agent for your company. Good luck to you. Larry.",
Larry Donahue,Can a holding company own property?,"The short answer is “yes,” a holding company can own property. However, ask yourself the following questions: If you answer “yes” to any of the questions above, then you don’t have a “holding company” but an “operating company.” An Operating Company needs to be registered in the state it’s doing business. A Holding Company can be registered anywhere, and hold property anywhere, without having to register in the state where the property is located (in general — there are some exceptions to this rule). If you care about: Then you need to do a bit more work, if you’re going to put property in a LLC. Anonymity? We do this a lot (see Maintain Your Privacy With an Anonymous LLC | Law 4 Small Business, P.C. (L4SB)). To maintain anonymity, you need to make sure the holding company is a LLC registered in one of the Anonymous state (DE, NM or WY). Acting as a Landlord? This can be an issue for you. First, some states require that LLC’s have a qualified broker either own the LLC or act in a contracting authority to be able to rent property on behalf of the LLC. So, you should check the laws in your individual state. What some real estate investors do, is have a separate “property management company” act as the landlord, and their “holding company” simply act as a property LLC, owning the property and separately contracting to the property management company. Taxes? Different states have different rules around transferring property into a LLC. In some states, you may need to pay a “transfer tax” that could be quite substantial. Other states require you to report the transaction and the transfer value. Other states could care less. Make sure you briefly talk to a real estate attorney (in the state where the property is located) before you pull the trigger. Good luck to you! Larry.",
Larry Donahue,Is it better to create a new LLC if you want to try a new venture outside the current successful business?,"Ask yourself, “Does my new venture . . .” If you’ve answered “yes” to any of the above, that would argue to create a new LLC for the new venture. As it relates the last two bullets, that’s what Anonymous LLC’s are for (learn more: Maintain Your Privacy With an Anonymous LLC | Law 4 Small Business, P.C. (L4SB)). We have quite a few clients with very successful businesses, and they will create a separate (Anonymous LLC) around some new aspect of their business, either because they want to compete with an important vendor, not alert existing customers to some new service, or prevent their competition from learning what they are doing. Larry.",
Larry Donahue,What is the best/cheapest way to form an LLC?,"The “best” and the “cheapest” with respect to forming a LLC are diametrically opposed. The problem is, “the cheapest” become real problems over time, if any of the following apply to you: “The cheapest” literally have a “one-size fits all” solution, and some of their recommendations are literally eye-poppingly stupid. I’ll give you one example: If any “Internet incorporation company” says you can use their Registered Agent address as the company’s physical mailing address, you should automatically assume you’re dealing with a stupid company. (Why? Because doing this can eliminate your liability protection). There are a host of companies that sit in the middle of these two diametrically opposed camps (including my company — learn more — Form a Limited Liability Company (LLC) | Law 4 Small Business, P.C. (L4SB)). If any of the 4-listed items above apply to you, then you owe it to yourself to look for decent advice to not just do it right, but make sure you get qualified advice on next steps and how to do things properly (i.e. operate your company without exposing liability, for example), and get quality formation documents. With that said, if you don’t care about the above (especially if you’re going to be the only owner), then you can literally do it yourself by going to the relevant Secretary of State and answering the questions with their online forms. Good luck to you. Larry.",
Larry Donahue,Is it possible for someone else to try to prevent my LLC from operating by registering it as a Fed TM after the said person was fired?,"This is really an excellent question, and you should think about the following “general rules”: In the end, it’s very dangerous to NOT trademark an important brand name. You should also take care to make sure someone doesn’t “get there first,” because they can make things expensive for you over time. Larry.",
Larry Donahue,Is a 100% LLC owner/member (disregarded entity) allowed to draw funds out of his business at any time even before the end of the first year of doing business?,"You said “disregarded entity.” This means, for tax purposes, the entity doesn’t exist. It’s as though the company is YOU (for tax purposes). You can move money in and out at will, although I would recommend you do it carefully — so as to avoid a claim of “commingling” or operating the LLC as your “alter ego,” both of which can be used to claim “piercing the corporate veil” in a lawsuit. My advice would be to: We form LLC’s a LOT for folks (See Form a Limited Liability Company (LLC) | Law 4 Small Business, P.C. (L4SB)), and this is a common question. The best advice here, is to seek the professional assistance of a CPA, who can help you figure out how to move money, properly account for deductions, and best of all, help you understand when it’s best for you to change the entity’s tax status to Subchapter S (which would help you save on self-employment taxes). Such savings don’t start kicking in, until you’re making well above $100k (a CPA can give you the exact number). Good luck to you! Larry.",
Larry Donahue,What is a holding company LLC?,"A “Holding Company LLC” is: Holding companies that are limited liability companies (LLC’s) are important because they are not operating a business. They are holding something. As such, they generally do NOT NEED to register anywhere, which helps in two important areas: You can control where profits and losses from subsidiaries (or companies owned by the holding company) go, which is a form of tax management. You can also control what “ownership information” is publicly displayed for the assets being held by a holding company, thereby helping to maintain a level of anonymity if you’re careful about it. Larry.",
Larry Donahue,"Who actually owns the business, the entrepreneur, the board of directors, or the shareholders?","Owners of a company are: Everyone and anyone else are NOT OWNERS, although it’s certainly possible “the entrepreneur” is ALSO a Shareholder, and in that case, the entrepreneur would also be an owner. We form a LOT of LLC’s, and you’d be surprised how often this issue comes up (See Form a Limited Liability Company (LLC) | Law 4 Small Business, P.C. (L4SB)). As a business owner (no matter what company you have), make sure you DO NOT PROMISE ANYONE OWNERSHIP in the company, without having something written down. Otherwise, you end up with employees, family members or others who start thinking they own a portion of the company, even though you didn’t finalize the transfer of ownership. Such folks can then make your life difficult by claiming fraud, negligent misrepresentation and more, by saying they were promised — but that you failed to deliver and therefore failed in your obligation. Can you win in a legal fight? Sure, but you’re going to spend a lot of legal fees doing so. And, the more successful your company, the more expensive it is to fight off these sorts of disputes. Larry.",
Larry Donahue,What happens when a single-member Delaware LLC owned by a foreign person loses a US lawsuit?,"That is a great question, and depends on a number of factual circumstances: As you can see, there are a lot of potential issues and circumstances that would influence how a judgement might be enforced. For example, if the lawsuit included an injunction, if we’re talking about something on the Internet, third-parties could be ordered to withhold services or otherwise be enjoined to assist or enforce a judgement. Larry.",
Larry Donahue,"What is the best corporate structure for a digital marketing startup, an LLC or an S Corp?","Just to be clear, your best two options are: Each can be taxed as (depending on number of owners, and other limitations): LLC’s can also be taxed as disregarded and partnership, depending on number of owners. Therefore, your question isn’t “LLC versus S-Corp.” It’s actually “LLC versus Corporation,” and then you can tax either under Subchapter S (i.e. S-Corp). Unfortunately, Trump’s tax reform act of 2017 complicates matters. Prior to this act, the LLC and Corporation (when taxed under Subchapter S) were virtually identical from a tax perspective. Trump’s tax reform act does favor a Corporation in certain narrow circumstances that I don’t fully understand, because I’m not a tax attorney. We did put an AI-based “entity selection tool” together, that factors all sorts of things, including anonymity, taxes, citizenship, state location and more. It only takes a few minutes, if you’re interested. You can find it here: Business Entity Selector Tool | Law 4 Small Business, P.C. (L4SB). In most circumstances, LLC’s are favored simply because they tend to be less expensive to own and operate, and they less burdens associated with reporting and closing down. Corporations are more formal structures, which come with additional costs in establishing, maintaining, annual reporting and shutting down. But, if you can have some tax savings, it may make sense to go with a Corporation. The rules are complicated, and so far none of the answers I’ve seen for this question remotely deal with these issues. Our entity selection tool does. Take it for a spin. Good luck to you. Larry.",
Larry Donahue,"Why aren't private companies more transparent with what they own, their profits, shareholders etc?","As an attorney, I find companies want to maintain confidentiality for a number of reasons, including the legitimate concerns of: These are just some of the very legitimate reasons folks don’t want to be transparent with their private companies. These represent many of the reasons our Anonymous LLC product (see Maintain Your Privacy With an Anonymous LLC | Law 4 Small Business, P.C. (L4SB)) is so popular. Don’t believe what you hear on the news about “private shell companies” or “anonymous LLC’s”. Did you know Enron was a public company? They kept a second set of books, despite being a public company. Criminals will lie, cheat and steal. They will submit bad information, and pretend to be “transparent” even though they are not. Legitimate business owners should be permitted to do business privately. Larry.",
Larry Donahue,Under what circumstances should a company owner form an LLC?,"A company owner should form a LLC if he or she answers “yes” to any of the following questions: Those are the “Big 5” I call them. The advantages of incorporating over doing business as a sole-proprietorship or partnership. If you’ve answered “yes” to any of the above questions, you should do business under a LLC. Good luck to you. Larry.",
Larry Donahue,Do companies own by a holding company have to be limited liability companies? Can a holding company own a sole proprietor business?,"A holding company can own “assets,” whether a LLC, corporation, real estate, vehicles and more. So, does a company owned by a holding company need to be a LLC? The answer is “no.” It can be any of the above “assets” I mentioned above. However, can a holding company “own” a sole-proprietor business? The answer is “no.” Why? Because the “business” is not actually an asset, per se. A sole-proprietor business is an individual working by him- or herself, and that individual owns assets of the business. Can the holding company “own” the assets of a sole-proprietor business? The answer is “yes,” but then it’s really not a holding company any more, is it? It owns the assets of a business that is conducting business, so it becomes an operating company. This comes up a lot for anonymous LLC’s that we setup for folks, where you have a holding company that owns an operating company. The operating company is registered in a state where it’s conducting business or the owner lives, and that company is owned by an anonymous LLC that acts as a holding company. You can learn more here: Maintain Your Privacy With an Anonymous LLC | Law 4 Small Business, P.C. (L4SB). Good luck to you. Larry.",
Larry Donahue,Can an S-Corporation change its status to an LLC?,"There are generally three (3) ways to convert an existing S-Corporation to a LLC: #1 & #2 have the benefit of preserving the existing entity’s FEIN, credit history, bank accounts, etc. These essentially can be thought of having the “same company,” just as a new entity type. Not all states support conversion, and merger does take a bit of work. #3 requires a new FEIN, new bank accounts, etc. Larry.",
Larry Donahue,Are there any reasons I should not elect to tax my sole-member LLC as an S corp?,"Are there any reasons not to elect S-Corp tax treatment? If you’ve answered “yes” to any of the above, then you may not want to file as an S-Corp (instead, you’d want disregarded, C-Corp and disregarded, in order of the questions above). We setup LLC’s all the time for folks (See Form a Limited Liability Company (LLC) | Law 4 Small Business, P.C. (L4SB)), and it surprises me how many folks don’t think about the tax issues. They are very important, and can end up saving you a lot of money if you do it right (depending on your circumstances). Here’s an overview of the tax options for a SOLE MEMBER LLC: They each have their advantages and disadvantages, depending on your unique circumstances. Larry.",
Larry Donahue,Do I need to form an LLC for an online blog?,"The answer is, it depends. Ask yourself: If you answered “yes” to any of the above questions, then you should consider forming a LLC. A LLC will help you with all the above, in the following ways: Good luck to you. Larry.",
Larry Donahue,How do you form an LLC under an LLC for greater asset protection?,"Typically, when you are thinking about setting up a robust structure (such as a stacked, or parent/child LLC setup), there are a few issues to take into consideration: Care about #1 above? Your state selections are limited to AL, CO, DE, GA, IA, NM, VA and WY (subject to change). DE, NM and WY are the most popular. In re #3 above, if you want C-Corp tax treatment, then you should consider DE or WY. DE is more popular and has the Chancery Courts, but WY is less expensive. If you will elect pass-through taxation, then NM is a good option if you care about costs (there are no annual reporting requirements). If asset protection is your overriding factor, then chose DE or WY, because both states passed a form of the Revised Uniform Limited Liability Company Act (or RULLCA). Once you’ve figured out the parent, or top-level, LLC, then you need to pick one or more of your children, or bottom-level, LLC’s. There are some other considerations to take into account: Setting up LLC’s is very cost-effective, but you really should have a professional stitch things together for you. Learn more about regular LLC’s here: Form a Limited Liability Company (LLC) | Law 4 Small Business, P.C. (L4SB). Once you’ve figured out how you want to do the parent (or top-level) LLC, then you can form one or more children (or bottom-level) LLC’s as needs dictate. Larry.",
Larry Donahue,Which is the cheapest safest and best way to set up my LLC?,"The “cheapest,” “safest” and “best” are somewhat contradictory terms, when it comes to forming a LLC. The answer really depends on what you want, and your particular circumstances. For example: So, what are the issues that determine whether you do this yourself, seek a lawyer or go somewhere in the middle with a typical “filing company?” Good luck to you. Larry.",
Larry Donahue,"For startup founders, how should you structure your company (Corp/LLC) so you can conduct business in multiple industries (fashion, food, FinTech, data, etc.)?","This is actually a business decision, and I always tell clients to think about the following: Only you can really take these factors into account to determine whether you want to form different entities. Often times, we’ll advise people to form two or three companies, even though they may have 4 or 5 different businesses. For example, they may have two or three “hobby / lifestyle companies” that can really be managed under one entity, but then they have rather robust, separate businesses with different partners, investors, etc, that need their own specific companies. If you do decide you need more than one company, then I would recommend you form one umbrella company to own all the subsidiaries. It helps with liability protection, as well as simplifies income tax issues (believe it or not). We (or any business lawyer) can help you with this, and the price is less than you might think (learn more: Form a Limited Liability Company (LLC) | Law 4 Small Business, P.C. (L4SB)). Good luck to you! Larry.",
Larry Donahue,What are some advantages of turning your sole proprietorship into a LLC?,"There are 4 main reasons to turn your sole-prop into a LLC: Those are the 4 primary reasons to form a LLC, and believe me, the liability protection is very important. Given the costs of forming a LLC are so low (learn more LLC Formation | Law 4 Small Business, P.C. (L4SB)), and the benefits so great, it makes no sense not to organize into a LLC. Larry.",
Larry Donahue,Do I need an attorney to form an LLC?,"Do you need an attorney to form a LLC? The answer is “no,” but there are some benefits that everyone should understand: So, do you “need” an attorney? No, you don’t need an attorney. You can do it yourself or you can hire an “unlicensed legal provider,” but you lose the above-mentioned advantages. I will say that my firm competes with the “other guys” for about the same price, and we’re able to provide the above-mentioned advantages that I think most of our clients appreciate. You can learn more here: LLC Formation | Law 4 Small Business, P.C. (L4SB). Disclaimer: If you haven’t figured it out, yes I’m an attorney so I’m biased. :-) Good luck to you. Larry.",
Larry Donahue,Can members of an LLC receive a salary?,"The answer is “yes,” depending on how the LLC is taxed. LLC’s can chose one of four (4) tax treatments, depending on a few issues. Those tax treatments are: #2 and #3 above can issue salaries and the owners can be W-2 employees of the LLC. #1 you definitely cannot issue W-2 wages to the owners, but I’m not sure about #2. You should consult with a CPA or tax professional to better understand what is best for you. Note that we have a rather intelligent, AI-based “entity selection tool” that helps you with this, depending on your circumstances. It even factors in Trump’s 2017 Tax Reform Act. It only takes 5 minutes, if you’re interested: Business Entity Selector Tool | Law 4 Small Business, P.C. (L4SB). Good luck to you. Larry.",
Larry Donahue,What do small businesses need to know to set up a successful presale?,"If I’m understanding your question correctly, you’re wanting to know how to setup a business to sell it eventually in the future, so to prepare it prior to a sale? If that’s the question, then I recommend the following: Those are the biggies, but every business is different. The key is to put yourself in the shoes of a potential acquirer: What would you want? The more a business seems like it has it’s sh!t together, the more you may be willing to pay for that business. Good luck to you. Larry.",
Larry Donahue,"As a sole game developer, should I publish under my own name, or is it better to create a business name, ie “Owlteagames LLC”?","I think you should form a LLC. It’s so inexpensive compared to the benefits. Those benefits include: When I say LLC’s are inexpensive, I mean in the $300 to $500 range, if you do it right. We do this (learn more: Form a Limited Liability Company (LLC) | Law 4 Small Business, P.C. (L4SB)) for many folks, including game developers, and the pricing is so inexpensive, I don’t know why anyone would risk NOT doing it. Good luck to you! Larry.",
Larry Donahue,How do LLC operating agreements help small business owners?,"Operating agreements are a BIG DEAL, bigger than you may realize. I’ll give you some examples: I could go on and on. The problem is, it’s somewhat hard to predict where life will take you, or what sort of calamity may befall a company. For as inexpensive as it is to obtain a template operating agreement, there really isn’t an excuse for an owner of a LLC to obtain an operating agreement, and tweak it for their particular needs. We sell regular LLC’s (See Form a Limited Liability Company (LLC) | Law 4 Small Business, P.C. (L4SB)) and anonymous LLC’s (See Maintain Your Privacy With an Anonymous LLC | Law 4 Small Business, P.C. (L4SB)). Affordable and with great operating agreements. Our operating agreements are templates, like everyone else's, although ours are very good — but that doesn’t mean one size fits all. They need to be carefully reviewed and revised, to make sure they meet the needs of the owners and the business. Good luck to you. Larry.",
Larry Donahue,As an owner of a business what are the legal ramifications of running family member loans through the business?,"I don’t exactly know what you mean by “running … loans through the business.” Do you mean… If you mean #1, I don’t think it’s a problem at all, although I would advise that you have a standard promissory note between the business and the family member, with a fair-market-rate of interest charged. There can be tax consequences to one or both parties if you don’t do this right. If you mean #2, that would be a very, very bad idea. This would be a classical case of “commingling,” and open up the owners of the company to personal liability, even in instances that have nothing to do with this loan. If you mean #3, I wouldn’t advise it, only because it can lead to a commingling situation if the family member doesn’t pay on the loan. What then? Larry.",
Larry Donahue,Does opening an LLC come with insurance?,"Insurance requires a policy, underwriting and ongoing renewals by a private insurance company of some sort. When you form a LLC, your are creating an entity with the state — and the state does not issue insurance. Therefore, no, a LLC does not come with insurance. We form low-cost, flat-rate LLC’s for folks (See Form a Limited Liability Company (LLC) | Law 4 Small Business, P.C. (L4SB)), and we’d love to offer insurance but cannot. You need to talk with a business insurance agent about your business, to see what type of insurance coverage you need for your business. Note that not all insurance policies are the same. Aside from “general liability” insurance you should consider for your business, it’s likely you will need “workmans comp” (depending on your state) and other policies, depending on your business. For example, attorneys / doctors / dentists / CPA’s / other licensed professionals need “professional liability (malpractice) insurance” aside from “general liability insurance”. Contractors / subcontractors / architects need other forms of insurance, including “bonds”, depending on the type of work they do. Good luck to you. Larry.",
Larry Donahue,"What is the difference between ""transfer of business"" and ""succession of business"" in case of small business?","They are really the same thing, but “succession of business” is a subset of “transfer of business.” What I mean by this, is that “transfer of business” can occur in many circumstances: The last bullet-point would address “succession of business”. If the business owner was smart and planned ahead, the groundwork would have already been laid to deal with the untimely death or incapacity of the owner. This would be dealt with the proper formation documents and/or Will / estate planning. The companies would continue to operate, and employees and family would be able to manage things going forward smoothly and effectively. The unwise business owner would not have planned ahead, and instead will leave the family and business scrambling. If they didn’t even bother forming corporation or LLC (See Form a Limited Liability Company (LLC) | Law 4 Small Business, P.C. (L4SB)), then their company has died with them. The family and/or employees are no longer able to meet payroll, lines of credit freeze, vendors stop providing products or services. If there is no Will of the deceased, everything needs to be entered into probate and a personal representative assigned. This could take weeks or even months, before someone has the power and authority to act upon the business. Larry.",
Larry Donahue,How do I set up an S corp?,"This seems like such a simple question, but there are a lot of issues. I’m sorry, please bear with me. (Note: I assume you understand the requirements and limitations associated with S-Corp tax status, i.e. cannot have foreign owners, etc) First, do you already have a company and are simply trying to change its tax status? If so, then you just need to fill out IRS Form 2553 and send it in. Please coordinate with your CPA / Accountant, to make sure you’re doing this properly and in a manner that won’t complicate your circumstances within a given tax year. OR Second, do you already have a LLC and your accountant told you that you need a S-Corp, and you’re thinking you need to change from a LLC to a S-Corporation? If so, then think again. A LLC can be taxed like a S-Corp, so there is no reason (except in very limited circumstances — please consult with a tax attorney or CPA) not to simply change the tax status of your LLC. See the instructions in the First Answer above. OR Third, you have no company, and want to start up a S-Corp? If so, then . . . Good luck to you! Larry.",
Larry Donahue,What do they not tell you about forming an LLC?,"We form anywhere from 10–50 LLC’s a week, so see a lot of clients regarding LLC’s (learn more: Form a Limited Liability Company (LLC) | Law 4 Small Business, P.C. (L4SB)). Given that, what I think most folks struggle with to some extent, is that forming the LLC is just the first step in a miles-long journey. Some folks seem to have a sense of “accomplishment” after they’ve formed their LLC, and become frustrated to learn there is so much more to not just establish their business, but to maintain it going forward. Here is a general list of what else you need to do, when forming a LLC: Establishing Your Business: *Whew!* There are many more steps, if you think about it, depending on your business (i.e. getting a place to rent, utilities, workmans’ comp, creating a website, etc, etc), but the above are must-haves for just about all businesses. Good luck to you. Larry.",
Larry Donahue,"From a legal standpoint, what do I need to do to get my business set up? Do I need to file for an LLC? When do I do this step, before I start selling or after I see some sales coming in?","The steps you should take are as follows, in the following order: The LLC is first, because the LLC is the one that should be doing business, not you personally. I like to analogize it to having a child. If the child is going to be doing business, it’s important to have the child first before the child can conduct business. Same thing for a LLC. It’s very inexpensive (see Form a Limited Liability Company (LLC) | Law 4 Small Business, P.C. (L4SB)). Also, if you care about anonymity (or even think you may care), now is the time to do it, before you release your name to the Internet at large. I cannot tell you how many clients call me, asking if it’s possible to put the proverbial genie back in the bottle (answer is no, it’s not possible). So, if you even think anonymity is important, it’s critical you set it up properly before doing business. Learn more at Maintain Your Privacy With an Anonymous LLC | Law 4 Small Business, P.C. (L4SB). Finally, once you have the corporate structure setup, you can then “start selling stuff,” but under the name of the LLC. Good luck to you! Larry.",
Larry Donahue,"For a real estate investor considering llc versus relying on umbrella insurance, what kinds of coverage exceptions on umbrella policies are typical that can cause significant depletion of owner assets?","This is a very complicated topic, and I hope some of our business insurance agents (and underwriters) will weigh in on this. From my experience, problems with insurance include: There are other problems, but those are the big ones I seem to encounter with my clients. What I tell everyone, is that managing liability is sort of like birth control. There is no 100% effective method (short of not investing in real estate at all). You shouldn’t rely on just a LLC, nor should you just rely on insurance. LLC’s are so darned inexpensive (See Form a Limited Liability Company (LLC) | Law 4 Small Business, P.C. (L4SB)), why would you risk it? Finally, if you set the LLC up properly, you can also benefit by a degree of anonymity (i.e. you can own real estate without disclosing your personal information). Some real estate investors like this for a variety of reasons, including preventing from being harassed or a target. Learn more: Maintain Your Privacy With an Anonymous LLC | Law 4 Small Business, P.C. (L4SB). Good luck to you. Larry.",
Larry Donahue,What's the benefit of forming an LLC for a microbusiness?,"I always tell people there are 5 primary reasons / benefits to incorporate (or organize, if we’re talking about a LLC): Most microbusinesses can stand to take advantage of those 5 benefits, and with forming a LLC being so inexpensive (See Form a Limited Liability Company (LLC) | Law 4 Small Business, P.C. (L4SB)), it makes very little sense to not form a LLC for your business. Let me chat briefly about these benefits: Good luck to you. Larry.",
Larry Donahue,What document do I need to change who the sole member of an LLC is?,"The answer depends on the circumstances: If #1, then you really need a “Purchase Agreement” to reflect exactly what’s going on (i.e. who is buying what for how much?). There could be significant tax implications to you (and the purchaser), depending on where you take this. Aside from the “Purchase Agreement,” you also need to: Sometimes, if the company has not assets, credit or other value, folks will simply dissolve the LLC (after taking care of any liabilities) and start a new LLC. Sometimes that’s the easier approach, believe it or not. Good luck to you. Larry.",
Larry Donahue,"If a mechanic hires a tow truck to move a client's vehicle and the tow company causes damage, is it the business or the tow company that is liable to the client?","The short answer is both are liable. The longer answer is complicated, as there are several legal doctrines influencing liability. The business hiring the tow company is liable for the harms of its agents (i.e. the tow company) under the laws of Agency. The towing company is liable due to its negligence. Who pays for the lability will depend on the nature of the arrangement / contract between the business hiring the tow company and the tow company itself. In an ideal world, there would be an agreement of some type, indicating who is responsible for damage, who carries insurance, who indemnifies whom, etc. Further, both the mechanic and the tow company would hopefully be incorporated (either a Corporation or LLC), to help limit personal liability of the owners of the company. Forming a company, such as a LLC, is very inexpensive and it’s just not worth conducting business (and handling other people’s stuff, such as a car) without incorporating. Learn more at Form a Limited Liability Company (LLC) | Law 4 Small Business, P.C. (L4SB). Liability protection is sort of like birth control. No one method is 100% effective, so it’s best to use multiple methods. Insurance alone, will not suffice — for example, insurance won’t cover intentional acts and exclusions on the policy. Larry.",
Larry Donahue,"The owner of a vacation property has liability insurance and rents the property out without a contract, how can the owner protect himself or herself in the event of a mishap?","Such an owner would be wise to quickly change his ways. I would recommend, (1) forming a LLC to at least own the property and serve as the landlord for rentals, (2) getting a contract in place, and (3) making sure the “liability insurance” is actually the right type of insurance for what he’s doing. Larry.",
Larry Donahue,"If a person wants to form a small business and their Certified Public accountant (CPA) advised them to form a Limited Liability Company (LLC), can they do this online? And would they need business liability insurance?","I think you should do what your CPA advises. In terms of HOW to form a LLC, you have options. Almost all states allow folks to form a LLC online either by using their web-based form or by downloading a PDF with instructions. There are many companies (including my own) that will form a LLC for you. So, you have two options: Do it yourself, or hire an Internet company to do it for you. There are pros and cons to each approach, and there are many variations of the companies that will do it for you. The advantage of doing it yourself is mostly the cost. You’re not paying anyone to do it for you. The negative, is that you will have to learn what to do and that can sometimes take a bit of work. Furthermore, the state (no matter where you file) won’t provide an Operating Agreement (which is critical for multi-member LLC’s) and they won’t help you with other aspects of forming a company. You tell them that Mickey Mouse is an owner, they will put Mickey Mouse down as an owner. Finally, there are some things that are just impossible doing it yourself (i.e. forming an Anonymous LLC), because by definition you need a third-party to be your organizer and registered agent. Conversely, hiring someone to form your LLC for you will provide some level of peace-of-mind and simplicity. They will provide some template documents, and they can provide additional services that may be important to your business (i.e. Registered Agent services). With that said, when you hire the “cheapest” company to help you, they are often not adding much value to the process, other than already knowing what to do. The absolute best company to hire would be your local business attorney or law firm, but they will also be the most expensive. The next best would be law firms who provide these services online (like my company, see Form a Limited Liability Company (LLC) | Law 4 Small Business, P.C. (L4SB)). After that will be your typical unlicensed legal provider, such as legalzoom and the others. Last on the list are individuals who are doing formations online, because they can make a quick buck. Factors that you should consider, when thinking about hiring a company to help you form a LLC are: As it relates to business liability insurance, depending on the type of business you have, you may need to consider: I strongly recommend you consult with at least TWO local business insurance agents (with good reputations) to see what they say. Good luck to you. Larry.",
Larry Donahue,"If you are a freelance contractor, is it preferable to be a limited liability company (LLC) or an independent contractor?","Hi, there. A limited liability company (or LLC) is not mutually exclusive to independent contractor. They are actually two different concepts. An independent contractor is an employment status that depends on a number of factors as determined by the IRS (and your home state, which can be somewhat different from the IRS factors). You can learn more about the IRS factors, in what determines classification between an Employee and an Independent Contractor: Employee or Independent Contractor? Know the Rules. Note that having a LLC or not can be used to argue independent contractor versus employee, but it’s not a sole determining factor. A LLC is an entity type (versus an employment status), and provides benefits over just being employed as yourself (called a sole proprietorship). The benefits include liability protection, some tax advantages, survivability and flexibility with partnerships in the future, if that’s ever in the cards for you. Setting up a LLC is easy and inexpensive. You can learn more using the following link: Form a Limited Liability Company (LLC) | Law 4 Small Business, P.C. (L4SB). Good luck to you. Larry.",
Larry Donahue,Can I still write off business expenses even if my LLC is resolved?,"Do you mean “resolved,” or “dissolved?” If “dissolved,” the answer is probably no, although there are some timing issues involved. You should definitely consult with a CPA on what you can and cannot do. What’s important to understand, is once your company is dissolved, it’s as though it doesn’t exist. If you’re still doing business under your LLC, what is really happening is you are performing activities as either a sole proprietor (if there was one owner previously) or a partnership (if there were more than one owner previously). It’s dangerous to be working under a LLC when it’s dissolved, because everything becomes very uncertain and it gives bad actors / others with mal-intent, to go after you in ways that are difficult to predict.",
Larry Donahue,Where can I find a partnership contract template for flipping properties? What must be included in the contract if everything will be 50/50?,"Hi, Erica. I would strongly discourage you from doing a partnership for buying and flipping properties. The reason is, you have absolutely no liability protection whatsoever, and that’s sort of a big deal in what you’re doing. Worse, if your partner does something wrong in furtherance of the partnership (i.e. gets into a car accident on the way to a meeting), you can be personally liable for the acts of your partner. I wrote another Quora answer related to this topic, and I would recommend you read it. It’s located here: I have multiple rental properties, should I apply for an LLC? I know you’re flipping properties, versus renting them out, but you do have similar risks (i.e. when rehabing, taxes, etc). For you, there are three primary benefits when setting up a formal LLC instead of a partnership: Good luck to you. Larry.",
Larry Donahue,"If I gave someone 25% of my LLC, what rights do they have and can I make them a silent partner?","If you gave someone 25% of your LLC, hopefully you will have an Operating Agreement that meets the needs of your newfound partnership. You can certainly make someone a “silent partner,” although it will take some doing to create two tiers of ownership in the Operating Agreement. Other things to consider are: The answer to your question, “what rights do they have,” really depends on what you put in the Operating Agreement. With the Operating Agreement, you can indicate what rights they do and do not have, so the answer to this question is flexible. What I will say, is that no matter what you do, they do have some form of “minority rights,” such that if the majority is making decisions that positively impact the majority to the detriment of the minority, the minority could have a potential cause of action. So, you really want to be careful about what rights you will (and will not) give to the silent partner. There are a lot of issues regarding the silent partner, and they will hinge on exactly what you’re trying to accomplish. This is definitely where you should consider talking to a good business lawyer (in the state you do business), to help you figure out how to approach this.",
Larry Donahue,Can the 51% shareholder of an LLC make and carry out decisions independent of how the 49% member wants to do things?,"There are several different aspects to this question. First, the power to make decisions are going to be in the Operating Agreement (if there is one), and if there is no Operating Agreement, then whatever the statute says (in the state where the LLC was formed). This is important for two reasons: What I mean by this, is the Operating Agreement defines powers and what requires (and doesn’t require) a vote. The Operating Agreement will also dictate whether a vote requires a majority or unanimous vote. It’s possible some decisions require a majority vote, while other decisions require a unanimous vote. It just depends on the Operating Agreement (or statute). Second, regardless of what the Operating Agreement says, you need to know that many states have protections for “minority owners.” Every state is different, but in general, if a majority owner makes decisions that positively impact the majority owner to the detriment of the minority owner, the majority owner is going to create potential liability for him- or herself. This is a real problem for majority owners, because what constitutes “negatively impact?” I’ve had clients get continually harassed and sued by minority owners, claiming everything they did was positively impacting the majority owner as against the minority owners. It’s hard to give you absolute rules here, but an egregious example would be modifying the Operating Agreement to specifically benefit the majority owner, such as allowing the majority owner to put in an anti-dilution clause for the majority owner, that doesn’t apply to the other owners. If you’re thinking about forming a LLC, and how to set it up properly, then this would be a great example of why you should have a lawyer or law firm do your LLC (versus the other guys who are not licensed attorneys). Our firm has a low-cost, flat-rate price that’s about the same as “the other guys,” and we’ll help you figure out the best way to handle this. You can learn more here: Form a Limited Liability Company (LLC) | Law 4 Small Business, P.C. (L4SB). Thank you Larry.",
Larry Donahue,I need an umbrella company for my solo business projects. Which service should I use to incorporate a Delaware corporation?,"Law 4 Small Business, P.C. (L4SB) provides corporate and LLC formation in all 50 states, including Delaware. The difference from L4SB versus “the other guys,” is the accessibility to attorneys and the attorney-client privilege and confidentiality that comes with the service. For about the same price as “the other guys,” you’re going to get a superior service. You can learn more here: Form a Limited Liability Company (LLC) | Law 4 Small Business, P.C. (L4SB) For some disclaimers: We’re not licensed in all 50 states, so cannot provide legal advice in the stats we are not licensed. Also, attorney-client privilege and confidentiality is not absolute — if you’re counting on it, make sure you talk to us first. Thank you. Larry.",
Larry Donahue,Is it too late to register my brand as an LLC if I have already sold product? Will I be sued?,"Never too late to switch your business to a LLC. It’s not very expensive to form your LLC (learn more: Form a Limited Liability Company (LLC) | Law 4 Small Business, P.C. (L4SB)). What’s more expensive — or a pain-in-the-butt — is all the other activities you need to do to switch to a LLC. That is, you really move your business over to the LLC. I tell clients to think of it as having a child, and that child will be conducting business - but because it’s a child, you’ll need to supervise everything and sign contracts on behalf of the child. This means the LLC needs its own bank account, FEIN, merchant account, vendor relationships, etc. If you have a website, e-Bay account, Amazon account, PayPal account, social media accounts, etc, etc, you must switch all those accounts over to the LLC as the owner. Some organizations may not let you switch owners, but you may be forced to actually open new accounts and close the old accounts. Make sure you do this — and do not take the “easy road” by putting it off. Banks, for example, may want you to open a new account, because there is now a FEIN (instead of your SSN). Make sure you do this, because banks will issue 1099-DIV’s or other tax documents, and you want to make sure those tax documents are in the name of the LLC. Good luck to you. Larry.",
Larry Donahue,How do LLC members get paid?,"This is an excellent question, and the very quick answer is: However your CPA recommends. The longer answer is: Your LLC can pay its members in a number of ways: Larry.",
Larry Donahue,Is it normal for someone to start an LLC and then start several LLC's under the original LLC?,"Yes. The “original LLC” will typically act as a “Holding Company” and not actually operate. The advantage is that such a company can be located in a tax advantage (and/or anonymous) state, without having to register as a foreign LLC elsewhere. Then, the sub-LLC’s that are owned by the original LLC, can be operating companies registered in whatever state they are actually operating in. Such sub-LLC’s will be considered “disregarded” for tax purposes, and their profits and losses will flow-up to the original LLC, which is then taxed in the aggregate. We do this frequently for folks, primarily to maintain anonymity but for other reasons too. It just depends on the specific and unique facts and circumstances of a client’s business. We have an entity selector tool, that’s AI-based, that helps folks figure out the right way to organize under a LLC. It is very sophisticated, and will recommend parent/child structures in certain circumstances. It only takes a few minutes, if you’re interested. It’s located here: Business Entity Selector Tool | Law 4 Small Business, P.C. (L4SB). Larry.",
Larry Donahue,"I have multiple rental properties, should I apply for an LLC?","Let’s put it this way: As an attorney, I’ve had clients with rental properties where: So, here’s a test: Which of the above may not be covered by insurance? If you guessed #2 and #4, you’d be right. Why? Because insurance will not cover “intentional acts.” The fact-pattern in #2 was unfortunate: The electrician hired wasn’t licensed, insured or bonded. We had to fight the insurance company on this, even in the face of evidence showing the electrician lied about being licensed, insured and bonded on his website. The fact-pattern in #4 was also unfortunate. Turns out the the contractor’s labor didn’t lock the gate on their way out one evening. Insurance was also declined, although they agreed to pay for defense. Insurance isn’t the end-all, be-all for proper liability protection. Even in instances that are difficult to predict or outside your control, you run the risk of insurance attempting to decline coverage claiming some sort of exclusion or intentional act. When you’re renting property, by definition you have other third-parties on your property that you cannot always predict or control their behavior. So, for all the answers that recommend any form of “partnership” or sole-proprietorship, they are speaking purely from a tax perspective and not considering the possibility of a catastrophic event. What do prudent owners of rental properties do? They do the following: Seems like a bit much, but this is all structure. From a tax perspective, all the sub-LLC’s (i.e. Property LLC’s and Property Manager) are solely owned by the Umbrella Company, which means they are “disregarded” for tax purposes. All their profits and losses flow up to the Umbrella company, and you deal with income taxes at that level. [Thank you to Michael Crowe for this:] Some states such as California, require separate tax returns and an $800 minimum tax. So, be sure to talk with a local CPA / business lawyer to make sure you’re doing everything correctly. This structure then provides tremendous liability protection, anonymity, flexibility and scalability. Good luck to you. Larry.",
Larry Donahue,As a musician/producer should I start an LLC?,"The question is, are you going to be “conducting business?” As a producer, I assume you will be. If you mean “producing music” for the fun of it, without actually dealing with all the business aspects of production (i.e. copyrights, licensing, distribution, etc), then you may not be “conducting business.” Asking yourself about “Conducting Business” is important, because a limited liability company (or LLC) is primarily used for operating a business (it can also be used for other things, such as holding assets), but that’s about it. If you’re not going to be conducting business, then I think forming a LLC is really not going to be very beneficial. There are other considerations here, including intellectual property ownership (i.e. copyrighting, licensing, etc), taxes and the scope of your business. We do have an “Entity Selection Tool” that is AI-based, includes things like anonymity, Trump’s 2017 Tax Reform Act and much more. It does assume you are “transacting business,” however, and doesn’t help you decide whether that’s an issue. You can try it out here: Business Entity Selector Tool | Law 4 Small Business, P.C. (L4SB). I will say, if you’re going to go forward with a LLC, I would recommend you form a relationship with a good law firm who knows intellectual property and entertainment. There are many good law firms out there, including ours who can provide a very cost-effective LLC formation for you — and then help you with the other issues associated with music production. You can learn more, see pricing and order from us using the following link: Form a Limited Liability Company (LLC) | Law 4 Small Business, P.C. (L4SB). Good luck to you. Larry.",
Larry Donahue,Which states are best suited for incorporating (S) as an individual contractor?,"The big question is: Where will you be “transacting business?” Whatever state (or states) you answer, will need to be at the top of your list. The reason is, states require you register your company in the states you do business. Now, you said you’re going to be an individual contractor. I’m not sure if that means “construction” / “general contractor”, or “independent contractor” (as in 1099, not W-2 employment). If Construction / General Contractor: I would recommend the state that’s best suited for you, is the state you will provide services. If Independent Contractor: Then, my recommendation is as follows (in the following priority): There are many complexities here that would throw off my recommendations above. For example, if you wanted anonymity, then you need to think about a few more issues (learn more: Maintain Your Privacy With an Anonymous LLC | Law 4 Small Business, P.C. (L4SB)). Most folks seem to overlook two things, when considered WHERE to form their company: (1) That where you are a resident or “conducting business” plays a very strong influence on where you should form your company. (2) While DE and WY are great states to form your company, doing so will not remove the obligation to form or register in your state of residence or where you’re actually doing business. Folks that are “doing business online” still have issues with their state of residence, and if you have a W-2 employee somewhere (including yourself), a base of operations, a retail location, a warehouse, or most of your customers, you are doing business in that state. Goos luck to you. Larry.",
Larry Donahue,"You win lottery but want anonymity, so you create an LLC. Do you sign ticket with your name or the name of the LLC?","You need to be very careful about this, because while you can certainly create an Anonymous LLC (DE, NM & WY are the most popular — note that NV no longer permits anonymity), the question isn’t one of LLC law but of your state’s particular laws around the lottery. Most states only permit individuals, not companies, to enter and participate in the lottery — therefore a LLC wouldn’t be entitled to collect/win a lottery, because it wasn’t permitted to participate in the first place. If you sign the LLC on the back of your lottery ticket, you could run the risk of invalidating the ticket and/or your personal claim to the winnings. Now don’t get me wrong, my company sells lots of Anonymous LLC’s (learn more: Maintain Your Privacy With an Anonymous LLC | Law 4 Small Business, P.C. (L4SB)) and I’d love to sell you an Anonymous LLC too. But, for the right reasons. Anonymous LLC’s are great for: There are many legitimate, legal, necessary reasons why folks would form an Anonymous LLC. To collect lottery winnings anonymous is not one of them. If you should be so lucky as to win the lottery, what you need to do is hire an “asset protection” lawyer right away — in your local jurisdiction — and let him or her figure out how to collect your winnings. If he or she decides an Anonymous LLC is the right thing, well then, you know where to go to get started. :-) Larry.",
Larry Donahue,What is the best way to structure an anonymous LLC in Arizona?,"Arizona doesn’t permit anonymity, but there is a way around this. It’s basically a “parent/child” setup, where you form an AZ LLC as your Operating Company, and instead of you owning the AZ LLC, you form a second LLC as a Holding Company. This second LLC should be an “Anonymous LLC,” which is simply a regular LLC filed carefully in a state that does permit anonymity, such as DE, NM or WY. Then, you own this second LLC. The structure looks like this: YOU → (own) an Anonymous LLC as a Holding Company → (which owns) a regular AZ LLC as your Operating Company This is how you do it. There are some caveats. First, each LLC needs its own registered agent. Second, each state requires you publish a “physical mailing address” for the company — and AZ requires that such an address is located in AZ. So, you’ll need to figure that out because this address is publicly disclosed. A UPS box (with a street address) will work. You just cannot use a PO Box. You can also use the AZ address for your Anonymous LLC in DE, NM or WY. Note that this strategy works for all states that do not support anonymity, except for OR. OR has passed some stringent laws that do not permit a CMRA (a UPS Box or other virtual mailbox) to be used as a physical mailing address for company filings — you need to actually rent some physical location in OR. We do this for folks all the time. We have an “entity selection tool” that is AI-based, that takes into account all sorts of factors, including anonymity and Trump’s 2017 Tax Reform Act. Only takes a few minutes: Business Entity Selector Tool | Law 4 Small Business, P.C. (L4SB). Good luck to you. Larry.",
Larry Donahue,Is Florida a good state to file a non-resident alien owned LLC?,"Not really, unless you’re transacting business in FL. My suggestion, all things being held equal, would be Delaware or Wyoming. No taxes or tax filings to worry about — even if you don’t have a tax obligation due to your non-resident alien status, you may have a reporting requirement (except in DE and WY). Also, their laws are fairly progressive and most other companies are using to doing business with DE and WY companies. With that said, if you know you’re going to be doing business in a particular state, then you may want to consider registering in that state — because it’s required. You can either file in the state you’re doing business, or form elsewhere and then file that LLC as a “Foreign LLC” in the state you’re doing business. It’s an extra step that rarely is worth it. You can learn more and see pricing on LLC’s by going to the following link: LLC Formation | Law 4 Small Business, P.C. (L4SB). Thank you. Larry.",
Larry Donahue,Should a contractor create an LLC (I work in the software engineering industry)?,"Probably. LLC’s provide 4 general benefits: Liability protection, tax savings, flexibility with partnerships and survivability. Of course, the last two items may not be important to you, if you don’t see your company growing or you bringing on others to help with your business. The first two, however, are pretty significant. You can have liability in ways you cannot even imagine. Clients could ask you to do something that ends up violating a patent or other third-party intellectual property right. A LLC could help protect you personally from liability. Similarly, I know folks who do everything their accountant/CPA tells them, and a state government ends up disagreeing and going after someone years later. The cost of setting up a LLC is pretty minimal, and the benefits are pretty significant. Therefore, I could not recommend not using a LLC when conducting just about any form of business. Of course, we do setup a lot of LLC’s for folks, especially in the IT sector. You can learn more, see pricing and even order with the following link: Form a Limited Liability Company (LLC) | Law 4 Small Business, P.C. (L4SB). Note that some folks have unique needs. We wrote an AI-based “entity selection tool” that helps folks decide what to do and what to form. It even takes into account Trump’s 2017 Tax Reform Act. Only takes 5 minutes or less, if you’re interested. Start here: Business Entity Selector Tool | Law 4 Small Business, P.C. (L4SB). Thank you. Larry.",
Larry Donahue,Are incorporation papers what you file when you are trying to get your company incorporated?,"Incorporation papers is a legally ambiguous term, but usually means “all the paperwork needed” to properly form your company. And you only need “some” of that paperwork to file when you incorporate. Typically, the only document that needs filing are the “Articles of Incorporation,” but you could need other documents depending on the circumstances and issues. For example, if you’re going to have a third-party act as a Registered Agent, you will generally also need a “Statement of Acceptance of Appointment by Designated Initial Registered Agent” (depending on the state). Additionally, you may need to file an initial report (in some states). Examples of paperwork you would NOT file to get your company incorporated, but are nonetheless needed to properly form a corporation would include Bylaws (at a minimum), shareholder agreement and buy-sell agreement. This is why it’s typically worth spending a few bucks to have a professional setup your company properly — especially if you have other owners. We help clients file LLC’s (learn more: Form a Limited Liability Company (LLC) | Law 4 Small Business, P.C. (L4SB)) and Corporations (learn more: Form a Corporation | Law 4 Small Business, P.C. (L4SB)). Good luck to you. Larry.",
Larry Donahue,"Corporation, or LLC?","It really depends on a number of factors, including tax preferences related to Trump’s 2017 Tax Reform Act. Corporations are more formal, and have a board of directors and officers. LLC’s are the opposite: Less formal, no board of directors (by default, but you can setup a board with a LLC if you want). Corporations (taxed under Subchapter C) can become public companies. LLC’s cannot. Some professional licensures require corporations over LLC’s, but that is becoming less and less so. Likewise, if you want to get VC funding, some VC’s prefer corporations, but again, that is becoming less and less so. We have a AI-based system that asks you questions to narrow down your choice of options. It may help you decide, and only takes a few minutes: https://www.l4sb.com/business-entity-selector-tool/. Larry.",
Larry Donahue,Is a contract valid if it releases a party from liability for probable injury?,"If we assume all other aspects of the contract are valid and acceptable, such as “consideration,” then such a contract would not be invalid simply because it releases a party from liability for probable injury (sorry for the use of a double-negative here). Contract law is a very complex area of law, and believe it or not, there is a distinction between a contract being valid but unenforceable versus invalid on its face (i.e. voidable versus void contracts). I would argue simply releasing a party from liability for probably injury does not make a contract void simply because of the fact that it releases a party from liability for probable injury. You COULD have a VOIDABLE contract, if there were other deficiencies in the contract, but such deficiencies aren’t dependent or related to the issue of releasing a party from liability for probably injury. Such deficiencies could include: lack of consideration, undue influence, coercion or threats, party lacks capacity, etc. This is a good question, and is why we recommend business leaders never sign contracts without getting a lawyer involved. The legal issues can be very complicated and the results surprising. We have a low-cost, flat-rate fee of $20/page to review contracts if you’re interested. Learn more here: Landing Page: Flat-Rate Contract Review | Law 4 Small Business, P.C. (L4SB). Thank you. Larry.",
Larry Donahue,Is it worth it to register my small business name with the trademark office?,"I think all the answers I’ve read so far are good. What I wanted to say is that I’ve seen instances where an entrepreneur gets started with a unique name, and does well for him or herself. Then, a few years later, they find out that someone else is using their name and started after they did. But, that someone else went and registered a trademark with the name before the original entrepreneur did. Now, we have a problem. In Europe and many other countries, whomever is FIRST TO FILE wins. In the United States, it’s FIRST TO USE. However, it’s an expensive fight to win. What would cost you a few hundred dollars to register now, ends up costing many thousands of dollars (depending on how hard the other side puts up a fight — and most do put up a fight) to seek cancellation of the other mark. For the low cost of registering a trademark, I always recommend doing in ASAP to avoid a larger expense and fight later. It’s very cost-effective. My firm has a low-cost, flat-rate fee. We’re not quite as low as the other companies, but close — ours is a bit more expensive because we have actual trademark lawyers working on the filing which increases the chances of it going through successfully. You can learn more, see pricing and order from us at the following link, if you’re interested: Trademark Registration - Register and File Your Trademark Online | Law 4 Small Business, P.C. (L4SB). Good luck to you. Larry.",
Larry Donahue,"I want to start my own video production company. I have a website and I get clients, do I have to register my company?","Do you **have to register your company?** The quick answer is “no,” as all states permit individuals to operate as a “sole proprietorship” (assuming you’re the only owner). However, did you know that video production is actually a risky business? Why? Because you have a lot of potential liability that can attach to the company, and therefore you personally — if you’re operating as a sole proprietorship versus a properly formed company. The biggest liability comes from third-party liability associated with copyright infringement or invasion of privacy. The copyright problem comes from several angles. First, a client asks you to include specific photos, music or video in a production. If the client doesn’t have a right to this material, you can be liable to the third-party (even if it’s material provided to you by the client). Second, if you’re doing a photo shoot and capture some background music or wall pictures, you could be subject to copyright infringement of those copyrighted objects. Third, I’ve seen clients come back and sue the production company, because the clients said they were expecting the production company to deal with the licensing or otherwise “produce around” copyrighted objects. The invasion of privacy issue comes around, simply because you’re included the likeness of a third-party without their permission. No proper release or permissions. This can even happen from — again — client supplied material. What are the chances you can have a problem with the above? No clue. Depends on the nature of your business, your clients and your level of luck. If you do have a problem or complaint against you, I can tell you that it will cost thousands of dollars to defend yourself, usually with a claim of at least $10,000 or MUCH MORE. You will wish you had a company that you could potentially walk away from versus having to fork out thousands with no sure chance of winning. My advice for the reasons above, is not to roll the dice. The price is very cost-effective for the liability protection that is provided. You can learn more, see pricing and order using the following link from my company, if you’re interested: Form a Limited Liability Company (LLC) | Law 4 Small Business, P.C. (L4SB). Thank you. Larry.",
Larry Donahue,Do I need a lawyer/accountant for creating an LLC?,"Technically, you do not need a lawyer or accountant for creating a LLC. However, if any of the following statements are true for you, I would strongly recommend you do hire a lawyer and/or accountant to help you: If any of the above relate to you, then I would recommend you consider accountants and/or attorneys to help advise you. You’d be surprised how many folks run into trouble with poorly formed companies years after forming their companies, because of the complexities of business. Larry.",
Larry Donahue,What is the best place to incorporate for a startup SaaS company?,"I don’t think you should just assume Delaware right off the bat. If you are doing sufficient business in your home state, that you would be legally required to register your company in your home state? If so, then you should probably just register your company in your home state. This will be far more cost-effective and you will derive very little benefit for being registered in Delaware. We have an AI-based entity selection tool that may help you, that includes all sorts of factors including Trump’s 2017 Tax Reform Act. It may help you: Business Entity Selector Tool | Law 4 Small Business, P.C. (L4SB). Larry.",
Larry Donahue,Do I need to be incorporated in other states if I am incorporated in New York?,"Maybe. Are you either “transacting business” or “purposefully availing yourself” in another state? What does that even mean? Unfortunately, every state has its own definition of what that means. In general, if you . . . . . . you are probably doing business in that state. When you are doing this, then you need to: Larry.",
Larry Donahue,"I am an consultant, and I am planning to form an LLC. Since I do not have physical location for doing business, can I file an LLC that is outside my current state of residence?","With all due respect to the other answers thus far, they are not entirely correct. First, some states say you are doing business in your state of residence, simply because you own a business and you are a resident of that state. California is an example of such a state. You should really investigate this. Some states work with the IRS to figure out who isn’t properly registering, and they will eventually come after you (with penalties and interest). Second, ask yourself, if you’re going to find yourself in a lawsuit, where would you like that lawsuit to take place? Most folks will answer this question by saying “where I live”. The state where your LLC is formed will give you a sufficient nexus to force jurisdiction and forum requirements in a contract. Larry.",
Larry Donahue,What are best practices when it comes to registering an LLC?,Great question! I would recommend you ask yourself the following questions: Those are the big ones in my mind. Good luck to you. Larry.,
Larry Donahue,What is the point of creating a Wyoming LLC if I still have to register as a foreign entity in my own state (NY) and if I get sued NY laws will apply instead of Wyoming?,"GREAT QUESTION! I get this all the time. The quick answer is there is NO POINT in forming in another state, when you’re doing business in your home state. You still need to register that entity in your home state, and therefore you are exposed to taxation in your home state. There is ONE exception to the above paragraph: If you want to do business anonymously. If you wanted to run a business anonymously in NY, then you would form a WY LLC not as an operating company but a holding company. It’s purpose would be to own a NY LLC. Such a structure wouldn’t help you with taxation (wouldn’t hurt either), but simply help you operate a NY LLC anonymously. Learn more: Maintain Your Privacy With an Anonymous LLC | Law 4 Small Business, P.C. (L4SB). Larry.",
Larry Donahue,What are the best resources for determining the best way to incorporate a start-up tech company with two principals and no employees (short of hiring an attorney or accountant)?,"We wrote an AI-based “entity selection tool” that is quite sophisticated. It’s actually comprised of almost 100 questions, but it doesn’t ask you all those questions. It removes irrelevant questions as you move down the question-tree, which means it can make recommendations sometimes after only 4–5 questions (believe it or not). It considers anonymity, Trump’s 2017 Tax Reform Act, state of residence, employees, tax preferences, nationality and more. You can try it out here: Business Entity Selector Tool | Law 4 Small Business, P.C. (L4SB). Larry.",
Larry Donahue,Who is the best registered agent for California?,"The absolute best registered agent for California will be your California business attorney. If you don’t have one (and I don’t have anyone to refer you to, I’m sorry), the next best option is an attorney that can provide registered agent services in California. Why? Because only an attorney can: We do this. I’m only located in New Mexico, but we offer registered agent services throughout the country by reselling one of the other national brands. This puts an attorney “in the loop” and you get all the benefits above. You can learn more, see pricing and order here: Business Attorney Registered Agent Service | Law 4 Small Business, P.C. (L4SB). Note that if you want an Anonymous LLC, you cannot be anonymous in CA. You need to have a third-party register a local CA LLC, and then setup a parent LLC to own the CA LLC (this is what we call an Anonymous LLC: Maintain Your Privacy With an Anonymous LLC | Law 4 Small Business, P.C. (L4SB)). I will say, if you are located in CA with a CA address, you can be your own registered agent. The obvious benefit is the reduced cost. The negative is that folks can look you up and see who you are. Good luck to you. Larry.",
Larry Donahue,Is it prudent to set up a LLC for rental properties?,"I believe it’s not only prudent, but a necessity. I’ve had clients with rental properties that have experienced (and I’m not exaggerating one bit) murders, children sneak onto the property and get electrocuted by exposed wiring, fires killing tenants and cars driving right through the building and injuring folks inside. One of the greatest values of a LLC is “liability protection” which means if there is a catastrophic event to an asset within the LLC (i.e. some of the experiences above), only the assets of the LLC are exposed to liability. Your personal assets, home, other properties are not exposed. An LLC isn’t the only thing you need, of course. You should also have “landlord insurance” on top of your “casualty insurance”. Insurance is great, even an umbrella policy. But, insurance won’t cover “intentional acts.” What is an intentional act? Well, the insurance company will determine that, and I’ve seen insurance companies deny coverage because someone hired an unlicensed and unbonded electrician (not the fault of my client, because the electrician lied about his license — but the insurance company still denied the claim of an electrical fire). As it relates to LLC’s and rental properties, there are some things you need to know: If the LLC is only holding property, and not going to be the property manager or act as a landlord (either because you’re hiring a third-party property manager or you’re going to form a different company to be the property manager), then I would recommend forming an Anonymous LLC to give you the additional protection only an anonymous LLC can give. Form in Delaware, New Mexico or Wyoming. You do NOT need to foreign file this LLC in your local state (where the property is located) because you’re not transacting business in the state (just holding property). See Maintain Your Privacy With an Anonymous LLC | Law 4 Small Business, P.C. (L4SB). If the LLC is going to be the landlord too, then it’s acting as the property manager and it will be conducting business in the state where the property is. In this circumstance, then I recommend a local LLC (i.e. if you’re located in TX, then form a TX LLC) to own the property. Do you care about anonymity? Then, instead of you owning the local LLC, form an Anonymous LLC to own the local LLC. This will help you with a rental property in almost all states, to remain anonymous as well as give you the liability protection of a LLC. You need to form the Anonymous LLC first, then you need to have someone help you with the local LLC (to keep your name off of it). We do both, of course. Use the anonymous LLC link above, and you can learn more about our LLC’s here: Form a Limited Liability Company (LLC) | Law 4 Small Business, P.C. (L4SB). Larry.",
Larry Donahue,Is LLC or Scorp better for ecommerce?,"The other answers are good, but it turns out that Trump’s 2017 Tax Reform Act did tilt the scales a bit towards Corporations (taxed under Subchapter S) versus LLC’s (again, taxed under Subchapter S). We have an AI-based system that helps folks decide what company to pick: Business Entity Selector Tool | Law 4 Small Business, P.C. (L4SB). Specifically, you may be able to take advantage of additional tax savings as a Corporation (versus a LLC) if you are a sole owner, wanting pass-through taxation, and you will be paying yourself a salary / wages. Please seek advice from a qualified CPA or accountant to help you understand the specifics of your financial circumstances. Thank you. Larry.",
Larry Donahue,Can an LLC be designated as the managing member of another multi-member LLC?,"We do this quite frequently for our clients, and the answer is generally yes for most states (I’m not aware of any that prohibit this, but I am notice licensed in all states). This can be useful if you’re trying to conduct business in a state that requires disclosure of owner or manager information, and you wish to prevent your personal information from being exposed on the Internet. We call this an Anonymous LLC (See Maintain Your Privacy With an Anonymous LLC | Law 4 Small Business, P.C. (L4SB)). It works like this: YOU → (own) a Anonymous LLC as a Holding Company → (which owns) a Local LLC as an Operating Company It’s best the holding company (owns) the operating company. The holding company can also manage the operating company, but it’s best to make the holding company the owner. Larry.",
Larry Donahue,How easy is it to open an LLC?,"It’s very easy to open a LLC, especially since there are many good companies who can do it for you (including my law firm, see Form a Limited Liability Company (LLC) | Law 4 Small Business, P.C. (L4SB)). The bigger question is, are there any issues that might impact how (or what type) of LLC to open? For example, It is easy to open a LLC, but it takes a bit more work making sure you form your LLC properly, given your unique circumstances. We do have a smart, AI-based entity selector that even factors in Trump’s 2017 Tax Reform Act to help you, if you’re interested. It only takes a few minutes: Business Entity Selector Tool | Law 4 Small Business, P.C. (L4SB). Good luck to you. Larry.",
Larry Donahue,Why would an individual switch and reorganize from a sole proprietorship to an LLC?,"Incorporating (or Organizing, as it’s called when talking about LLC’s) provides advantages when operating a business, versus operating as a sole proprietorship or partnership. Those advantages are primarily liability protection, some tax advantages, survivability (in cases of death or incapacity) and flexibility. Liability protection is perhaps the biggest advantage, and there is liability everywhere that most folks in business cannot fully appreciate. I’ll give you a few examples: And, given how inexpensive it is to setup a LLC, it’s basically an easy decision from where I sit. Learn more: Form a Limited Liability Company (LLC) | Law 4 Small Business, P.C. (L4SB). Good luck to you. Larry.",
Larry Donahue,Does a fiancé have any legal right to a house that was purchased with just the other partner's name on the mortgage?,"Depending on the facts, the fiancé could have an argument to some portion of the proceeds of the house. Did he or she contribute to paying the mortgage or spend any other money on the home?",
Larry Donahue,My friend is thinking about switching from an Sole proprietorship to an LLC or S Corp? He’s just getting started with his business. Hasn’t made any revenue yet. Is it worth making this change this early in the game?,"I think it’s always best to get an LLC early and start conducting business under it. Otherwise, if you wait to incorporate later, you have two problems. First, you need to convert everything (and I mean everything) into the name of the LLC, and that can be a pain — that includes bank accounts, merchant accounts, domain names, vendor accounts, etc, etc, etc. Second, you can open up the door to potential liability problems even when incorporated, because your delay can give a shrewd plaintiff’s attorney an opening to attempt to pierce the corporate veil by arguing co-mingling. We have an entity selection tool to help folks decide what sort of entity to form. Only takes a few minutes: Business Entity Selector Tool | Law 4 Small Business, P.C. (L4SB). Larry,",
Larry Donahue,Should I get an LLC if I am doing freelance work?,"The answer is, “it depends.” Is there a danger of being sued for a lot of money, related to your freelance work (not just from your client, but can your client ask you to do something and you potentially be sued by a third-party for some harm, like intellectual property infringement, or improper tax calculations)? If so, then it argues to get a LLC. Do you think you’ll make a significant amount of money? If so, then it argues to get a LLC and tax it as a S-Corp. Do you think the freelance work will develop an IP portfolio or other asset value over time, such that you want to protect those assets or allow the company to survive for the benefit of your loved ones? If so, then it argues to get a LLC. Do you think you may partner up with someone else down the road, hire employees, or want to obtain your own health insurance and have it be a deductible expense? You know where I’m going … it argues to get a LLC. If none of the above concerns you, then it argues the other way. We have a pretty smart entity selection tool you may be interested in, although it does assume incorporation will always be best for people (because it is — you will always have some sort of liability, whether you agree with or not). Business Entity Selector Tool | Law 4 Small Business, P.C. (L4SB) We do a lot of anonymous LLC’s for folks (learn more: Maintain Your Privacy With an Anonymous LLC | Law 4 Small Business, P.C. (L4SB)) Good luck to you. Larry.",
Larry Donahue,Should I get an LLC when just getting started as a business?,"I respectfully disagree with some of the advice I’ve read thus far. The big question is, what are you doing? Do you have any possibility of liability due to the activities of the business? Will you eventually hire employees? Can someone get hurt? Can a client / customer sue for lack of performance or some other harm? Could you theoretically miscalculate taxes and have a local taxing authority come calling? Do you need some level of anonymity? (See Maintain Your Privacy With an Anonymous LLC | Law 4 Small Business, P.C. (L4SB)) All these reasons, if you’ve answered “yes” to any of them, means you should do business under the protection incorporation (or organizing) provides. It’s not very expensive, and aside from the liability protection, it provides other benefits including survivability, cleaner partnerships and some tax advantages. Want more help choosing an entity? Check out our Business Entity Selector Tool | Law 4 Small Business, P.C. (L4SB). Larry.",
Larry Donahue,Is it possible to register a new (or second) EIN for my business after a restructuring with a name change?,"Typically, folks ask questions about FEIN’s related to “do I need a new FEIN if?” The IRS has a great document that addresses this question at: Do You Need a New EIN. You cannot have TWO FEIN’s (that I’m aware of). Depending on how you restructure may trigger the requirement to obtain a new FEIN, but you cannot use two different FEIN’s for the same company. Larry.",
Larry Donahue,"If shareholders are not liable for a companys obligations in a corporation, then who is?","It depends on the “obligations” you’re referring to. If there is some sort of criminal activity, and the “obligations” relate to being held accountable to that criminal activity, then it would be the “actors and enablers” of that criminal activity, including employees, managers, board of directors and even shareholders involved in the activity. If the “obligations” relate to some form of debt, then whomever is obligated on the loan documents would be liable, which will generally be the company itself and possibly anyone who signed as a “personal guarantee.” If the “obligations” relate to some sort of civil wrongdoing by the company, then generally just the company unless a good plaintiff’s attorney can prove they should be entitled to “piercing the corporate veil,” then if successful, the shareholders could potentially be liable. This area of the law is very complicated, and it depends on many issues and the facts / circumstances around the liability and obligations. Larry.",
Larry Donahue,What kind of LLC can I start in Massachusetts?,"I’m not sure what you mean by “kind of LLC,” but I’ll give you some pointers. You can form a standard LLC in MA. Learn more here: LLC Formation | Law 4 Small Business, P.C. (L4SB). If you care about anonymity (i.e. so ownership information isn’t disclosed), you need to a bit more work. Specifically, you need to form an Anonymous LLC as a holding company (learn more here: Maintain Your Privacy With an Anonymous LLC | Law 4 Small Business, P.C. (L4SB)), and then form a regular MA LLC as your operating company which will be owned by the Anonymous LLC. Larry.",
Larry Donahue,Is there a way to hide your identity as a member of an LLC in public business registry?,"This is exactly what we call an Anonymous LLC. You can learn more here: Maintain Your Privacy With an Anonymous LLC | Law 4 Small Business, P.C. (L4SB). It’s a bit tricky to get right, and it does depend on where you live and how you’re conducting business. To help with this, we built an AI-based intelligent interview that asks a few questions and tells you how to setup the structure. It only takes a few minutes: Business Entity Selector Tool | Law 4 Small Business, P.C. (L4SB). Larry.",
Larry Donahue,"In your opinion, what are the pros and cons of having your LLC under a holding company instead of a naked LLC?","There are several reasons to have your LLC under a holding company instead of a naked LLC. First, if you are conducting business in a state that discloses ownership information (i.e. most states, including CA, TX, FL, NY and IL), if you make the holding company an “Anonymous LLC” from DE, NM or WY, you can conduct business “anonymously” in your home state. Learn more at: Maintain Your Privacy With an Anonymous LLC | Law 4 Small Business, P.C. (L4SB). Second, if you are an investor, the holding company is a convenient vehicle to silo your various investments. For example, suppose you own several rental properties. It would be best for each property to be owned by its own LLC, which prevents catastrophic circumstances at one property from impacting the other properties. Your holding company would own the individual property companies, and all your taxes would roll-up and consolidate to the holding company. Third, while it’s very rare and difficult to do, a plaintiff’s attorney may seek to “pierce the corporate veil” in certain circumstances. If this happens, a holding company may help reduce or eliminate the chance of personal liability. Larry.",
Larry Donahue,What makes Delaware the most desirable place to incorporate?,"I don’t think Delaware is “the most desirable place to incorporate.” The most desirable place to incorporate is your home state of residence. The next best place to incorporate depending on a number of circumstances, such as whether you want anonymity (see Maintain Your Privacy With an Anonymous LLC | Law 4 Small Business, P.C. (L4SB)), whether you are worried about charging orders or asset protection, and how your personal circumstances relate to the tax issues of the company. Delaware does make sense in some scenarios, such as when you can put folks under contract and make them subject to the laws and jurisdiction of Delaware (if Delaware’s laws are favorable to the type of business you run), or because you want VC funding and the VCs you are talking to tell you their preference is Delaware. Larry.",
Larry Donahue,"What are the pros and cons of incorporating an LLC or S Corp in a different state, say, Delaware, from where you reside?","I generally recommend NOT forming a company in another state, whether Delaware, Nevada, Wyoming or elsewhere without a very good reason. Why not? Because forming in another state requires that you also foreign file your company in your state of residence (if you’re conducting business in your home state) and in most circumstances (unless you have your own contract that can make Delaware the choice of law), you will not be able to take advantage of Delaware’s corporate-friendly court system or statutes. What would be good reasons for forming in another state? (1) You want to do business anonymously, and your home state makes it difficult. Learn more about Anonymous LLC’s: Maintain Your Privacy With an Anonymous LLC | Law 4 Small Business, P.C. (L4SB). (2) The nature of your business means your clients / partners / vendors will be signing your contracts. If so, then taking advantage of a state like Delaware would be advantageous — provided you have a good contract, and it requires choice of law and jurisdiction in Delaware. (3) Important third-parties would respect or appreciate that you’re a Delaware company. An example would be VC’s who like doing business with Delaware businesses. Larry.",
Larry Donahue,"How would a business contract hold up if both parties were signing on their LLCs behalf, only one part never filed with the state?","Assuming there are no problems with the contract rendering it void, voidable or otherwise unenforceable, the contract would be enforceable as against the signors. One appears to be a valid LLC. The other appears to be an invalid LLC (i.e. never formed properly). What this means, is the one who signed without the valid LLC would simply be assumed to have signed on behalf of him or her self. They would have entered into the contract personally. This can also happen, if you have a valid LLC or corporation, but then let it become dissolved. You would still be doing business, but you’d be doing business personally without the benefit of the liability protection of the entity structure. We form low-cost, flat-rate companies for folks. We do LLC’s (see Form a Limited Liability Company (LLC) | Law 4 Small Business, P.C. (L4SB)) and Corporations (see Form a Corporation | Law 4 Small Business, P.C. (L4SB)). You can also do business anonymously, if you set things up properly. Learn more at Maintain Your Privacy With an Anonymous LLC | Law 4 Small Business, P.C. (L4SB). Larry.",
Larry Donahue,Should I form an LLC or a corporation? I am a subcontractor and at this time do not have anyone working for me.,"It is difficult to answer this based on the information given. Do you want anonymity? Do you intend to have partners some day? Does your income level or type of work enable you to take advantage of Trump’s 2017 Tax Reform Act? LLC’s are certainly easier to setup, and they give you a lot of flexibility. They also support anonymity if done right (See Maintain Your Privacy With an Anonymous LLC | Law 4 Small Business, P.C. (L4SB)). They don’t, however, provide the best tax advantages in some circumstances. We have a AI-based online interview system that will make a suggestion, based on how you answer a series of questions. Only takes a few minutes. Give it a try at: Business Entity Selector Tool | Law 4 Small Business, P.C. (L4SB). Larry.",
Larry Donahue,What are the steps to starting a legal company?,"Step #1: Figure out what type of company you want / need. This depends on a number of factors, including what you want to do, where you want to do it, your tax preferences and more. We have a AI-based system to help you with this: Business Entity Selector Tool | Law 4 Small Business, P.C. (L4SB). Step #2: Form the company. We have low-cost, flat-rate fees for LLC Formation (See Form a Limited Liability Company (LLC) | Law 4 Small Business, P.C. (L4SB)) and Corporation Formation (See Form a Corporation | Law 4 Small Business, P.C. (L4SB)). Step #3: Obtain your FEIN. You can do this for free at IRS.gov. Step #4: Register with your local tax authority, at the state level. Step #5: Obtain your local business license. Step #6: Obtain a bank account and merchant account (if you accept credit cards). Step #7: Consult with a business lawyer or CPA, to figure out how you need to handle any employees, legal registrations and more (depending on what you do). Good luck to you! Larry.",
Larry Donahue,Are any states better than others to set up an LLC if you intend to reside there?,"Are you suggesting you’ll move to a state, where you think it’s best to setup a LLC? If that’s what you’re asking, it raises the question “what sort of business will you have?” That will probably be the most important factor. For example, if you’re in the business of installing and selling snow plows, I don’t think the states of the south or the great southwest are going to be ideal for you. If you’re just going to do business online, then you should really consider life factors. Such a question is usually framed the other way, “Is it better to setup a LLC in the state where I live?” And, the answer is almost always yes. We have an intelligent, AI-based system that helps folks figure out where to incorporate, if you’re interested. Only takes a few minutes, and it’s smart — meaning it doesn’t ask you 500 questions (where 495 are irrelevant to you), it may only ask you two or three if an answer can be identified within those two or three. Try it out here: Business Entity Selector Tool | Law 4 Small Business, P.C. (L4SB). Larry.",
Larry Donahue,What is the best state to form an LLC for an online business?,"I disagree with the other answers here that automatically default to a particular state. The issue is nuanced, and depends on a number of factors including your state of residence. For example, if you’re a resident of CA, it doesn’t matter where you form your LLC, the State of CA will want you to register your company in CA and therefore you’re now paying for two filings, dealing with two annual reports, etc. Simply forming in WY, for example, doesn’t necessarily exclude you from paying taxes in your home state (depending on how things are setup). To get a good answer, you really need to talk to a CPA and a business attorney. We do have an online, AI-based, intelligent online interview that will ask you relevant questions, and make a suggestion. It’s very quick, and located here: Business Entity Selector Tool | Law 4 Small Business, P.C. (L4SB). Larry.",
Larry Donahue,Where should I incorporate my business and why?,"Lots of misinformation out there, on “where” you should incorporate. The first priority is, “where are you actually ‘transacting business’?” In each state you are transacting business, the state requires you register your company in that state. For most folks, that means where you live, but there are a lot of folks doing business “online,” and that can mean you have no particular state where your customer is. That isn’t the only test of “where are you transacting business,” however. The problem is, every state has its own rules on what “transacting business” in the state means. For example, if a resident simply owns a company, the great state of California says you’re transacting business in its state. Many states say home-based businesses are “transacting business” in its state, even if you have no customers in that state. The next issue is taxes, but that really only matters if your company is NOT a pass-through entity. I can write a book about this, and I just don’t have the time this Sunday morning to do so. So, I will say this: Just because a state (i.e. like NV, WY or DE) doesn’t have corporate income tax, doesn’t mean your company is not subject to income tax. If it’s conducting business in a state that has corporate income tax, you are required to report your company’s share of its income related to transacting business in a state. Therefore, your DE, NV or WY company will not help you avoid state income tax if you’re conducting business in another state, whether CA, IL, NY, FL, etc. So, you should really consult with a good CPA on this, as well as a business attorney. We wrote a pretty intelligent, AI-based online interview that factors a number of issues, including anonymity, taxes and states. Only takes a few minutes. Give it a whirl at: Business Entity Selector Tool | Law 4 Small Business, P.C. (L4SB). Good luck to you. Larry.",
Larry Donahue,"If a person owns 100% of an LLC company, is he at risk of liability issues?","The answer is “maybe.” The general rule is that the owners (called members) of a limited liability company are immune from the liabilities of the LLC. There are two important exceptions. The first relate to liabilities an owner agrees to, such as a personal guarantee signed for a lease, bank loan or other liability. When an owner does this, they are agreeing to be personally liable for some debt or obligation of the LLC. The second exception is called “piercing the corporate veil,” which is a legal doctrine that can be used in a lawsuit to hold the owner of a LLC liable for some obligation of the LLC. This can happen in certain circumstances where a plaintiff in a lawsuit claims some sort of “wrong doing” on behalf of an owner of a LLC and that the plaintiff should therefore be permitted to go after the owner to satisfy a gross injustice that would otherwise occur if the plaintiff is unable to seek redress from the owners directly. What constitutes “piercing the corporate veil?” Unfortunately, it does depend on the state where the lawsuit is being held. If they are properly alleged in a complaint, and proven in a lawsuit, owners can be held liable for the liabilities of a LLC for: Some folks will form an Anonymous LLC (see Maintain Your Privacy With an Anonymous LLC | Law 4 Small Business, P.C. (L4SB)) in an attempt to reduce exposure to a lawsuit. An Anonymous LLC cannot really protect you from a lawsuit and you have the same exposure for “piercing the corporate veil” as a regular LLC, but because ownership information cannot be looked up for an Anonymous LLC, some people feel that acts as a disincentive for plaintiff’s attorneys to accept contingency cases against Anonymous LLC’s. Larry.",
Larry Donahue,Where should I incorporate my tech start up?,"There are a lot of issues at play, in answering this question, and it’s very difficult to provide a sound answer because it could depend on whether you want anonymity, your tax concerns, where you’re actually conducting business, and more. We do have a rather sophisticated, AI-based, entity selection tool, that even factors in Trump’s 2017 Tax Reform Act. It only takes a few minutes. Try it out: Business Entity Selector Tool | Law 4 Small Business, P.C. (L4SB). Larry.",
Larry Donahue,How do I file an LLC anonymously in Florida?,"You can conduct business in FL anonymously as follows: YOU → (own) an Anonymous LLC as a Holding Company → (which owns) a FL LLC as your Operating Company This method requires forming two companies. First an Anonymous LLC in a state that permits it, and then second, the FL LLC with the Anonymous LLC as the owner. You can learn more, see pricing and order with the following two links: Larry.",
Larry Donahue,Why exactly is the Delaware C-Corporation advised to startups?,"Hi, there. Yes, sure, Delaware has an excellent body of caselaw and corporate friendly laws, but even if you form a company in Delaware, that doesn’t mean you get to avail yourself of Delaware’s laws (think of all the contracts you sign, that have some state as the “choice of law” for that contract). If anyone is blindly advising all startups, regardless of long-term goals and objectives, need for anonymity, tax issues, etc, to form a Delaware C-Corporation; then such people should be ignored. There are a lot of issues that go into not just entity selection (corporation versus LLC) and tax status (C-Corp versus S-Corp versus something else), but also state and choice of forum. The issues are actually quite complex, and there are numerous posts to Quora that address some of the complexities. I’ll tell you just one: Just because you form a C-Corporation in Delaware, doesn’t necessarily mean you don’t have to pay state income tax. You may not need to pay state income tax in the State of Delaware, but you may need to pay state income tax in your state of residence or where you’re actually conducting business. We wrote an AI-based electronic interview, that is quite sophisticated and takes into account states, anonymity, and even Trump’s Tax Reform Act of 2017. It’s quick (although still in beta): Business Entity Selector Tool | Law 4 Small Business, P.C. (L4SB). You might want to give that a whirl, and see what it tells you. Larry.",
Larry Donahue,What are some of the disadvantages of an LLC?,"I think context is important to this question. Specifically, as compared to what? As compared to doing business as a sole-proprietorship or partnership? The answer here is: not a lot of disadvantages. There are some practical headaches that some business owners may not be used to with a LLC, versus doing business as a sole-prop or partnership, such as filing annual reports for the LLC (depending on the state) or following “formalities” as specified in the Operating Agreement to call votes on important decisions. There are also some minor differences in how you keep your books, open up and maintain bank accounts, etc. These are purely administrative in my opinion, but I find that administrative burdens (even small ones) can be overwhelming for some business owners. If you think this could be you, my advice would be to hire a business bookkeeper or business lawyer to guide you or make sure you doing things correctly. Or, as compared to doing business as a corporation? The answer here is: There could be some tax disadvantages, as compared to a corporation, depending on a few issues. Specifically, Trump’s Tax Reform Act of 2017 sort of brought Corporations back into fashion by providing for some tax advantages only available to corporations, not LLC’s (despite the tax status of the LLC). I’m not a tax professional, so I cannot weigh in on the specifics. We did create a rather sophisticated AI-based business entity selection tool (still in beta), that factors the tax issues, if you’re interested. It only takes 5 minutes: Business Entity Selector Tool | Law 4 Small Business, P.C. (L4SB). Another disadvantage of a LLC over a corporation, is that you cannot go public with a LLC and some investors (i.e. VC’s) will only invest in corporations and not LLC’s — although this last part is becoming less pronounced, as more and more VC’s are becoming comfortable investing in LLC’s. Finally, you cannot have a non-profit LLC. All non-profits (that I’m aware of) or corporations (because of the board of directors you need). LLC’s are the only entities that can provide anonymity I will say that many business owners are told by their accountants to “form S-Corp,” but usually when an accountant says that, they mean “Subchapter S” so a LLC can fit the bill. LLC’s are the only entities that permit the owners to conduct business anonymously. Learn more at: Maintain Your Privacy With an Anonymous LLC | Law 4 Small Business, P.C. (L4SB). Good luck to you. Larry.",
Larry Donahue,Can a Canadian Ontario Corp run payroll (issue W2s & 1099) for its US residents employees. If so what does it need in US to do that? EIN#? Bank account? Address (physical or virtual?). Or does it need to have a Corp (Delaware or any other) to do so?,"This is a great question. The quick answer is “yes,” a Canadian company can hire US-based resident employees. The question is “how.” (What I’m about to say applies to W2-based employees, not 1099-based employees.) The Canadian company (or any company located outside the US) must first “domesticate” in the United States. It does this by filing a foreign entity filing in the state (or states) it is doing business. Typically, this means where you have W2-based employees, at a minimum. If you’re “generally selling stuff on the Internet,” and selling to all 50 states, that does not mean you need to file in all 50 states. But, if you have a W2 employee in NY and IL, then it means those two states. If you’re selling services or products primarily to a large customer in PA, then it means that state, too. My law firm offers low-cost, flat-rate fees for foreign filings, but it does depend on what type of entity you have. You did say “Corp” above, so here’s our link for foreign corporations: Foreign Corporation Registration | Law 4 Small Business, P.C. (L4SB). Once you have at least one foreign filing in the US, you will need to get a FEIN. In order to do that, you will need to indicate a “Responsible Party” to the IRS who either controls or owns (even partially) the company. That Responsible Party must have a FEIN (for another company), a SSN (for a US-based citizen) or a ITIN (for anyone issued an “International Taxpayer Identification Number). With the FEIN, you can then do withholding and more. It is NOT necessary to have a US-based bank account. Depending on the state where you foreign file, you may or may not need a US-based address. The general rule is: It can be located anywhere, but it cannot be a PO Box. There are at least three states that don’t follow this general rule: AZ, OR and CA. For AZ and CA, you can use a “virtual address” located in the state. For OR, the legislature there are complete fools, and they won’t even permit a virtual address. In order for you to comply with their “doing business in the state” laws, they require you to actually rent or lease space on behalf of the company. I’m hoping some one will sue the State of Oregon, because they are being absolutely ridiculous. You do NOT need to form an actual corporation in the US. The foreign filing is sufficient. Larry.",
Larry Donahue,"When you have 3 people that want to start a business together, what business structure is best?","Great question. Unfortunately, impossible to answer with the little information given. What 3 folks forming a business together means, is that you will have a multi-owner structure. There are so many other factors that go into forming a company, including but not limited to: We built an AI-based entity decision tool that actually incorporates all the above questions. It’s still in beta, but very powerful. It asks you relevant questions, and then makes recommendations. It’s located here, if you’re interested: Business Entity Selector Tool | Law 4 Small Business, P.C. (L4SB) Larry.",
Larry Donahue,"From a tax perspective, what is the best way to add a member to my LLC to create a partnership?","Here is my recommendation on how to add a new member to your LLC, to convert your LLC from a Sole Member LLC to a Multi-Member LLC thereby creating a partnership. Step 1: Verify you really like this new partner, and that they will add value to the organization. After all, you’ve been operating as an individual and responsible to no one. This will be like a marriage. You better love your partner, and your partner better bring value commensurate with the ownership percentage. Can you trust them? Will they be up-front about conflicts of interest? Do they take “the high-road?” How do they behave, when they think no one is watching? Step 2: Verify your goals and objectives, responsibilities and create SMART Goals (Read more: S.M.A.R.T. Goals are Smart to Have | Law 4 Small Business, P.C. (L4SB)). Put them on paper. Step 3: Talk to (1) a CPA or Accountant, who can explain the best way to handle the new partnership from a tax perspective, and the best way to bring someone on. There are multiple ways to do this, with different pros and cons. Step 4: Talk to (2) an attorney, who can write up a good Operating Agreement (that serves as a partnership agreement), possibly put in a Buy/Sell Agreement or Employment Agreement or other relevant documents, depending on how you want things structured. DO NOT: Promise an ownership stake in your company, without writing it down, and letting the guy or gal work for you or with the company, until you have the documents finalized. I’ve had to defend too many businesses in “partnership disputes,” dispute the fact that paperwork was never signed and the parties could never agree on anything. I know this isn’t a specific answer about taxes, and I apologize. The issues are just too varied and nuanced. Good luck to you. Larry.",
Larry Donahue,"Should I have an umbrella LLC with multiple rental LLCs, each LLC own single property?","This is a common strategy to help limit liability exposure. It helps to create “silos of exposure,” and is a valid way to reduce risk. Otherwise, if you have all your property in one LLC, and you have a “catastrophic event” in one property, you expose the entire portfolio of properties. Because you’re renting property, you have the risk of a catastrophic event (i.e. fire that kills a tenant, for example). As an attorney, I’ve literally seen it all: murders, fires, children getting electrocuted because wires were damaged and exposed without landlord’s knowledge, and (believe it or not) a car plowing right through a rental property. The quick response from many folks is, “that’s what you have insurance for.” The problem is, insurance doesn’t cover intentional torts. We had one client who hired an electrician out of the Yellow Pages, claiming he was licensed and bonded, and sure enough he wasn’t. That opened up a number of problems for the client, including the insurance company refusing coverage for a fire that started due to the substandard electrical work. From a tax perspective, I am not an accountant so I cannot refute what Carol Kayes is saying, but it’s my understanding that all the “property LLC’s” can be disregarded, with all profits and losses flowing up to the parent LLC (what you call the umbrella LLC), and if you tax that as Subchapter S, that’s what you report. Do check with your accountant on this, though, and I will tell you this is standard practice for many large property owners. One other benefit, if you do it right, is anonymity. Many landlord don’t want to be harassed by their tenants, and so opt for an anonymous LLC as their umbrella LLC. We do this all the time. If you want anonymity, then you need to hire someone to do it for you (to keep your name off the paperwork), and you need assistance with the property LLC’s. For more info on Anonymous LLC’s, go to: Form an Anonymous LLC | Law 4 Small Business, P.C. (L4SB) For more info on help with property LLC’s, go to: LLC Formation | Law 4 Small Business, P.C. (L4SB) Thank you and good luck. Larry.",
Larry Donahue,Should I form an LLC in New York if the entity makes less than $1000 per year?,"While it may be tempting to say this amount of money is hardly worth the expense of forming a LLC, I don’t think the revenue generated is really the right approach. I think the right approach is looking at the liability side of the equation. Are you selling $1,000 worth of baking goods out of your home? I would argue you DEFINITELY NEED a LLC to protect you. While your efforts can generate very little to no revenue, they can certainly generate significant (sometimes unlimited) liability. You should certainly factor potential liability into your analysis, and make a decision there. And, it’s not as expensive to form a LLC as you may think. For example, my law firm forms LLC’s for folks in all 50-states. We’re not the cheapest game in town, but we’re pretty close and very cost-effective. Learn more at Form a Limited Liability Company (LLC) | Law 4 Small Business, P.C. (L4SB). Also, if done correctly, you can form a business that permits you to operate anonymously. Learn more at Maintain Your Privacy With an Anonymous LLC | Law 4 Small Business, P.C. (L4SB). Finally, you may not need a LLC at all, but a corporation depending on a few things. We built an AI-based online interview that attempts to make corporate recommendations based on the most common issues (including the Trump Tax Reform Act of 2017). It’s still in beta, but it doesn’t take more than a few minutes. Check it out at: Business Entity Selector Tool | Law 4 Small Business, P.C. (L4SB). Good luck to you. Larry.",
Larry Donahue,"For a carpentry business is it better to incorporate as an S-Corp, C-Corp or an LLC?","Hi, there. It’s not the type of business you’re in, but other issues related to ownership, your residence, tax issues, and more, that dictate what’s best. There are exceptions to this, such as for licensed professionals (i.e. CPA’s, lawyers, doctors, etc), but not for carpentry or other trade-type businesses. I could type you a rather long explanation of the issues, and within a few months the laws or tax rules will change and all my work will be inaccurate. Instead, you might want to check out our AI-based online interview. It factors in tax issues (including the Trump Tax Reform Act of 2017), residence, anonymity and much more. Takes no more than 5 minutes, and it will give you a recommendation on the type of entity to form, as well as where to form it. It’s still beta, so apologies ahead of time for any errors you receive. Larry.",
Larry Donahue,Are there any laws governing what a company can add to a user agreement?,"Really hard to answer this question without more context. Are you a SaaS provider? If so, you have issues with providing services to minors, copyright issues (i.e. DMCA), and much more. Are you a medical provider? There are many laws governing the provisioning of medical services. Are you a contractor? Again, lots of laws to deal with. The general answer to this question is “yes.” Need a lot more detail to give you more specifics. Larry.",
Larry Donahue,What is a perpetual contract?,"An invalid contract, at least under all states (that I’m aware of) in the US.",
Larry Donahue,Should I pay $250 for my LLC?,"Are you talking about an existing LLC? That depends on the business valuation. Are you talking about forming a new LLC, and you want to hire someone to do it for you? Then I think that is money well-spent (I’m biased, of course), assuming you hire the right organization. Here’s the problem: It’s very easy to “form” a LLC. It’s a LOT HARDER to form it properly, in the right state. When you form a LLC, you get this sense of accomplishment, BUT it could take 1 to 5 years to find out you didn’t form it correctly. What happens if you don’t form it correctly? Very expensive lawsuits. Possible bankruptcy. Fights with former partners. So, I believe it’s worth spending a bit of money now to make sure: (1) you’re forming the RIGHT LLC in the RIGHT PLACE under the RIGHT CIRCUMSTANCES, and (2) you do it PROPERLY with the RIGHT DOCUMENTATION. So, the reason I’m biased is that we do these things all the time. We charge $275 for our fee, not including state fees, and other optional add-ons. If I had $1 for every time I told someone, “I’m happy to take your money, but what you’re asking for is not what you need,” I would be a rich man indeed. Folks get a lot of advice from non-lawyers, and that advise is simply wrong or not quite right given the unique circumstances of your situation. I’m off my soap box. We do: Thank you. Larry.",
Larry Donahue,When is the best time to file for an LLC from a sole-proprietorship in the calendar year?,"We have a tax attorney on staff, and we’ve been dealing with this question a lot lately, because our clients want to form a company now but not have to report taxes in 2018. The answer isn’t as simple as you may think. Assuming you want your tax year to correspond to the calendar year, then . . . The answer to this question depends on the tax status of the LLC. Will it be “pass through?” Then the answer is: As long as you do not have any operating income, you can file now and not worry about filing taxes for tax year 2018. However, if you form now and either (1) you have operating income or, (2) you want C-Corp tax treatment for your LLC, you will then need to file taxes for tax year 2018. Sooooo, if you don’t want to file taxes for tax year 2018, either wait until 1/1/2019 to register your company OR register your company now, but (1) avoid operating income in 2018, and (2) don’t elect C-Corp tax treatment. Clear as mud? We do a lot of LLC formations for folks (Learn more at Form a Limited Liability Company (LLC) | Law 4 Small Business, P.C. (L4SB)) and we also do Anonymous LLC’s for people (Learn more at Maintain Your Privacy With an Anonymous LLC | Law 4 Small Business, P.C. (L4SB)). Hope this helped. Larry.",
Larry Donahue,How can one convert an LLC into an S corp?,"When I’m asked this question, it is often because a business owner was requested to do this by a CPA / Accountant. The problem is, “S-Corp” is very ambiguous and it’s very important to understand what the CPA / Accountant is requesting. Specifically, is the CPA / Accountant requesting to change your company’s tax status with the IRS to “Subchapter S”? If so, this is a very easy thing to do. Or, is your CPA / Accountant actually requesting you change the type of entity from a LLC to a Corporation (taxed under Subchapter S)? If so, this is more difficult. To accomplish the first, you need to simply submit an entity tax designation change with the IRS. I believe that is ISR Form 8832 or 2553. To accomplish the second, that is much harder. Depending on the state where domesticated, you can either do an “Entity Conversion” from LLC to Corporation, or you can do a Merger. Both request special forms and documents to be submitted to the State, as well as obtaining new formation documents (i.e. Bylaws, shareholder agreement, etc), and making sure you call a vote and do the proper procedures to “approve it”. You also need to notify your banks, folks you contract with, etc, because you are no longer YOUR COMPANY, LLC, but instead YOUR COMPANY, INC. You may need to change letterhead, signs, legal notices, etc, depending on where you have “LLC” listed or displayed. You really need to treat it as a formal “project,” and revise everything everywhere as appropriate. If you do not do this, you risk losing your liability protection by permitting a plaintiff to pierce the corporate veil (because they will argue you are fraudulently conducting business by misidentifying your entity type). Can you tell that I get bugged by CPA’s / Accountants who either do this for their clients themselves, or make such requests without being very specific? I deal with this a lot. We provide Anonymous LLC’s to folks (see Maintain Your Privacy With an Anonymous LLC | Law 4 Small Business, P.C. (L4SB)), and their accountants will later tell them, “You want a S-Corporation.” The problem is, of course, all the above — and we cannot maintain anonymity with a Corporation, only a LLC. So, I invariably have this conversation a lot. :-) Larry.",
Larry Donahue,"How's an LLC's member ledger changed when new member is added, if working by percentage? How do you handle decreasing the % of existing members?","The short answer to your question is: Double-check what the Operating Agreement says, and if you have no Operating Agreement, then you need to look to the statute. In general, it works as follows: It’s a math problem. Who is “selling” the ownership? A particular Member or the LLC itself? If the Member, then only that Member’s percentage ownership decreases the exact amount of the ownership percentage he or she sold. The selling member gets to keep the proceeds of his or her sale. This is only permissible, of course, if the Operating Agreement (or Statute) supports this and/or that Member followed the right process. If the LLC itself is selling the ownership interest, then the purchasing Member gets the percentage he or she acquired. The remaining members are reduced, pro rata, according to their percentage ownership interest. For example, if you had two Members originally, one owning 33.33% and the other owning 66.67%, then the one who owns the 66.67% share gets hit twice as hard. I’ll give you some numbers to illustrate how this works: Originally: 50% & 50%, new member comes on board taking 33%. New: New member has 33%, original members both decreased equally (you can literally multiply their ownership % by the new member’s ownership percentage, then subtract, to get the answer). Original members now own 50% - (50% * .33) = 33.5% each. Second example: Originally: 25% & 75%, new member comes on board, taking 25%. New: New member has 25%. Original 25% member now has 25% - (25% * .25) = 18.75%, other 75% member now has 75% - (75% * .25) = 56.25%. Clear as mud? We do a lot of Anonymous LLC’s (see Maintain Your Privacy With an Anonymous LLC | Law 4 Small Business, P.C. (L4SB)), and this very problem comes up a lot. Our clients end up bring on new partners, changing owners, etc. I will say, make sure you have a strong Operating Agreement, and when you do sales like this, make sure you have a good “Membership Interest Purchase Agreement.” Good luck to you. Larry.",
Larry Donahue,"At what point in its life should a small business incorporate (LLC, S Corp, Inc. etc?)","I second David’s suggestion. You should not conduct business without forming an entity of some type. Aside from the all-important liability protection, a corporation or LLC can also provide tax advantages, survivability, flexibility and a number of other benefits depending on your needs. It’s inexpensive. You can see pricing, learn more and even order a LLC (see LLC Formation | Law 4 Small Business, P.C. (L4SB)) or a corporation (see Corporate Formation | Law 4 Small Business, P.C. (L4SB)). You can even create an Anonymous LLC to help protect your private information (See Form an Anonymous LLC | Law 4 Small Business, P.C. (L4SB)). Larry.",
Larry Donahue,"What does this simile mean, “This contract is as solid as ground we stand on.”?","lol . . . I think it means someone hasn’t involved an attorney. If that language is in the contract, then I think it’s a poorly drafted contract. If that language was verbally conveyed to you by someone, then I gotta ask who that someone is? An attorney representing you? Then it’s probably a very good contract because an attorney would never use such language. An attorney representing the opposing party? Then it’s probably a very bad contract, and you would be well-advised to hire an attorney to review before you sign. The opposing party trying to get you to sign it? Then take that with a grain-of-salt. Context is everything here. :-) My firm does have a flat-rate contract review, if you’re interested. You can learn more and even order over the Internet using the following link: Flat-Rate Contract Review - Attorney Review of Business Contracts Online. Good luck to you. Larry.",
Larry Donahue,What is best way to prove the ownership in the Delaware C-corp?,"Great question, because I get this question a lot — whether you’re talking about a LLC or a Corporation. The reason I get it so much, is that we do so many Anonymous LLC’s (See Maintain Your Privacy With an Anonymous LLC | Law 4 Small Business, P.C. (L4SB)). The point of an Anonymous LLC is to protect the identity of the owners, and our clients often wonder how they prove ownership if their name is not listed at the Secretary of State’s Office. So, the short answer to your question is: The stock certificate or purchase agreement or other document evidencing your ownership (for LLC’s, that would be an Operating Agreement). That is the “best” (and only) way to prove ownership. The longer answer is, company ownership is not like buying a piece of real property (that is recorded with a deed) or a titled asset like a car. There is no “title” per se, and the state doesn’t keep track of it that way. It would be too complex, burdensome and costly. As a result, any and all information at the Secretary of State’s Office is always outdated and inaccurate. They have no way to verify identity of the owners. Therefore, for those states that do require ownership information, they are just a formality. They are not verified, and criminals and malfeasants will still lie to the SOS’s office about who owns the company. Typically, however, most folks just don’t keep it up-to-date, and even with states that have annual reporting requirements — you’ll find the information is often a year or more out-of-date. Therefore, contracts and other documents evidencing ownership is necessary. Can such documents be forged? Of course. Can someone forge the bylaws and stock certificate of Apple Corp, and try to take over one of Apple’s billion-dollar bank accounts? Sure, someone can try, but that would be criminal activity, and banks and other financial institutions have processes and procedures to prevent a stranger from walking in and taking over an existing bank account. This does create problems for sole owner companies or those companies with a only a few owners, and something happens to the primary owner. It can often take a court order (or at least proof of death or other significant documents) to add a new signer to a pre-existing account where the previous signer doesn’t also authorize this. I hope this has answered your question. Larry.",
Larry Donahue,What is the difference between public and private limited liability company?,"There is no such thing as a “public limited liability company.” By definition, a limited liability company (or LLC) is a private company. What I think you may be referring to, is whether the ownership information of a LLC is public or private? If that is your question, then know that most states (other than a handful) require that ownership information of a LLC is publicly disclosed. If you form your LLC carefully, in a state that does not disclose ownership information, then we call that an “Anonymous LLC”. You can learn more and order from this link: Maintain Your Privacy With an Anonymous LLC | Law 4 Small Business, P.C. (L4SB). Larry.",
Larry Donahue,What makes California LLCs unique?,"Aside from being subject to California's Revised Uniform Limited Liability Company Act, not a whole heck of a lot. Typically, unless you are actually conducting business in California, you probably would NOT want to choose a CA LLC as your first option. If you are “transacting business” in California, or the company would require registration in California given its ownership (i.e. 25% or more of the revenue is derived from CA, or 25% or more of the ownership are CA residents), it’s not worth it. Anonymity, for example, is not possible without incorporating an anonymous holding company. Learn more about Anonymous LLC’s: https://www.l4sb.com/lpa/anonymous-llc. You’re also subject to the rather high annual franchise tax when you have a CA LLC.",
Larry Donahue,Should I start an LLC or an s-corp for a marketing company?,"I get this question frequently, and it actually mixes two concepts: Entity type and tax status. What I mean by this, is you can have a LLC but also have it taxed like an S-Corp, giving you the best of both worlds. Therefore, I like to frame this as “LLC” or “Corporation?” Then, you can pick the tax status you want or your what your CPA/Accountant tells you to do. LLC or Corporation? You may prefer a LLC over a Corporation if you . . . Conversely, you may prefer a Corporation over a LLC if you . . . Note that LLC’s can “mimic” some of the features of a corporation, such as setting up a Board of Directors and/or different classes of ownership. It’s just rare and takes more work. If you want help selecting and/or forming a company, we offer low-cost, flat-rate fees for services performed by paralegals and licensed attorneys. For LLC’s: Form a Limited Liability Company (LLC) | Law 4 Small Business, P.C. (L4SB) For Corporations: Form a Corporation | Law 4 Small Business, P.C. (L4SB) For Anonymous LLC’s: Maintain Your Privacy With an Anonymous LLC | Law 4 Small Business, P.C. (L4SB)",
Larry Donahue,"When setting up a corporation or LLC, do you prefer to do it yourself or have others do it professionally?","I don’t have too much to add, that hasn’t been discussed in this thread already. I will say, however, if you care about anonymity, you really do need to have someone else do it for you. Learn more: Maintain Your Privacy With an Anonymous LLC | Law 4 Small Business, P.C. (L4SB) The reason is, if you do it yourself, you will be the Organizer and now you’re name is associated with the filing. You also want a third-party to be the Registered Agent to keep your name off the filing. If you are worried about being harassed or have other legitimate concerns about folks looking you up on the Internet or otherwise associating you personally with the LLC, it’s best to have an attorney or law firm do this for you. They are usually well-trained to prevent folks from calling up to learn anything, and they can offer some semblance of attorney-client privilege and confidentiality that is otherwise unavailable. My firm does this for about the same price as the unlicensed legal providers. Larry.",
Larry Donahue,Can I have an LLC without making the director's name public?,"It is possible to own a LLC, and not have your name disclosed publicly. We do this all the time for investors, wealthy individuals, former abuse victims and folks trying to go into business without alerting former employers or others. We call this an “Anonymous LLC,” and you can learn more here: Maintain Your Privacy With an Anonymous LLC | Law 4 Small Business, P.C. (L4SB). It’s not just a matter of “picking a state,” however. I couldn’t disagree with Lewis’ answer more (and his spreadsheet is wrong for many states, but I won’t get into that). You need to ask yourself, “where are you transacting business?” This question is more than where your customers are. Where are you living? Where do you have W2 employees? Where do you have a “base of operations” or “store inventory.” Typically, you will be “transacting business” in the state you live, even if you’re just selling stuff online. You need to register your company where you are transacting business. If you live in a state that requires disclosure of members or managers, then you have a problem. You cannot simply form a LLC in DE, NM or LLC. You need to a bit more work, to ensure your name is not disclosed in your home state. In such circumstances, we recommend you create two companies. The first company is an operating company in your home state, and the second is an anonymous LLC acting as a holding company, whose sole purpose is to own the operating company in your home state. It sort of looks like this: You → (own) an anonymous LLC as a holding company → (which owns) a local LLC as your operating company In order to do this right, you need to have a third-party set this all up for you. This is because you want to avoid having your name be identified as the Organizer or Registered Agent. The holding company will be listed as a sole member for the local operating company. Clear as mud? You can learn more about this here: Regular LLC versus Anonymous LLC | Law 4 Small Business, P.C. (L4SB). Good luck to you. Larry.",
Larry Donahue,Where should I form the LLC?,"Here’s the roadmap in trying to figure out which state to form your LLC: (1) First, are you “transacting business” in the state you’re a resident? If so, then you need to either (a) form the LLC in your home state, or (b) form in another state, but then register the LLC in your home state. What is “transacting business” in your home state? Unfortunately, each state has different rules and regulations about this — and all states don’t tell you what IS transacting business in the state, they just tell you what isn’t (i.e. having a bank account, holding property, etc). What I can tell you, is that it’s more than “where is your customer.” Typically, if you have a W2 employee (including yourself), or you have a “base of operations,” or a retail location, or keep inventory, or you otherwise “avail yourself of state resources,” you are generally considered “transacting business” in your state. If you are, then the state needs to know about it. We have a low-cost, flat-rate service to form a LLC anywhere: Form a Limited Liability Company (LLC) | Law 4 Small Business, P.C. (L4SB). (2) Second, if #1 above isn’t an issue, then do you care about anonymity? If you care about anonymity, your options are limited. Only a few states permit anonymity, with Delaware, New Mexico and Wyoming being the most popular. However, if you live in Alabama, Colorado, Georgia, Idaho, Iowa, or Virginia, you can also have an anonymous LLC, so you’re back to your home state. Learn more: Maintain Your Privacy With an Anonymous LLC | Law 4 Small Business, P.C. (L4SB) (3) Third, if #1 and #2 aren’t issues for you, then will you want to tax your LLC like a C-Corporation? If so, again, your options are limited. Specifically, I am only aware of Delaware and Wyoming as not having corporate income taxes. Some folks will say Texas or Nevada, but that’s not true because they both have “gross receipts tax” (so does Ohio and Washington), which are arguable worse than income tax. Between Delaware and Wyoming, I think Wyoming is better, because Delaware has a rather high franchise tax / fee. Wyoming is much more reasonable. Form a WY LLC now: LLC Formation | Law 4 Small Business, P.C. (L4SB). (4) Fourth and finally, if none of the above area issues for you, then is cost-savings an issue for you? If so, we have a very similar analysis as #3 above. Wyoming is cheaper than Delaware. However, if you think you may or could be “doing business” in your home state, registering in either state is just adding additional expense and complexity. You’d be better served just forming your LLC in your home state. (5) If none of the above, then form in your home state. I hope this is helpful for you. Note that there are a lot of nuanced issues I have not covered above. The above are just “the biggies” that most people seem to ask me about. You would always be best served asking a local business lawyer their opinion, given your unique circumstances. Good luck! Larry.",
Larry Donahue,Can a single owner LLC buy into another LLC?,"The quick answer is an unqualified “yes.” HOWEVER, I want to caution you. When you buy into another company, whether a LLC or otherwise, you have a lot of issues you should be wary of and you should do things correctly. For example, I have a blog article that summarizes a lot of this, you may be interested in. Read Considerations when Buying a Partnership Interest. Think of this as entering into a marriage. It’s that significant and important, and can be life-changing or soul-crushing. Therefore, make sure you enter this with your eyes wide open, and that all the pieces are accounted for and documents. Good luck to you! Larry.",
Larry Donahue,Is splitting up your company into various smaller companies with a holding company on top worth the extra work for added asset protection?,"I have a lot of experience setting up — and defending — corporate structures for asset protection. It’s one of several major reasons to consider an Anonymous LLC structure (learn more: Maintain Your Privacy With an Anonymous LLC | Law 4 Small Business, P.C. (L4SB)). There are three high-level issues related to asset protection. To explain this, imagine you have some high-value assets in a LLC. There are three possible scenarios you need to worry about. First, someone trying to sue the LLC itself for some liability incurred by the LLC. Second, the same as the first, but the plaintiff also goes after the owner’s or owners’ personal assets. This is called “piercing the corporate veil.” Third, the owner gets into some sort of financial trouble, and the plaintiff attempts to go after the assets within the LLC. This is the reverse of the first. What you should do, would depend on your unique circumstances and situation. I can give you some general advice regarding the three. In regards to the first scenario above, In regards to the second scenario above, In regards to the third scenario above, Back to your original question, is it worth it to split up a company? The answer is, it depends — it depends on your personal circumstances versus the assets within your company — and the risks you face. I would strongly encourage you to consult with a business lawyer or financial expert to put a plan together. Good luck to you! Larry.",
Larry Donahue,Is a LLC or DBA required before starting an e-commerce store?,"The quick answer is “no,” although some states will require you to file as a DBA if you’re operating a business as a sole proprietorship under a name not your own. The longer answer is that in most circumstances, it’s wise to setup a LLC as the first thing you do. LLC’s provide a number of benefits, including liability protection, some tax benefits, survivability, and flexibility in setting up partnership. You can even achieve some level of anonymity, depending on how you set things up (See Maintain Your Privacy With an Anonymous LLC | Law 4 Small Business, P.C. (L4SB)). The reason you want to setup a LLC right away, is because once you start conducting business, getting your FEIN and bank account, credit cards, etc, it takes time and costs money to switch from a sole proprietorship to a LLC. You need to change your bank account, obtain a new FEIN, get new credit cards, etc. It’s a bit of an interruption to your business, that you can avoid by doing it right from the start. Setting up a LLC is very inexpensive. My law firm has a cost-effect, flat-rate service for setting up LLC’s. Not quite as cheap as the discount providers you can find on the Internet, but close — and you have real paralegals and access to lawyers that you don’t have with the discount folks. Learn more at Form a Limited Liability Company (LLC) | Law 4 Small Business, P.C. (L4SB). Thank you and good luck! Larry.",
Larry Donahue,Can I start an LLC in the US when on an H1B and outsource the work in another country?,"The quick answer is “yes.” There are few requirements on who can start (or form) a LLC in the United States. The bigger questions, which you did not ask, and I’m not going to answer (because I’m not qualified to answer), is whether doing what you ask can help or hurt your chances on obtaining a H1B. I assume not. Forming a LLC is rather easy and inexpensive. You can learn more, see pricing and order using the following link: LLC Formation | Law 4 Small Business, P.C. (L4SB) Good luck to you! Larry.",
Larry Donahue,"How much does it cost to form an LLC anonymously, and how would one do this?","This is a great question, since Anonymous LLC’s are very popular. The cost is about the same as a regular LLC, but you need to do it carefully, so you don’t inadvertently release ownership information when doing it. Therefore, you really need someone else to do it for you, and ideally someone who knows what they are doing, with some pressure to do it right and maintain your confidentiality. We charge $275, plus filing fees and registered agent fees (currently $129/year). Because we’re a law firm, our folks are trained to maintain your privacy, we know how to deal with summons and subpoenas, and you get some level of attorney-client privilege and confidentiality. Learn more and order here: Maintain Your Privacy With an Anonymous LLC | Law 4 Small Business, P.C. (L4SB). You can find cheaper discount places to do this for you, if price is your ultimate concern. I just want to warn you, that some of the unlicensed legal providers are worse than others — and some do quite a bit of harm to their clients. So, it really pays to do your research, and choose your discount provider wisely. Good luck to you. Larry.",
Larry Donahue,How do you get a LLC?,"You “get a LLC” either by buying an existing LLC from someone or by forming it in an appropriate state. I assume you are referring to the latter. An “appropriate state” can be somewhat complicated, and subject to much debate and confusion. My advice is to form your LLC in the “primary state” where you are “conducting or transacting business,” which means were your company is not just where most of your customers are. If you are “just doing business” on the Internet, then consider in the state where you are a resident. Sure, you can form in Delaware or another state, but they add complications. Let’s say you’re a resident of California, but just doing business online with a Delaware LLC. The State of California will say you need to register that LLC in California, for a number of reasons not worth going into now. This means you need to pay formation (and annual) fees in Delaware, as well as formation (and annual) fees in California. You can form your new LLC yourself, although if you have any partners, I would recommend you work with a real attorney (yes, I’m biased, but with good reason) so you have a good Operating Agreement (which serves as a partnership agreement). There are good services, such as my firm, that are fast and cost-effective. Learn more at Form a Limited Liability Company (LLC) | Law 4 Small Business, P.C. (L4SB). We can also provide Anonymous LLC’s, offering some level of attorney-client privilege and confidentiality. Learn more at Maintain Your Privacy With an Anonymous LLC | Law 4 Small Business, P.C. (L4SB). Good luck to you. Larry.",
Larry Donahue,Is a Florida LLC required to have a bank account in the US?,"It’s hard to give you a “yes or no” answer here. The issue is, “are you transacting business” in the State of Florida? If so, then you need you have your company registered in the State of Florida to open a bank account in the State of Florida. You can do this in one of two ways: You can form a Florida LLC, or you can form your LLC anywhere else, and then create a “Foreign LLC in Florida” with that LLC. This same general approach applies for any state in the United States. We’re a law firm, I’m an attorney, and we offer low-cost, affordable LLC’s just like the other folks, but done right. Learn more here: Form a Limited Liability Company (LLC) | Law 4 Small Business, P.C. (L4SB). We can also provide Anonymous LLC’s, which provides protection from releasing ownership information publicly. For more information about that, go here: Maintain Your Privacy With an Anonymous LLC | Law 4 Small Business, P.C. (L4SB). Thank you. Larry.",
Larry Donahue,How can you create an LLC partnership when your the other partner is in Europe?,"The short answer is, “yes.” The longer answer is that when you say “LLC partnership,” I infer that to mean the entity type is a “limited liability company” (or LLC), and the tax status is “partnership.” If that’s what you mean, then you are absolutely correct. Foreign nationals can have an ownership interest in US-based companies, although for entities classified as “S-Corp” for tax treatment purposes, foreign nationals are not entitled to own such entities. The penalty is relatively harmless: The company looses its S-Corp tax treatment status, and reverts to “partnership.” We do this sort of thing all the time for clients and new companies. Learn more here: Form a Limited Liability Company (LLC) | Law 4 Small Business, P.C. (L4SB). Just as an aside, foreign nationals can also have an ownership interest in an Anonymous LLC. The tax issues and everything else are exactly the same. Learn more here: Maintain Your Privacy With an Anonymous LLC | Law 4 Small Business, P.C. (L4SB). Thank you. Larry.",
Larry Donahue,Are there any downsides to using IncFile over LegalZoom?,"MY answer is totally biased, so please bear that in mind. LegalZoom and IncFile are really two different sides of the same coin. If you know exactly what you want, and know the big issues, then either company is going to be about the same. If you’re going to be the only owner of a company, without any “special issues,” including but not limited to licensing, professional licensing, tax, multiple jurisdictions, online, credit, financial or more, then LegalZoom and IncFile may be okay for you. I will say, as an attorney, we make most of our money from clients who have previously setup a company with the “unlicensed legal providers” such as LegalZoom and IncFile, and are in trouble because they didn’t set things up properly in the beginning. What sort of really makes me mad, is these companies will do very heavily discounted services (i.e. “Only $49 + State Fees”) making it sound like a great deal. The problem is, you really must have an Operating Agreement for a LLC. With IncFile, you need to pay an extra $40. You add up all the additional docs you need for a decent start, and you end up paying more than you would for my firm. So, a plug for the lawyers: We offer the same services, but completed by actual paralegals and licensed attorneys for about the same price. $275 + State Fees, but it includes the important documents you really need. Learn more at Form a Limited Liability Company (LLC) | Law 4 Small Business, P.C. (L4SB). We also do Anonymous LLC’s, where you get the benefit of attorney-client privilege and confidentiality you can never get with an unlicensed provider. Learn more at Maintain Your Privacy With an Anonymous LLC | Law 4 Small Business, P.C. (L4SB). We lawyers are catching up, and providing a superior product for about the same price. I cannot tell you how many people I steer away from our services, because it’s not what they need. A doctor or other professional, usually needs a “Professional Corporation” or “Professional Limited Liability Company (PLLC)”, not a LLC, for example. So, this biased attorney’s advise is to stay away from the unlicensed legal providers for important stuff like setting up companies, trademarks and other important, critical, complicated stuff — especially if you can obtain actual legal representation for about the same price. Just because it’s “easy,” doesn’t mean you didn’t set a ticking time-bomb to go off 3 years in the future, where you really need lawyers and tens-of-thousands. Good luck to you. Larry.",
Larry Donahue,Can a single person set up a LLC?,"Yes, a single person can setup a LLC. This question is a bit ambiguous, though. Do you mean, can one person create their own LLC? Absolutely. However, if you can about being anonymous, then no, you need help. Learn more: Maintain Your Privacy With an Anonymous LLC | Law 4 Small Business, P.C. (L4SB). Do you mean, can one person own a LLC? Absolutely. This is a “sole member” LLC. Learn more: Form a Limited Liability Company (LLC) | Law 4 Small Business, P.C. (L4SB). Thank you. Larry.",
Larry Donahue,Does an LLC with one member need a new EIN if the LLC changes ownership to another sole member?,"The IRS has a relatively easy (for the IRS anyway) explanation for this. See: Do You Need a New EIN. The rules are rather arcane, so the above IRS memo is great. I will warn you, however, just dealing with the FEIN is one small part of “transferring ownership” of a LLC. You really owe it to yourself — i.e. both the buyer and seller, or transferor and transferee) — to sign a formal purchase agreement. This will limit the liability exposure of both parties. I cannot tell you how many folks transfer an ownership interest in a LLC, only to be screwed a year or two or more later, because they learn the transfer wasn’t properly handled. This is definitely an area where you should consider hiring a lawyer to help you, no matter how simple or small the company. Read: Two Common Ways to Buy an Existing Business | Law 4 Small Business, P.C. (L4SB). Thank you. Larry.",
Larry Donahue,What state has the cheapest LLC for long term use?,"New Mexico (NM) is probably the least expensive state to maintain a LLC, and that’s because NM doesn’t require annual reports like most other states. NM is also one of the few states that permit anonymity. See Maintain Your Privacy With an Anonymous LLC | Law 4 Small Business, P.C. (L4SB). Note however, that this doesn’t tell the whole story. (1) Transacting Business Elsewhere? Are you “transacting business” in another state? If so, then you’re going to need to register the NM LLC (or any LLC that is formed outside where you’re “transacting business”) as a “Foreign LLC” where you are transacting business. This will introduce additional costs associated with the Foreign LLC. (2) Registered Agent Also, unless you’re living in NM or have a physical mailing address there, you will need to hire a Registered Agent. So, don’t forget to factor that into your costs. (3) Tax Status? The LLC can be taxed in one of 4 ways. Disregarded (no reports necessary), Partnership and S-Corp (tax filings required), and C-Corp (tax filings required). If you need to file tax reports, then there’s some cost there. Also, if you want to tax your LLC as a C-Corp, then you need to pay taxes in the state. The State of NM does indeed tax corporations, so then NM won’t be your best choice. Wyoming (WY) would. Learn more: Form a Limited Liability Company (LLC) | Law 4 Small Business, P.C. (L4SB) Good luck to you. Larry.",
Larry Donahue,Is there a better site than LegalZoom for forming an LLC in California?,"Here’s my self-serving answer to this question: Law 4 Small Business. See Form a Limited Liability Company (LLC) | Law 4 Small Business, P.C. (L4SB). We are a law firm, although no practicing attorneys in CA. We do, however, provide Anonymous LLC’s (See Maintain Your Privacy With an Anonymous LLC | Law 4 Small Business, P.C. (L4SB)) even for CA folks (it does require setting up a parent-child structure). Good luck to you. Larry.",
Larry Donahue,What are the benefits of becoming an LLC?,"I think everyone did a good job of talking about the benefits of becoming a LLC. The recent tax changes of 2017 have changed the calculus somewhat, and C-Corporations are becoming more important (at least from a tax perspective). Read https://www.l4sb.com/blog/return-of-the-c-corporation/. Which should you go with, LLC or Corporation? Are you primarily concerned with anonymity? Then LLC is your only option. Learn more: Maintain Your Privacy With an Anonymous LLC | Law 4 Small Business, P.C. (L4SB). Are you primary concerned with tax savings? Then a C-Corporation is probably best. Lear more: Form a Corporation | Law 4 Small Business, P.C. (L4SB). Are you trying to have a “disregarded entity,” and not submit a tax form at all for your company? Then LLC (provided it’s a sole member or married couple that owns the company). See: Form a Limited Liability Company (LLC) | Law 4 Small Business, P.C. (L4SB). Good luck to you! Larry.",
Larry Donahue,What are the advantages of registering an LLC in Delaware?,"In almost all cases, there are no real advantages to registering a LLC in Delaware (DE). What you need to ask yourself is, “Where are you transacting business?” Transacting business means not just where your customers are, but were W2 employees may be, your base of operations, etc. In most instances, this will be where you’re physically located (even for an online-only business). The general rule is, “you need to register your LLC in every state where it’s transacting business.” This doesn’t mean you need to register everywhere you have a customer, but where your “major operations are” or if you’re sitting Ohio (OH) and all your customers are in Indiana (IN), then you are probably “transacting business” in both OH and IN in this simple example. To continue the above example, if you registered a LLC in DE, then you’d need to register two “Foreign LLC’s” in IN and OH. This adds cost, complexity and increases maintenance efforts (i.e. you still need to file DE annual reports). You haven’t saved yourself from taxes, either, because you still need to report in IN and OH (according to their specific requirements). Therefore, it’s generally considered best practice to form your LLC in the primary state where you’re located or doing business. We are a law firm, but register LLC’s for folks very cost-competitively. Learn more here: Form a Limited Liability Company (LLC) | Law 4 Small Business, P.C. (L4SB). If anonymity is your concern, then DE does shine here. But, as someone mentioned, it is costly. You’d be better served registering in Wyoming (WY) or New Mexico (NM). Then, instead of registering the LLC as a “Foreign LLC” where you’re transacting business, you would form a “local LLC” to transact business. Learn more about Anonymous LLC’s here: Maintain Your Privacy With an Anonymous LLC | Law 4 Small Business, P.C. (L4SB). Thank you. Larry.",
Larry Donahue,How do I go about getting an LLC?,"Step 1: Figure out where you are “transacting business,” which general means where are your customers, where are any W2 employees, base of operations, etc. Generally, that will mean whatever state you the owner are sitting in, even if you’re selling online. This is because you’ll end up paying yourself W2 wages, or your “base of operation” is where you’re located. Step 2: The state you’re “transacting business” should probably be the state you form your LLC, but there are exceptions. Just want to form a Delaware (DE) or Wyoming (WY) LLC? Beware that if you’re “transacting business” in a different state than either of those, if you form in DE or WY, you would also need to form a “Foreign LLC” in whatever state you’re “transacting business” in. Step 3: Decide whether you’re going to form the LLC yourself or whether you want help. If you have partners or want to be anonymous (See: Anonymous Limited Liability Company (ALLC) - Start Your ALLC Online | Law 4 Small Business, P.C. (L4SB)) , you are going to need help. Even if you’ll be the only owner, it helps to pay a bit of money to help you do it right, make sure you file the right forms, form the right type of entity, etc. Step 4: Form your LLC. My firm help you (See: Form a Limited Liability Company (LLC) | Law 4 Small Business, P.C. (L4SB)), or if you’ve decide to do it yourself, find the relevant Secretary of State website in the state you’ve decided, and form your LLC. Most states will have forms you can download, and some even permit formation right online. BEWARE: There are a lot of scammers out there, and some try to look like the secretary of state. Step 5: Related tasks. After your LLC is formed, make sure you get your Federal Employee Identification Number (or FEIN). Open a bank account. Make sure you get an appropriate business license if needed. If you formed in a state other than where you’re actually “transacting business,” then you need to form a “Foreign LLC” in those states you’re actually transacting business (See Step 1). Again, my firm can help you (See: Foreign LLC | Law 4 Small Business, P.C. (L4SB)). If you’re “doing business” under a different name than the actual name of your LLC, you may need to file a “DBA” in the states you’re doing business. Step 6: Don’t forget to register a trademark, if you have a unique word or design mark that you want to protect (See: Trademark Registration - Register and File Your Trademark Online | Law 4 Small Business, P.C. (L4SB)). Good luck to you! Larry.",
Larry Donahue,How can you operate an LLC in two different states? How should you set it up?,"The other two attorneys that have so far responded did a great job answering and I won’t repeat what they said. In short: Register a domestic LLC in one state, and then a “Foreign LLC” in other states (that you’re conducting business in). What I wanted to add, is that if your goal is anonymity, then there is more to the puzzle. First, what is an Anonymous LLC? I have a short blog article on the topic (See Regular LLC versus Anonymous LLC | Law 4 Small Business, P.C. (L4SB)). The summary is: An Anonymous LLC is a regular LLC, where personal ownership information is not exposed at the Secretary of State, thereby protecting the owners from potential harassment and more. If anonymity is important, then it’s necessary to form an “anonymous LLC as a holding company” that sits between you and the business (or businesses) your transacting or operating from. Therefore, to “operate an LLC in two different states” and still preserve your anonymity, what you would do, is form an anonymous LLC as the holding company, and instead of reporting yourself as the owner in your various registrations (i.e. domestic LLC filing and foreign LLC filing), you report the anonymous LLC holding company as the owner. The biggest problem most people face with this approach, is this needs to be done carefully to maintain anonymity in the long-term. You have to have a third-party act as your organizer and registered agent and you need a “physical mailing address” that isn’t tied to you and isn’t your registered agent (read why: Why is it Bad Practice to Use Registered Agent Address as Company Address? | Law 4 Small Business, P.C. (L4SB)). It also helps to hire an actual law firm or attorney to do this, versus “anyone else,” because you get some semblance of attorney-client privilege and confidentiality (neither are absolute, of course), and most law firms / attorneys have well-trained staff that won’t give away your personal information to anyone who calls. Larry.",
Larry Donahue,What is the best way to structure the sale of an LLC (partnership) from a tax perspective?,"The best way to structure the sale of an LLC taxed as a partnership depends mostly on what side of the transaction you’re on. In our blog article titled, Two Common Ways to Buy an Existing Business | Law 4 Small Business, P.C. (L4SB), we discuss some of the pros and cons of asset sales and stock/ownership sales. As a general rule, if you’re the seller of a business, you usually want to minimize the amount of gain you need to pay taxes on. Selling your ownership interest in the company is often the best way to do that. Your gain would be the excess of the sale price over your basis in the ownership interest, and most (if not all) of those gains will be treated as capital gains and taxed at the lower capital gains rate. A percentage of the gains may be treated as ordinary income depending on the percentage of the LLC’s assets that are “hot assets” like unrealized receivables or inventory items. By contrast, if you sell the assets of the company, your gain is the excess of the sale price over your basis in those assets. This can be especially problematic if you’ve depreciated those assets over the years, as you might be looking at a lot of taxable gain – and maybe even depreciation recapture income, which does not enjoy capital gains rates. In short, sellers usually prefer ownership interest sales to asset sales. From a buyer’s perspective, buying the assets of the LLC usually makes the most sense from a tax perspective. When you buy an ownership interest in a company, your basis in that ownership interest is what you paid for it – but the company’s tax basis in its assets remains unchanged. If the company depreciated its assets before you bought the company, you won’t get to re-depreciate them later. However, if you buy the company’s assets, your basis in those assets is what you paid for them – and you can then depreciate those assets over a term of years, resulting in significant tax deductions. One important factor to consider is that an LLC taxed as a partnership can only remain taxed as a partnership when the LLC has multiple members. If an individual buys the entire ownership interest of a multi-member LLC, the “partnership” is effectively dissolved during the transaction. This produces a very odd result that the IRS addresses in Revenue Ruling 99-6. In this situation, the sellers of the LLC are treated as having sold their ownership interests and can treat it as the sale of a capital gain (to the extent there aren’t hot assets involved). The buyer, meanwhile, is treated as having purchased the assets of the LLC following dissolution of the partnership, with basis allocated amongst the LLC’s assets in accordance with Internal Revenue Code Section 732(c). This situation can prove favorable for both the buyer and the sellers, though the buyer might still prefer an asset purchase because the buyer will have more control over how to allocate the purchase price amongst the different assets which, in turn, affects the amount and timing of depreciation deductions. To summarize, sellers usually prefer to sell their ownership interest, buyers usually prefer to buy assets, and selling a multi-member LLC to a single buyer will generally (though not always) result in both sides enjoying preferential tax treatment. In any event, you should always consult with a qualified tax attorney or accountant about your unique situation to ensure you’re getting the best tax treatment possible. Buying and selling a company isn’t a zero-sum game, and there are ways to structure these deals that benefit everyone in some way or another.",
Larry Donahue,Is it legal to allow somebody else to use my signature?,"Sure, it’s possible (legally) and is often used in corporate settings when an officer grants certain employees or agents to sign on his or her behalf — such as for check writing. When this happens, you can expect such a company to conduct proper background checks (i.e. criminal and financial), have such employees under contract, and of course, have a proper set policies and procedures to provide for checks-and-balances to minimize fraud. You also see some form of this with powers of attorney (POA) or limited powers of attorney, or with a personal representative (to an estate) — but in both instances, it’s best of the POA or Personal Representative sign with their own name, and then identify who they are and their authorization for signing on someone else’s behalf. You didn’t explain anything as to why you’re even asking this, so it’s hard to give you a better answer. I would strongly discourage you from doing this, unless you are actually an officer in a company and you have the proper setup to enable this. If you’re some ordinary schmo who is being asked to authorize someone else to use your signature, or you’re trying to concoct some scheme that borderlines on fraud or misrepresentation, I think you can get yourself into serious trouble. What you want to do, is figure out the proper Power of Attorney (limited is best), for whatever purpose you’re seeking. Good luck to you. Larry.",
Larry Donahue,What’s the process of being a shareholder of a private company?,"That’s a great question, and there are actually a surprising number of steps to do this correct. I wrote a blog article a few years ago that goes into quite some detail about this (Read it here: Tips for successfully joining a partnership | Law 4 Small Business, P.C. (L4SB)). The quick summary is there are three components: Due diligence, evaluating and the simple mechanics of becoming a shareholder. Due diligence means you need to actually look at the formation documents (i.e. to make sure you have proper powers, things aren’t too one-sided, etc), the financial health / strength (i.e. so you’re not inheriting debt, liabilities or risk you weren’t aware of), and the tax issues. Different companies will have different due diligence needs (i.e. a chemicals company would be different from a medical practice, in terms of licensing, permitting, insurance, etc). Evaluating means you determine if things are as you understand them to be, that everything is fair-and-balanced between the shareholders, the shareholders get along and collaborate in the best interests of the company, etc. You also owe it to yourself to talk with a CPA to understand the tax implications of your becoming a shareholder (i.e. if you’re not careful, you can suddenly find yourself with a huge tax bill, depending on how you become a shareholder). Are you “buying in” or just receiving shares? If the former, how will that money be used? Are you “buying” from the company or a particular shareholder? If you’re just receiving shares, what is the company (and your position) actually worth? Are you prepared to pay taxes on ordinary income associated with this “gift?” Finally, the simple mechanics usually means you sign some form of “purchase agreement” for your shares, which may also include a “buy/sell agreement” and other documents related to your agreement with the company or other shareholders. You may or may not be issued stock, depending on how the company handles this. This is just a QUICK overview. If this company has any value, or you’re being asked to pony-up any money at all, you really should consult with a local, competent business attorney to guide you. Good luck! Larry.",
Larry Donahue,"After forming a New Mexico ""anonymous"" LLC can I later change the organizer?","Unfortunately, no, not that I’m aware of. This is one of the reasons that it’s difficult (or impossible) to make a pre-existing company “anonymous.” You cannot put the genie back in the bottle. If your name was used as the Organizer or Registered Agent, the old docs will still reflect the old information and will be available online. We can change the RA, of course, but the Organizer isn’t something that changes. You can learn more about anonymous LLC’s on our website (See Maintain Your Privacy With an Anonymous LLC | Law 4 Small Business, P.C. (L4SB)). We do a lot of anonymous LLC’s. Good luck to you. Larry.",
Larry Donahue,What is meant by competent to a contract?,"Hard to say, without more context or detail to your question. If “competent” is actually the word you meant to type, then perhaps you mean “competent to enter into a contract?” If so, then competence relates to capacity, as in, “does one possess capacity to enter into a contract?” Capacity relates to a number of issues, including competency. Minors lack capacity to enter into a contract. Mentally disabled persons lack capacity to enter into a contract. “Protected adults” (i.e. adults who lack mental cognitive functions to understand what they are entering into) lack capacity. Even intoxicated or persons under the influence of a mind-altering drug could be said to lack capacity to enter into a contract. It’s just not related to the capacity of the person. It could relate to the capacity of a company or its agent. The laws of agency are very complex, but not just anyone can lock a company into a contract. Persons without the proper authority could be said to lack capacity. If you’re concerned about a particular contract, it’s best if you consult with a properly licensed contracts attorney. My firm provides a $10/page (min. 5 pages) flat-rate contract review. To learn more or order, go to the following link: Flat-Rate Contract Review (Limited) | Law 4 Small Business, P.C. (L4SB). Thank you and good luck to you! Larry.",
Larry Donahue,Can a contractor take both government and civil contracts?,"Yes, unless there is some restriction in whatever contract was signed by the contractor prior to any subsequent contracts. For example, if the contractor signed a contract for a governmental-based project, and due to some factor associated with that project, was restricted from entering into another contract (either because that project expected the contractor’s full attention, or to avoid a conflict of interest), then in this particular case, the contractor would be restricted from entering into another contract (i.e. civil) at the same time. If you’re unsure, it’s best to have a qualified, licensed attorney to review your contracts BEFORE you sign them. My firm has a flat-rate fee of $10/page (min. 5 pages) for reviewing contracts. You can learn more, see pricing and order at the following link: Flat-Rate Contract Review (Limited) | Law 4 Small Business, P.C. (L4SB). Thank you. Larry.",
Larry Donahue,What does LLC mean?,"“LLC” is an abbreviation for “limited liability company.” A limited liability company, or LLC, is a type of corporate entity that is favored by smaller and medium-sized organizations because of its low-cost, simplicity and ease of maintenance over time. LLC should be contrasted with a “corporation,” which is also another form of corporate entity. Corporations are generally considered “more formal” corporate structures, and therefore a bit more costly and a bit more difficult to setup and maintain. There are vast differences between the two types of corporate entities or structures, and you should consult with a business attorney to determine which is best for you. The answer generally varies on whether you intend to go public some day, what state you would form in, your tax preferences and more. For more information, you may be interested in our two links. For LLC’s, go here: Form a Limited Liability Company (LLC) | Law 4 Small Business, P.C. (L4SB). For Corporations, go here: Form a Corporation | Law 4 Small Business, P.C. (L4SB). Thank you. Larry.",
Larry Donahue,What are the ways that differentiate a contract from a mere agreement and why does the law make the distinction between them?,"I’m a bit confused by the question, so let’s make sure we’re speaking the same language. When you say “agreement” versus “contract,” are you meaning one document that can be legally enforceable versus another document that cannot be legally enforced? If that’s what you mean, then a “legally enforceable” contract generally requires a “bargained for exchange of value”. There are many exceptions, however, to what would be otherwise considered a legally enforceable contract, including (but not limited to) one party lacks capacity (i.e. a minor or protected adult), duress/coercion, against public policy, no specific term, etc. There are also exceptions where something could be legally enforceable, even though you do not have all the elements required to comprise a contract (i.e. offer, acceptance, consideration, etc). One exception would be “detrimental reliance.” Not all the states have the same definition for this, but in general, if one party “detrimentally relied” on the statements or actions or inactions of another party, to his or her detriment, there are circumstances when this could be enforceable.",
Larry Donahue,How fool-proof is using LegalZoom to set up an LLC?,"I chuckled when I read the question. :-) “Foolproof?” I cannot tell you how many times folks tell me what they need, because they’ve spent an hour researching on the Internet. My firm (https://www.L4SB.com/) competes with LegalZoom and others, selling LLC registrations. When an order comes in, a paralegal will be assigned to the case — we don’t automate. I cannot tell you how many times a week a paralegal will come into my office saying, “Umm, a client is ordering a LLC for her medical practice, but I think she’s in a state where she needs a PC or PLLC.” Point being, it’s really easy to give clients what they ask for. It’s much harder to really understand what the client is asking, and then make sure they are doing it to serve their best interest. Manager managed versus member managed? That’s a good question, and there are real legal consequences down the road. A good operating agreement? It’s more important than you might imagine. If you’re interacting with any third-party, i.e. partners, clients, investors, etc., you owe it to yourself to verify that whoever you’re doing business with will actually have properly licensed attorneys and paralegals helping you. Good luck to you! Larry.",
Larry Donahue,Can an LLC registered in Delaware in the USA have two business accounts at 2 different banks in the USA?,"Yes, companies can have as many bank accounts, with as many banks, located in whatever states (or countries) as they wish. A company is not limited to banks in the state for which it was formed (i.e. a DE LLC is not limited to DE banks). The only issue, is that to open a bank account, you will need a FEIN and to obtain a FEIN you will need to disclose a “Responsible Party” who either (1) controls the company, or (2) is a owner in the company, and has either a SSN (i.e. US Citizen), FEIN (i.e. another US company), or a ITIN (i.e. a foreign national). This issue comes up a lot, for folks we create Anonymous LLC’s for (learn more: Maintain Your Privacy With an Anonymous LLC | Law 4 Small Business, P.C. (L4SB)). Good luck to you! Larry.",
Larry Donahue,"How common is it for freelance designers to name their business ""Firstname Lastname (word here or not), LLC""?","We form LLC’s for many freelancers, whether designers, developers or marketing agents (see Form a Limited Liability Company (LLC) | Law 4 Small Business, P.C. (L4SB)), and I would say it’s very rare for these folks to create LLC’s named as you indicated (i.e. Firstname Lastname OptionalWord, LLC). What’s MUCH more common, is some portion of their name in combination with another word that is suggestive of what it is they do. For example, “Darla’s Creative, LLC” or “Campbell Analytics, LLC”, etc. Good luck to you! Larry.",
Larry Donahue,Will an LLC license be right if I want to start a financial service company all on my own?,"Hi, there. I limited liability company (or LLC), is a perfectly fine entity type for a financial services company with some exceptions. The first exception is that if you intend to “go public” with your financial services company someday, you cannot do that with a LLC. It will need to be a C-Corporation. The second exception is that in certain circumstances, depending on the type of financials services company and the state you’re incorporated in, you may have certain limitations imposed on the entity type and/or clauses within the formation documents. This is rare. I have clients in the financial services sector with Anonymous LLC’s (see Anonymous Limited Liability Company (ALLC) - Start Your ALLC Online | Law 4 Small Business, P.C. (L4SB)). Such LLC’s permit an owner to conduct business “anonymously,” although the permissibility of this depends on the type of financial services company and if you need to register at the state and/or federal level. You would want to double-check to see if ownership information was exposed thereby destroying anonymity. Regardless, of anonymity interests, a LLC is still a perfectly fine entity type. Good luck to you. Larry.",
Larry Donahue,Can my US incorporated company give stocks to someone in Russia?,"Hi, there. The general answer is “yes,” although there are some entity types (i.e. S-Corporations) that are restricted by the types of owners it can have. In particular, S-Corporations (or LLC’s that elect Subchapter S tax treatment) may not have foreign owners. So, if you have a Corporation, is it a S-Corporation? If so, then the answer is “no.” If your Corporation is a C-Corporation, then the answer is “yes.” Similarly, if you have a LLC and it’s taxed under Subchapter S, you will lose your tax designation under Subchapter S with a foreign owner. You can, however, change the tax election of the LLC to “partnership” or Subchapter C. Bringing on a foreign owner is not without consequences, depending on the structure and tax status of your company. You will need to consult with a CPA for tax issues. Also, if you will be transmitting significant amounts of cash to or from your Russian partner, you may need to abide by certain federal reporting requirements (I am not well versed in such laws, so cannot comment on them here). Finally, my law firm sets up many “anonymous LLC’s” for businesses, many of the owners are offshore. These LLC’s not only permit foreign ownership, but keep ownership information off the public lists. To learn more, check out this link: https://www.l4sb.com/services/business-formation/anonymous-llc/. Hope this was helpful. Good luck. Larry.",
Larry Donahue,Where should I incorporate my LLC so that one of my shareholders can remain anonymous?,"The quick answer is: Delaware, New Mexico or Wyoming. The longer answer is, it depends on where you’re “transacting business” and if NOT in one of these states, you probably want to first form an “Anonymous LLC” in one of the states listed, THEN form a local LLC in whatever state is your “home base,” which would be owned by the Anonymous LLC. This will protect the Anonymity of ALL the owners, not just one. Of course, there are many combinations and permutations of this, depending on what you want to accomplish. For example, you can have the one shareholder form his or her own Anonymous LLC, and that Anonymous LLC would then own just a portion of the company that’s transacting business. You do have some tax issues, depending on how things are setup. Please consult with a business attorney and CPA, before you put everything together. Also, a company like mine (i.e. law firm) can setup everything very cost-effectively (See https://www.l4sb.com/services/business-formation/anonymous-llc/). Good luck to you! Larry.",
Larry Donahue,Is a single-member LLC worth the anonymity as an app publisher?,"It’s generally recommended to form a LLC for app developers, as well as other developers, whether for the web, graphics, e-commerce, etc. LLC’s provide liability protection, can provide some level of anonymity if you do it correctly, and most importantly, provide flexibility if you want to partner up with someone. Many companies can help you with forming an Anonymous LLC (we do it, for example, learn more at: https://www.l4sb.com/services/business-formation/anonymous-llc/). Fairly inexpensive, and you’re asking the right questions: Depending on where and how you do it, you can minimize your yearly fees and taxes. Good luck to you!",
Larry Donahue,Why should everyone use LegalZoom?,"Why would anyone use LegalZoom over a qualified attorney? The confusing thing about LegalZoom for most people, is that it is not a law firm (see their footer) and they are prohibited from providing legal advice. What they can do, is (i) help you fill out forms, and (ii) introduce you to attorneys. In regards to (i) above, depending on the form, you could have significant long-term consequences. Did you know the average rejection rate for trademarks for “pro se filers,” which includes people using LegalZoom, is over 80%? And, of those that are actually approved, many have weak trademarks because they didn’t get the proper legal advice to write broad descriptions? In regards to (ii) above, as long as you’re working with an actual, properly licensed attorney, I have no problems. Don’t default to LegalZoom, without checking out actual attorneys offering the same services. We lawyers are catching up on the Internet, and offering legal services that are priced competitively to LegalZoom and other non-licensed legal providers. Having trouble finding attorneys? Don’t give up. Here’s why you might have trouble initially: We lawyers are forbidden from having non-lawyers own part of our firms. This means, for example, we cannot obtain venture capital or investment funding. What’s happening, is companies like LegalZoom who can obtain venture capital, are outspending us lawyers in AdWords, online content generation and more, making it difficult to legitimate attorneys to rise above LegalZoom and similar companies in Google search results. Good luck to you. Larry.",
Larry Donahue,Is it smart to use LegalZoom for an LLC and let your partner do everything?,"True fact: Almost 1/3 of this law firm’s revenue comes from partnerships gone bad. The problem is, a LLC is essentially a partnership. Partnerships are akin to a marriage, except involving business and money. The Operating Agreement used for a LLC is like a “Partnership Agreement,” and dictates all sorts of important things, such as: Can you leave the LLC? What happens if your partner stops working for the LLC or competes with it? Can you bring in another member to the LLC? The list goes on and on. When you ask LegalZoom to form a LLC for you, what you’re doing is essentially paying a non-lawyer (LegalZoom is not a law firm and neither attorneys nor paralegals work on your LLC) to file forms for you and make a million assumptions about the way you want your partnership to work. Whether you use my firm’s service (see https://www.l4sb.com/services/business-formation/form-limited-liability-company/) or another lawyer or law firm, you’re always going to have a LLC formed that is better suited to your particular needs. This doesn’t mean you won’t have problems if you have us lawyers do your LLC, and I’m not trying to say LegalZoom doesn’t do a good job forming a LLC. What I’m trying to say is that it is simply impossible for LegalZoom to give you a sound legal opinion about the long-term consequences of your LLC and to advise you appropriately. Good luck to you! Larry.",
Larry Donahue,How do you become released from an auto renewal contract?,"Hi, there. This can be easy or it can be hard, depending on the wording of the auto-renewal clause (also called “Evergreen Clause”). I wrote about this several years ago, if you’re interested in my blog article: https://www.l4sb.com/blog/evergreen-clauses/. The big issue, is that you want to terminate the evergreen properly, and this can be tricky. If you don’t abide by the language properly, you can lose your opportunity to terminate. In particular, does the language require notice of termination “within” or “before” a certain timeframe? Make sure you understand the language, and make sure you can provide evidence that your notice of termination is timely. Note the reverse is true, if you wish to invoke an option to extend the contract. I’ve been involved in circumstances where a party (i.e. a building owner who has a land lease) was late in invoking their optional right to renew by a just a few days, and therefore lost millions of dollars real estate because their 50-year land lease expired. If you feel the language is ambiguous, contact a contracts attorney to help you. Good luck to you! Larry.",
Larry Donahue,How do I add members to a member managed LLC in Texas?,"Hi, there. The answer to this depends, and can potentially be complicated. I’ll give you two processes, depending on the circumstances of the Company: (1) Brand new company, and the new member is a founder? You can probably simply add that new member to the initial Operating Agreement. (2) Existing company? Follow these steps: (i) Review the Operating Agreement, and make sure you follow the formalities about adding a new member (usually calling a vote). (ii) Put together a Purchase Agreement that indicates how much of an interest they are buying, with any restrictions, and any / all disclosures that may be appropriate (i.e. not registered with the SEC, significant liabilities, restrictions on ownership, etc). (iii) Amend the Operating Agreement, at least adding the new member, but it may be a good time to review and revise as appropriate. (iv) Signing party. Some things to consider: Consult with a CPA if the LLC has any value, and if you’re transferring membership for a value of anything other than the fair market value of the ownership being transferred. If the new member is an employee, you should really think through the issues, and add provisions in the purchase agreement for vesting / reverse vesting and/or clawback if employment should be terminated for cause or employment ends within a period of time you think is unreasonable. There are other caveats, so you would do yourself (and your LLC) well by quickly consulting with a properly licensed business attorney in your jurisdiction. Good luck to you. Larry.",
Larry Donahue,I live in FL and am starting an LLC with a MN resident and we will both be operating in the state of MN only. Do we start a domestic LLC in MN?,"Hi, there. The general rule is if you’re “transacting business” in a state, you need to register in that state. You can do that in one of two ways: You can register a domestic LLC in the primary state you’re “transacting business” in, or you can register a LLC somewhere else (such as DE, FL or elsewhere), and then register that LLC as a “foreign LLC” in the state or states you’re “transacting business”. Without knowing more, it sounds like registering a domestic LLC in MN is a good idea. If you want help with this, my firm provides cost-effect LLC registration in most states. Learn more: https://www.l4sb.com/services/business-formation/form-limited-liability-company/ Thank you and good luck to you. Larry.",
Larry Donahue,Should I be an LLC or a corporation?,"###### Updated 12/26/2018: We just wrote a BETA / PROOF-OF-CONCEPT AI-based decision-maker that helps you figure out what type of company you should form and which state, based on your answers to a few questions. We’ve factored in anonymity issues, tax issues (including the Trump Tax Reform Act of 2017), citizenship and more. Takes less than 5 minutes. Business Entity Selector Tool | Law 4 Small Business, P.C. (L4SB) Again, it’s a PROOF-OF-CONCEPT and can be subject to occasional errors. We would appreciate your feedback, if you give it a whirl. Thank you. Larry. ##### Original Answer to Question Hi, there. It’s really impossible to answer your question with so little information provided. My answer often depends on what state you will be primarily be transacting business, whether you want ownership information to be private, whether you intend to go public some day, whether you’re intending a number of different classes of ownership, etc, etc, etc. I will give you some general rules of thumb: The self-promoting plug: My firm provides very cost-effect flat-rate formations for regular LLC’s (See https://www.l4sb.com/services/business-formation/form-limited-liability-company/), anonymous LLC’s (See https://www.l4sb.com/services/business-formation/anonymous-llc/) and corporations (See https://www.l4sb.com/services/business-formation/business-incorporation/). Our rates are often better than the unlicensed legal providers on the Internet (such as LegalZoom). If anything, you want to try and work with a law firm, over the “other guys,” simply because they can answer legal questions and make sure you do things right. Finally, while I’m on a role, read our blog article that talks about how Donald Trump’s tax plan provides a strong incentive to incorporate (with a pass-through entity, such as a LLC or Corporation under Subchapter S): https://www.l4sb.com/blog/president-trumps-tax-plan-time-incorporate-form-llc/ Good luck to you! Larry.",
Larry Donahue,"What are some methods to maintain privacy and/or outright anonymity in the USA, in terms of business ownership?","There are many legitimate reasons why a business owner may want to remain “anonymous,” as in ownership information of a company cannot be simply looked up on the Internet or at the relevant state’s secretary of state’s website. Three that come immediately to mind are abuse victims who wish to prevent their former tormentor from looking them up, property owners who wish to prevent tenants from trying to bypass their property managers, and business owners who wish to prevent third-parties from looking them up and harassing their families (this happens often, especially when certain businesses deal with politically sensitive issues). With that said, the most common — and affordable — method is what’s called an Anonymous LLC. You can learn more at my firm’s website, read “Maintain Your Privacy With an Anonymous LLC | Law 4 Small Business, P.C. (L4SB)”. Anonymous LLC’s aren’t a mechanism for avoiding taxes or committing criminal acts. They simply make it difficult to look up ownership information on the Internet. Good luck to you!",
Larry Donahue,Can a company be funded even before its incorporation?,"The answer is “yes, but not a good idea.” You can certainly use your own funds or the funds of other founders to kick-start efforts. You can also obtain loans in furtherance of the company. The problem if you do this, is that because the company technically doesn’t exist, it’s really you (or the other founders) that is actually borrowing money. And, in many instances, it may be difficult or impossible to transfer the liability of any loans from yourself personally to the company. Another problem can result between founders: If founders start putting in money, and there’s any disagreement about the amounts or ultimate ownership percentages, you’re going to have a big problem later. Therefore, given how inexpensive it is to incorporate (i.e. our rates start at $275 plus filing fees), why would you wait? See: Form a Limited Liability Company (LLC) | Law 4 Small Business, P.C. (L4SB) It is less risky to put the company together first, and then put the right paperwork together to support whatever funding arrangements you seek. Good luck to you! Larry.",
Larry Donahue,Why is an s-corp better for wholesaling real estate than an LLC?,"I’m not sure I agree with that statement, at least from a legal perspective. Maybe a CPA / accountant will weigh in on this from a tax perspective. My understanding is that a LLC can enjoy S-corp tax treatment, therefore it should have the same tax treatment as your standard “S-Corp”. Good luck to you. Larry.",
Larry Donahue,"If I incorporate a holding/conglomerate company, will I have to incorporate all subsidiaries separately or are they automatically incorporated?","I’m a bit confused by your question, because you really cannot have a “holding company,” if its not incorporated — you own it as either a sole proprietorship or within a partnership. You or the partners actually own everything. Same goes for the subsidiaries. So, I’m going to assume when you say “incorporate” you mean both the holding and subsidiaries are currently owned by you as sole proprietorships or partnerships. If that’s the case, if “incorporate the holding company,” then the holding company is incorporated but the subsidiaries are probably going to still be held by you as sole proprietorships or the partnership. What you need to do, is make sure you transfer whatever you’re calling a “subsidiary” into the corporation (the holding company) or create new corporations that are the subsidiaries, and then make sure the holding company owns the subsidiaries. This is very complicated, and depends very much on the nature of your assets and how everything is set up. Therefore, with all due respect to the other posters to this question, you really need to consult with a properly licensed business attorney. Good luck to you. Larry.",
Larry Donahue,Can a single person LLC be inherited?,Yes. A LLC is an asset that can be devised in a Will or go into probate like anything else.,
Larry Donahue,"Hello everyone: I formed LLC registered in Florida in 2016, but the company have no activity yet: do I have to make the anual report with form 1065?","Hi, there. I think you may be mixing up two issues: “annual report” versus “federal income tax filings.” The “annual report” is with the State of Florida, and the Form 1065 is the IRS income tax form for a “partnership,” such as a LLC taxed as a partnership where K-1’s are issued and passthrough income flows through to the owners. The annual reports are due “between January 1 and May 1 each year”. To learn more, go to: File Annual Report. You need to do this, whether you had activity or not. Form 1065, if your LLC is being taxed as a partnership, is due March 15th, unless you file an extension. If you obtained your FEIN for your LLC as a sole proprietorship, it’s likely your LLC is being taxed as a disregarded entity. You should double-check your SS-4 when you obtained your FEIN, if you obtained your FEIN. Again, you need to do this, whether you had any financial activity or not. In both instances, penalties apply if you file late or don’t file at all. Good luck to you. Larry.",
Larry Donahue,"What kind of LLC do I need to register for, for an internet startup?","Hi, there. Great question. I get this all the time. The short answer is “a LLC in the State where you’re located.” If you’re trying to be anonymous, then the answer is harder. See my answer in a previous Quora article entitled, I don't have money for private attorneys to incorporate. What is the most cost effective resource to help with incorporation (Legalzoom, Rocket Lawyer, etc.)? What is the best state to form an anonymous corporation (LLC) in small startups? My law firm has a small flat-rate fee for LLC formation in any state. Learn more at Form a Limited Liability Company (LLC) | Law 4 Small Business, P.C. (L4SB). Good luck to you! Larry.",
Larry Donahue,Can you give away equity or membership interest to investors in an LLC without adding anyone to the actual LLC?,"Good questions, and I receive this often from entrepreneurs. Can you provide a “membership interest” without “having their name on the actual LLC?” It really depends on the state and what you mean by “having their name on” the LLC. My comments are: If someone has a “membership interest” in a LLC, such as an investor, by definition they are a part owner of the LLC. If your state requires disclosure of all owners of the LLC, then you will have to disclose the investor as a member of the LLC. Fortunately, you will not have to do this until your next annual or biannual report is due (depending on your state), and there are options to obfuscate members information. For example, by asking your investor to obtain an Anonymous LLC (see Maintain Your Privacy With an Anonymous LLC | Law 4 Small Business, P.C. (L4SB)) and then the Anonymous LLC is the member of your LLC, not the investor personally. Can you “give away” interest without “giving them voting power”? I’m going to assume you don’t actually mean “give away,” since the investor will be buying an ownership interest in return for paying the LLC cash. The question then becomes, can a LLC issue a “non-voting class” of ownership? The short answer is “yes.” This takes a bit of work, because you need to develop a strong Operating Agreement that maintains at least two classes of ownership, with the rules, policies and procedures for such classes. This is fairly common, for example, when LLC owners permit deceased members’ families or estates to maintain an ownership interest in the LLC — they will define non-voting interest for such members. With that said, I doubt most (sophisticated) investors will permit their investment to be a non-voting interest. If you have such an investor — that’s great for you — it implies to me they are friends or family or unsophisticated at some level. Either way, I want to caution you to do this right. You need to put together other documents, aside from a strong Operating Agreement. You need a “Membership Interest Purchase Agreement” for investors, that not only defines what type of class of ownership they are purchasing, but contains a slew of disclaimers, representations, etc. You may also want to consider a “Restriction Agreement,” and perhaps a “Buy/Sell Agreement,” depending on where you’re going with your business and your overall goals and objectives. The problem for you is, if you do this without being careful, you can create what I call a “lose-lose situation” for yourself. If the business tanks, you can open yourself up to personal liability from such investors. If the business succeeds, you can open yourself up to a challenge on ownership, value and class of ownership. If you’re “investor” will be employees or contractors, you have other issues to contend with. Good luck to you. Larry.",
Larry Donahue,Where do I incorporate my s-corp? Legalzoom? Rocketlawyer? Can I do it in person and cheaper?,"As Jeremy said, you can do it yourself. Before you do, I have some questions for you: are you sure a “S-corp” is the best entity type for you and your business? Are you simply looking for “s-corp” tax treatment, and a LLC could suite your needs? Do you have family, friends or third-parties as partners? Depending on how you answered those questions above, you may want to think about doing it yourself versus hiring a service to help you. I cannot recommend LegalZoom, however. The “LegalZoom’s” of the world are nothing more than “document filers,” and will simply do as you ask. If you don’t know the answers to the above, or you have partners, it’s very doubtful you’re going to get the right documents to support the partnership. For example, if you do go with a S-Corp and you have partners, you would do well to have a “Buy/Sell Agreement” put together with the other documents, to properly address the issue of a partner wanting to leave in the future. I cringe when I see statements that say, “I’ve heard of other people using LegalZoom in the past, and it’s been fine.” The problem with that statement, is it’s really easy to setup a company. It’s much harder to setup a company that works well for the owners in the long-term. I know this is an extreme analogy, but it helps illustrate the problem: If you’re planning a mission to mars, you don’t measure success of the mission simply on whether the rocket left the launch pad successfully. I’ve had to resolve MANY problems for clients where their trademarks are too poorly defined to be protectable, or their contracts are simply wrong and cost them tens-of-thousands in litigation expenses, or the company formation wasn’t quite legal given the particular business or situation the client was in. Therefore, I don’t place LegalZoom any higher (from a quality perspective) than individual non-lawyers, in the ability to properly set up a business. They’ve just done it before, so know exactly what to do to file, versus an individual who will need to do a small bit of research. For individuals and partners who want to “do it right,” from the filings to the agreements to properly support the arrangement of partners, you cannot beat your local business attorney. Yes, of course it’s more expensive, but you’re getting so much more value. (If you think about it, LegalZoom is charging a PREMIUM TO YOU, simply to help you fill out a form). Disclaimer: My firm does compete with LegalZoon. We offer competitive pricing for basic corporate and LLC formations, although we have immediate attorney assistance to help answer the questions above. See Business Formation | Law 4 Small Business, P.C. (L4SB). Good luck to you. Larry.",
Larry Donahue,Is it possible to incorporate a one person LLC with a computer and code in progress then ask for a loan to increase production capabilities?,"Hi, there. I was struggling with your question, until I put in a comma after the word “progress.” I think the answer is yes, although it will depend on the type of loan, your credit and whether you can securitize the loan. For example, if you have good credit, you may be able to act as the personal guarantee and obtain a small line-of-credit for the LLC. If you don’t have great credit, but you own a home with equity, you could obtain a HELOC (for Home Equity Line of Credit). Then you can loan money to your LLC, using the HELOC for funds. So, there are a few ways to accomplish what you’re asking, but you would be best served talking to a business banker who can review your credit, your options and figure something out for you. Good luck! Larry.",
Larry Donahue,"Which is better, a Wyoming LLC or a New Mexico LLC?","***** Revision as of 12/26/2018: We have a BETA / PROOF-OF-CONCEPT AI-based decision-maker that helps you figure out what type of company you should form and where, based on your answers to a few questions. We’ve factored in anonymity issues, tax issues (including the Trump Tax Reform Act of 2017), citizenship and more. Takes less than 5 minutes. Business Entity Selector Tool | Law 4 Small Business, P.C. (L4SB) Again, it’s a PROOF-OF-CONCEPT and can be subject to occasional errors. We would appreciate your feedback, if you give it a whirl. ****** Original Answer Not to disagree with the other posters, but only Mr. Rives below is correct. The other posters contain some inaccuracies or aren’t fully complete. Mr. Rives has good information about costs. Here are the other factors: (1) Your Business Location? You should favor the state you’re in. For example, if in NM, then chose a NM LLC, likewise for WY. (2) Will You Owe Money? As of the date of my post, WY (unlike NM) has passed the Revised Uniform Limited Liability Company Act (or RULLCA). This Act provides additional protections to prevent debtors from going after the personal assets of sole-member LLC owners. Technically, I am not aware of anyone successfully doing this in NM, but it’s clear the NM statute doesn’t contain the additional provisions of the RULLCA. (3) Wanting to be Taxed as a C-Corporation? See Mr. Rives’ post below. There is NO corporate income tax in WY, although there is in NM. Note that WY does have franchise taxes, and if you have assets in WY, you will have to pay more than the minimum (which I believe is $50) annually as part of your annual report. (4) Don’t Want to File Reports Annually? Then NM is your State. WY has an initial reporting requirement, as well as annual reports. (5) Have “Trade Names?” WY does require the filing of “trade names” when conducting business in WY that is not the same name as your LLC. NM does not have a fictitious name statute, so you don’t need to file any trade names in NM. Even if you’re located outside the State of WY, if there’s the possibility of doing ANY BUSINESS in WY (i.e. even selling to a WY resident over the Internet), then you should file a trade name in WY if your LLC is located in WY. (6) Choice of Law Concerns? This is a VERY DIFFICULT TOPIC worthy of thousands of pages by legal scholars. Therefore, what I’m about to say is very high-level and general, and you really owe it to yourself to hire an attorney to figure this out if you think it’s important. First rule: You cannot simply, randomly pick a state and use it as your “choice of law” forum in your contracts. You must have some “sufficient nexus” to that state. Being registered in the State is a sufficient nexus. Second rule: you want to use a state as your “choice of law” forum that you think favors the legal situation or situations important to your business. What does this mean between WY and NM? Well, for example, NM’s laws in consumer protection are fairly basic. WY’s laws are a bit more progressive and modern. As another example, I believe the State of NM just updated its regulations to put “e-cigs” at the same level as tobacco-based cigarets, while that hasn’t happened yet in WY (I’m not a WY attorney, so please double-check this if you’re in the e-cig business). Depending on your industry and business, picking one state over the other could have profound impacts on how your contracts are interpreted and how much liability your company could have in certain causes of action, claims, judgements and lawsuits. Those are the biggies, but there are others. Our firm is very good at setting up Anonymous LLC’s and answering questions. To learn more, go to Maintain Your Privacy With an Anonymous LLC | Law 4 Small Business, P.C. (L4SB). Thank you. Larry.",
Larry Donahue,Which registered agents in Wyoming do you use or recommend?,"There are a lot of answers here relating to finding the “cheapest” Registered Agent. If cost is your sole factor, then I think the posters here have some good answers. If, however, you’re more concerned about service, you will probably want to avoid the cheap guys. The best Registered Agents are going to be attorneys, and here’s why: Note that attorney-client confidentiality and privilege are not absolute, as there are certain circumstances that will void or overcome confidentiality and/or privilege. Our firm, for example, will not respond to subpoenas that don’t have power over our firm. Also, for those subpoenas that do have power over our firm, we will first attempt to quash the subpoena. Then, if there is some legal issue, debate or litigation, your attorney (whether us or another attorney you hire) can always try to exclude information that was initially privileged. The point of my post is that not all Registered Agents are the same. It’s not just about price. We provide Registered Agent services in all 50 states, and our RA services provide the above-mentioned benefits. To learn more, you can go to Business Attorney Registered Agent Service | Law 4 Small Business, P.C. (L4SB). Thank you. Larry.",
Larry Donahue,Form llc for privacy?,"Look up “Anonymous LLC’s” for more information on how a LLC can help you maintain privacy, assuming what you mean is that you want to maintain privacy of ownership by forming a LLC. We help this for many clients. To learn more, go to Maintain Your Privacy With an Anonymous LLC | Law 4 Small Business, P.C. (L4SB). Thank you. Larry.",
Larry Donahue,What is an invisible LLC?,"The best way to learn more about “Invisible LLC’s” is to search for “Anonymous LLC.” As Dana said, an invisible (or Anonymous LLC) is a form of LLC that prevents the owners (i.e. Members) from being disclosed by the state’s Secretary of State when someone looks up your LLC. Learn more at: Maintain Your Privacy With an Anonymous LLC | Law 4 Small Business, P.C. (L4SB) Thank you. Larry.",
Larry Donahue,What's the difference between anonymous member LLC and non-anonymous one?,"In general, most states (with only a few exceptions) require you to report who is either a Manager or a Member of the LLC. A Manager does NOT need to be a member. So, you can create an Anonymous LLC in your home State, if you (1) form a Manager Managed LLC, and (2) disclose the name of the Manager. Then, your members will be “anonymous,” although you will have a public Manager. The downside with this, is that you have a public Manager. Their name is disclosed. And, the Manager actually “manages the LLC,” and you therefore need to be very careful about your Operating Agreement, so that the Member(s) delegate power appropriately, and have the proper rights to change the Manager as appropriate. Note that such states also require filing of annual or biannual reports (and some even require “initial reports), and if you think you’re getting away with a level of anonymity by changing things after you register your LLC, you’re just going to have to tell the State how things are once your reports are due. The three states were we form truly Anonymous LLC’s are Delaware (DE), New Mexico (NM) and Wyoming (WY). They do not require disclosure of Manager(s) or Member(s). So, the difference between an “Anonymous Member LLC” and a non-anonymous one is whether you have to disclose the Manager or Members, and how you do it. Just FYI: Another way to create an Anonymous LLC is to form a parent LLC in one of the states that permit Anonymous LLC’s, and then have that parent LLC form a LLC in your State. When you disclose who is the Manager or Member of your State’s LLC, the answer is the parent Anonymous LLC. This is perfectly legal and will help you maintain anonymity for the local / child / transacting LLC in your State. We help lots of clients do this, and the benefit of having a law firm do this versus just anyone on the Internet, is that you receive competent advice from an attorney, as well as “attorney/client privilege” and “attorney/client confidentiality.” Other non-law firms simply cannot provide that. What it means for the LLC’s we form, is that we do not respond to subpoenas unless they have authority over us, and those that do, we’ll first attempt to quash such subpoenas. It also permits you (or your attorney(s)) to raise attorney/client privilege in certain legal proceedings, which may or may not be helpful to you depending on the circumstances. To be clear, attorney/client privilege and attorney/client confidentiality are not absolute. There are limitations. Learn more at: Maintain Your Privacy With an Anonymous LLC | Law 4 Small Business, P.C. (L4SB) Thank you. Larry.",
Larry Donahue,How does one set up a business checking account for a New Mexico anonymous LLC?,"Hi, there. To open up a bank account (anywhere in the US) in the name of a LLC, you need to bring (1) Certificate of Organization, (2) FEIN supplied on the LLC’s SS4, and (3) Operating Agreement. Whether you have an “Anonymous LLC” or not doesn’t factor into the equation, and this is where I receive questions from folks who want to remain anonymous: You cannot remain anonymous from the IRS and/or banks where you are personally a signatory on the bank account. For the IRS (to get a FEIN), you need to disclose a “Responsible Party,” which is defined as a party that either has an ownership interest or controls the entity subject to the new FEIN. For the banks, they are under federal law to verify and validate who has signing authority on accounts. The good news, is that both the banks and the IRS are supposed to keep that information confidential. We provide Anonymous LLC’s for people, and setup parent / child LLC’s so that you can transact business in your home state confidentially. You can learn more by going to the following link: Maintain Your Privacy With an Anonymous LLC | Law 4 Small Business, P.C. (L4SB)",
Larry Donahue,Do dominant customers in a space ever force vendors to sign non-competes?,"The quick answer is, yes, of course. The longer answer is “it depends” on a number of factors, including whether the “vendor” is an individual or a company, the local jurisdiction’s laws or policy around non-competes, and the scope of the non-compete.",
Larry Donahue,Can a freelancer sue me if they quit the project?,"Hi, there. I never recommend ignoring an attorney’s demand letter. If it’s legitimate, it’s not very difficult for the lawyer to file a lawsuit. It really depends on the facts and circumstances. If you had a freelancer work for you, whether you owe them money (or not) depends entirely on the circumstances. An “oral contract” is enforceable under certain circumstances, such as if there’s detrimental reliance, for example. The other thing is I never recommend that anyone pays “any sum,” especially when splitting up or terminating a relationship, without writing it down and making the payment in return for a “. . . full and complete release of any and all claims, debts and obligations that may, are or could be claimed . . .” At any rate, I know this sounds self-serving, but you’d be well-advised to have a business attorney look at this and give you a recommendation. Good luck to you. Larry.",
Larry Donahue,Can a BVI company owned by non-US residents/citizens be a member of a US LLC?,"Mr. Rives answer is exactly correct, with one proviso: A BVI company can be a member of a US LLC, even if that LLC maintains an S-Corporation status for tax purposes. The consequences are simply that the LLC looses its S-Corporation status.",
Larry Donahue,Can Apartment Landlord (Texas) make you sign a confidentiality agreement for the theft happened to make sure you wont share it with anyone ?,"Probably not. The reason I say “probably,” is that you didn’t say whether you are referring to a commercial or residential lease. If a commercial lease, there’s a small chance the lease could require some form of confidentiality, depending on the circumstances.",
Larry Donahue,"If I have a contract, can I be fired?","Hi, there. You didn’t say whether you are an “employee” or “contractor,” and that could have some bearing on the answer. However, with that said, the actual terms of the contract (should) dictate the scenario of “termination” “with cause” or “without cause.” If the contract is silent on termination, then you should assume that you can be terminated with “reasonable notice,” whatever that may mean for your industry, jurisdiction and the type of job you’re performing. This is why my firm has a $10/page (min. 5 page) limited flat-rate review. This service is perfect to help answer questions like this. Good luck to you. Larry.",
Larry Donahue,"I am in arrears with my state registered agent. Do I need to dissolve my LLC and start over? If so, how?","Both previous answers are good. I just want to add that you didn’t indicate how much in “arrears” you are, and if your Registered Agent has resigned from your LLC and notified the state, the state will most likely put your LLC in “not good standing” status. Most states have different policies around that, including “cancelling” or “dissolving” your LLC by statute after some period of time elapses. Make sure you look up the current status of your LLC at your state. If your Registered Agent is still listed as your LLC’s registered agent, it’s probably simply a matter of paying your Registered Agent to get current so they don’t resign. If your Registered Agent is not listed and/or your LLC is marked as “not in good standing” status, please contact a good business attorney or your state’s secretary of state (or whatever state agency manages the registrations of LLC’s) and ask them what it takes to put your LLC in good standing. It may simply take your hiring a new Registered Agent. You may need to pay a small fee. It does depend on a few factors, depending on your state and how much time has elapsed. Good luck to you. Larry.",
Larry Donahue,What is a bill of sale and how is it legally binding?,"When we use a “Bill of Sale” in a transaction, it is usually accompanied by a “Purchase Agreement” of some type, among other potential documents, including promissory note, corporate formation documents (i.e. revised ByLaws or Operating Agreement), etc. A Bill of Sale is a legal document, but I hesitate to actually call it a “contract” for the purchase of personal property (as opposed to real estate). The reason is, a Bill of Sale is usually a very simple document that outlines the purchase price, and sometimes (not always) enumerates “what is purchased.” The “what is purchased” part is usually a high-level list of what is purchased (such as in a business transaction) that separates into IRS taxable categories. What you won’t find in a Bill of Sale, are the general terms of the sale, such as conditions precedent (i.e. what has to be in place before the sale takes place), representations and warranties (i.e. that the seller has good title, hasn’t encumbered the property being sold, condition of assets, etc), payment terms, closing date, etc, etc, etc. I tell my clients to think of the “Bill of Sale” as a “receipt” more than the contract regulating the transaction or purchase. Given it’s simplicity, there really isn’t much to enforce. If it’s the only document in the transaction, you better hope it has enough specificity to fully identify the transaction to make it enforceable. If it doesn’t have enough information, we need to fall back to other aspects of contract law, including but not limited to the Parol Evidence Rule, Detrimental Reliance, etc, to determine whether we can introduce additional evidence to make a legal argument to enforce a Bill of Sale, especially if there was some form of detrimental reliance on behalf of the buyer (i.e. paying money) or seller. Larry.",
Larry Donahue,What are some important clauses to include in a distributions agreement?,"I think Mr. Kumar Verma provided a very comprehensive answer, although I will say that there’s quite a bit of beef that is still missing. Under “confidentiality,” you may want to include a clause about Trade Secrets. Under “Termination,” you really want to get specific about what factors could lead to termination for cause, as well as you may want to consider a “liquidated damages” clause for certain types of breaches. Do you payments to continue for some time after termination of the contract? Do you want audit rights? Note that you mentioned “distributions agreement,” but didn’t really go into much detail. Is “drop shipment” involved? Will inventory sit on hand? Think through the issues, and make sure you have a “termination process” defined — will inventory be returned or destroyed? Also, how to you handle refunds, returns, cancellations, chargebacks, etc, etc? Finally, make sure you define key terms, such as “commissions,” “revenue,” “expenses” and even “profits.” Good luck to you! Larry.",
Larry Donahue,"What are my options if a researcher has knowledge I want, but is prevented from giving it to me by contract (with two unrelated companies)?","The short answer is you’re “SOL,” for “s**t out of luck.” The longer answer is: Can you and the scientist figure out a permissible reason to share the information with you? To answer that question, you need to examine the contracts the scientist has with the other two companies. Sometimes, they may allow sharing of information if the newcomer simply signs a NDA. I’ve seen other contracts where confidential information may be shared in certain circumstances. Is the information the scientist’s intellectual property or confidential information or the other companies? If the scientist’s, then perhaps you wait out the contracts? If the other companies, which seems a bit strange — how would the scientist come into possession of the same confidential information from two different companies — unless it’s not the same confidential information you seek, or there’s some relationship between the two, then you may not have any options. It all depends how those contracts read. Good luck to you. Larry.",
Larry Donahue,My company made written and verbal promises to me and then eliminated my position. can this be considered an implied employment contract?,"The answer is “possibly,” depending on the circumstances. Specifically, was there “detrimental reliance” under the theory of “promissory estoppel.” This varies somewhat from jurisdiction to jurisdiction, so you really need to consult with an attorney in your local jurisdiction. The basic elements to promissory estoppel are: Note that although the above elements seem straightforward, they really aren’t. For example, how do you “prove a promise was made?” And, “what exactly was the promise?” In your case, how do you prove all the components of that promise — such as remuneration, position, status, term of employment, conditions of employment, etc, etc? Every element needs to be proven, which makes “oral” contracts so hard to enforce. But, assuming you can prove all the elements, and your jurisdiction looks favorable on promissory estoppel arguments, I’m suspicious of the “detrimental reliance” component. You didn’t indicate how much time expired between the “verbal promises” and then elimination of the position. If the time-frame is short, it’s going to look as though a reasonable-person wouldn’t necessarily rely on the promise to their detriment. Of course, if the time-frame is a long time, and perhaps you quit your other employment position, then you have a stronger argument for detrimental reliance. Again, consult with a local attorney who can apply the facts and circumstances of your matter to the specific legal requirements in your jurisdiction (or the company’s jurisdiction, as the case may be). I’m sorry this is probably not the answer you were looking for. I wish you the best of luck. Larry.",
Larry Donahue,How do I update Consulting Agreement with compensation?,"If you were advised by a lawyer then I think you should follow the advise of that lawyer versus “double-check” or whatever it is you’re doing on the Internet with this question. With all due respect to the previous two responses, one isn’t quite right and the other didn’t really seem to answer your question. What your lawyer said is right on the money. There are two issues here: First, maintaining the right to even use or incorporate the code into whatever you’re doing. Second, taking full ownership in the copyrights of the code, if that’s important to you. Currently, you’re busy creating a “derivative work” by using that code base — and do you know who owns that derivative work? You guessed it — your former consultant. You asked “how do you update Consulting Agreement,” and your question obviously implies you have a document and you want to update it. I hope you can understand it’s very difficult to tell you how to update something without seeing it. The best answer is to have that lawyer you talked to originally revise your document for you. In my opinion, you really don’t need a “Consulting Agreement” for what you’re trying to accomplish. What you want is some form of “IP Rights Assignment” or something similar. You’re simply purchasing either a license to use (and transfer, display publicly, and make derivative works) of the code you have, or you are purchasing the full copyrights. Your document needs to be very specific: What are you purchasing (i.e. A license? If so, to what extent? The full copyright as defined in US Copyright law?) for what (i.e. The code developed by Consultant from date X to date Y, on the platform Z, along with all notes, data models, structures, etc, etc, etc)? Include any representations and warranties necessary (i.e. he hasn’t assigned his rights to a third-party, he won’t dispute or challenge this agreement, etc, etc, etc). It’s a funny thing about contracts. Universally, they are either a complete waste of time (because there was never an issue, the business didn’t go anywhere, or there was simply no value in “the deal”) or they are utterly important and viewed as the best investment you’ve ever made (because there was a big dispute, or the value became astronomical and you were able to enforce your rights). Most people don’t like to spend money on writing a good contract, and I get it, but to be perfectly honest, almost 50% of my firm’s revenue comes from what I call “dispute resolution” associated with trying to either defend a poorly written contract (yes, downloaded from the Internet) or representing the other side getting out of a poorly written contract. It’s hard to predict for my clients, but spending a few hundred to get a well-written contract really outweighs the tens-of-thousands they spend in a legal battle because the contract was poorly written. Some of my clients end up loosing vast sums in investments, because they didn’t properly lock down their rights, only to see valuable code or other assets be taken out from under them (this is very common with software and other Intellectual Property). Okay, I’m off my soap-box. Good luck to you! Larry.",
Larry Donahue,Did Hillary Clinton laugh about a 12 year old getting raped?,"I think Glenn did a great job with the answer, and I must say the individual posting this question is a bit suspicious. The answer is not “yes skip to 1:07.” This highlights what is bothering me about this entire election cycle. It seems truth, integrity and honesty has gone right out the window. It’s not acceptable to make such bold-faced lies. We Americans must dig a bit deeper, and simply not accept what we read as gospel. What also bother’s me is the abuse cast upon the reputable news sources. The very elements that claim “media bias” seem to be the very organizations that support, sponsor or produce “biased news” and information. The fact of the matter, reputable news sources hire expert journalists that spend an inordinate amount of fact-checking. The less reputable news sources do not.",
Larry Donahue,Can Terms of Service include NDA language such that when a user ticks the TOS box they are bound by a non-disclosure agreement?,"The quick answer is “yes,” a “clickwrap” TOS (which is what I infer from your statement “a user ticks the TOS box”) can be used to enforce a non-disclosure clause. The bigger issue is to be able to prove: that the person who is clicking the “TOS box” is actually who they say they are, that they actually consented and agreed to the non-disclosure therefore creating a duty, and then that they violated that duty. Those can be difficult issues to prove.",
Larry Donahue,How soon are you required to have your contractor sign a consulting agreement and a non disclosure agreement?,"Hi, there. Within a few days, it’s usually not that big of a deal to start before you have the contract finalized, although I always recommend to my client to send an email to the developer / contractor that bullet-lists the high-level business issues, and make sure that developer / contractor responds that he or she agrees with the high-level issues. Make sure your agreement has a “Work Made for Hire” provision in it, so your startup owns the copyrights to whatever the developer creates for you. Also, note that Pres. Obama signed into law the Trade Secret Act, that requires certain language in your contract if you intend to enforce trade secrets for your company. Read more here: President Obama Signs Trade Secret Act | Law 4 Small Business, P.C. (L4SB) Good luck to you! Larry.",
Larry Donahue,"What happens if you register your company LLC and after 2-3 months you just want to stop, close, or whatever? What do you do?","This is actually more complicated that it seems. First question, do you have any partners / co-owners? If yes, then do all your partners / co-owners agree with the dissolution? If yes, then draw up a simple “separation agreement” or “dissolution agreement” by and between the partners / co-owners. If you’ve answered “no” to “do all partners / co-owners” agree, then you need to follow the requirements of dissolution in your formation docs (i.e. the Operating Agreement). Second, once you have all the formalities worked out, i.e. what to do with any contributions, outstanding assets, liabilities, etc, then you apportion as agreed. Third, follow your state’s dissolution requirements. This is usually the submission of an Articles of Dissolution, but in many states, you may need to do more, including getting a tax certification from the relevant tax department, etc. Your mileage will vary, depending on the state. Fourth, as mentioned by other posters, you still need to file your final tax returns. Good luck to you! Larry.",
Larry Donahue,What are the functions of contract law?,"Wow! This is such a open-ended question, it’s almost impossible for us attorneys to answer. Entire treatises are devoted to this question. If you could follow-up your question with more specifics, as to why you’re asking, perhaps we can give you a better answer. With that said, when I’m asked a question like this, my usual answer is to “enforce the benefit of a bargained-for exchange between two or more parties.” In other words, the overall function of a contract is to enforce a promise. From there, it gets a LOT more complicated. :-) Larry.",
Larry Donahue,"Are there any big companies which are structured as general partnerships, LLPs, or LLCs?","I think the other answers are good, but I just wanted to point out one important fact that is relevant to your question: In the US, only “C-Corporations” (i.e. not LLC’s, general partnerships, LLP’s, etc) can become public companies. In other words, all the “big, public companies” you may think about, such as Apple, Google, IBM, etc, etc, etc, are all C-Corporations. This means that if a big company wants to go public, it must be a C-Corp. With that said, there are many large companies that do not decide to go public, and therefore have various structures depending on a number of factors, including tax, financial and liability concerns. Larry.",
Larry Donahue,Forming an LLC - is it better to do it on our own or opt for services from firms like CorpNet or LegalZoom?,"Of course, my self-serving response is: Law 4 Small Business located at https://www.L4SB.com/. There are a lot of companies that can do LLC formations for you, and of course, you can go to the relevant state you’re considering to do it yourself. The BIG difference from Law 4 Small Business versus almost all the others out there, is we’re a REAL LAW FIRM. We’re about the same price, some are a bit cheaper, but we help you with your selection. We help our clients understand the issues doing business in multiple states. Our documents are much higher quality and are designed to meet the particular needs of our clients. Only qualified business lawyers can help you understand the issues and complexity of doing business in multiple jurisdictions. This is important in trying to figure out what state is best to incorporate in, as well as what states you may need to register as a “Foreign LLC.” Finally, only business lawyers can help you understand how to maintain your anonymity, if that is important to you. To summarize, there are a lot of good “LLC formation” companies out there, although few are actual lawyers or law firms. Good luck to you! Larry.",
Larry Donahue,What is the best website for LLC formation?,"Of course, I’m going to give you a self-serving response: Law 4 Small Business located at https://www.L4SB.com/. There are a lot of companies that can do LLC formations for you, and of course, you can go to the relevant state you’re considering to do it yourself. The BIG difference from Law 4 Small Business versus almost all the others out there, is we’re a REAL LAW FIRM. We’re about the same price, some are a bit cheaper, but we help you with your selection. We help our clients understand the issues doing business in multiple states. Our documents are much higher quality and are designed to meet the particular needs of our clients. Furthermore, only qualified business lawyers can help you understand the issues and complexity of doing business in multiple jurisdictions. This is important in trying to figure out what state is best to incorporate in, as well as what states you may need to register as a “Foreign LLC.” Finally, only business lawyers can help you understand how to maintain your anonymity, if that is important to you. So, to summarize, there are a lot of good “LLC formation” companies out there, although few are actual lawyers or law firms. Good luck to you! Larry.",
Larry Donahue,Is it possible to name my LLC different from my website name or product? Is it legal (Florida),"I have to respectfully disagree with the other answers on this post, only because your question was very specific: Can your “brand name” be different from your “legal name”. The answer is yes, but Florida has what’s called a Fictitious Name Statute (see more at: OnLine Fictitious Name Registration) which means you need to register (and pay a fee) for the use of such brand names. Brand names, such as your website name or names for your product, are considered “fictitious names” if different from the actual legal name of your company. Therefore, if you are using one or more fictitious names, you are required to register such fictitious names with the State of Florida. See the link I posted in the previous paragraph. Note you’re required to post it in at least one local newspaper. Good luck to you. Larry.",
Larry Donahue,"When starting a firm that operates in many states, what considerations do you take into account when deciding how to incorporate (LLC vs. S-corp)?","I receive this question, or various forms of it (i.e. “I’m starting an e-commerce company that only does business online”), pretty much on a daily basis. Mr. Rigotti, a CPA below, indicated you should consult with your CPA first. That’s a good idea, because the primary decision point for you is going to be your tax position and setting up the appropriate tax structure for your business. For example, if you’re the only owner, most CPA’s will advise you to consider a Corporation taxed as an S-Corporation versus a LLC, usually because a sole-member LLC is taxed as a disregarded entity. So, my advice is to FIRST talk to your CPA to ascertain what entity type would hold the greatest tax advantage for you. THEN, ask your CPA about the multi-jurisdictional tax issues you could potentially be faced with, depending on your business model and structure. I’ll give you some examples, to illustrate the issue. Suppose you form a company in Texas and you do business just in Texas. You will need to deal with Texas tax issues. What happens, however, if you open up a store in Oklahoma, and you’re still doing business in Texas? Do you have to pay state taxes in OK and in TX? The answer is complicated — you pay taxes according to the amount of business you do in each state. A CPA can help you understand the issues. Now, suppose you’re “doing business in” (or operating in) many states? How do taxes work? To answer this question, you need to answer “what does doing business in” a particular state mean? Are you really doing business in a state, just because a resident of a state went to your website to buy something? The answer is usually no, but there are exceptions. At the end of the day, it helps to determine what states you’re truly “operating in,” and then figure out how your tax situation would play into that. You may need to consult with your CPA and your business lawyer to really get a good handle on this. For example, if you’re not doing business in CA, assuming you meet that state’s tests for “not doing business in” the State of CA, you probably don’t want to worry about CA — because CA corporate filing fees and franchise fees can be expensive. ONCE you figure all that out, then forming the company, whether Corporation or LLC, is rather straightforward. Remember to file in those states you’ve decided you’re truly operating in, as a Foreign LLC or Corporation. Good luck to you. Larry.",
